SMILES,cats_euclidean_dist
Cn1nnc2cc(/N=N/c3nc(Nn4cccn4)sc3-c3ccsc3)ccc21,9.327379053088816
CSc1ccc(-c2nc3sc(N/N=C/c4ccc(-n5cncn5)cc4)nn3n2)cc1,10.0
COc1ccc(-c2nc3sc(N/N=C/c4nc5sccc5s4)nn3n2)cc1,10.14889156509222
Cc1ncn(-c2ccc(/C=N/Nc3nc4ncn(-c5cscn5)c4s3)s2)n1,10.344080432788601
Cn1cnnc1-c1nc2nc(N/N=C/c3ccccc3)sc(=S)c2n1-c1ccco1,10.535653752852738
c1csc(-c2nsc(-c3nnn(CCNc4nccs4)c4nccc3-4)n2)c1,10.535653752852738
Cc1ccc(-c2nc3c(=S)sc(N/N=C/c4ccc(-n5ccnn5)cc4)nn3n2)o1,10.583005244258363
Cc1ncn(-c2ccc(/C=N/Nc3nc4nc(-c5cccs5)nn4s3)s2)n1,10.723805294763608
Cn1c(=N)sc2cc(OCCn3cnn4nc(-c5ccco5)nc4c3=S)ccc21,10.770329614269007
C/C(=N/Nc1nc2nc(-c3ccc(C)o3)nn2c2nc3sccc3n12)c1cccs1,10.770329614269007
CSc1nc(-c2nc3cnn(-c4ccc(O)cc4)c3s2)n(-c2cccs2)n1,10.770329614269007
CCOc1ccc(-c2csn3c(-c4noc(-c5cccs5)n4)nnc23)cn1,10.862780491200215
Cn1c(-c2ccco2)nc2sc(-c3cn(CSc4ccnc(N)n4)s3)nc21,10.908712114635714
C/C(=N/Nc1nsc2nc(-c3ccc(-n4nccn4)cc3)cn12)c1nccs1,10.908712114635714
N#Cc1cn2nc(-c3cccs3)nc2nc1NCc1nc(-c2cccs2)ns1,10.908712114635714
C/C(=N\Nc1nn2nc(-c3ccc(-n4nccc4F)cc3)nc2s1)c1nccs1,10.908712114635714
S=c1sc(N/N=C/c2ccc(-n3cncn3)cc2)nn2nc(-c3ccco3)nc12,10.954451150103322
COc1ccc2c(c1)OCc1cc(-c3nsc(N/N=C/c4cnc5ccccn45)n3)oc1-2,11.090536506409418
N#Cc1cnc(-c2cn3cc(-c4nc(-c5cccs5)ns4)sc3n2)n1CCO,11.135528725660043
Oc1ccc(-n2ncc3c2-n2cc(-c4nc(CSc5cscn5)no4)nc2-3)cc1,11.269427669584644
S=c1sc(N/N=C/c2ccc(-n3nccn3)cc2)nn2nc(-c3cccs3)nc12,11.313708498984761
COc1ccc(-c2cn3nc(N/N=C4\COc5cc(-c6nccs6)cn54)sc3n2)cn1,11.313708498984761
Cn1cnc2sc(-c3csc(N/N=C/c4cnn(-c5ccccc5)n4)c3)nc2c1=O,11.445523142259598
C/C(=N\Nc1nn2nc(-c3ccccc3)nc2s1)c1nc(-c2cccs2)ns1,11.61895003862225
Cn1c(-c2cccs2)nc2nc(-c3cc4c(O)nc(N5CCOCC5)nc4o3)sc21,11.61895003862225
Cc1ncn(-c2ccc(/C=N/Nc3nn4nc(-c5nccs5)cc4s3)cc2)n1,11.61895003862225
Cn1cc2c(N/N=C/c3ccc(-n4nccn4)s3)nc(-c3ccc(F)s3)nc2n1,11.61895003862225
S=c1sc(N/N=C/c2ccc(-n3cncn3)cc2)nc2c1nnn2-c1ccccc1,11.661903789690601
COc1ccc(-c2nn3cc(-c4nnn(-c5ccccc5)n4)nc3s2)cc1C(=O)O,11.704699910719626
CSc1nnc(-c2ccc3c(c2)OCn2cc(N/N=C/c4cccs4)nc2-3)s1,11.789826122551595
C/C(=N\Nc1nn2nc(-c3cccs3)nc2s1)c1ccnc(-c2cncs2)n1,11.832159566199232
C/C(=N\Nc1nnc(-c2cc3nc(-n4ccc(F)c4)nn3s2)o1)c1cccs1,11.832159566199232
O=C(Oc1ccc(/C=N/Nc2nc3nnn(-c4ccccc4)c3s2)cc1)n1ccnc1,11.874342087037917
CN(C)c1ccc(-c2nn3cc(-c4cnc(-c5nnc(N)s5)s4)nc3s2)cc1,11.916375287812984
S=c1sc(N/N=C/c2ccn(-c3ccccc3)n2)nn2nc(-c3ccco3)nc12,11.958260743101398
Cc1ccc(-c2nc(/C=N\Nc3nn4cc(-c5nccs5)nc4s3)n(C)n2)s1,11.958260743101398
c1csc(-c2nc3c4nn(CCNc5nccc(-c6ccsc6)n5)c-4nccn3n2)c1,11.958260743101398
C(=N/Nc1nc(-c2nnn(-c3ccccc3)n2)cs1)\c1ccc(-n2ccnc2)cc1,11.958260743101398
CSc1nc2ccc(/N=N/c3ccc(Cn4c(=S)sc(=N)n4C)cc3)nn2n1,12.0
CCC1CCN(c2ccc(-c3nc4c(-c5csc(N)n5)nsn4n3)cc2)CS1,12.083045973594572
Cc1csc(-c2cn3nc(N/N=C4\CCCC[C@H]4Cn4ncs4)sc3n2)n1,12.12435565298214
CCn1sc(=O)nc1-c1ccc2c(c1)-c1nc(N/N=C/c3ccsc3)nn1CCO2,12.12435565298214
C/C(=N/Nc1nc2cn(C)c(=O)cc2c2nc(-c3cccs3)nn12)c1nccs1,12.12435565298214
COc1ncnc2sc(-c3nc4sc(N/N=C(/C)c5cccs5)nn4n3)cc12,12.165525060596439
Cc1nnn(-c2ccc(/C=N/Nc3nc4nnn(-c5ccccc5)c4s3)cc2)n1,12.165525060596439
C/C(=N/Nc1nc(-c2ccn(-c3cccc4c3OCCO4)n2)cs1)c1nccs1,12.288205727444508
COc1ccc(-c2nc3sc(N/N=C4\CCCc5sc(Cl)nc54)nn3n2)cn1,12.288205727444508
c1coc(-c2csc(NCCn3nc4c5nc(-c6ccns6)nn5ccnc3-4)n2)c1,12.288205727444508
CSc1nsc(-c2nc3n(-c4ccc(O)cc4)ncn3c2-c2nccs2)n1,12.288205727444508
C/C(=N\Nc1nn2nc(-c3cc(F)cs3)nc2s1)c1ccc(-n2nccn2)s1,12.288205727444508
C/C(=N/Nc1nc(-c2cnc3sc(-c4cncnc4)nn23)cs1)c1cncs1,12.328828005937952
COc1ccc(-c2nsc(-c3cn4nc(-c5cnc(N)s5)sc4n3)n2)cc1,12.409673645990857
Cn1c(SCn2c(-c3ccco3)nc3sc(-c4nncs4)nc32)n[nH]c1=S,12.409673645990857
O=C(Cn1nc2c3nc(-c4cccs4)nn3ccnc1-2)c1ccc(-c2nccs2)cc1,12.409673645990857
COc1ccc(-c2nsc(-c3nc4sc(-c5cc(N)nn5C)nc4s3)n2)cc1,12.409673645990857
COc1ccc(-c2nc3nc(-c4nn(-c5ccc(O)cc5)c(=O)o4)sc3s2)cn1,12.449899597988733
C/C(=N\Nc1nc(-c2cccs2)nn1C)c1cnn2nc(-c3cccs3)nc2c1,12.449899597988733
COc1ccc(-c2nn3c(-c4csc(-c5ccc(O)cc5)n4)nnc3s2)cn1,12.449899597988733
COc1ccc(/C=N/Nc2nc3c(ncn4nc(-c5coc(=S)s5)nc34)s2)cc1,12.489995996796797
CNc1nnc(-c2nc3n(C)cc(-c4nc(-c5ccc6c(c5)OCO6)cs4)n3n2)s1,12.489995996796797
COc1ccn(-c2ccc(-c3cn4nc(-n5ccc(=S)s5)nc4c(N)n3)s2)n1,12.569805089976535
C/C(=N\Nc1nsc2nc(-c3cccs3)nn12)c1ccc(-n2cncn2)cc1,12.609520212918492
COc1ccc(-c2nnc3nc(N/N=C\c4nc5ccccc5s4)sc(=O)n23)cc1,12.649110640673518
S=c1oc(-c2cnc3nc(-c4cccs4)sc3n2)cn1CCCn1cncn1,12.68857754044952
Clc1ccc(/C=N/Nc2nsc(-c3cn(-c4nccs4)c4ncnn34)n2)cc1,12.727922061357855
Cc1sc(-c2cn3nc(N/N=C/c4ccc(-n5cncn5)s4)sc3n2)nc1F,12.767145334803704
CSc1ncc(C2=N[C@@H](C)C/C2=N\Nc2nc3nnn(-c4ccccc4)c3o2)s1,12.767145334803704
COc1ccc(-c2csc(=S)c3c(-c4csc(-c5ccc(O)cc5)n4)nnn23)nn1,12.806248474865697
COc1ccc(-n2cc(-c3nc4c(nc(-c5csc(=S)o5)n4C)s3)nn2)cc1,12.884098726725126
COc1ccc(-c2nc3nc(-c4cc5ccc(Cn6nccn6)cc5o4)sn3n2)cc1,12.884098726725126
Cc1ccc(-c2nc3snc(N/N=C/c4ccc(-n5nccn5)cc4)n3n2)s1,12.922847983320086
Cc1sc(-c2nn3nc(N/N=C/c4ccc(-n5cncn5)cc4)nc3s2)cc1F,12.922847983320086
C/C(=N\Nc1nsc2nc(-c3cccs3)nn12)c1ccc(-n2nccn2)cc1,12.922847983320086
Nc1nnc(-c2nc(-c3csc(=S)o3)nn2CCc2ccc3c(c2)OCO3)s1,12.922847983320086
COc1ccc(/C=N/Nc2ncc3c(n2)-c2cc(-n4ncs4)ccc2OCC3)cc1,12.922847983320086
Cn1nc(-c2csc(-c3ccc4c(c3)OCO4)n2)nc1N/N=C/c1cccs1,12.922847983320086
CCn1c(=S)n(CC)c2c1nc(Nc1nccs1)n1nc(-c3ncc(F)o3)nc21,12.922847983320086
COc1ccc(-c2nc3sc(N/N=C4\C[C@@H](C)Oc5sccc54)nn3n2)cn1,12.922847983320086
C/C(=N/Nc1nnc(-n2ncc3sc(-n4nccn4)cc32)s1)c1cccs1,12.922847983320086
COc1ccc(-c2oc(-c3cccs3)nc2-c2nc3c(=S)sc(O)nn3n2)cn1,12.96148139681572
N#CCn1nc(-c2ccc3c(c2)OCO3)nc1NCc1ccc(-c2nncs2)s1,12.96148139681572
c1csc(/C(Cn2cncn2)=N\Nc2nc(-c3ccc4c(c3)OCO4)ns2)c1,12.96148139681572
COc1nc2sc3nc(N/N=C/c4nnn(-c5ccccc5)n4)sc3c2s1,12.96148139681572
COc1ccc(-c2nsn3nc(-c4ccc5nc(-c6nccs6)cn5c4)nc23)cn1,13.0
Cc1ccc(-c2nc3nc(N/N=C/c4ccc(N5CCCCC5)s4)sc(=O)n3n2)o1,13.038404810405298
Cn1nc(-c2cccs2)nc1SC(=S)N/N=C/c1ccc2sc(O)nc2c1,13.038404810405298
CCSc1nc2cc(-n3c(=S)nc4c(N)nc(-c5ccco5)nn43)ccc2s1,13.038404810405298
COc1ccc(-c2nc3c(=S)sc(N/N=C/c4ccc(Cl)s4)nn3n2)cn1,13.076696830622021
CNc1nn2cc(-c3nc4cnn5nc(-c6ccc(OC)cc6)nc5c4s3)nc2s1,13.114877048604
COc1cccc(-n2nncc2-c2nc3sc(N/N=C/c4cccs4)nn3n2)c1,13.114877048604
c1coc(-c2nc3nc(-c4css4)cc(OCc4ccc(-n5nccn5)cc4)n3n2)c1,13.19090595827292
Nc1nnc(-c2ncc(CSc3nc4ccc(-n5cccn5)nc4s3)s2)s1,13.228756555322953
Cc1nnn(-c2ccc(/C=N/Nc3nc4c(nnn4-c4ccccc4)c(=S)s3)cc2)n1,13.228756555322953
Oc1ccc(-n2cnc3sc(-n4cnc(CSc5nncs5)c4)nc32)cc1,13.228756555322953
Oc1ccc(-c2nc3nc(-c4ccc(Cn5cnc6nccnc65)s4)sn3n2)cc1,13.228756555322953
Nc1nc2c(s1)c(-c1nc(-c3cccs3)ns1)nn2CCn1ccnc1F,13.228756555322953
COc1cc2c(cn1)nc(N/N=C(/C)c1cccs1)n1nc(-c3css3)nc21,13.228756555322953
COc1ccc(-n2c(=S)sc3ncc(-c4nnc(NN5CCOC5)o4)cc32)cc1,13.2664991614216
Cn1ccc(/C=N/Nc2nn3nc(-c4ccc5ncsc5c4)nc3c(=S)s2)n1,13.2664991614216
Cc1nn2nc(-c3nc(-c4ccc(/C=N/Nc5nccs5)cc4)ns3)nc2s1,13.2664991614216
Cc1csc(-c2nc3sc(N/N=C/c4ccc(-c5nncs5)cc4)nn3n2)n1,13.2664991614216
CN(C)c1nsc2nc(-c3ccc4nc(-c5csc(N)n5)sc4c3)nn12,13.341664064126334
CS(C)(C)c1nnc(NC(=O)Cn2nc(-c3nccs3)sc2=S)s1,13.379088160259652
COc1ccc(-c2nc3c(=S)sc(N/N=C/c4ccc5c(c4)OCO5)nn3n2)cc1,13.379088160259652
FCc1nn2cc(-c3ncc(/C=N/Nc4nc(-c5cccs5)ns4)o3)nc2s1,13.379088160259652
Nc1nc(-c2ccc(OCc3csnn3)cc2)nn2c1nc(=S)n2-c1cccs1,13.379088160259652
CC(=NNc1nc(-c2nnc3sc(-c4ccco4)nn23)cs1)c1ccccc1,13.416407864998739
COc1ccc(-c2nn3nc(NN=C4C[C@H]5CCC[C@H](C4)S5)nc3s2)cn1,13.416407864998739
Cn1cc(-c2nc(N/N=C/c3ccc4c(c3)OCO4)n(-c3nc4ccccc4s3)n2)cn1,13.416407864998739
Cc1ccc2nc(N/N=C/c3ccc(-n4nnc(-c5nccs5)n4)cc3)sc2n1,13.416407864998739
CC(=NNc1nc(-c2ncn(C)n2)c2ncccn12)c1csc(-c2cccs2)n1,13.527749258468683
S=c1sc(NCCn2ccnc2)nn2nc(-c3coc(-c4cccs4)n3)nc12,13.527749258468683
CSc1nc([C@@H]2COc3ccc(-c4nsc(-c5nnc(N)s5)n4)cc32)cs1,13.527749258468683
O=[SH]c1nnc(-c2ccc3c(c2)OCCn2nc(N/N=C/c4cccs4)nc2-3)s1,13.527749258468683
C[SH](C)C(=O)Nc1csc(-c2nc3sc(-c4cscn4)nc3s2)n1,13.527749258468683
C/C(=N/Nc1nnc(-c2nn(C)c(=S)s2)n1-c1ccccn1)c1cccs1,13.527749258468683
CSc1nc(-c2cccs2)nc2sc(N/N=C/c3ccc4c(c3)OCO4)nc12,13.564659966250536
CN(c1nnc(C(C)(C)C)o1)c1ncc(-c2nc(O)c3c(n2)sc(=S)n3C)s1,13.564659966250536
C/C(=N\Nc1ncc(-c2nc3sc(C)nn3n2)s1)c1cnn(-c2ccccc2)n1,13.564659966250536
C/C(=N\Nc1nc(-c2cccs2)n(C)n1)c1nnc(-c2ccc3c(c2)OCO3)s1,13.564659966250536
C/C(=N\Nc1nc(-c2cccs2)ns1)c1cn(-c2ccc3c(c2)OCCO3)nn1,13.564659966250536
C/C(=N\Nc1nn2nc(-c3cccnc3)nc2s1)c1nc(-c2cccs2)ns1,13.564659966250536
CSc1c(-c2csc(N)n2)nc2cc(-c3nc(-c4cccs4)ns3)cnn12,13.638181696985855
Cc1nc(-n2cccn2)ccc1/C=N\Nc1nn2nc(-c3ccco3)nc2c(=S)s1,13.711309200802088
CSc1ccc(-c2nc3c(N/N=C/c4ccc(-n5cncn5)cc4)nsn3n2)cc1,13.711309200802088
C/C(=N\Nc1nc(-n2ccnn2)cs1)c1csc(-c2ccc3c(c2)OCCO3)n1,13.711309200802088
Cc1cnnn1-c1nc(N/N=C/c2ccncc2)nc(-c2cc3ccccc3s2)n1,13.711309200802088
COc1ccc(Nc2nc3c4nc(-c5cn6nc(C)sc6n5)sc4cnn3n2)cc1,13.711309200802088
COc1ccc(-c2nc(-c3nc4c(N)nc(-c5cccs5)nc4s3)cs2)cn1,13.784048752090222
COc1ccc(-c2nnn(-c3ccc4c(c3)sc(=S)n4-c3nnc(N)s3)n2)cc1,13.820274961085254
C/C(=N\Nc1nnn(-c2ccccc2)n1)c1nc2sc(-c3cccs3)nc2s1,13.820274961085254
C(\Cc1ccc(-n2nnc3scnc32)cc1)=N/Nc1nc(-c2cncs2)cs1,13.820274961085254
C/C(=N/Nc1nc2cc(-c3nnn(-c4cccnn4)n3)sc2s1)c1cccs1,13.856406460551018
COc1ccc(-c2nsc(-c3nc4n(C)c(=S)cc(N)n4n3)n2)c2sccc12,13.92838827718412
C/C(=N\Nc1nn2nc(-c3ccc4c(c3)OCO4)nc2s1)c1csc(N2CCC2)n1,13.92838827718412
C(=N/Nc1nc(-c2nc(-c3cccs3)ns2)nn1C1CCOC1)\c1ccncc1,13.96424004376894
S=c1sc(N/N=C2\CCCC[C@H]2Cn2nccn2)nn2nc(-c3ccco3)nc12,13.96424004376894
CSc1nnc(Nc2nc3n(n2)CCOc2cc(-c4nnc(C)s4)ccc2-3)s1,13.96424004376894
CC1(Cn2cccn2)CCC/C(=N\Nc2nn3nc(-c4cccs4)nc3s2)S1,13.96424004376894
CSc1nn2cc(-c3cnn4nc(N/N=C/c5ccc(F)cc5)nc4c3)nc2s1,14.0
CNc1nc2sc(-c3nc4ncc(-c5ccc(C(C)=O)cn5)n4nc3F)nc2s1,14.0
O=C(CSc1nn2nc(-c3cn(-c4ccccc4)nn3)nc2s1)c1cccs1,14.035668847618199
Cn1nc(-c2ccccc2)nc1N/N=C/c1cnc(-c2cc3nc(S)nn3s2)s1,14.071247279470288
Cc1ccc(-n2nnc3c(=S)sc(N/N=C/c4ccc(-n5cnnn5)cc4)nc32)cc1,14.106735979665885
OCc1cnn(-c2nc3c(s2)c(-c2nc(-c4cccs4)ns2)nn3C=S)c1,14.106735979665885
C(=N/c1nsc(NCc2cn(-c3ccccc3)nn2)n1)\c1ccc2c(c1)OCO2,14.142135623730951
c1csc(-n2nc(-c3ccc4c(c3)OCO4)nc2NCc2ccc(-n3nccn3)cc2)n1,14.142135623730951
CS[C@H]1CCCC/C1=N\Nc1nn2cc(-c3nnn(-c4ccccc4)n3)nc2s1,14.142135623730951
COc1ccc2oc(-c3nnc4nc(N/N=C/c5cncs5)sc4n3)cc2c1,14.142135623730951
CNc1nc2c3sc(-c4nnc(SC)s4)nc3nc(-c3cccs3)n2n1,14.142135623730951
Cn1c(N)nc2c1ncn2C(=S)Sc1nc(-c2ccco2)nn1-c1ccccc1,14.212670403551895
COc1ccc(-c2nnc3c(n2)nc(-c2ccc4c(n2)sc(=S)n4C)n3C)cn1,14.212670403551895
Nc1nnc(-c2ccn(-c3ccc4nc(SSc5cccs5)nn4c3)n2)s1,14.247806848775006
c1coc(-c2nc3c(-c4nnc(NCSc5nccs5)s4)ccnn3n2)c1,14.2828568570857
CSc1csc(-c2cc3sc(N/N=C/c4ccc(-n5nccn5)cc4)nn3n2)n1,14.2828568570857
C/C(=N\Nc1nc2sc(-c3nnsn3)nc2s1)c1ccc(-n2ccnc2)cc1,14.2828568570857
COc1ccc(/C=N/Nc2cnn3cc(-c4nc(-c5ccccc5)ns4)nc3n2)s1,14.2828568570857
CC1(C(=O)c2nc3ccsc3s2)CCC/C1=N\Nc1nnn(-c2ccccc2)n1,14.352700094407323
Sc1nnc(-c2cc3nc(-c4ccc(OCc5nncs5)cc4)nn3cn2)s1,14.38749456993816
C/C(=N\Nc1nnc2cc(-n3cc(-c4cccs4)nn3)sn12)c1nccs1,14.38749456993816
CNc1nc(-c2ccc(Cn3cnnn3)cc2)nc2sc(-c3ncc(F)s3)nc12,14.422205101855956
CSc1nc(/C=N/Nc2cn3c(n2)-c2cc(-c4ncon4)ccc2OCC3)cs1,14.422205101855956
CN(C)c1nc2sc(-c3nn4c(-c5ccc(C(=O)O)cc5)cnc4s3)nc2s1,14.422205101855956
C/C(=N/Nc1nnc(-c2cn(-c3cccc4c3OCCO4)nn2)s1)c1cccs1,14.422205101855956
CC#CCSc1nn2c(N)nc(N/N=C/c3ccc(-c4nncs4)s3)c2s1,14.45683229480096
Nc1nc2c(s1)sc(=S)n2CCOc1ccc2nc(-c3ccco3)nn2n1,14.491376746189438
c1ccc(-n2nnnc2-c2ccc(Sc3nc(-c4cccs4)ns3)cn2)nc1,14.491376746189438
COc1cc(N)nc(-c2nc3c(-c4nc(-c5cccs5)ns4)cnn3s2)c1,14.491376746189438
C/C(=N\Nc1nc(-c2nncs2)cs1)c1nc(-c2ccc3c(c2)OCO3)ns1,14.52583904633395
Cn1cc(-c2cc3c(nnn4nc(-c5csc(-c6ccc(O)cc6)n5)nc34)n2C)cn1,14.52583904633395
Cc1nnccc1-c1nc2c(N/N=C/c3ccc(-c4cncs4)s3)nsn2n1,14.560219778561036
CSc1nnc(-c2ccc3c(c2)-c2nc(Nc4ncc(C)s4)nn2CCO3)s1,14.560219778561036
CCOc1nnc(-c2ccc3c(c2)-c2nc(Nc4nccs4)nn2CCO3)s1,14.560219778561036
CCn1nnc2ccc(-n3c(S)nn4nc(-c5ccc6c(c5)OCO6)c(C)c34)nc21,14.560219778561036
COc1cc(Nc2nccs2)nc(-n2sc3c(nnn3-c3ccccc3)c2=O)n1,14.560219778561036
S=c1snnn1-c1ccccc1,14.594519519326424
CCn1cc2c(-n3cnc(SCC(F)(F)F)c3)cc(-c3nnc(N)s3)nc2n1,14.628738838327793
COc1ccc(-c2nc3nc(N)n4nc(-c5cccs5)nc4c3n2-c2nccs2)cn1,14.66287829861518
C/C(=N\Nc1nn2nc(-c3nc(C)c(Cl)s3)nc2s1)c1ccc2c(c1)OCO2,14.66287829861518
COc1ccc2nc(-c3ncc(/C=N/Nc4nc(-c5cccs5)cs4)o3)nn2c1,14.66287829861518
C(=N/Nc1cnn2cc(-c3nc(-c4ccco4)ns3)nc2n1)\c1ccc(N2CCC2)cc1,14.66287829861518
COc1ccc(-c2nc3nc(N)n4nc(-c5cccs5)nc4c3n2-c2cscn2)cn1,14.66287829861518
COc1ccc(/C=N/Nc2cnn3cc(-c4nc(-c5cccs5)ns4)nc3n2)cc1,14.696938456699069
COc1cc(C#N)sc1/C=N/Nc1nn2nc(-c3cccs3)nc2c(=S)s1,14.696938456699069
C/C(=N\Nc1nnc2nc(-c3cccnc3)sn12)c1nc(-c2cccs2)ns1,14.696938456699069
Nc1csc(-c2nc3sc(-c4ncn(C5CS5)n4)nc3n2Cc2ccccc2)n1,14.7648230602334
C[C@@H]1CN(c2nnc(-c3nc(N)c4cc(-c5nccs5)sc4n3)s2)CCO1,14.798648586948742
Cn1nnc(-c2nc(-c3ccc4c(c3)sc(=S)n4C)n(-c3ccc(O)cc3)n2)n1,14.798648586948742
COc1ccc(-c2nnn3nc(N/N=C(/C)c4ccc5c(c4)OCO5)sc23)cn1,14.798648586948742
COc1ccc2sc(-c3nc4sc(N/N=C(\C)c5nccs5)nn4n3)nc2c1,14.832396974191326
COc1nn2cc(-c3nc4nc(N/N=C/c5ccc(F)cc5)ncc4s3)nc2s1,14.832396974191326
COc1cc(/C=N/Nc2nc(-c3nccs3)n(-c3ccc4c(c3)OCO4)n2)cs1,14.832396974191326
CCOc1nc(-c2nc(S)ns2)n2c1-c1cc(-c3nncs3)ccc1OCC2,14.832396974191326
CC(C)(C)Oc1ccc(/C=N/Nc2nsc(-n3nnnc3-c3cccs3)n2)cc1,14.832396974191326
Cn1c(SCc2ccc3nc(-c4csnn4)sc3n2)nnc1-c1cscn1,14.89966442575134
Nc1nnc(-c2cc(-c3nnc(SCC(=O)c4cccs4)s3)sn2)s1,14.933184523068078
Cn1nc(-c2cccs2)nc1-c1ncn2nc(-c3ccnc(NC4CC4)n3)sc12,14.933184523068078
Cc1nc(N2CCO[C@@H](C)C2)sc1-c1nc2sc(-c3nccc(N)n3)nc2s1,14.933184523068078
C/C(=N\Nc1nc(-n2ccnn2)c(-c2cscn2)s1)c1ccc2c(c1)OCCO2,14.966629547095765
COc1ccc(-n2cc(/C=N\Nc3nc(-c4nc5ccccc5s4)ns3)nn2)cc1,14.966629547095765
C(=N/Nc1nc(-c2nn3ccnc3s2)n(-c2ccccc2)n1)\c1ccc2nsnc2c1,14.966629547095765
C/C(=N\Nc1nc(-c2cncs2)c2cnc(-c3cncs3)nn12)c1cncs1,14.966629547095765
Cc1nn2cc(-c3nc(N/N=C/c4ccc5c(c4)OCO5)nn3-c3ccccc3)nc2s1,14.966629547095765
CCn1cc(-c2nc(-c3cccs3)ns2)nc1-c1nc2c(N)nsc2n1C,15.066519173319364
CSc1nn2nc(-c3cnc(N/N=C/c4ccc(Cl)cc4)n4nccc34)nc2s1,15.066519173319364
Cn1c(/N=N/c2cc(N3CCC(O)C3)cs2)nn2nc(-c3ccco3)nc2c1=S,15.066519173319364
Cn1cc2ncc(N/N=C(/c3ccc4c(c3)OCO4)c3coc(-c4cccs4)n3)nc2n1,15.0996688705415
Cn1nnc2c(-c3csc(N)n3)nc(-c3ccc(SCC(F)(F)F)s3)nc21,15.165750888103101
CSc1nc(-c2cc3nnc(-c4nc(-c5cccs5)nn4C)nc3cn2)cs1,15.165750888103101
COc1ccc(-n2nc(-c3cccs3)nc2-c2nc(NC(=S)S)n(C)n2)cc1,15.165750888103101
COc1ccc(-n2nc(-c3ccc(C)o3)nc2-c2nsc(NC(=S)S)n2)cc1,15.165750888103101
Cn1cnc(-c2nc(-c3ccc4c(c3)sc(=S)n4C)n(-c3nc(N)cs3)n2)n1,15.165750888103101
COc1cccc(-n2c(-c3cccs3)nc3sc(-c4nsc(N)n4)nc32)c1,15.198684153570664
C(=N\Nc1nc(-n2ccnn2)cc(-n2ncs2)n1)\c1ccc(-c2ccccc2)s1,15.198684153570664
CSc1nn2cc(/C(C)=N/Nc3nc(-c4ccc5c(c4)OCO5)ns3)nc2s1,15.198684153570664
COc1ccc(-c2nn3nc(-c4csc(N)n4)nc3c(=S)s2)cc1-n1cccn1,15.198684153570664
C/C(=N/Nc1ncc(-c2nccs2)c2nc(-c3ccsn3)nn12)c1cccs1,15.198684153570664
Cn1cc(/N=N/c2nc3ccc(N)nc3n2C)nc1-c1ccc2c(n1)sc(=S)n2C,15.198684153570664
C[C@@H]1N=C(c2nccs2)C/C1=N/Nc1nn2nc(-c3ccco3)nc2c(=S)s1,15.198684153570664
c1csc(-c2nc3nc(-c4ccnc(NCCc5nccs5)n4)sn3n2)c1,15.198684153570664
Cc1nc(CN2CCC(=NNc3nc(-c4cccs4)ns3)CS2)sc1C#N,15.198684153570664
C/C(=N\Nc1cnn2nc(-c3cccs3)nc2n1)c1nc(-c2cncs2)cs1,15.231546211727817
CSCn1nnc(-c2ccc3c(c2)-c2snc(-c4csc(C)n4)c2CCO3)n1,15.264337522473747
Cc1ccc(-c2nnc3sc(N/N=C4\CCCC4Cn4ncnc4S)nn23)s1,15.264337522473747
Nc1ncn2nc(Sc3nnc(-c4ccc5c(c4)OCCO5)n3CC3CC3)sc12,15.297058540778355
C#CCSc1nc(N)nc(-c2nc(-c3ccc4c(n3)sc(=S)n4C)cs2)n1,15.329709716755891
C/C(=N/Nc1nsc(-c2nnn3nc(-c4nccs4)ccc23)n1)c1cccs1,15.362291495737216
COc1ccc(/C=N/Nc2nc3n(n2)CCOc2ccc(-c4ncsn4)cc2-3)s1,15.362291495737216
CC(=NNc1nc(-c2nnc3cccnn23)cs1)c1nc(-c2cccs2)ns1,15.362291495737216
COc1ccc(-c2nc(NN)n3cc(-c4nc(-c5cccs5)ns4)nc3n2)cc1,15.394804318340652
C/C=N/Nc1nsc2nc(-c3ccc4sc(CN5CCCCC5)nc4c3)nn12,15.427248620541512
CN(C)c1nc(N)nc(-n2c(=S)sc3cc(-n4nnc5ccccc54)ccc32)n1,15.459624833740307
CSSc1nc2cc(-c3nc4sccn4n3)ccc2n1-c1nccc(N)n1,15.459624833740307
CSc1nc2c(N)nc(-c3nc(-c4ccc5nsnc5c4)nn3C)cc2s1,15.459624833740307
CSc1nn2nc(-c3nnc(N/N=C/c4ccc5c(c4)OCO5)s3)cc2s1,15.459624833740307
Cc1ncn(-c2ccc(/C=N/Nc3nc4c(nnn4-c4ccccc4)c(=S)s3)cn2)n1,15.459624833740307
Cc1nc(-c2cnn(-c3csc(N/N=C\c4ccc5c(c4)OCCO5)n3)n2)cs1,15.491933384829668
C/C(=N\Nc1cnn2cc(-c3nc(-c4cccs4)ns3)nc2n1)c1nccs1,15.491933384829668
Oc1ccc(-c2nc(-c3nsc(N4CCO[C@H](Cn5cncn5)C4)n3)cs2)cc1,15.491933384829668
CC(C)n1cc2cc(-n3cc(-c4nc5ccc(C(=O)O)nn5n4)sc3=S)ccc2n1,15.491933384829668
COc1ccc(/C(C)=N/Nc2nn3nc(-c4nc5ccccc5s4)nc3s2)cn1,15.491933384829668
CSc1nn2cc(-c3cc4ncnn4c(N/N=C(/C)c4cccs4)n3)nc2s1,15.491933384829668
Oc1csc2c(NN3CCOCC3)nc(-c3csc(/N=N/c4ccccc4)n3)n12,15.556349186104045
COc1nn2cc(-c3nc(N/N=C(/C)c4cccs4)n4ncsc34)nc2s1,15.588457268119896
COc1nn2cc(-c3nc(N/N=C(\C)c4cccs4)n4ncsc34)nc2s1,15.588457268119896
COc1ccc(-c2nc3c4sc(-c5csc(NC6CCC6)n5)nc4cnn3n2)cn1,15.588457268119896
c1cn(Cc2ccc(-c3nc(-c4nc5c(NC6CC6)ncnn5n4)cs3)cc2)nn1,15.620499351813308
Nc1nnc(-c2ncc(-n3c(=S)sc4c(=O)n(CCC5CC5)cnc43)s2)s1,15.652475842498529
CCOC(=S)Sc1nc(-c2nc(-c3ccco3)ns2)n(-c2cccs2)n1,15.652475842498529
Nc1nc(-c2cc3nc(-c4ccc(OCc5cscn5)s4)cnn3n2)cs1,15.684387141358123
COc1ccc(-c2nc3nc(-c4cn5nc(SC)sc5n4)nnc3s2)cc1,15.684387141358123
C[C@@H]1CC[C@H]2C/C(=N\Nc3nc4c(nnn4-c4ccccc4)n3CC3CCC3)N=C2O1,15.716233645501712
c1coc(-c2nsc(-c3csc(N/N=C4/CS[C@@H](Cn5nccn5)C4)n3)n2)c1,15.748015748023622
Cc1nc(/C=N\Nc2ncnc(-c3cccn4nnc(-c5cccs5)c34)n2)cs1,15.748015748023622
COc1cc(-c2nc(N)c3nc(-c4nc5sc(N6CC6)nc5s4)sc3n2)cs1,15.84297951775486
C(=N/Nc1nccc(N2CCC2)n1)\c1ccc(-c2nc3nc(-c4cccs4)nn3s2)o1,15.84297951775486
Cc1ccc(-c2nsc(N/N=C3\SCC4(CCCC4)N=C3n3nc(C)s3)n2)o1,15.84297951775486
Oc1ccc(-n2cc(-c3nc4sc(-c5ccn(CC6CCCO6)c5)nn4n3)nn2)cc1,15.84297951775486
CCNc1nccc(-n2c(-c3cccs3)nn3nc(-c4ccc5c(c4)OCO5)nc23)n1,15.874507866387544
C/C(=N\Nc1nn(C2CC2)c2nc(-c3cccs3)nn12)c1ccc2nsnc2c1,15.968719422671311
Cc1cn(-c2ccc(/C=N/Nc3nc4c(nnn4-c4ccccc4)c(=S)s3)nc2)nn1,15.968719422671311
Oc1csc(-c2nc(CSc3nnc(-c4ccc5c(c4)OCO5)s3)ns2)n1,15.968719422671311
C/C(=N\Nc1ncnc2nc(-c3cccs3)nn12)C1CCCN(c2nccs2)C1,15.968719422671311
C/C(=N\Nc1ncnc2nc(-c3ccccc3)nn12)c1nnc(-c2cccs2)s1,16.0
C/C(=N\Oc1ccc(F)cc1)C(=O)n1c(-c2ccco2)nc2nc(SS)nn21,16.0
COc1nnc(-c2ccc3c(c2)-c2nc(N/N=C/c4cccs4)nn2CCO3)s1,16.0
ON=C1CCN(Cc2ccc(/N=N/c3nsn4nc(-c5ccccc5)nc34)s2)CC1,16.0
C(=N/Nc1nc(-c2ccc3c(c2)OCO3)c2scnn12)\c1ccc(-n2nccn2)cc1,16.0
COc1ccc(-c2nsc(-c3nn(-c4ccc5c(c4)OCCO5)c(=O)s3)n2)cc1O,16.0
C/C(=N\Nc1ncnc2nc(-c3cccs3)nn12)c1nnc(-c2ccccc2)s1,16.0
CSc1nnc(-c2ccc3c(c2)-c2nc(N/N=C/c4ccsc4)nn2CCO3)s1,16.0
CSc1nnc(-c2ccc3c(c2)-c2nc(N/N=C/c4cccs4)nn2CO3)s1,16.0
CSc1nnc(-c2ccc3c(c2)-c2nc(N/N=C/c4cccs4)nn2CCO3)s1,16.0
Cc1nc2c(-c3cccs3)nc(-n3cc(/C=N/N=C/c4cccs4)nn3)nc2s1,16.0312195418814
CN1CCN(c2ccc(/N=N/c3nc4nc(-c5nc(N)ns5)sc4s3)cc2)CC1,16.06237840420901
Nc1nnc(-c2nnc(CSc3nnc(-c4ccc5c(c4)CCO5)s3)s2)s1,16.06237840420901
COC(=S)Sc1nc(-c2cccs2)nn1-c1cnc2sc(OC)nc2c1,16.06237840420901
CC(C)=NNc1nnc(Sc2ncc3sc(-c4ccc(F)nn4)cc3n2)s1,16.09347693943108
CSC(C)=NNc1nc(-c2nnc3sc(-c4ccc(F)nc4)nn23)cs1,16.1245154965971
Cc1cc(/C=N/Nc2ncc3nnc(-c4csc(-c5cccs5)n4)n3n2)ccn1,16.1245154965971
C[C@@H]1CCC/C(=N\Nc2nn3cc(-c4nnc(-c5cccs5)o4)nc3s2)N1C,16.186414056238647
Nc1nnc(-c2cn(-c3nc(OCC4CC4)c4nscc4n3)c(=S)s2)s1,16.186414056238647
COc1ccc(-c2nnc(-c3nc4sc(NN5CCCCC5)nc4s3)o2)cn1,16.217274740226856
CSc1nc(N/N=C/c2cn(-c3ccc4c(c3)OCCO4)nn2)nn1-c1ccccc1,16.217274740226856
COc1ccc(-c2nc3c(=S)nc(-n4nnc5sc(N)nc54)sc3s2)cc1,16.217274740226856
Cc1nncn1-c1ccc(/C=N/Nc2nc3c(nnn3-c3ccccc3)c(=S)s2)cn1,16.217274740226856
C/C(=N\Nc1nc(C#N)c2sc(-c3ccsc3)nn12)c1nc(-n2cccn2)cs1,16.217274740226856
Cc1nc(-c2ccc(/C=N/Nc3cnn4nc(-c5cccs5)nc4n3)s2)ns1,16.24807680927192
COc1cc2sc(-c3cnn4nc(N/N=C(\C)c5cccs5)nc4n3)nc2s1,16.24807680927192
O=C(O)c1ccc(-c2cc3sc(SCc4nsc(-c5ccco5)n4)nn3n2)cc1,16.24807680927192
C/C(=N\Nc1nc(-c2nnn(-c3ccccc3)c(=S)n2)cs1)c1cscn1,16.24807680927192
C/C(=N/Nc1nc(-c2nnn(-c3cccc(Cl)c3)n2)ns1)c1cccs1,16.30950643030009
Nc1nc(-c2nc3c(-c4cc5sc(SCC6CC6)nn5c4)cnnn3n2)cs1,16.30950643030009
COc1ccc(-c2nc3nc(-c4csc(NN5CCCCC5)n4)sn3n2)cc1,16.30950643030009
C[C@H]1C/C(=N\Nc2nc3c(nnn3-c3ccccc3)c(=S)s2)OC(C)(C)O1,16.34013463836819
Cn1c(SCC2CCCO2)nc2sc(-c3csc(-c4cnc(N)nc4)n3)nc21,16.34013463836819
CC(=Nc1nc(-c2ccc3c(c2)OCCO3)ns1)/C(C)=N/Nc1nncs1,16.34013463836819
C/C(=N\Nc1nc2nc(-c3cc4ccccc4o3)nnn2n1)c1ccc(-n2cccn2)cc1,16.3707055437449
CC(C)c1csc(-c2ncc3c(n2)-c2nc(Nc4nccs4)nn2CCO3)n1,16.3707055437449
C/C(=N\Nc1nnc(-c2nc3c(s2)-c2ccccc2OC3)s1)c1nn(C)c(=O)s1,16.3707055437449
CSc1nn2c(N)c(-c3nc4cnn(-c5ccccc5)c4c(=O)s3)nc2s1,16.431676725154983
CSc1nc2c(n1C)OCCC2=NNc1nc(-c2ccc3c(c2)OCO3)ns1,16.431676725154983
C/C(=N\Nc1ncnc2nc(-c3ccc4c(c3)OCO4)nn12)c1ccc(N2CCC2)cc1,16.431676725154983
Nc1nnc(-c2ccc3sc(Sc4nnc(N5CCOCC5)s4)nc3c2)s1,16.431676725154983
COC(=O)c1nc(-c2nc3c4c(=S)n(C)ncc4n(-c4ccccc4)n3n2)cs1,16.431676725154983
COc1ccc(-c2cnn3c(SC(C)(C)C)c(-c4csc(N)n4)nc3n2)cn1,16.46207763315433
CC(C)=NNc1nc(Sc2ncc3nc(-c4ccc5ncnn5c4)sc3n2)cs1,16.46207763315433
COc1ccc(-c2nc3c4c(cnn3n2)nc(-c2cccs2)n4-c2nc(N)ns2)cc1,16.46207763315433
COc1nc(CN2CCN(c3nc(N)c4nc(-c5ccco5)sc4n3)CC2)cs1,16.46207763315433
C/C(=N\Nc1nc2ccc(N3CC3)nn2n1)c1nc(-c2ccc3scnc3c2)ns1,16.46207763315433
Cn1ccc(-c2nc(N/N=C/c3ccns3)nc3nc(-c4nccs4)sc23)n1,16.492422502470642
C[C@H]1OCCN(c2nc(-c3csc(-c4ccc(O)cc4)n3)ns2)C1c1ncno1,16.492422502470642
COc1ccc2nc(-c3nc(N/N=C4/CC5(CCSC5)CS4)n(C)n3)oc2c1,16.492422502470642
CSc1cn2nc(-c3nn4c(N/N=C(\C)c5cccnc5)nnc4s3)cc2s1,16.492422502470642
C(=N\Nc1nnn2cc(-c3nc(-c4cccs4)ns3)nc2n1)\c1cccs1,16.492422502470642
CNc1cnc(-c2nc3c(nc(-c4ccco4)n4nc(-c5cnn(C)c5)cc34)s2)s1,16.492422502470642
Clc1ccc(/C=N/NCc2nsc(-c3nnn4sc(-c5ccco5)nc34)n2)cc1,16.55294535724685
Cc1cnn2c(N)nc(SCc3nnc(-c4ccc5c(c4)OCCO5)s3)nc12,16.55294535724685
COc1ccc(/C=N/Nc2nc(-c3ccc4c(c3)OCO4)nn2C(=S)C(C)(C)C)cn1,16.55294535724685
CSc1nc2c(N)nc(-c3ccc(-n4nnc(-c5cccs5)n4)cc3)nc2s1,16.583123951777
COc1ccc(-c2nn(-c3ccc4nccn4c3-c3ccnc(N)n3)c(=S)s2)cn1,16.583123951777
COc1ccc(/C=N/Nc2nc3nnc(-c4ccc5c(c4)OCO5)nc3s2)cc1,16.583123951777
Cn1c(-c2ccc(-c3nncs3)s2)nc2c(N/N=C/c3ccc(F)cc3)nnn21,16.583123951777
C(=N/Nc1nc(-c2cccs2)cs1)\c1cnc(-c2nc3ccc(N4CC4)nn3n2)o1,16.61324772583615
Cc1csc(-c2ccc(/C=N/Nc3nnn4cc(-c5nccs5)nc4n3)s2)n1,16.61324772583615
Cc1noc(-c2nc3cnc(-c4nnc(NC5CCN(C)CC5)s4)cc3s2)n1,16.61324772583615
COC(=O)c1sc2nc(-c3cc4c(s3)-c3ccc(OC)nc3SC4)nn2c1N,16.61324772583615
Nc1nnc(-c2nc3c(OCc4ccc(C5CCSS5)cc4)nccn3n2)s1,16.64331697709324
Nc1nnc(SCc2nsc(-c3nc4c(s3)COc3ccccc3-4)n2)s1,16.703293088490067
CCSc1ccc(-c2nc3c4nc(-c5csc(N)n5)sc4nnn3n2)s1,16.703293088490067
COc1ccc(-c2nc3sc(=S)n(-c4nc(N)c(SC)s4)c(=O)n3n2)cc1,16.703293088490067
Cn1ncnc1-c1nn2nc(-c3csc(-c4ccc(O)cc4)n3)nc2c(=S)s1,16.73320053068151
C/C(=N/Nc1nsc(-c2cnnn3nc(-c4cccs4)nc23)n1)c1cccs1,16.73320053068151
C/C(=N\Nc1nc2c(nnn2-c2ccccc2)c(=S)s1)c1nc(N2CCC2)no1,16.792855623746664
COc1ccc2oc(-c3nc4sc(-c5csc(NC6CCOC6)n5)nn4n3)cc2c1,16.792855623746664
Cn1cc(-c2noc(/C=N/NC(=S)Sc3nc(-c4cccs4)ns3)n2)cn1,16.822603841260722
c1csc(CNc2nc(N3CCC3)c(-c3nnn4nc(-c5cccs5)nc4n3)o2)c1,16.822603841260722
Cc1csc(-c2cnc3c(N/N=C/c4nccs4)nn(-c4ccccc4)c3n2)n1,16.822603841260722
COc1ccc(/C=N/Nc2nc3nc(-c4nc5cc(F)sc5s4)cnn3n2)cc1,16.852299546352718
COc1ccc(-c2csc3nc(/N=N/c4ccc5c(n4)nc(S)n5C)nn23)cc1,16.852299546352718
C/C(=N\Nc1nc(-c2nc3ccccc3s2)ns1)c1nc(N2CCCC2)ns1,16.852299546352718
C[SH](C)C(=O)Nc1nc2nc(-c3nc(N4CCCCC4)ns3)sc2s1,16.881943016134134
CCn1c(-c2ccsc2)nn2cc(-c3cnc4nnn(-c5ccc(O)cc5)c4n3)nc12,16.941074346097416
COc1ccc(-c2nc3sc(N/N=C4\CCCc5nc(OC)ccc54)nn3n2)cn1,16.941074346097416
COc1ccc(-c2csc3nc(-c4nc5sc(SC)nn5c4N)nn23)cn1,16.941074346097416
Cc1ccn(-c2nc(/N=N/c3csc(N4CCCC4)n3)n(-c3cccc(O)c3)n2)n1,16.97056274847714
COc1ccc(/C=N/Nc2nc3n(n2)CCOc2ccc(-c4nncs4)cc2-3)cc1,16.97056274847714
O=[N+]([O-])c1ccc(-c2nc3sc(N/N=C(\c4cccs4)C4CC4)nn3n2)cc1,17.0
COc1nn2nc(-c3csc(NN=C(C)c4ccc5c(c4)OCCO5)n3)nc2s1,17.05872210923198
COc1ccc(/C=N/Nc2nc(=S)sn3nc(-c4ccc5ncsc5c4)nc23)cn1,17.05872210923198
Cn1nc(-c2cccs2)nc1CSc1nn2cc(-c3ncc(=N)[nH]n3)nc2s1,17.05872210923198
COc1cccc(-c2nc3nc(-c4nnc(N)s4)nn3n(-c3cccs3)c2=S)c1,17.05872210923198
C(=N/Nc1nc(-c2cccs2)nc(N2CCCC2)n1)\c1ccc(-n2nns2)cc1,17.08800749063506
Nc1nnc(-c2nc(S)c(-c3nc4cc(CN5CCCCC5)sn4n3)s2)s1,17.08800749063506
CNc1nc(-c2ccc(OC)nc2)nc2nc(-c3csc(-c4cccs4)n3)nn12,17.08800749063506
CSc1nnc(-c2nnn3c(-c4ccc(/N=N/c5cccs5)cc4)ncnc23)s1,17.11724276862369
CSc1nc(N)n2nc(-c3csc(-c4ccc5c(c4)OC[C@@H]4CC[C@@H]54)n3)nc2n1,17.146428199482248
COc1cc(N2CCOCC2)nc(-c2cc3sc(-c4csc(N)n4)nc3cn2)n1,17.146428199482248
Oc1ccc(-c2nnc(SSc3nc4ncc(-c5ccccn5)cn4n3)s2)cc1,17.175564037317667
COc1ccc(-c2nc3c(=S)sc(N/N=C4\C[C@H](C)CCCS4)nn3n2)cn1,17.175564037317667
COc1ccc(-c2nc3c(=S)sc(N/N=C4/CCCC[C@H](C)S4)nn3n2)cn1,17.175564037317667
Oc1ccc(-n2nnc(-c3nc4sc(SCc5cccs5)nn4n3)n2)cc1,17.204650534085253
C/C(=N/Nc1nn2nc(-c3nnn(-c4ccc(F)cc4)n3)nc2s1)c1cccs1,17.204650534085253
COc1ccc(-c2nc3nc(-c4cc5ccccc5o4)nc(NC4CCS4)n3n2)cn1,17.204650534085253
CSc1nc(N/N=C/c2ccc(F)cc2)c2nc(-c3nsc4nccn34)cn2n1,17.204650534085253
C/C(=N/Nc1nn2nc(-c3nnn(-c4ccccc4F)n3)nc2s1)c1cccs1,17.204650534085253
C/C(=N\Nc1nsc2nc(-c3ccccc3)nn12)C1=NN=C(c2ccsc2)SC1,17.204650534085253
CC(=S)Sc1nc(-c2nc(-c3ccco3)nn2C)cn2nc(-c3cscn3)nc12,17.26267650163207
COc1csc(-c2nc3c(=S)sc(N/N=C/c4ccnc(Cl)c4)nn3n2)n1,17.26267650163207
COc1ccc(-n2c(-c3cscn3)nn3nc(-c4csc(N)n4)nc3c2=S)cc1,17.291616465790582
COc1ncc2cc(-c3nn4c(N/N=C(\C)c5ccccc5)nnc4s3)sc2n1,17.320508075688775
Cn1c(Cl)cnc1SSc1ccc(-c2nnc(-c3csc(N)n3)s2)nn1,17.349351572897472
COc1ccc(-c2nc3c(=S)sc(N/N=C4/CCCC[C@H]4C(C)=O)nn3n2)cn1,17.378147196982766
Nc1nc(SCc2nnc(-c3ccc(F)cc3)s2)nc2nc(-c3cccs3)nn12,17.406895185529212
COc1cn(-c2sc(N)nc2-c2nc3c(nnn3-c3ccccc3)c(=S)s2)cn1,17.406895185529212
Cc1nc2nc(SCc3nnc(-c4cc5ccccc5s4)s3)nc(N)n2n1,17.406895185529212
Cc1csc(-c2nc(-c3nsc(NN4N=C(c5cccnc5)CO4)n3)cs2)n1,17.406895185529212
C#CCSc1nn2nc(-c3ccco3)nc2c2nc(-c3cncc(NC)n3)sc12,17.435595774162696
COc1ccc(-c2nc(-c3nc(NC(=S)S)co3)n(-c3nc(C)ns3)n2)cc1,17.46424919657298
c1coc(-c2nc3sc(-c4nnc5ccsc5n4)nc3n2CCC2CCCO2)c1,17.46424919657298
C/C(=N/Nc1nc(-c2cc3ccccc3s2)n2nc(S)nc2n1)c1nccs1,17.4928556845359
CCOc1nc2sc(-c3nc4sc(=S)n(-c5ccccc5)c4nc3N)nn2n1,17.52141546793523
Nc1nc(SCc2nc(-c3cccs3)nn2-c2nccs2)nc2ccnn12,17.52141546793523
CSc1ccc(/C=N/Nc2nnn3sc(-c4ccc5c(c4)OCO5)nc23)s1,17.549928774784245
C/C(=N\Nc1cnn2nc(-c3cccs3)nc2n1)c1nc(-c2nccs2)cs1,17.549928774784245
COc1ccc(/C=N/Nc2nc3n(n2)CCOc2ccc(-c4ncsn4)cc2-3)cc1,17.549928774784245
CSc1nnc(-c2nc(-c3ccc4sc(N)nc4c3)nn2CC2N=CS2)s1,17.60681686165901
CSc1nnc(-c2ncc(N/N=C3\CCc4c(-c5nccs5)nnn43)s2)s1,17.60681686165901
COc1ccc(-c2nsc(N/N=C3\COc4cc(-n5cncn5)ccc4S3)n2)cc1,17.635192088548397
CSc1nnc(-c2ccn(-c3nc(N)nc4sc(-c5cccs5)nc34)n2)s1,17.635192088548397
N#Cc1nnc2cnn(CCSC(=S)Nc3nc(-c4cccs4)ns3)cc1-2,17.635192088548397
CSSc1nnc2c(sc3sc(-c4nnn(-c5ccccc5)n4)cc32)c1N,17.635192088548397
CSc1nc(N/N=C(\C)c2ccc3c(c2)OCCO3)nc2nc(-c3cccs3)nn12,17.635192088548397
Nc1nc(-c2nc3c(=S)n(CCC4CCCCS4)c(-c4ncco4)nn3n2)cs1,17.635192088548397
CSc1nc2c(N)nc(-n3c(C)nc4sc(-c5nccs5)nc43)nc2s1,17.635192088548397
COc1nc2sc(-c3nc4sc(N/N=C(/C)c5cccs5)nn4n3)nc2s1,17.663521732655695
Cc1cnn(-c2nn3nc(-c4csc(-c5ccc(O)cc5)n4)nc3c(=S)s2)n1,17.663521732655695
CNc1nnnc(-c2cc3c(s2)-n2nc(-c4cccs4)nc2C(C)(C)OC3)n1,17.663521732655695
Cn1ccc(-c2noc(-c3cn(-c4ccc(O)cc4)c(SC(=S)OC(C)(C)C)n3)n2)n1,17.663521732655695
CCn1c(-c2ncsn2)nn2nc(-c3csc(-c4ccc(O)cc4)n3)nc2c1=S,17.663521732655695
C/C(=N/Nc1nncc2nc(-c3cccs3)nn12)Sc1nc2ccccc2s1,17.663521732655695
C(=N/NNc1nnn2nc(-c3ccco3)cc2n1)\c1ccc(-n2cnc3ccccc32)cc1,17.72004514666935
COc1cc2c(N)nc3c(-c4nc(-c5cccs5)ns4)snc3c2nc1OC,17.74823934929885
O/N=C/c1nc(-c2nc(-c3cccs3)ns2)cn1CC1CCCSS1,17.74823934929885
C/C(=N\Nc1ncc2sc(-c3nccs3)nc2n1)c1nnc(N2CCCC2)s1,17.74823934929885
CNc1ncc2c(-c3nc(-c4ccc5nsnc5c4)ns3)nn(CC3CS3)c2n1,17.74823934929885
S=c1ccn(-c2ccc3nc(N/N=C/c4ccc(-n5cnnn5)cc4)nnc3c2)s1,17.74823934929885
CSc1nn2nc(-c3ccco3)nc2nc1N/N=C/c1ccc(-n2cccn2)cc1,17.776388834631177
COc1cccn2nc(-c3csc(NN4CCCC(c5nccs5)=N4)n3)nc12,17.776388834631177
COc1ccc(-c2nc3cnn4c(N/N=C(\C)c5cccs5)nnc4c3s2)cn1,17.776388834631177
Cc1nnn(-c2ccc(/C=N/NC(=S)Sc3nc(-c4cccs4)ns3)o2)n1,17.86057109949175
CNc1nnc2nc(-c3nc4sc(-c5ccc(OC)cc5)nc4s3)sc2n1,17.88854381999832
COc1ccc2cc(-c3nn4cc(-c5nccs5)nc4nc3NN3CCCC3)oc2n1,17.88854381999832
C/C(=N\Sc1nc2c(nnn2-c2ccc(O)cc2)c(=S)n1C)c1nccs1,17.88854381999832
CN(C)c1nnc(-c2sc3nc(-c4ccco4)nn3c2NC(=S)S)s1,17.944358444926362
C(=N/Nc1nnc(CSc2nc3ccccc3s2)s1)\c1nc2nccnc2s1,17.97220075561143
COC(=O)c1nn(-c2ccc(/C=N/Nc3nnn(-c4ccccc4)n3)cc2)c(=S)s1,18.0
CSCc1nsc(C2SCCC2=NNc2nc(-c3cccs3)ns2)n1,18.0
C=CCn1c(-c2csc(N)n2)nc2c1nc(SC)n1nc(-c3cscn3)cc21,18.05547008526779
COc1ccc(-c2nc3cnc(N/N=C4/CS[C@H](c5cccs5)C4)nn3n2)cn1,18.083141320025124
C/C(=N/Nc1nc(-n2nccn2)nc(-n2sc3ccccc32)n1)c1cccs1,18.083141320025124
CSc1nnc(-c2csc(-c3nnc(N)s3)n2)n1-c1ccc2c(c1)CSC2,18.083141320025124
C/C(=N\Nc1nsc(-c2nnc(N3CCOCC3)s2)n1)c1nc2ccccc2s1,18.083141320025124
CC(C)n1nnnc1-c1ccc2c(c1)-c1nc(N/N=C/c3cccs3)nn1CCO2,18.110770276274835
Nc1nnnc2sc(-c3nnc(SCc4nsc(-c5ccccc5)n4)s3)cc12,18.16590212458495
COC(=O)c1cnc(-n2cc(-c3nc4sc(C)cc4c(=S)s3)nc2N)s1,18.193405398660254
Cn1cc(/C=N/SC(=S)Nc2nc(-c3ccco3)ns2)c2cnc(C#N)nc21,18.193405398660254
C(=N/Nc1nnn(-c2ccccc2)n1)\c1cc2scc(Oc3cncnc3)c2s1,18.2208671582886
C/C(=N\Nc1nc(-c2ccc3c(c2)OCO3)ns1)c1nnc(N2CCCCC2)s1,18.275666882497067
COc1ccc(-c2nn(C(C)SC(C)(C)C)n3nc(-c4nnc(N)s4)nc23)cc1,18.303005217723125
COc1ccc(-c2nnc3sc(N/N=C4\CCCC5(CCCCO5)CS4)nn23)cn1,18.303005217723125
C/C(=N/Nc1nc(-c2ccc3nnsc3c2)nc2nc(N(C)C)nn12)c1cccs1,18.303005217723125
COC(=O)C1CC/C(=N\Nc2nc(-c3nc(-c4ccccc4)ns3)cs2)S1,18.35755975068582
CSc1nn(-c2nc(N)c3sc(-c4nc(N5CCCC5)ns4)cc3n2)s1,18.411952639521967
C/C(=N\Nc1nnc2cnc(-c3cccs3)nn12)c1nnc(-c2cccs2)s1,18.439088914585774
COc1ccc(-c2nc3c4cc(-c5nc(NC6CC6)ns5)sc4nnn3n2)cc1,18.439088914585774
CCNc1nn(-c2ccc3c(nnn3-c3ccccc3)n2)c2nc(-c3nccs3)nn12,18.439088914585774
Nc1nc(SCc2nc(-c3ccccc3)ns2)nc2nc(-c3ccsc3)nn12,18.520259177452136
CSCCNc1nc(-c2cccs2)nc2c1sc1nc(-c3ncccn3)nn12,18.547236990991408
Cc1nsc(-c2nc3ccc(N/N=C/c4ccc(N5CCCCCC5)cc4)nn3n2)n1,18.547236990991408
Sc1nc(N/N=C/c2ccc(-c3cncs3)cc2)nn2nc(-c3cncs3)nc12,18.57417562100671
Nc1ccc(-c2nnc(SSc3nc4c(s3)CN=CN4C3CC3)s2)cn1,18.601075237738275
COc1nc(-c2cc(C)c3c(cnn3C(=S)Sc3csc(N)n3)n2)ns1,18.601075237738275
Cn1cc(-c2ccc(/C=N/NC3=NC(=S)S4=NC(c5cccs5)=NN34)cc2)cn1,18.65475810617763
COc1nc2cn(-c3nc(N/N=C\c4cccs4)nc(-c4cccs4)n3)nc2s1,18.65475810617763
COC(=O)c1ccc(/C=N/Nc2nsn3nc(-c4nsc5ccccc45)nc23)s1,18.681541692269406
CCO/C=N/C(=S)Sc1nc(-c2ccc3c(c2)OCO3)nn1-c1nccs1,18.681541692269406
C/C(=N\Nc1nnc2ccc(-c3nccs3)nn12)c1nc(-c2cccs2)ns1,18.76166303929372
COc1ccc(/N=c2/nc(-c3nnn(-c4ccccc4OC)n3)sc(=S)s2)cn1,18.788294228055936
COc1ccc(-c2c(-c3nc(N)cs3)nc3sc(N4CCCOCC4)nn23)cn1,18.81488772222678
CSC(C)=NNc1nnc([SH]=NN2CCN(c3nc4ccccc4o3)CC2)s1,18.81488772222678
CSc1nc2nc(N/N=C(/C)c3cccs3)n3nc(-c4ccnnn4)cc3c2s1,18.841443681416774
COc1ccc(-c2nc(-n3cccn3)n3c(-c4nnc(SS)s4)ncc3n2)cc1,18.841443681416774
COc1cc(N)nc(-c2nc3sc(-c4ncc(N5CCCC5)s4)nc3s2)n1,18.841443681416774
C[C@@H]1COC[C@H](C)N1c1nc(-c2csc(N)n2)nc2nnn(-c3ccccc3)c12,18.841443681416774
COc1ccc(-c2nc3c4nc(-c5cccs5)nn4c(NC4CCC4)nn3n2)cc1,18.920887928424502
COc1nc(N2CCC2)cc2c1ncn2-c1nc(N)c2cc(-c3nccs3)sc2n1,19.026297590440446
FC(F)(F)CSc1nnc(-c2cc3nc(N/N=C/c4cccs4)nn3nn2)s1,19.05255888325765
Cc1nnc(-c2noc(N(C)C(=S)Nc3nc(-c4cccs4)ns3)n2)s1,19.05255888325765
Cn1cc(N)nc(SSC2=S3N=C(c4cc5ccccc5o4)N=C3S2)c1=O,19.05255888325765
CSc1nc(NN=C2CCSC2)c2nc(-c3nc(-n4cccn4)cs3)n(C)c2n1,19.05255888325765
COc1ccc(-c2nc(-n3cccn3)n3nc(-c4nnc(SS)s4)cc3n2)cc1,19.05255888325765
CCn1c(=S)sc2c(-c3cnc4nn(C)cc4n3)nc(-c3csc(N)n3)nc21,19.05255888325765
Cc1nc(CN2CCCC/C2=N\Nc2nn3nc(-c4ccco4)nc3s2)cs1,19.131126469708992
Nc1nc(SCc2nnc(-c3ccccn3)s2)nc(-c2nc3ccccc3s2)n1,19.131126469708992
CC1(C)CCC/C(=N\Nc2nn3cc(-c4noc(-c5cccs5)n4)nc3s2)O1,19.131126469708992
COc1ccc(-c2nsc(N/N=C3\S/C(=C\c4nc5sccn5n4)C3=O)n2)cc1,19.157244060668017
CS(C)(c1nc(-c2ccccn2)no1)c1nnc(N2CCSC(S)=N2)s1,19.157244060668017
COc1nc(-c2nc(-c3cccs3)ns2)c2sc(=S)n(CCC(=O)O)c2n1,19.183326093250876
Sc1nc(N/N=C/c2ccc(-c3cncs3)s2)c2nc(-c3cccnc3)nn2n1,19.209372712298546
COc1ccc(-c2csc3nc(/N=N/c4csc(N5CCNCC5)n4)nn23)cn1,19.261360284258224
O=c1cnc2sc(SSc3nnc(N/N=C/c4ccc(F)cc4)s3)nc2o1,19.261360284258224
Nc1nnc(-c2nc3sc(=S)cc(N/N=C/c4ccc(-n5cccn5)cc4)n3n2)s1,19.28730152198591
CC(S)=NNc1ncc2nc(-c3csc(-c4ccc(-n5cnnn5)cc4)n3)sc2n1,19.339079605813716
CSc1nnc(Nc2ccc(N=[SH](=S)n3nnc(-c4ccco4)n3)cc2)s1,19.339079605813716
COc1ccc(-c2nnc(SS)s2)cc1-c1cn2c(nn1)nc1cccnc12,19.364916731037084
Nc1nc(-c2nc(-c3cccs3)ns2)nc2nc(SCc3cccs3)nn12,19.364916731037084
COc1cccc(-c2nn3nc(-c4ccc5nc(NC6CC6)sc5n4)nc3s2)n1,19.390719429665317
Cn1ncc(-c2cnc3nc(Sc4nnc(NN5CCCCC5)s4)sc3c2)n1,19.44222209522358
CC1(C)CCN(c2nc(N3CCCCC3)c3nnc(-c4csc(N)n4)n3n2)CC1,19.44222209522358
Cn1c(SSc2nnn(-c3nnc(-c4ccc(O)cc4)s3)n2)nc2ccccc21,19.570385790780925
Cc1ncn(-c2ccc(/C=N/NC3=NC(=S)S4=NC(c5cccs5)=NN34)cc2)n1,19.570385790780925
O=C1CCCC/C1=N\NCCn1nc(-c2nc(-c3cccs3)no2)sc1=S,19.672315572906
Cc1nn(-c2nc3c(N4CCCCC4)nc(-c4ccc(CN)o4)nc3s2)c(=S)o1,19.72308292331602
COc1ccc(-c2nc(N3CCOCC3)c3nc(-c4csc(N)n4)sc3n2)cn1,19.748417658131498
COc1ccc(-c2nc3nc(-n4cnc(-c5ccccc5)c4)nc(SS)n3n2)cn1,19.77371993328519
COc1nccc(-c2nc3sc(-n4nc(-c5ccccc5)sc4=S)nc3n2N)n1,19.77371993328519
c1csc(-c2nsc(NN=C3CCN(c4nc(-c5nccs5)no4)CC3)n2)c1,19.79898987322333
Cc1ccsc1CNc1nnc2nc(-c3nnn(-c4ccccc4)n3)sc2n1,19.79898987322333
CSc1nn2cc(-c3cnn4nc(N/N=C(\C)c5cccs5)nc4n3)nc2s1,19.87460691435179
CSc1nc2snc(N/N=C(/c3ccc4c(c3)OCO4)n3cnc(C4CC4)c3)n2n1,19.87460691435179
CSc1nn2cc(-c3cnn4nc(N/N=C/c5ccc(C)cc5)nc4n3)nc2s1,19.87460691435179
COc1ccc(-c2cnc3nc(N/N=C/c4ccc5c(c4)SCO5)nnn23)cn1,19.8997487421324
CSc1nc(N/N=C(/C)c2cccs2)n2nc(-c3ccc4c(c3)OCO4)nc2n1,19.974984355438178
C/C(=N\Nc1nnc2c(N3CCOCC3)nc(-c3cccs3)nn12)C1CCCC1,19.974984355438178
C/C(=N\Nc1nc(N2CCOCC2)nc2nc(-c3cccs3)nn12)C1CCCCC1,19.974984355438178
Sc1nnn(-c2ccc(/C=N/Nc3nc(-c4ccc5c(c4)OCO5)cs3)s2)n1,20.024984394500787
Nc1nnc(SCc2nc(-c3nc(-c4cccs4)ns3)nnc2Cl)s1,20.024984394500787
CS[C@@H]1CCCN(c2nc(N)n3cc(-c4nc(-c5cccs5)ns4)nc3n2)C1,20.074859899884732
C/C(=N/Nc1nc2nn(C3CC3)nc2c2nc(-c3cccs3)nn12)c1cccs1,20.074859899884732
S=c1sc(N/N=C/c2nc(-c3ccccn3)ns2)nc2c1nnn2-c1ccccc1,20.074859899884732
Cc1ccc(NC(=S)Sc2nsc3nc(-c4ccc5c(c4)OCO5)nn23)nn1,20.09975124224178
CSc1nnc(NN=C(C)c2nc(-c3cccs3)ns2)c2c1nc1n2CCO1,20.174241001832016
CCn1nc(Cl)c2nnc(NNc3csc(-c4ccc5c(c4)OCO5)n3)nc21,20.199009876724155
O=[N+]([O-])c1ccc(-c2cnc3c(N/N=C/c4ccc(N5CCC5)s4)ncnn23)s1,20.248456731316587
CC(=NNc1nc2cc(-c3nn(C)c4ccccc34)nnn2n1)Sc1nccs1,20.273134932713294
CSC(=NNc1nc(-c2nc3sc(C)nn3n2)cs1)c1ccc2c(c1)OCO2,20.273134932713294
Cc1nc(-c2nc(-c3nnc(N4CCOC[C@@H]4C)s3)nc3sc(N)nc23)cs1,20.346989949375804
COc1ccc(-c2nc3c4nc(-c5nc(N)sc5SC)sc4nnn3n2)cc1,20.346989949375804
CSc1nc(N)nc(-c2nc(-c3cccs3)nn2-c2ccc3c(c2)OCCO3)n1,20.346989949375804
COc1ccc(-n2cnc3cc(-c4nc(N)nc(N5CCCC5)n4)sc3c2=O)cc1,20.37154878746336
COc1ccc(-c2c(-c3nc(-c4cccs4)ns3)nnc3nc(S)nn23)cn1,20.37154878746336
COc1ccc2c(n1)-c1cc(-n3nnc(-c4nnc(SS)s4)n3)ccc1OCC2,20.396078054371138
CSc1nc(-c2csc(NN3CCC(c4nccs4)=N3)n2)nc2c1ncn2C,20.445048300260872
COc1ccc2c(c1)nc(-c1nc3c(nn4sc(NN=C5CCCC5)nc34)s1)n2C,20.566963801203133
Nc1nc(SCc2ccccc2)nc2nc(-c3nc(-c4cccs4)ns3)nn12,20.566963801203133
Fc1ccc(/C=N/Nc2nc(-n3cccn3)cc(-n3nnc(-c4cccs4)n3)n2)cc1,20.591260281974
Nc1nc(-c2nc(SCC3CC3)c3nnc(-c4ccc5c(c4)OCO5)n3n2)cs1,20.615528128088304
C(=N/Nc1nc(-c2nccs2)nc(N2CCCC2)n1)\c1ccc(-n2cccn2)s1,20.784609690826528
C/C(=N/Nc1nc2n(n1)COc1ccc(-c3nnn(C4CC4)n3)cc1-2)c1cccs1,20.784609690826528
Cc1cc2nc(SSc3nc4ccc(-c5csc(N)n5)nn4n3)ccn2n1,20.83266665599966
Fc1ccc(/C=N/Nc2nc(-n3nnc(-c4nnc(N5CCCC5)s4)n3)cs2)cc1,20.85665361461421
C/C(=N\Nc1nc(-n2nnc(-c3nnc(N4CCCC4)s3)n2)cs1)c1ccccc1,20.85665361461421
C=NC(=O)SSc1ccc2nc(-c3nc4nc(NN=C(C)C)sc4s3)cn2n1,20.8806130178211
O=C(O)CSc1nn2nc(-c3csc(-c4ccc5c(c4)OCCO5)n3)nc2s1,20.8806130178211
Nc1nnc(CCCn2nnc3ncc(-n4c(=S)sc5ccccc54)nc32)s1,20.92844953645635
CSc1nn2c(C3CC3)c(-c3nc4nc(-c5csc(N)n5)ccn4n3)nc2s1,20.952326839756964
CSc1nc(-c2nc(-c3nc4nc(N5CCCCC5)cc(N)n4n3)cs2)cs1,21.02379604162864
Cn1ccc(Sc2nc(N)c3sc(-c4nc(N5CCCCC5)ns4)cc3n2)n1,21.02379604162864
COc1ccc2c(n1)-c1sc(-c3nnc(NCc4cncs4)nn3)cc1CCO2,21.047565179849187
CCn1c(=S)sc2c(/N=N/c3cncc(N4CCC4)n3)nc(-c3nccs3)nc21,21.071307505705477
Cc1nc(-c2csc(N3CCCCC3)n2)c2nc(N/N=C/c3cccs3)nn2n1,21.142374511865974
Cc1nn2nc(-c3cc(-n4ncs4)nc(N/N=C/c4ccc(F)cc4)n3)nc2s1,21.166010488516726
C(=N/Nc1nc2n(n1)CCOc1ccc(-c3nnn(C4CC4)n3)cc1-2)\c1cccs1,21.166010488516726
O=[SH](=N/N=C/c1ccc2oc(-n3ncs3)nc2c1)c1csc(NN2CCCCC2)n1,21.213203435596427
CS[C@H]1CCCN(c2cn3c(-c4nc(-c5cccs5)no4)nnc3c(N)n2)S1,21.213203435596427
Cn1nnc2c(-c3cccc(N)n3)nc(SCc3nc4sccc4s3)nc21,21.236760581595302
Cc1csc(-c2nc3c(N/N=N/C4CC4)nnn3c(=S)n2-c2ccccc2)n1,21.2602916254693
COc1ccc(-c2nc3c4cc(-c5nc(NC6CCCC6)ns5)nn4cnn3n2)cc1,21.2602916254693
CSc1nc2sc(-c3csc(NN4CCCC4)n3)nc2nc1-n1cncn1,21.330729007701542
COc1ccc(-c2nc(NC3CCOCC3)c3nc(-c4ncns4)sc3n2)cn1,21.330729007701542
Nc1nc(-c2nc(SCC3CCOCC3)nc3nc(-c4cccs4)nn23)cs1,21.400934559032695
COc1ccc2c(n1)-c1sc(-c3nnc(NCc4cscn4)nn3)cc1CCO2,21.42428528562855
CSc1nnc(NN=C(C)c2cccs2)n2nc(-c3ccc4c(c3)OCO4)nc12,21.42428528562855
COC(=O)N1S/C(=N/Nc2nn3cc(-c4ccc(OC)nc4)nc3s2)C[C@H]1C,21.447610589527216
CCn1c(=S)sc2nc(-c3nnnc(-c4nc(N)c(SC)s4)n3)ccc21,21.494185260204677
Nc1nc(N2CCCC2)nc2nc(-c3nnc(SCc4nccs4)s3)sc12,21.494185260204677
C(=N/NCc1nc(-c2nnc3nnn(-c4ccccc4)c3n2)cs1)\c1cccs1,21.540659228538015
c1cnc(N2CCN(c3nnc(/N=N/Sc4nc5ccccc5s4)s3)CC2)nc1,21.587033144922902
Oc1ccc(-c2nsc(SC(=S)Sc3nnnn3-c3ccccn3)n2)cc1,21.633307652783937
Nc1nc(-c2cn3ncc(SSc4nnc(-c5ccccc5)s4)nc3n2)cs1,21.6794833886788
CSC(=NNc1nc(-c2nccs2)nn1C=S)c1cn(-c2cccs2)nn1,21.702534414210707
C/C(=N\NC1=NC(=S)S2=NC(c3cccs3)=NN12)c1ccc(-n2nccn2)s1,21.702534414210707
Cc1nc(SC(=S)Nc2nc(-c3nc(-c4cccs4)ns3)no2)nn1C,21.702534414210707
c1coc(-c2nc3c(-c4csc(NN5CCCC5)n4)cc(N4CCCC4)nn3n2)c1,21.702534414210707
N#Cc1nnc(S(=NN2CCOCC2)c2csc(N/N=C/c3ccccc3)n2)s1,21.79449471770337
CSc1nc(-c2ccc(-c3nc4sc(NN=C5CCCC5)nn4n3)cc2)n(C)n1,21.817424229271428
COc1ccc(-c2nc3c(=S)sc(N/N=C4/CCCC(C)OC4)nn3n2)cn1,21.863211109075447
Nc1nc(-c2ccn3nc(SSc4nc5ncccc5s4)nc3n2)cs1,21.863211109075447
Cc1cn(-c2nnc(-c3nc4nc(N5CCCCC5)nc(N)c4s3)s2)nc1C,21.863211109075447
CSc1nc(N/N=C(\C)c2cc3ccccc3s2)n2nc(-c3cccnn3)nc2n1,21.88606862823929
CON=C1CCN(c2nnc(Sc3nnc(N/N=C/c4ccccc4)s3)s2)CC1,21.908902300206645
CSN1CCCC/C(=N/Nc2nc3scc(-c4ccc([N+](=O)[O-])s4)n3n2)C1,21.95449840010015
C[C@@H]1CCCN1c1nc(N)c2sc(-n3cc(-c4nn(C5CCC5)s4)cn3)nc2n1,22.02271554554524
COc1ccc(-c2nsc(NC(=S)Sc3nnc(N4CCCC4)s3)n2)cn1,22.090722034374522
CC(S)=NNc1nnc(SC2=NN=C(c3ccc(-n4ccnn4)cc3)CC2)s1,22.135943621178654
COc1ccc(-c2nn3nnc(NC4CCC4)c3nc2-c2cc3scnn3c2)cn1,22.15851980616034
COC(=O)C1Oc2ccc(-c3nnc(NN=C(C)Sc4nccs4)s3)cc2O1,22.20360331117452
CSc1nnc(-c2csc(N/N=C3\CCCCN3c3nc(C#N)cs3)n2)s1,22.22611077089287
C[C@H]1COC[C@H](C)N1c1nc(N)nc(-c2nc3sc(-c4cccs4)nc3s2)n1,22.338307903688676
CS(c1ccc(C#N)cc1)(c1nccnn1)c1nnc(N2CSC(S)=N2)s1,22.360679774997898
CC(=O)/C(C)=N/Nc1nnc2cnc(N3CCC(=Nc4ccc(Cl)cc4)CC3)nn12,22.40535650240808
Cn1cc2c(n1)c(-c1nc(NC3CCCC3)nn1C)nn1nc(-c3cccs3)nc21,22.427661492005804
CSc1nc(-c2nn3ncc(-c4nsc(NN)n4)c3s2)cc(C(F)(F)F)n1,22.44994432064365
CCOc1nc2c(N)nc(-c3nc4c(nnn4-c4ccccc4)c(=S)s3)nc2s1,22.494443758403985
O=C(O)c1ccc(-c2cnc3nc(SCc4ccc5c(c4)OCO5)nnn23)cc1,22.538855339169288
COC1CCN(c2cnc(-c3nc4nnc(-c5csc(N)n5)nc4s3)s2)CC1,22.58317958127243
Oc1ccc(-c2nc(-c3nc4nc(SSC5=NCCC5)cnn4n3)cs2)cc1,22.60530911091463
Oc1ccc(-c2nc(-c3nc4nc(SSC5CCCO5)cnn4n3)cs2)cc1,22.60530911091463
O=C(CSc1nc2ccccc2s1)Nc1nnc(Sc2nc3ncccn3n2)s1,22.627416997969522
CC(=NNc1nnnc2nc(-c3ccc4c(c3)OCO4)c(C)n12)Sc1nccs1,22.627416997969522
Nc1nc(-c2cn3nc(SSc4cn(C5CCCC5)nn4)sc3n2)cs1,22.693611435820433
COc1cc(OC)c2sc(-c3nc4nc(N5CCCCC5)nc(N)n4n3)cc2c1,22.759613353482084
CS/C(=N\c1nnn(-c2ccc3nnc(C)nc3c2)n1)Nc1nc2ccccc2s1,22.80350850198276
CSc1nnc(-c2nc(N/N=C3\CCCCN3c3cnc(C#N)s3)cs2)s1,22.93468988235943
Cn1nnc(CSc2nnc(NC(=S)Sc3nc4ccccc4s3)o2)n1,22.978250586152114
CCn1ncc(-c2nsc3c2cc(-c2cnccn2)c2nc(SS)ncc23)n1,23.043437243605826
c1ccc2sc(Sc3ncnc(NC4CCN(c5nccs5)CC4)n3)nc2c1,23.065125189341593
c1ccc(-n2nnnc2SSc2nsc(NN=C3CCSCC3)n2)cc1,23.065125189341593
O=C(O)c1ccc(-c2nsc(SSc3nnc4sc(Cl)nn34)n2)cc1,23.130067012440755
CC(C)=NNc1nnc(SC(=S)N2CCOC/C2=N/c2nc(C)cs2)s1,23.2379000772445
C/C(=N/Nc1nc(N2CCCCC2)nn2nc(-c3cccs3)nc12)c1cccs1,23.280893453645632
CC(C)(C)N1CCCCC1CNc1nnn2c(-c3ccc([N+](=O)[O-])s3)cnc2n1,23.280893453645632
COc1ccc(-c2nc(-c3nc4nc(N5CCCCC5)nc(N)n4n3)cs2)cc1,23.45207879911715
COC(=O)CSc1ccc(SC(=S)Nc2csc(-c3nncs3)n2)nn1,23.49468024894146
C=NNc1nc(N)n2nc(-c3ccc4c(c3)N(c3ccc(SC)s3)CCO4)nc2n1,23.68543856465402
CSc1nc(NN2CCCCC2)nc(-c2cc3nc(-n4nccn4)sc3s2)n1,23.706539182259394
COc1ccc2sc(-n3nnc(NN=C4SCCS4)n3)c(-c3ncco3)c2c1,23.811761799581316
Cn1c(/N=N/c2ccnc(N3CCCC3)n2)nc2c(nnn2-c2ccc(O)cc2)c1=S,23.83275057562597
COc1cc(-n2nc(-c3nc([N+](=O)[O-])nn3C)sc2=S)ccc1NC(=S)S,23.853720883753127
CON=C1CCN(c2nc(N/N=C/c3ccccc3)n3nc(-c4ccco4)nc3n2)CC1,23.895606290697042
COc1ccc2nnc(SC(=S)Nc3nc(-c4cccs4)ns3)n2n1,23.895606290697042
COc1ccc(-c2nc(NN3CCCCC3)c3nc(-c4nncs4)sc3n2)cn1,24.041630560342615
COc1ccc(-c2nc(NN=C3SCCS3)n3nc(-c4ccco4)nc3n2)cc1,24.06241883103193
COc1ccc(-c2nc3c(=S)sc(N/N=C4/CCCCCO[C@H]4C)nn3n2)cn1,24.06241883103193
C/C(=N/Nc1nnc(N2CCCCC2)c2nc(-c3cccs3)nn12)c1cncs1,24.06241883103193
c1ccc(-n2nnnc2SSc2nsc(NN=C3CCCSC3)n2)cc1,24.08318915758459
COc1nc(-c2nc3cnc(NN=C4CCCCS4)nc3n2CC(F)F)ns1,24.145392935299274
CSc1nnc(-c2nnc(N/N=C3/CC=C(C(=O)OC(C)(C)C)OC3)s2)s1,24.166091947189145
COc1ccc(-c2ccc3nc(Sc4ccnc(N5CCCCC5)n4)nn3n2)cn1,24.331050121192877
COc1ccc(-c2nnc(N/N=C3\SCC4(CCCS4)C3(C)OC=O)s2)cc1,24.331050121192877
CSc1nnc(-c2nsc(N/N=C3\[C@@H](C)OC(=O)N3c3cccs3)n2)s1,24.351591323771842
CSc1nc(NN=C2CCSC2)c2nc(-c3nc(SC)nn3C)sc2n1,24.413111231467404
COc1ccc(-c2nnc3c(/N=N/c4nc5c(s4)CN(C)C5)nc(S)nn23)cc1,24.49489742783178
COc1nsc(-c2nc3c(NN=C4CCSCC4)nc(SC)nc3s2)n1,24.576411454889016
CCn1nc(-c2cc(-c3nncs3)nc(=S)s2)c2c(N)nc(N3CCCC3)nc21,24.61706725018234
Cn1ncc2c(-c3nccs3)nc(Sc3nnc(NN4CCCCC4)s3)nc21,24.61706725018234
COc1cc2nnn(-c3nc(NN=C4CCCCS4)nc(=S)s3)c2cc1OC,24.657656011875904
O=C(O)c1ccc(-c2nc3nc(N4CCCC4)nc(N/N=C/c4cccs4)n3n2)cc1,24.779023386727733
COC(=O)/C(C)=N/Nc1nnc2sc(-c3ccc4c(c3)SC3(CCC3)CO4)nn12,24.79919353527449
CSc1ncc(-c2nc3nc(N4CCC(c5nccs5)CC4)nc(N)n3n2)s1,24.859605789312106
C/C(=N/Nc1nnc(N2CCCC2)c2nc(-c3cn4ccsc4n3)nn12)c1cccs1,24.899799195977465
O=C(O)SSc1nc(N/N=C/c2ccc3c(c2)OCCO3)nn1-c1ccccc1,24.95996794869737
CSC(S)=NNc1nnc([SH]=C2COc3cc([N+](=O)[O-])ccc3N2C)s1,25.099800796022265
C[SH](c1nc(N/N=C2/OCCS2)nc(-c2nccs2)n1)c1nccs1,25.25866188063018
CSC(=NNc1ncc2c(n1)c1nc(-c3ccco3)nn1c(=S)n2C)SC,25.357444666211933
CSc1nc(N/N=C/c2ccc(-c3nc4sccn4n3)s2)nc(N2CCCC2)n1,25.357444666211933
COc1ccc(-c2nc3nc(N/N=C4\CSCS4)nc(N=C4CCC4)n3n2)cc1,25.37715508089904
C/C(=N/Nc1nnc(N2CCOCC2)c2nc(-c3nccs3)nn12)c1cccs1,25.436194683953808
Cc1nc(NN=C2C=NSC2)nnc1CSc1nnc(-c2cccs2)s1,25.45584412271571
CCN1C(=O)CS/C1=N\Nc1nc(-n2cccn2)c2oc(-c3cccs3)nc2n1,25.748786379167466
Nc1nc(N2CCCCC2)nc2nc(-c3csc(SCc4nccs4)n3)nn12,25.787593916455254
Cc1nnc(-c2cc(Sc3nnc(N4CCCC4)s3)nc(N3CCCC3)n2)o1,26.095976701399778
COc1ccc(-c2nc3c(NN=C4CCOSCC4)nc(SC)nc3s2)cn1,26.229754097208
Nc1nc(-c2cccs2)nc2c(-c3ncsn3)nn(CCN3CCCCC3)c12,26.324893162176366
CSc1nc2c(SC3=NC[C@H](c4cccs4)O3)nc(-c3csc(N)n3)cn2n1,26.570660511172846
COc1ccc(-c2nc3c4c(-c5cscn5)nn(NC5CCCC5)c4nnn3n2)cc1,26.832815729997478
Cc1nnc(SCC(=S)Nc2nc(-c3nccs3)nc(N3CCCC3)n2)s1,26.832815729997478
CSN1CCCC/C1=N\Nc1nc(-c2nccs2)c2nc(-c3ccco3)nn2n1,27.09243436828813
CSSc1nnc(-c2nc(-c3ccc4c(n3)sc(=S)n4C)ccc2N)nn1,27.184554438136374
COc1ccc(-c2csc3nc(N/N=C4/CCCC[C@@H]4c4ncsn4)nn23)cn1,27.202941017470888
CSC(S)=NNc1nnc2cnc(/N=N/c3ccc(N4CCOCC4)cc3)cn12,27.440845468024488
CSSc1nc(NN=C2CCOC2)nc(-c2nc(-c3cccs3)ns2)n1,27.477263328068172
COc1ccc(-c2nc3nc(NN=C4CCCCC4)c(-c4cccs4)nn3n2)cn1,27.477263328068172
CSc1nnc(-c2nnc(NC3CCCC3)s2)c(-c2ccc3c(c2)OCCO3)n1,27.54995462791182
c1cncc(Nc2nc(SCc3nnc(-c4cccs4)o3)nc(N3CCOCC3)n2)c1,27.568097504180443
CSC(S)=NNc1nc(-c2nc3nnc(-c4ccc(F)cc4)nc3s2)n(C)n1,27.748873851023216
COc1ccc2c(n1)S[C@@H](C(=O)O)c1cc(-c3nnc(-n4cccc4)nn3)sc1-2,28.0
COc1ccc(-c2nc3c(=S)sc(N/N=C4/CCCCCCO4)nn3n2)cn1,28.24889378365107
Cc1nnc(-c2nc(SC(=S)CSc3ncco3)nc(N3CCCC3)n2)s1,28.600699292150182
Cc1nc(-c2csc(N/C(S)=N/N=C/c3ccoc3)n2)nc(N2CCOCC2)n1,29.086079144497972
COc1nc(-c2nc3c(NN=C4CCCS4)nc(N4CCCC4)nc3s2)ns1,29.32575659723036
CSc1nccc(-c2nc3c(NN=C4CCSOC4)nc(SC)nc3s2)n1,29.359836511806396
CCn1c(=S)sc2nc(Sc3nnc(NN=C4CCCCC4)s3)nnc21,29.698484809834994
C/C(=N/Nc1nnc(N2CCCCC2)n2nc(-c3cncs3)nc12)c1nccs1,29.698484809834994
CN(C)c1nc(NC(=S)S)nc(-c2nnc(-c3ccc4c(c3)OCO4)s2)n1,29.748949561287034
CSSc1nc(NN=C2CCCCS2)cc(-c2nc3sc(C)nn3n2)n1,30.265491900843113
C=Cc1c(-c2nc3nc(N4CCCCCC4)nc(N)n3n2)nc2sc(SC)nn12,30.298514815086232
COc1ccc(-c2nc3nc(-c4csc(N)n4)nn3nc2SC(=S)S)cc1,30.347981810987037
CCSC(S)=NNc1nnn(-c2ccc3c(c2)[C@H](c2cnc4c(n2)OCO4)CO3)n1,30.56141357987225
COc1ccc(-c2nsc(-c3nc(NC(=S)S)c4nc(OC)nnn34)n2)cc1,31.12876483254676
CSSc1nc(NN=C2CCCSC2)nc(-c2nnc(-c3ccccn3)s2)n1,31.28897569432403
CSc1nn(C2CCCC/C2=N\Nc2nc(-c3ccccc3)ns2)c2ncnn12,31.368774282716245
C/C(=N/Nc1nnc(N2CCCCC2)c2nc(-c3ncns3)nn12)c1cccs1,31.400636936215164
CNc1cncc(C2=NC3(N4CCOC(C)OC4)N=C(c4cccs4)N=C3S2)n1,31.68595903550972
CSC(=NN=C(S)N1CCCCC1)/C(C)=N/Nc1nnc2c3ccccc3nnn12,31.76476034853718
CSc1ncnc2nc(-n3nc(-c4nc(C)cs4)nc3NN=C3CCCCC3)cn12,31.843366656181317
Cc1nsc(-n2nc(-c3nc(-c4cccs4)ns3)nc2NN=C2CCCCC2)n1,32.2335229225724
COc1ncc(-c2nnc(SSc3ccccn3)c(SC(N)=S)n2)s1,32.28002478313795
COC(=O)N=C1SC(=S)S/C1=N\Nc1nnc(-c2ccc(OC)cc2)s1,32.49615361854384
Cc1csc(-c2nc(-c3ccnc(N/N=C4\CCC5(CCCCN5C)C4)n3)no2)n1,32.863353450309965
COC(=O)SCn1nc(-c2nc(-c3ccc(OC)cc3)no2)nc1NC(=S)S,33.075670817082454
CSSc1nnc(SC(=S)Nc2nc(-c3ccccc3)ns2)nn1,33.15116890850155
Cn1cnc(NN=C2CCCC/C2=N\Nc2nn(-c3ccccc3)c(=S)s2)nc1=O,33.301651610693426
COc1ccc(/N=C2\SC(=S)S\C2=N/Nc2nnn(-c3ccccc3)n2)nc1,33.57082066318904
COc1ccc(-c2nc(N3CCOCC3)c3nnc(NN=C4CCCCC4)n3n2)cc1,33.67491648096547
S=C=NNc1nc(-c2ccco2)nc2nc(SSC(=S)OCC3CC3)nn12,33.734255586866
CSc1nc(-c2nc(NN3CCCCC3)nc(-c3nccs3)n2)c2ncsc2n1,34.56877203488721
COc1nc(-c2nc3c(NN=C4CCOC4)nc(N4CCCCC4)nc3s2)ns1,34.64101615137755
COc1nnc(SC(=S)Nc2nc(-c3nc4ccccc4s3)ns2)nn1,34.741905532080416
COc1ccc(-c2cn3nc(N/N=C4\CCCC5(CCCC5)S4=N)sc3n2)cn1,35.4964786985977
c1ccc(-n2nnc(N/N=C3\CCCC(Sc4nnnn4-c4cccs4)C3)n2)cc1,35.70714214271425
COc1ccc(-c2nc3nc(n2)N(c2ccc(/C=N/O)c(Cl)n2)C(=S)S3)cn1,35.805027579936315
N=[SH]c1cnc(N/N=C(/SC(=S)N2CCCC2)Sc2ccccn2)nn1,35.91656999213594
CS/C(=N\c1nc2cccnc2s1)Nc1nc(SC)nc(N2CCCC2)n1,36.4417343165772
CSc1nc(N=[SH](=O)c2csc(NN3C=CCC=N3)n2)nc(N2CCCCC2)n1,40.22437072223753
C(=N/Nc1nc(N2CCCCC2)nc(N2CCCC2)n1)\c1cnn(-c2ccccc2)n1,40.570925550201586
COS(=O)C(=S)Nc1nc(-c2nnc(SC)s2)nc(N2CCCCC2)n1,41.557189510360296
c1csc(SSc2nc(NN=C3CCCCC3)nc(N3CCOCC3)n2)n1,43.069710934716056
CSC1=NC(=NNc2nc(SC)nc(-c3cccs3)n2)SS1(=O)=O,43.2087954009366
Cc1nc(NN=C2CCSO2)cc(-c2nc(N3CCCC3)nc(N3CCCC3)n2)n1,44.83302354291979
