SMILES,cats_euclidean_dist
Clc1ccc(Cn2c(Oc3nccc(NCc4cccnc4)n3)nc3ccccc32)cc1,9.899494936611665
COc1ccc(-c2c(Sc3cccc(Cl)c3)nc(O)c3c(=O)n(C)cnc23)s1,9.899494936611665
Cc1ccc2c(c1)OCc1sc(Oc3cc4c(c(OCCF)c3)C(=O)CC(O)C4)nc1-2,9.899494936611665
COc1ccc2nc(NC(=O)Cn3nc(Oc4ccccc4)c4ccccc43)sc2c1,10.908712114635714
Cn1c(Sc2nc(O)cc(=O)n2-c2ccccc2)nc2cc(Oc3ccccc3)ccc21,11.090536506409418
Cn1c(CN2CCC2)cc2c(Oc3cccc(Cl)c3)nc(Nc3ccc(C#N)cc3)nc21,11.40175425099138
Oc1nc(Oc2ccccc2)c(CN2CCOCC2)c2cccc(Oc3ccccn3)c12,11.661903789690601
COc1ccc(-n2nc(Oc3cc(Cl)cc4c3CCC4)c3c2COC3CC(=O)O)cc1,11.789826122551595
Cc1cc(Cn2c3ncnc(Nc4cccc5ncccc45)c3c3ccnc(C)c32)n(C)n1,11.958260743101398
Cc1nccnc1Oc1nc(NC2CCN(C)CC2)nc2c1c1cc(Cl)ccc1n2C,12.288205727444508
COc1ccc(-c2cccc3nc(Sc4ccc5c(c4)OCO5)[nH]c(=O)c23)c(OC)c1,12.288205727444508
Cn1c(Oc2cc(NC(=O)c3cc(C4CC4)sn3)ccn2)nc2cc(Cl)ccc21,12.409673645990857
Cc1cc(Oc2ccc(-c3nc(O)c4c(cnn4-c4ccc(F)cc4)n3)c(F)c2)nn1C,12.449899597988733
COc1cc(=O)n(C2CCOCC2)c(Nc2ccc(Oc3ccc(Cl)cc3)cc2)n1,12.569805089976535
Cn1cc(C(=O)O)c(=O)cc1Sc1nc2cc(Oc3ccc(Cl)cc3)ccc2n1C,12.609520212918492
Cc1oc2nc(NC3CCN(C)CC3)nc(Oc3ccc(Cl)c(Cl)c3)c2c1C,12.806248474865697
COc1ccc2c(Oc3cc(Cl)cc(Cl)c3)nc(NC3CCN(C)CC3)nc2n1,13.114877048604
Cc1cc(C)c(Sc2cc3c(c4c2cc(Cl)n4C)n(C)c(=O)n3C(=O)O)nc1C,13.114877048604
Cc1cc2ccc(F)c(Oc3nccc(NCc4scnc4C(F)(F)F)n3)c2n1C,13.2664991614216
Cc1c(Oc2ccc(Cl)cc2Cl)cnc2c1cc(NCc1cnc3cncnn13)n2C,13.379088160259652
COc1ccc(Sc2nc3ccccc3n2C)cc1Nc1nc2ccccc2c(=O)o1,13.379088160259652
Cc1cc(Cl)oc1Oc1nc(NC2CCN(C)CC2)nc2c1nc(C(C)(C)C)n2C,13.490737563232042
CC1CN(C)c2cc3ccccc3c(Oc3ccnc(Nc4ccc(C#N)cc4)n3)c2N1C,13.564659966250536
Cc1cc2c(NC3CCN(Cc4ccc(Oc5cnccn5)cc4)CC3)ncnc2s1,13.564659966250536
COc1ccc(-c2nc(N3CCCC3N)nc3c2cnn3Cc2sccc2Cl)cc1,13.601470508735444
Cc1cn(C)c2nc(N3CCC(Nc4cccnn4)CC3)nc(Oc3ccc(Cl)cc3)c12,13.674794331177344
COc1cc(F)cc(Oc2nc(NC3CCOCC3)nc3oc(-c4ccccc4)cc23)c1,13.820274961085254
Cc1cc(C)cc(Oc2ccc3c(Nc4ccncn4)nc(N4CCOCC4)nc3c2)c1,13.820274961085254
CSc1nc(Oc2cccc(OC(F)(F)F)c2)cc(-n2cnc3c(O)cccc32)n1,13.856406460551018
Cc1nc(O)c2c(ccn2CCOc2cccc3c2cnn3-c2ccc3ccccc3c2)n1,13.856406460551018
COc1ccccc1Sc1nc(=O)c2c(O)ccnc2n1Cc1ccc(Cl)cc1,13.92838827718412
CCn1cnc2c(-c3sccc3Oc3cccc4c3CCC(=O)N4)nc(SC)nc21,13.96424004376894
Cn1ccc(Oc2ccc(Cl)cc2Cl)c2nc(-c3cnc(NCCF)nc3)nc1-2,13.96424004376894
Cc1cc(Oc2ccc(Cl)cc2)n2c(=O)n(C)c(Sc3ccc(C(=O)O)cc3)nc12,13.96424004376894
CSc1nc(O)c2c(=O)n(-c3ccc(Oc4ccccc4)c(C)c3)n(C(C)(C)C)c2n1,13.96424004376894
Cc1nc(Sc2ccc3nc(Sc4ccc(Cl)cc4)n(C)c3c2)ncc1C(=O)O,14.0
COc1ccc2c(Oc3ccc(Cl)c(Cl)c3)nc(N3CCC(C(=O)O)C3)nc2c1,14.035668847618199
COc1ccc2c(Oc3cc(C(F)(F)F)c(-n4cncn4)cc3Cl)cc(O)nc2c1,14.212670403551895
Cc1cc(COc2ccc(-c3nnc(S)n3-c3ccc(C(F)(F)F)cn3)cc2)on1,14.247806848775006
Cc1cc(Oc2nc(NC3CCN(Cc4ccno4)CC3)nc3ncccc23)ccc1Cl,14.247806848775006
COc1c(C)cc(Oc2ccc3c(c2)C(=O)c2c(O)nc(SC)nc2-3)c2c1SCC2,14.247806848775006
CCn1c(=O)n(-c2cc(C)c(Oc3cc(O)ccn3)s2)c(=O)c2cccc(Cl)c21,14.247806848775006
Oc1nc(CC2CCCCC2)c(COc2ccc(-c3nnsn3)cc2)c2c1CSC2,14.2828568570857
Cc1ccc2cc(COc3ccc(-n4c(=O)nc(O)c5cnsc54)cc3Cl)ccc2n1,14.352700094407323
Cn1nc(Oc2ccc(Cl)cc2)cc1-c1c(NC#N)nc(Sc2ccccc2)n1C,14.352700094407323
COc1cc2c(Oc3ccc(Cl)cc3C)cc(Nc3ccc4c(c3)OCCO4)nn2n1,14.38749456993816
COc1c(-n2cccn2)ccc(Oc2sc(/C=C3/SC(=O)NC3=O)cc2C)c1F,14.422205101855956
CN1CCC(c2c(Oc3cccc(Nc4nc5ccccc5o4)n3)ccc(=O)n2C)CC1,14.52583904633395
Cc1cc(Oc2nc(N3CCC(Nc4ncccn4)CC3)nc3ccn(C)c23)ccc1Cl,14.52583904633395
CN1CCN(c2cc(Oc3cccc4c3CCCC4)nc(Nc3ccc(C#N)cc3)n2)CC1,14.560219778561036
CSc1nc(O)c2c(nnn2Cc2cccc(Oc3ccc(Cl)c(Cl)c3)c2)n1,14.560219778561036
COc1ccc(-c2ccc3c(Sc4ccc5c(c4)OCO5)nn(CC(=O)O)c3c2)cc1,14.594519519326424
CNc1nc(Oc2ccc3c(=O)n(-c4ccccc4)c(C4CC4)nc3c2)c2ccn(C)c2n1,14.66287829861518
CC(C)N1CCc2cc(Oc3nc(N)nc4c3ccn4-c3nccs3)c(Cl)cc2C1,14.730919862656235
Cc1nc(-c2cnc(O)n(Cc3ccc(Oc4cc(F)cc(Cl)c4)cn3)c2=O)cs1,14.7648230602334
Cc1cc2ccccc2c(Sn2nc(Oc3c(C)ccc(=O)n3C)c3ccccc32)n1,14.7648230602334
COc1ccc(-c2cc3c(nn2)c(Oc2cccc(Cl)c2)c(C(=O)O)n3C2CC2)cc1,14.798648586948742
COc1cc(Oc2ccncc2C)c2c(Sc3ccc4c(n3)NCCO4)cccc2n1,14.798648586948742
Cc1nc(NCc2ccnnc2)cc(-n2nc3ccccc3c2Oc2cccc(Cl)c2)n1,14.798648586948742
CC#CCOc1cc(Oc2ccnc(NC3CCCCC3)n2)c(Cl)cc1-n1ccnn1,14.798648586948742
CCc1nc(O)nc2c1n(C)c(=O)n2-c1cccc(Oc2cc(Cl)cc(Cl)c2)c1,14.832396974191326
Cc1cc2c(Oc3cc4c(cc3C)oc(=O)n4C)nc(Nc3ccc(F)cc3)nc2s1,14.832396974191326
Cn1c(Sc2cccc(OC(F)(F)F)c2)nc2c(Oc3cncnc3O)cccc21,14.832396974191326
O=COc1ccc2nc(NC(=O)c3ccc(-c4cscn4)s3)n(CC(F)F)c2c1,14.832396974191326
COc1ccc(-c2cc(C(=O)O)n3nc(Sc4ccc5c(c4)OCCO5)ccc23)cc1,14.866068747318506
COc1cc(OC)c2c(Sc3nnc(C(F)(F)F)s3)c(C(=O)O)cc(F)c2c1,14.866068747318506
Cc1cc(Cl)ccc1Oc1nc(NC2CCN(C)CC2)nc2c1nc(C(C)(C)C)n2C,14.89966442575134
Cn1ccc2c(Oc3ccc(Cl)cc3)nc(NC3CCN(Cc4ncco4)CC3)nc21,14.89966442575134
Cc1cc(Oc2cccc3c2ccn3C)cc(-n2c(=S)[nH]c3c(C)c(C)nn3c2=O)n1,14.933184523068078
Oc1ncn(CCSc2nc3c(c(Oc4cc(Cl)cc(Cl)c4)n2)CCCC3)n1,14.966629547095765
COc1ccc(-c2ccc3c(c2)c(SC)nn3-c2ncc(C(=O)O)s2)c(F)c1F,14.966629547095765
COc1cc(Oc2ccc(Cl)cc2)ccc1C(=O)OCC1CCNC(=O)c2scnc21,14.966629547095765
Cc1cn(CCOc2ccc(-n3c(N)nc4ccccc4c3=O)s2)c2cccc(Cl)c12,15.0
Nc1nc(Oc2ccc(CSc3ccccn3)cc2)c2cnn(-c3ccccc3)c2n1,15.066519173319364
COc1noc2nc(NC3CCN(C)CC3)nc(Oc3ccc(Cl)c(Cl)c3)c12,15.0996688705415
CCn1c(Sc2ccc(-c3nc4cc(O)ccc4n3C)cc2)nc2ccccc2c1=O,15.0996688705415
Cc1csc(Cn2c(O)nc(=O)c3c(Oc4cc(Cl)cc(Cl)c4)cccc32)n1,15.0996688705415
COc1nc(Oc2ccc3cc(C(=O)O)c(=O)n(Cc4ccsc4)c3c2)ccc1Cl,15.198684153570664
Cc1nc(-c2ccc(Oc3nc4ccccc4n3C)nc2)sc1CN1CCC(=N)S1,15.198684153570664
COc1ccc2c(c1)nc(Sc1ccc(Cl)cc1)n2-c1cc(F)c(C(=O)O)cn1,15.198684153570664
COc1ccc(-c2nc3cccc(Sc4ccc5c(c4)OCO5)c3c(=O)[nH]2)cc1OC,15.198684153570664
COc1cc2nc(N3CCC(=N)CC3)nc(Oc3cccc4ccccc34)c2cc1OC,15.231546211727817
COc1ccc(Sc2nn(Cc3cc4ccccc4nc3F)c3ncnc(O)c23)cc1,15.231546211727817
Cc1cc(C)c(-c2cccc(Oc3c(Cl)cn(C#N)c4nc(N5CCOC5)nc3-4)c2)s1,15.231546211727817
Cc1c(Sc2ccc(-c3nc4c(OC(F)(F)F)cccn4c3C(=O)O)cc2)cnn1C,15.231546211727817
Cc1ccc2cc(CCOc3ccc4nc(-c5nc(C)ns5)n(C5CN5)c4c3)ccc2n1,15.329709716755891
Cc1nc(Oc2cc(Cl)cc(Cl)c2)ccc1-n1cc(Cn2ccnn2)c(S)n1,15.329709716755891
Cc1c(Sc2ccccc2Cl)n(CCC(=O)O)c2nc(-c3ccccc3)nn2c1=O,15.329709716755891
Cc1nc(N2CCCCC2)ccc1Oc1ccn2ncc(CNc3ccc(Cl)cn3)c2n1,15.329709716755891
CCOc1c(/C=C2/SC(=O)NC2=O)n(C)c2ccc(Oc3cccc4c3CCCO4)cc12,15.362291495737216
Cc1cc(Cl)ccc1Oc1nc(Cl)nc(NC2CCN(c3ccncc3)CC2)n1,15.362291495737216
Cn1c(O)nnc1Sc1nc2cccc(Oc3ccc(Cl)c(Cl)c3)c2n1C,15.459624833740307
O=C(O)Cn1c(=O)n(CC2CCCC2)c2nc(Sc3ccc4ccccc4n3)ccc21,15.459624833740307
COc1ccc(Cn2c(Sc3cccc4nc(O)c(=O)oc34)nc3ccccc32)cc1,15.459624833740307
Cc1nc(O)c2c(=O)n(-c3ccccc3Cl)c(OCc3cccc4ccccc34)nn12,15.459624833740307
Cc1cc(Oc2nc(NC3CCN(c4ccccc4)CC3)nc3ccsc23)c(C)nn1,15.491933384829668
COc1ccc(-c2nc3ccccc3n2-c2cc(C(C)(C)C)n(CC(=O)O)n2)c(Cl)c1,15.491933384829668
COc1ccc(-c2cc3c(cn2)cc(C(=O)O)c(=O)n3Cc2ccc(C(F)(F)F)s2)o1,15.524174696260024
Cc1sc(Oc2c(C(=O)O)n(-c3ccccc3)c3ccccc23)nc1Cn1ccnc1,15.524174696260024
Cc1cc(Oc2ccc(Cn3ncc4c(O)nc(-c5cscn5)nc43)cc2)ccc1Cl,15.556349186104045
Oc1cc(Oc2ccc(Cl)cc2)nc(SCc2cn(-c3ccc(F)cc3)nn2)n1,15.588457268119896
Cc1cc2c(nc(C)n2Cc2csc(C)n2)c(C(=O)Nc2nc3ccccc3s2)n1,15.588457268119896
Cn1cc(-c2nc(NCc3ccccn3)nc3snc(Oc4ccc(Cl)cc4)c23)cn1,15.588457268119896
COc1ccc(OCc2c(-n3ccc(Cl)n3)sc3c(O)nc4ccccc4c23)cc1,15.588457268119896
Oc1cc(Oc2ccc(F)cc2)ccc1Cn1cnc2c(Sc3ccccc3)nnnc21,15.620499351813308
Cc1cc(Oc2nc(Oc3ccc4c(n3)n(C)c(=O)n4C)cc3c2NCCC3)ccc1Cl,15.684387141358123
Cc1cc(Oc2ccccc2)nc(Nc2nsc3c(=O)n(C)c4cc(F)ccc4c23)n1,15.716233645501712
Cc1cc(Cl)ccc1Oc1nc(Nc2ccc(C#N)cc2)nc(N2CCOCC2)c1C,15.716233645501712
Oc1cc(Oc2ccc(Cl)cc2)c2nc(-n3cnc(SCC(F)F)n3)ccc2n1,15.716233645501712
Cc1ccc(Oc2cc(C)nc(O)c2Cn2c3cc(Cl)ccc3n3c(=O)ncn23)cc1,15.716233645501712
COc1cc(Oc2cc(Cn3c4ccccc4n4nc(S)nc34)ccc2F)ccc1C#N,15.716233645501712
CC1(C)CCN(c2ccc(-c3cc(Oc4ccc5c(c4O)OCCC5)ncn3)cn2)CC1,15.716233645501712
Oc1nc(SCC(F)F)nc2c1nnn2-c1cccc(Oc2ccc(Cl)cc2)c1,15.716233645501712
CNc1ncnc2c1ncn2-c1ccc(Cl)c(Oc2cc(Cl)cc(OC)c2)n1,15.748015748023622
Cc1cc(OCc2cccc(Cl)c2Cl)nc2nc(-c3ccc(C(=O)O)s3)nn12,15.748015748023622
COc1ccc(C2=CC=C3CC4=CC=CN(C(=O)N3Cc3cccc(C(=O)O)c3)C4=N2)cc1,15.748015748023622
COc1ccc(-c2nc(O)c3c(n2)c(C)nn3Cc2cccc(C(F)(F)F)c2)s1,15.748015748023622
COc1ccc2c(Oc3ccc(O)c(Cl)c3)nc(N3CCN(c4ccccn4)C3)nc2c1,15.811388300841896
Cc1sc(Cn2ccc3nc(N4CCCC4)nc(N)c32)cc1Oc1ccc(Cl)cc1,15.811388300841896
Cc1cc(Oc2c(Cl)ccc3cc(F)cc(NC(=O)c4nsnc4C)c23)n(C)n1,15.811388300841896
O=c1c2ccc(OCCCn3cccc3)cc2[nH]c2cc(Sc3nccs3)cnc12,15.811388300841896
Cc1cc(Oc2nc(NC3CCN(C)CC3)nc3c2cnn3C)cc2c1oc1ccccc12,15.84297951775486
Cc1nc(-n2cc(-c3ccc(Oc4ccc(F)cc4)c(Cl)c3)nn2)sc1C(=O)O,15.84297951775486
COc1ccnc(Nc2ccc(Cl)c(Oc3ccccc3)c2C(=O)N2CCOCC2)n1,15.937377450509228
Cc1ccc(Oc2nnc(Sc3ccc4c(c3)nc(C(F)(F)F)n4O)n2C)c(C)c1,15.968719422671311
COc1cccc(Oc2c(C)sc3c(/C=C4\SC(=O)NC4=O)cn(C4CCC4)c23)c1,15.968719422671311
Cc1c(-c2cc3nc(Nc4ccc5c(c4)OCO5)nn(Cc4ccccc4)c-3c2)cnn1C,15.968719422671311
Cc1cc(Oc2ccc(Cl)cc2)cc2nc(-n3cc(CO)cn3)n(-c3cncs3)c12,15.968719422671311
Cc1ccc(-n2c(=O)n(-c3ccc(Oc4ccccc4)c(C)c3)c3c(O)ncnc32)cc1,16.0
COc1ccc(Cn2c(Sc3ccc4c(c3)N=C(O)C(=O)CO4)nc3ccccc32)cc1,16.0
COc1ccc(-c2nc(C)c3c(Sc4ccc5c(c4)OCC(=O)N5)csc3n2)cc1,16.0
CC1CN(Cc2ccon2)CCN1c1cc(O)nc(Oc2ccc(Cl)c(Cl)c2)n1,16.0
Clc1cccc(-c2cccc(Oc3ccnc(NCc4ccc5c(c4)OCO5)n3)n2)n1,16.06237840420901
COc1ccc(Nc2nnc(C(=O)c3cccs3)c(OC(F)(F)F)n2)cc1Cl,16.09347693943108
COc1cccc(Sn2c(-c3nc(C)c(C(=O)O)s3)nc3cc(Cl)ccc32)c1,16.09347693943108
COc1cccc(OCc2cccc3c2n(-c2ccc4oc(N)nc4c2)c(=S)n3C)c1,16.09347693943108
COc1cc2nc(Cl)c(Cl)cc2n1CCOc1ccc2c(c1)SCC(C(=O)O)O2,16.15549442140351
COc1cccc(Oc2cc(Cn3c4c(c5nc(N)ncc53)CCC4)c3c(c2)OCC3)c1,16.15549442140351
COc1cc2c(cc1-n1ccnc1)C(=O)c1nc(O)cc(Oc3ccc(Cl)cc3C)c1-2,16.186414056238647
Cc1c(Oc2ccccc2C#N)nc(O)c2c1n(Cc1ccc(Cl)s1)c(=O)n2C,16.217274740226856
Cn1c(Sc2ccncn2)nc2c(Oc3ccc(Cl)cc3Cl)cc(CO)cc21,16.217274740226856
Cn1c(=O)c2ccc(O)nc2n1Cc1csc(-c2ccc(Oc3ccccc3)cc2)n1,16.24807680927192
COc1ccc(Oc2cccc3c2c(/C=C2\SC(=O)NC2=O)cn3C)c(-c2nccs2)c1,16.24807680927192
COc1ccc(-c2nc(Sc3ccc4c(c3)OCO4)n(-c3ccccc3)c2C(=O)O)cc1,16.278820596099706
Cn1c(=O)n(Cc2cccs2)c2cc(Oc3ccc(-c4ccc(C(=O)O)cn4)cc3)ccc21,16.278820596099706
Cn1c(Oc2cc(Cl)cc(Cl)c2)nc2ccc(CN3CCC(C(=O)O)C3)c(O)c21,16.30950643030009
Cc1nc(N2CCCC2)sc1Oc1ccc(Sc2ccc3oc(=O)[nH]c3c2)c(C=O)c1,16.30950643030009
Cc1cccc(Oc2ncnc3sc(-c4cc(Cn5ccnc5)cc(F)c4O)nc23)c1,16.34013463836819
COc1ccc(-c2ccc3c(c2)C(=O)CCN3)c(C)c1Sc1nnnn1-c1ccccc1,16.34013463836819
Cc1nc2n(c1C)S(=N)(=O)c1ccc(Cn3ccnc3C)cc1-c1ccccc1S2,16.3707055437449
COc1ccc(Sc2nc3c(cc(N4CCCCC4)n3C)nc2Cl)cc1C(=O)O,16.3707055437449
Cc1ccc(F)c(Oc2cccc3cc(C)n(Cc4ncc(C(=O)O)s4)c(=O)c23)c1,16.401219466856727
COC(=O)c1ccc(-c2cc(COc3ccc4c5c(cnc(O)c35)CS4)sn2)cc1,16.401219466856727
O=C(OCCn1nc(Oc2ccc(Cl)cc2Cl)c2ccccc21)c1ccns1,16.46207763315433
Cc1ccc(-n2c(=O)n(C)c3cc(Sc4nc5ccccc5s4)cc(C)c32)nc1N,16.46207763315433
COc1cccc(Oc2cccc3c(=O)c(Sc4cccc5c4OCCO5)nn(O)c23)c1,16.46207763315433
Cc1c(Oc2nc(NCc3ccc4c(c3)OCO4)nc3c2cnn3C)ccc(Cl)c1F,16.46207763315433
Cc1noc(C)c1Cn1c(Sc2ccc3c(c2)OCO3)nc2c(F)cc(F)c(O)c21,16.46207763315433
COC(=O)c1ccc(Sn2c(=O)sc3ccc(-c4cccc(OC)c4)cc32)cc1O,16.492422502470642
Cc1cc(Oc2ccc(C(=O)O)cc2)c2c(c1)nc(SCC#CC1CCCO1)n2C,16.492422502470642
Cn1c(Oc2ccc(-n3ccnc3)c(Sc3ccccc3C(=O)O)c2)nc2ccccc21,16.492422502470642
COc1cc(/C=N/Nc2nnc(Cl)c3c2CSC3)oc1Oc1cccc(Cl)c1,16.492422502470642
COc1ccc(Oc2ccc(/C=C3\SC(=O)NC3=O)cc2C)c2sc(C)nc12,16.492422502470642
Cn1c(Sc2ccc(-n3ccnn3)cc2Cl)nc2cc(Oc3ccc[nH]3)ccc21,16.55294535724685
Cc1cc(/C=C2\SC(=O)N(CCSSc3nccs3)C2=O)cc2cc[nH]c12,16.583123951777
COc1ccc(-c2ccc3nc(Sc4ccc5c(c4)OCCO5)n(C)c(=N)c3c2)cc1,16.583123951777
Cc1cc(Oc2ccc(Cl)cc2)nc(Nc2ccc(-c3cnn(C)c3)c3c2OCO3)n1,16.583123951777
COc1ccc(-c2nc(Sc3ccc4ccccc4n3)n(-c3ccc(O)c(F)c3)n2)cc1,16.583123951777
COc1ccc(-c2nc(Sc3ccc(-c4ccccc4)cc3)nn2C2CCOC2)nc1O,16.583123951777
CCn1c(=O)n(-c2ccc(Oc3ccc(Cl)cc3)cc2)c(=S)c2c1ccn2CC(=O)O,16.61324772583615
COc1cccc(Oc2cccc3c2c(=O)n(-c2ccc(C(=O)O)cc2)c(=S)n3C)c1,16.61324772583615
Cn1c(=O)n(Cc2cccc(C(=O)O)c2)c2cc(Sc3ncnc4ccccc34)ccc21,16.61324772583615
Cc1cccc(Oc2nn(-c3nc(C(=O)O)cs3)c3c2CN(Cc2ccccc2)CC3)c1,16.61324772583615
COc1ccc(Cn2c(Sc3ccc4c(c3)OCO4)nc3ccc(C(=O)O)cc32)cc1,16.64331697709324
COc1cccc2nc(Sc3ccccc3Cl)n3c(N)nc(N4CCCC4)c3c12,16.64331697709324
COc1ccc(-c2ccc3[nH]c(Sc4nnc5ccc(Cl)cn45)nc3c2)c(OC)c1,16.64331697709324
COc1c(Oc2nc3ccccc3cc2C)ccc2c1nc(-c1cn3c(n1)CCNC3)n2C,16.703293088490067
COc1ccc(Cn2cc(Sc3ccc4ccccc4n3)c3c(=O)n(O)cnc32)cc1,16.703293088490067
COc1cc(N2CCCCC2)ccc1Oc1cc(-n2cc(C(=O)O)cn2)ccc1Cl,16.703293088490067
CCc1c(Oc2nc(Nc3ccc4c(c3)OCO4)nc3c2cnn3C)ccc(Cl)c1F,16.703293088490067
COc1ccc(-c2cc3c(ccn3C3COC3)c(Sc3ccc(C(=O)O)cc3)n2)cc1,16.73320053068151
Cn1cnc(-c2nccc3c(COc4ccc(/C=C5\SC(=O)NC5=O)cc4)cccc23)c1,16.73320053068151
Cn1c(=O)c(C(=O)O)cn(Cc2ccc(Oc3ccc(Cl)cn3)c(Cl)c2)c1=S,16.73320053068151
Cn1c(Sc2ccc(F)cc2)nc2ccc(Sc3ccc(C(=O)O)cc3)c(C#N)c21,16.73320053068151
C=Cc1cc(Cn2c(-c3ccc4c(c3)OCO4)nc3c(C(=O)O)csc32)ccc1OC,16.73320053068151
Cc1ccc2c(-c3ncnc(N4CCCC4)n3)c(Sc3ccc(C(=O)O)cc3)n(C)c2c1,16.76305461424021
Cn1c(Sc2ccccc2Cl)nc2cc(Oc3ccccc3-c3nnn[nH]3)ccc21,16.76305461424021
COC(=O)c1cc(-n2cc(-c3cc4ccccc4n3Cc3ccccc3)nn2)ccc1O,16.76305461424021
COc1ccc2nc(Sc3ccc(-c4ccc(C(=O)O)cc4)cc3)n3c(C)nnc3c2c1,16.76305461424021
[C-]#[N+]c1ccc(Oc2ccc(-c3nc(NC4CCN(C)CC4)c4c(C)nnn4n3)cc2)cc1,16.792855623746664
CCn1c(=O)n(-c2ccc(Oc3nc(NC)nc4ncccc34)c(Cl)c2)c2ccccc21,16.792855623746664
Cc1cc(Cl)ccc1Oc1ccnc(Cn2nc(-c3cccnc3)n(O)c2=S)c1,16.792855623746664
Cc1cc(Oc2cc(Cl)cc3c2nc(Nc2nccc4ccccc24)n3C)n(C)n1,16.822603841260722
Cn1cc(C2CC2)nc1Sc1c(C(=O)O)c2ccccc2n1Cc1cccc(Cl)c1,16.822603841260722
O=COc1ccc(-c2nnc(Sc3cccc(O)c3)n2-c2cccc(Cl)c2)cc1,16.822603841260722
COc1ccc(-n2c(N)cn(-c3nc4ccccc4s3)c2=O)cc1Oc1ccccc1,16.822603841260722
Cc1nn(Cc2ccc(Cl)c(Cl)c2)c(Sc2ccc3c(c2)OCO3)c1C(=O)O,16.852299546352718
Oc1cnn(Cc2cc(-c3ccc(Oc4cccc(F)c4)cc3)n(-c3cccnc3)n2)c1,16.852299546352718
COc1ccc(Cn2c(=S)n(-c3ccc(C(=O)O)cc3C#N)c3ccccc32)cc1OC,16.852299546352718
Cc1cc(-n2c(C)nc3cc(OC4CCNCC4)ccc32)ccc1Oc1nccs1,16.852299546352718
Cn1c(Sc2c(CCC#N)nc(O)n2-c2ccc(Cl)c(Cl)c2)nc2ccccc21,16.852299546352718
CSc1nc(-c2ccc(OCCn3cnc4ccccc43)c(Cl)c2)c2[nH]cnc2n1,16.881943016134134
COc1cccc(Sn2c(C(=O)O)nc3c(Oc4ccc5c(c4)CCO5)cccc32)c1,16.881943016134134
Cn1c(=O)n(Cc2ncc(C(=O)O)s2)c2c(Oc3ccc(Cl)cc3Cl)cccc21,16.881943016134134
Cn1c(=O)c2cc(C(=O)O)sc2c2cc(OCc3cccc(-c4nccs4)c3)ccc21,16.881943016134134
Cc1cc2c(cc1Oc1nc(NCc3ccc4c(c3)OCO4)nc3c1CCC3)OC(C)O2,16.911534525287763
COc1cc(Oc2ccn[nH]2)c2nc(Sc3cc4c(cc3Cl)OCO4)n(C)c2c1,16.911534525287763
CC1(C)CCNc2cc(CCOc3c4ccccc4nn4nc(-c5ccco5)nc34)cnc21,16.911534525287763
Cn1c(CSc2nnnn2CO)cc2c(Oc3ccc(Cl)cc3Cl)cccc21,16.941074346097416
Cc1cccc2nc(N/N=C/c3ccc(Oc4ccc(F)c(F)c4)cc3)c3ncnn3c12,16.941074346097416
Cn1nc(Sc2ccc(Cl)cc2Cl)nc1-c1ccc(OC2CC2)c(C(=O)O)c1,16.97056274847714
COc1ccc(/C=C2/SC(=O)NC2=O)cc1COc1ccccc1-c1cscn1,16.97056274847714
CCOc1ccc2c(c1)c1cc(O)ncc1c(=O)n2Cc1sc(C(F)(F)F)nc1C,16.97056274847714
COc1ccc(-c2nc(O)c3cccc(Sc4ccc5c(c4)OCCO5)c3n2)cc1,16.97056274847714
CCn1c(Sc2cnco2)nc2c3ccccc3n(Cc3cc(F)ccc3O)c(=O)c21,16.97056274847714
Clc1ccc(Oc2nc(N3CCC(COc4ncccn4)C3)nc3ccccc23)cc1,17.0
CCn1c(=O)n(-c2ccc(Oc3ccc(Cl)cc3)cc2)c(=O)c2c(SC)nccc21,17.0
COc1ccc(-n2c(Sc3ccc(Cl)cc3)c(-c3cn(C)nn3)c3nc[nH]c32)cn1,17.0
Cn1cc(-c2ccc(Sc3c(C#N)c4ncccc4n3CC(=O)O)cc2)c2ccccc21,17.0
c1ccc2sc(-c3ccc(OCCc4ccc5c(c4)OCO5)c(-c4nnn[nH]4)c3)nc2c1,17.05872210923198
Cn1nc(Oc2ccc3c(Cl)c(Sc4ccc(C(=O)O)cc4)n(C)c3c2)ccc1=O,17.05872210923198
COc1csc(C(=O)Nc2ncnc3c(Oc4ccc(Cl)cc4F)nn(C)c23)c1,17.05872210923198
COc1ccc(-c2cn3c(n2)SCCC3)cc1Oc1cn(CC(=O)O)c2ccccc12,17.05872210923198
CCn1c(Sc2ccc(-c3nc4ccccc4n3O)cc2)nc2c(C)cccc2c1=O,17.08800749063506
COc1ccc(CNc2nc(Oc3ncc(Cl)cc3Cl)c3scnc3n2)cc1,17.08800749063506
Cc1ccc2c(=O)n(C)c(Sc3cccc4ccccc34)nc2c1Oc1ccnnc1O,17.08800749063506
CN1CCc2nn(-c3cccc(C(=O)O)c3)c(Oc3cccc(Oc4ccccc4)c3)c2C1,17.08800749063506
COC(=O)n1c(Sc2nc3ccccc3n2Cc2cccc(O)c2)nc2ccccc21,17.08800749063506
Nc1nc(N2CCCC2)c2nc(SCc3ccccc3)n(Cc3ccccc3Cl)c2n1,17.11724276862369
COC(=O)c1ccc(OCc2ccc3c(c2)OCO3)cc1Sc1ccc2c(c1)OCO2,17.146428199482248
OCc1cn(Cc2csc(Oc3ccc(Cl)cc3)c2)c2c(-n3cncn3)ccnc12,17.175564037317667
CNC(=O)n1cc(Cl)nc1Sc1nc(Cl)c(Oc2cc(C)nn2C)cc1Cl,17.175564037317667
COc1ccc(Sc2c(-n3cncn3)nc(O)c3c(C4=CCCOC4)cccc23)cc1,17.175564037317667
Cc1ccc(Oc2cccc(-c3cn(-c4ccnc5[nH]c(=O)sc45)c(C)n3)c2)c(C)n1,17.175564037317667
O=c1c(O)ccnn1Cc1ccc(Oc2cc(-c3ccsc3)nc(Cl)n2)c(Cl)c1,17.175564037317667
Cc1ccc(Oc2ccc(Cn3nnc4c3cnn4-c3ccc(O)cc3)cc2Cl)cc1,17.175564037317667
COc1ccc2c(c1)nc(Sc1cccc(Cl)c1)n2Cc1cccc(C(=O)O)c1,17.204650534085253
COc1ccc(-c2cc(CSc3nnc(C(F)(F)F)s3)c3c(O)nccc3n2)cc1,17.204650534085253
CCn1c(Sc2ccc3c(n2)c2ccccc2c(=O)n3CC(=O)O)nc2ccc(C)cc21,17.204650534085253
COc1ccc(-c2noc3sc4ccc(-c5ccc(OC)cc5O)cc4c(=O)c23)cc1,17.204650534085253
Cn1nnnc1SCc1cc(Cl)c(Oc2cc(Cl)cc(Cl)c2)c(F)c1O,17.26267650163207
Cc1cn(Cc2cc(Oc3ccc(Cl)c(-c4nccs4)c3)c3c(c2)C(=O)NC3=O)cn1,17.26267650163207
COc1cccc2cc(N3CCN(c4ccno4)CC3)nc(Oc3ccc(O)c(Cl)c3)c12,17.291616465790582
Cc1cc(Cl)ccc1Oc1nc(C#N)nc(NC2CCN(Cc3ccccc3)CC2)n1,17.291616465790582
Cc1cc(Cl)ccc1Oc1nc(NC2CCN(C)CC2)nc(-c2noc3ccccc23)n1,17.291616465790582
COc1ccc(-n2c(Sc3ccc(Cl)cc3)c(C(=O)O)c(=O)n2C)c2cccnc12,17.291616465790582
Cc1cccc(Oc2cc(Cn3cnc4c(O)nc(-c5cncs5)nc43)ccc2F)c1,17.291616465790582
O=C(O)c1cccc2c1c(-c1ccc(Cl)s1)nn2CCOc1ccc2c(c1)OCO2,17.291616465790582
Cc1cc(Cl)ccc1Oc1nc(C#N)nc(NC2CCN(Cc3cccs3)CC2)n1,17.291616465790582
Cc1cc(Cn2c(SCc3ccc(F)cc3)nnc2-c2ccc3c(c2)NCO3)on1,17.291616465790582
COc1ccc2c(=O)n(Cc3cccc(O)c3)c(Sc3ccc4c(c3)OCO4)nc2c1,17.320508075688775
CC(=O)n1ncc2cc(Oc3nc(NC4CCN(C)CC4)nc4ccccc34)c(C)cc21,17.320508075688775
Cn1c(-c2ccc(C(=O)O)s2)nc2cc(OCCn3cnc4ccccc43)ccc21,17.349351572897472
COc1cc(-c2cnc3c4c(c(Cl)nn23)NCCC4)ccc1Oc1cc(C)nc(O)c1,17.349351572897472
Cc1cc(Sc2nnnn2-c2ccc[nH]2)c(Oc2cccc3c2CN(C)C3)cc1Cl,17.349351572897472
Cn1nc(-c2cc(C(=O)O)n(-c3ccccn3)c2)cc1Oc1ccc(Cl)c(Cl)c1,17.349351572897472
S=c1[nH]c2cc(OCCn3ccnn3)ccc2n1Cc1ccc(Cl)cc1Cl,17.378147196982766
COC(=O)c1sc2cc(Br)ccc2c1OC(=O)c1ccc(OC)cc1O,17.378147196982766
Cn1nc(Sc2ccncc2)c(/C=C/C(=O)O)c1Oc1cc(Cl)ccc1Cl,17.435595774162696
Cc1cccc(Oc2ccc(Cn3c(-c4cncs4)nc4c(=O)n(O)ccc43)cc2)c1,17.435595774162696
C#CCOc1c(Oc2cccc3sc(-c4cc(O)ccn4)cc23)ncnc1N1CCCC1,17.435595774162696
Cc1ccc2c(Oc3cccc(Cl)c3)n(-c3nc(C)nc(N4CCC(N)C4)n3)cc2c1,17.46424919657298
COc1ccc2c(c1)ncn2-c1ccc(Oc2sc(N3CCCC3)nc2C)cc1C#N,17.46424919657298
COc1cc(Oc2ccc(Cl)cc2)sc1Cn1c2ccccc2n2nc(N)nc12,17.4928556845359
Cn1cc(-c2ccccc2)nc1Sc1nnc(Oc2cc(Cl)cc(Cl)c2)n1C,17.4928556845359
COc1cc(Cn2nnc3c2C(O)CS3)ccc1Oc1c(Cl)ccc2cccnc12,17.52141546793523
COC(=O)Nc1nc(-c2ccc(OC)c(OCC3CCOCC3)c2)nc2ccccc12,17.52141546793523
C=C(O)CCn1nnnc1Sc1nn(Cc2ccccc2Cl)c2ccc(Cl)cc12,17.52141546793523
Cc1c(Oc2ccc(Nc3nc4ccccc4o3)nc2)n(C)c(=O)n1-c1ccc(Cl)cc1,17.52141546793523
Cc1cc(OC2CCN(c3nccc(O)n3)CC2)ccc1Oc1nc2ccccc2s1,17.549928774784245
Cc1cc(Cn2c(Sc3ccc(Cl)cc3C(F)(F)F)nc3c(C)n(C)nc32)on1,17.549928774784245
O=C(O)c1cc(-c2ccco2)c(-n2nc(OCCN3CCCCC3)c3ccccc32)s1,17.549928774784245
Cc1nc2c(-c3ccc(Oc4ccc5c(c4)OCCO5)nc3F)c(C)sc2nc1CO,17.549928774784245
COc1ccc2c(c1)OC(c1ccccc1)c1cc(O)c(Sc3nncn3C)cc1C2=O,17.549928774784245
Cc1cc(Oc2ccc(-c3nnc(S)n3-c3ccc(C(F)(F)F)cc3)nc2)nc(C)n1,17.549928774784245
COc1ccc(-c2nnc(SCC(=O)O)s2)c(Oc2cccc(Br)c2)c1,17.549928774784245
Cc1c(Oc2ccc(-c3ccc(C(=O)O)cc3)cc2)ccc2c1n(-c1nccs1)c(=O)n2C,17.578395831246947
Cc1nc(Sc2ccc3c(c2)OCO3)n(-c2ccccn2)c1Cc1ccc(C(=O)O)cc1,17.578395831246947
Cc1ccccc1Cn1c(Sc2ccc3c(c2)OCO3)nnc1-c1cccc(C(=O)O)c1,17.578395831246947
COc1ccc(-c2nn(CC(=O)O)c(Sc3ccc4c(c3)OCO4)c2C(C)(C)C)cc1,17.578395831246947
Oc1csc2c1c(-c1ccc(OCCn3ccnc3)cc1)nn2-c1ccccc1Cl,17.60681686165901
COc1ccc(Cn2c(-c3ccncc3)nc3c(Nc4ccc(F)cc4)ncnc32)cc1,17.635192088548397
CSc1ncc(-c2ccc(Cn3c(C(C)(C)C)c(C)c4c(O)nc(C)nc43)cc2)cn1,17.635192088548397
COCc1ccc(-c2nc3c(O)nc(Sc4ccc5c(c4)OCCO5)nc3cc2C)cc1,17.635192088548397
Cc1cc(Oc2cc(Cl)c3c(c2)C(=O)c2cc(Sc4nccc(O)n4)ccc2-3)n(C)n1,17.635192088548397
Cc1nc(NC2CCCC2)c2nnn(Cc3ccc(Oc4ccc(Cl)nc4)cc3)c2n1,17.635192088548397
Cc1cc(O)c2c(cc(C)n2-c2ccc(Oc3ncc4c(cc(F)n4C)n3)c(Cl)c2)n1,17.635192088548397
CSc1nc2n(Cc3ccc(Oc4ccc(Cl)c(C)c4)nn3)c3ccccc3n2n1,17.663521732655695
Cc1cc(Oc2cccc3c2nc(Sc2cc4c(cc2Cl)OCO4)n3C)n(C)n1,17.663521732655695
COc1ccc(Cn2cc(Nc3nc(-c4ccccc4)nc4nnnn34)c3ccccc32)cc1,17.663521732655695
Cc1ccc(OCCn2c(Sc3cccc4c3OCC(=O)N4)nc3ccccc32)cn1,17.663521732655695
Cn1c(Sc2ccc(-n3cccn3)cc2)nc2c(Oc3ccc(C(=O)O)cc3)cccc21,17.663521732655695
Cn1cc(-c2ccc(Cl)cc2)nc1Sc1nc2c(Oc3ncn[nH]3)cccc2n1C,17.69180601295413
COC(=O)c1cc(Br)ccc1Oc1cnn(-c2cccc(C(=O)O)c2)c1C,17.72004514666935
Cn1c(Sc2cc(C3=NNC(=O)C3)co2)nc2ccc(Oc3ccc(Cl)cc3)cc21,17.72004514666935
COc1ccnc(Oc2ccc(-n3cc4nc(C)cc-4n(-c4cccs4)c3=O)cc2)c1,17.72004514666935
Cc1sc2c(-c3cnc4c(n3)OCO4)c(O)ccc2c1CCOc1cncc(Cl)c1,17.74823934929885
COc1cc2c(nc(Sc3cc(Cl)cc4c3OCO4)n2-c2cccnc2)c(C)c1O,17.74823934929885
COc1ccc(-c2ccc3c(c2)nc(O)c(=O)n3Cc2nnc(-c3ccccc3)s2)cc1,17.74823934929885
O=C(Nc1nccs1)Oc1ccc(-c2cccc(OCCN3CCCCC3)n2)cc1,17.776388834631177
O=C(O)COc1cc(Oc2cccc3c2CCC3)cc2nc(Sc3ccccc3)nn12,17.776388834631177
COc1cc(Sc2nc3ccccc3n2C)c2nc(C(=O)O)n(Cc3ccccc3)c2c1,17.776388834631177
COc1cc2nc(-c3ccc(N4CCOCC4)cc3)c(C(=O)O)c(Cl)c2cc1OC,17.776388834631177
Cn1c(Sc2cc(Cl)cc(OCc3nnn(-c4ccccc4)n3)c2)nc2ccccc21,17.776388834631177
COc1ccc(C(=O)O)cc1-c1nc2c(Oc3nc4ccccc4s3)cccc2n1C,17.776388834631177
Cc1nn(CC(=O)O)c2ncn(Cc3cc(Cl)c(Oc4ccc(Cl)cc4)s3)c12,17.804493814764857
COc1cccc(Cn2cc(-c3ccc4c(cnn4-c4cc(C(=O)O)cs4)c3)cn2)c1,17.804493814764857
Cn1c(=O)n(Cc2ccc(Oc3cc(O)nn3-c3ccccc3)c(Cl)c2)c2ccccc21,17.832554500127006
COc1ccc(Br)cc1Sc1nc2cccc(OC)c2c2nc(N)nn12,17.832554500127006
COc1ccc(Sc2c(Sc3ccccc3C#N)ncn2C)c2c1S(=O)(=O)CC2,17.832554500127006
CSc1nccn1-c1ccc(Oc2cccc(-c3nc(C)no3)c2)c2c1CNCCC2,17.832554500127006
Oc1nc(SCc2ccccc2)nnc1-c1ccc(OCc2ccc3c(c2)OCO3)cc1,17.86057109949175
Cn1c(Sc2ncc(C#N)n2C2CCNCC2)nc2cccc(Oc3ccccc3)c21,17.86057109949175
Cn1c(Sc2cccc(Cl)c2)nc2c(Oc3ccc(C(=O)O)nn3)ccc(F)c21,17.88854381999832
Oc1cccc(-c2nc3ccccc3n2CCOc2nc3ccccc3n2-c2nccs2)c1,17.88854381999832
CCc1c(/C=C2\SC(Nc3ccc(OC)cc3)=NC2=O)c2scnc2n1C1CCC1=O,17.88854381999832
O=C(O)c1ccc(-n2cc(-c3nc4cccc(OCc5ccccc5)c4s3)nn2)cc1,17.88854381999832
COC(=O)c1scc2c1sn2Cc1ccc(F)c(C(=O)Nc2nc(C)cc(C)n2)c1,17.88854381999832
O=c1n(-c2ccc(Cl)c(Oc3ccnc4ccccc34)c2)[nH]c(=S)n1CCC1CC1,17.916472867168917
Cc1ccccc1Sc1nc2ccc(Sc3ccc(C)n4nnnc34)cc2n1C,17.916472867168917
COC1=Cc2ccc(F)n3c(C(=O)O)c(Sc4ccc5c(c4)OCO5)c(c23)C=C1OC,17.916472867168917
CSc1n(-c2ccc(Cl)c(Oc3ccccc3C(=O)O)c2)c2ccccc2[n+]1[O-],17.944358444926362
COc1ccc(-c2ccc3[nH]c4ccc(Sc5nccs5)nc4c(=O)c3c2)c(OC)c1,17.944358444926362
COc1cccc(C(F)F)c1Oc1cc(C)nn1-c1ccc2c(c1)SCC/C2=N\O,17.944358444926362
Cc1cccc(Oc2c(C(=O)O)n(C)c3c(N4CCCCC4)c(Cl)ccc3c2=O)n1,17.97220075561143
COc1ccc(Oc2ncc(/C=C3\SC(=O)NC3=O)n2C2CCCC2)c(C)c1Cl,17.97220075561143
Cc1cc(Oc2ncnc(NCc3ccccc3)n2)n(-c2cc(Cl)cc(Cl)c2)n1,17.97220075561143
Cc1cc(C(O)c2ccccc2)c(-n2nnnc2Sc2ccc3c(c2)OCO3)cc1Cl,17.97220075561143
COc1ccc(-c2cnc3c(Sc4ccc5c(c4)OCO5)c(=O)[nH]cc3c2)c(OC)c1,17.97220075561143
O=c1c(O)cn(Cc2ccc(Cl)c(Oc3ccccc3)c2)c2cnc(-n3ccnc3)cc12,17.97220075561143
Cc1nc(C)c(-c2c(Cl)ccc3nc(Sc4ccc5c(c4)OCO5)n(C)c23)c(O)n1,17.97220075561143
CSc1nc(Oc2ccc(C(=O)O)cc2Cl)c2cnn(Cc3ccccc3)c2n1,18.0
Cn1nc(-c2nc3ccccn3c2O)cc1Oc1ccccc1Cn1cnc2ccccc21,18.0
COC(=O)c1c(O)nc(N2CCCCC2)c2nc(Sc3ccc(Cl)cc3)n(C)c12,18.0
COc1cc(Oc2ccc(Cl)cc2)cc(-n2c(-n3nccn3)nc3c(O)cccc32)c1,18.05547008526779
Cc1cc(Cn2c(-c3cccc(Cl)c3)nc3c(N4CCCC4)nc(N)nc32)sc1C,18.05547008526779
Cc1cc(Oc2cc(-c3cccc(Cl)c3)n3nc(-c4nccs4)[nH]c(=O)c23)n(C)n1,18.05547008526779
COc1ccc(-c2nnc(Sc3ccc4c(c3)CCCCN4Cc3cncs3)[nH]2)o1,18.05547008526779
COc1ncc(N2CCN(c3ccnc(O)n3)CC2)cc1Oc1cc(C)cc2ccccc12,18.083141320025124
Cc1cc(Oc2ccc(Cl)cc2Cl)nn1CC(=O)Oc1cccc2c1CN=C2N,18.083141320025124
Cn1c(Sc2ccc(OCC(=O)O)c(Cl)c2)nc2cccc(-c3cccs3)c2c1=O,18.083141320025124
Cn1c(Sc2ccc(=O)[nH]n2)nc(Sc2ccccc2)c1COC(=O)C(C)(C)C,18.083141320025124
Cc1cn(Cc2ccc(Oc3ccsc3)c(Cl)c2)c2c(O)nc(-n3cccn3)nc12,18.083141320025124
Cc1ccc(Oc2nc(O)c3c(n2)[C@H](C2CCN(c4ncccn4)CC2)SC3)cc1C,18.083141320025124
O=C(O)c1csc(Oc2ccc(CN3CCC(n4cnc5ccccc54)CC3)cc2)n1,18.110770276274835
C=C1SCCc2c(Oc3ccc(O)cc3C)nc(-n3cnc4c(OC)cccc43)nc21,18.110770276274835
COc1ncc(-c2nc(O)c3c(n2)CSC3)cc1Oc1cc(Cl)cc(Cl)c1,18.110770276274835
Cc1nc2ccccc2n1Cc1cc(Oc2ccc(C(=O)O)cc2)c2c(c1)SCCO2,18.110770276274835
O=C(O)c1ccc(Cn2c(-c3ccc(OCc4ccncn4)cc3)nc3ccccc32)s1,18.110770276274835
COc1cc(O)ccc1Oc1cccc2c1c(C#N)c(Sc1ccc3c(c1)OCO3)n2C,18.110770276274835
Cc1cc(Oc2ccc(C(=O)O)cc2)c2nc(Sc3ccc4c(c3)OCO4)n(C)c2c1,18.138357147217054
Cn1c(Oc2ccc(Cn3cnc4cc(Cl)ccc43)cc2Cl)nc(N)nc1=S,18.16590212458495
COc1cc(Cl)cc(Oc2nnc(-n3c(C)c(C)c(=O)[nH]c3=S)cc2Cl)c1,18.16590212458495
COc1ccc(Cl)cc1Cn1sc(-c2nc(N)ns2)c(Cc2ccccc2)c1=O,18.16590212458495
Cc1cc(Oc2nc3c(Sc4ccc5c(c4)OCO5)cn(C)c3nc2O)ccc1Cl,18.193405398660254
COc1cccc(Oc2cccc(Cn3c(O)nc4c3-c3cccnc3SC4)c2)c1,18.193405398660254
O=C(O)COc1cccc2c(Oc3ccc(Cl)cc3)cn(Sc3ccncc3)c12,18.193405398660254
CCn1c(=O)c(Sc2c(Cl)cccc2Cl)nc2c1n(C)c(=N)n2CC1CC1,18.193405398660254
CCOc1ccc2c(c1)c(-c1ccc(C(=O)O)s1)nn2Cc1ccc2c(c1)OCO2,18.2208671582886
O=C(O)CSc1nc2ccccc2n1-c1nc2cc(OCc3ccccc3)ccc2s1,18.2208671582886
Cc1cc(Cl)ccc1Oc1c(Sc2ccc3c(c2)OCCO3)nn(C)c1C(=O)O,18.2208671582886
Nc1ncc(Oc2ccc(Cl)cc2)cc1Cn1cnc2c(N3CCCC3)nccc21,18.24828759089466
COc1ccc(-c2cc(N3CCn4ccnc4C3)c(C(=O)O)c(Oc3ccccc3)n2)cc1,18.24828759089466
Cc1nn(CC(=O)O)c2ncn(Cc3ccc(Oc4ccc(Cl)c(Cl)c4)s3)c12,18.24828759089466
Cc1cc(Oc2nccc(N3CCOCC3)n2)c2c(-c3cccc(C(=O)O)c3)cn(C)c2c1,18.24828759089466
Cc1cc(Oc2cccc(Cn3nnc4c(Cl)cn(C)c43)n2)c2c(c1O)SCC2,18.275666882497067
COc1ccc(-n2nnc(-c3nccs3)c2Sc2ccc(Cl)cc2)c(C(N)=O)c1,18.275666882497067
COc1cc(Cl)c(Oc2cccc3c2C(=O)CCC3)cc1-c1cn(C)nc1C(=O)O,18.303005217723125
COc1ccc(Sc2cc(-c3cnn(C)c3)cc3oc(C)cc23)c2c1NC(=O)CO2,18.303005217723125
Cn1cc(-c2oc3ncccc3c2Sc2ccc(OCC(=O)O)c(C(F)(F)F)c2)cn1,18.33030277982336
O=C(O)c1ccc(-c2nn(Cc3cccc(Oc4ccccc4)c3)c3c2SCC3=O)cc1,18.33030277982336
COc1ccc2nc(Sc3ncc(C(=O)O)n3-c3ccc(Cl)c(Cl)c3)n(C)c2c1,18.33030277982336
CSc1nc(O)c2nnn(Cc3ccc(Cl)c(Oc4ccccc4Cl)c3)c2n1,18.33030277982336
COc1ccc(-c2ccc3c(c2)nc(Sc2ccc(Cl)cc2)n3-c2nnn[nH]2)cc1,18.35755975068582
O=C(O)c1cc(Oc2cccc(OCCn3cnc4ccccc43)c2)c2c(n1)CSC2,18.35755975068582
COc1ccc(Sc2cc(CO)nc3c2nnn3-c2ccc3occc3c2)c(Cl)c1,18.384776310850235
c1cc(-n2ccnn2)c2cc(Oc3ccc(-c4cn(CC5CCCN5)nn4)cc3)ccc2c1,18.411952639521967
COC(=O)c1nc2c(C)ccc(Sc3cn(-c4ccc(O)c(Cl)c4)nc3C)c2s1,18.411952639521967
Cn1c(Sc2ccc3c(c2)OCO3)nc2c(O)c(CCc3ccccc3Cl)nnc21,18.411952639521967
COc1ccc(-c2ccc(-n3c(=S)[nH]c4cc(-c5ccco5)nn4c3=O)cc2)c(OC)c1,18.411952639521967
COc1cc(OC2CCCOCC2)sc1-c1cc(Cl)cc2c(C(=O)O)nn(C)c12,18.411952639521967
COc1ccc2c(c1)nc(Sc1nnnn1-c1ccccc1)n2Cc1cccc(Cl)c1,18.439088914585774
Cc1cnc(-n2ccnc2)cc1Sc1nc2ccccc2n1Cc1ccc(C(=O)O)cc1,18.439088914585774
Cn1c(-c2ncnc3sccc23)cc2c(Oc3cc(OCC(=O)O)ccc3F)cccc21,18.439088914585774
CSc1nc2ccc(Cl)cc2n1Cc1ccc(Oc2ccnc3c2cnn3C)cn1,18.439088914585774
Cn1nnc2c(COc3ccc(Oc4ccc(Cl)cc4Cl)cc3O)csc21,18.439088914585774
Cn1c(Sc2ccc3c(c2)OCO3)nc2cc(C(=O)O)c(Oc3ccccc3F)cc21,18.466185312619388
Cc1nc(C(=O)O)ccc1Sc1ccc2c(c1)nc(CN1CCCC1)n2-c1cccnc1,18.466185312619388
CSCCn1cc(-c2n[nH]c3c(Oc4ccc(Cl)cc4Cl)nccc23)nn1,18.49324200890693
COc1ccc2nc(Sc3ccc4c(c3)c3ccccc3n4Cc3nnn[nH]3)n(C)c2c1,18.49324200890693
Cc1cc(OCC2CN(C(=O)OC(C)(C)C)C2)nc(Oc2cccc3c2CCCC3)n1,18.49324200890693
Cc1nc2ccc(Oc3ccc(C(=O)O)cc3Cl)cc2n(CCN2CCCC2)c1=O,18.520259177452136
COc1cccc(OC(=O)Nc2ncnc3c2nc(Sc2ccccc2Cl)n3C)c1,18.520259177452136
COc1ccc(Cn2cc(-c3ncnc4c3cc(Sc3ccccc3)n4C)[nH]c2=O)s1,18.520259177452136
Cc1nc2ccc(-c3c(C)nn(CC(=O)O)c3Sc3ccc(Cl)cc3)cc2s1,18.547236990991408
COc1cc(Cl)c(-c2nnc(Sc3ccc4ccccc4c3)n2C(=O)O)cc1OC,18.547236990991408
CCNC1=C2CC(CC1=O)Cc1c2nc(O)n1Cc1ccc(Oc2cncc(F)c2)s1,18.547236990991408
COc1ccc(F)c(Oc2cccc3c2nc(-c2nc4ccccc4n2CC(=O)O)n3C)c1,18.547236990991408
COc1cc2nc(Sc3ccc4c(c3)C(=O)c3c(C(=O)O)cccc3-4)sc2cc1OC,18.57417562100671
Cc1c(-c2cc(C)c3nnc(C)n3c2)n(Sc2ccc(C(=O)O)cc2)c2ccccc12,18.57417562100671
COc1ccc2c(Oc3ccc(Cn4nnc5c4CCN5)cc3)nn(-c3ccccc3)c2c1,18.627936010197157
Cc1cc(C)c(Oc2cccc3c2CCC3=O)nc1NC1CCN(c2cnccn2)CC1,18.627936010197157
Cc1noc(-c2ccc(Oc3ccc4sc(CN5CCC(O)CC5)nc4c3)cc2)n1,18.627936010197157
COc1csc(-c2ccc(Oc3cccc(Cl)c3)cc2/C=C2\SC(=O)NC2=O)n1,18.627936010197157
COc1cccc(-c2c(Sc3nnn[nH]3)nnn2Cc2cccc(C(F)(F)F)c2)c1,18.627936010197157
CSc1nnnc2c1ncn2Cc1ccc(Cl)c(Oc2ccc(Cl)cc2)c1O,18.65475810617763
COc1nc(C)nnc1-c1ccc(Oc2ccccc2/C=C2\SC(=S)NC2=O)cc1,18.65475810617763
Cc1nc(C)c(-c2ccc(Oc3ccc4c(c3)NC(=O)CO4)c(-n3cnnc3C)c2)s1,18.65475810617763
Cc1nc(N2CCN(C)CC2)sc1Oc1cc2cc(C(=O)O)c(C)c(C#N)c2cc1Cl,18.65475810617763
Cn1c(Sc2ccc3c(c2)OCO3)nc2ccc(OCc3ccc(C(=O)O)cc3)cc21,18.681541692269406
Cn1c(=O)n(Cc2ccc(C(=O)O)cc2)c2cc(Sc3ccnc4ccccc34)ccc21,18.681541692269406
Cc1cc(Cn2nnc3c2OC(C(=O)O)CS3)ccc1Oc1cccc2ccccc12,18.681541692269406
Oc1nc(-c2ccc(Oc3nnnn3-c3cccc(Cl)c3)cc2)cc2ccccc12,18.708286933869708
Cn1nnnc1CNc1cccc2c1ncn2-c1ccc(Oc2ccc(F)c(Cl)c2)cc1,18.708286933869708
COc1ccc(-n2c(=O)sc3cc(Oc4cccc(C(=O)O)c4)c(Cl)cc32)c(C)n1,18.734993995195193
CN1CCC(Oc2ccc(Cl)c(Oc3cccc(-c4csc(C(=O)O)n4)c3)c2)C1,18.734993995195193
Cc1cc(Oc2ccc(Cl)cc2)c(Sc2nnnn2-c2ccc(F)cc2F)c(O)n1,18.734993995195193
O=C(O)CSc1nc2sccc2c(=O)n1Cc1ccc(Oc2ccc(Cl)cc2)cc1,18.734993995195193
Cn1cc(-c2ccc3nc(O)n(Cc4ccc(Oc5ccccn5)c(Cl)c4)c3c2)cn1,18.734993995195193
O=c1cc(Sc2nccs2)n(Cc2ccc(F)c(Oc3ccccn3)c2)cc1O,18.734993995195193
Cn1nc(-c2cccc3c(Sc4ccccc4)n(Cc4ccc(O)cc4)nc23)ccc1=O,18.76166303929372
Cc1cc(Oc2ccc(Cl)cc2Cl)c(Sc2cc3c(nn2)N(O)C(=O)C3)n1C,18.76166303929372
Cc1cc(Sc2ccc3c(nnn3-c3cccc(-c4ccc(C(=O)O)cc4)c3)n2)cn1C,18.76166303929372
COc1cnc2c(c1)n(-c1ccc(Oc3ccccc3)s1)c(=O)n2-c1ccc(O)cc1,18.76166303929372
COC(=O)c1ncc2c(-c3ccc(Oc4cccc5c4CCC(O)C5)cc3)cnc(SC)n12,18.76166303929372
O=C(O)CSc1nnc(Sc2ccc(Cl)c3ncccc23)n1Cc1ccccc1,18.76166303929372
COc1ccc(-c2cc(Cn3c(=O)n(Sc4ccccc4)c4ccccc43)nnn2)cc1,18.788294228055936
COc1cc(C(=O)O)ccc1Oc1cccc2c1n(-c1cc3ccccc3s1)c(=O)n2C,18.788294228055936
COc1ccc2cc(Sc3nnnn3C(C)(C)C)c(-n3c(C)cc4c(C)cccc43)nc2c1,18.788294228055936
COc1ccc(-c2noc3cc(CSc4nnnn4-c4ccc(F)cc4)ccc23)cc1,18.788294228055936
Cc1cc2c(Oc3ccc(-n4ncn(-c5ccc(C(=O)O)cc5)c4=O)cc3)cccc2n1C,18.788294228055936
COc1cccc(-n2c(Sc3nc4ccc(O)cc4n3C)[n+]([O-])c3ccc(Cl)cc32)c1,18.81488772222678
Cc1ccc(Oc2ccc(Cn3cnc4c(N5CCCC5)nc(O)nc43)cc2Cl)nc1,18.841443681416774
COc1ccc(OCC(=O)O)c(Sc2nc3scc(C(F)(F)F)c3o2)c1Cl,18.841443681416774
O=C(O)c1ccc(-c2nc(-c3ccc(OCCn4nnc5ccccc54)cc3)cs2)cc1,18.867962264113206
CC1(C)CC(N2CCN(CC#N)CC2)c2c(Oc3ccc(Cl)cc3Cl)nc(O)nc21,18.867962264113206
Cc1cc(C(=O)O)cc(COc2cccc3nc(Sc4ccc(Cl)cc4)nn23)n1,18.867962264113206
Cc1cc(Cn2c(Sc3ccc(Cl)cc3)c(-c3nnnn3C)c3ccccc32)on1,18.894443627691185
Cn1nc(C2CC2)cc1Sc1nc2c(Oc3ccc(Cl)cc3)ccc(C#N)c2n1C,18.894443627691185
COc1ccc(-c2ccc(Oc3cc(C(=O)O)n4nc(N5CCCC5)cc4n3)cc2)cc1,18.894443627691185
COc1cc(Oc2ccccc2)cc2c1n(-c1cc3ccc(C(=O)O)cc3s1)c(=O)n2C,18.894443627691185
CCn1c(=O)n(-c2ccc(Oc3ccccc3)cn2)c2c(Sc3ccncn3)c[nH]c21,18.920887928424502
Cn1cc(Cl)cc1C#CCc1cccc(Oc2nc(O)nc(SC3CCCC3)n2)c1,18.920887928424502
Cc1oncc1CN1CCC(Nc2ccnc3snc(Oc4ccc(Cl)cc4)c23)C1,18.920887928424502
O=C(O)CSc1nnc(-c2nc(Cl)cs2)n1Cc1ccc(-c2ccccc2)cc1,18.947295321496416
Cn1nc(C2CC2)cc1Sc1nc2c(=N)c(Oc3cccc(Cl)c3)cccc2n1C,18.947295321496416
CNc1nc(Oc2ccc(-n3c(C)nc4c(N5CCC5)ccnc43)cc2)nc2ccccc12,18.947295321496416
COc1ccc(-c2cc(Cn3c(=O)sc4c(O)cc(=O)c5ccsc5c43)oc2C)cc1,18.947295321496416
O=c1ccnc2n(Cc3ccc(Oc4ccc(Cl)cc4)cc3)c(-c3cccc(O)c3)nn12,18.947295321496416
O=C(O)COc1cc(Cl)nc2c1ncn2-c1cccc(Oc2ccc(Cl)cc2)c1,18.973665961010276
Cc1c(O)nnc(Oc2ccc(-c3csc(N4CCOCC4)n3)c3ccccc23)c1C,18.973665961010276
CSc1nc(NCc2cccc(Cl)c2)c(Cl)c(Oc2ccc3nn(C)cc3n2)n1,18.973665961010276
Cc1nn(-c2ccc(Oc3cccc(Cl)c3)s2)c(=O)n1Cc1cccc(C(=O)O)c1,18.973665961010276
Cc1cc(Sc2c3ccccc3nn2C)c2ncnc-2n1Cc1ccc(C(=O)O)cc1,18.973665961010276
C#CC#Cc1cc(-c2cn(C)c(SCC(=O)O)n2)ccc1Oc1nc2ccccc2o1,18.973665961010276
CCc1nn(Cc2cccs2)c2ccc(-c3ccc4c(c3)nnn4C(=O)C3CC3)cc12,18.973665961010276
COc1ccc(Cn2c(=O)n(C)c3ccccc32)cc1Oc1ccc(C(=O)O)cc1Cl,18.973665961010276
Cn1c(NCc2cccc(Cl)c2)nc2scc(C(=O)OCc3ccccc3C#N)c21,18.973665961010276
Cn1c(-c2ccc3c(c2)OCO3)nc2c(Sc3ccccc3)c(OCC(=O)O)ccc21,19.0
c1ccc2cc(Sc3nnc(-c4ccc(OCCN5CCCCC5)nn4)o3)ccc2c1,19.0
COc1ccc(OC)c2c1c1sc3ccc(F)nc3c1n2Cc1ccc(C(=O)O)cc1,19.0
Cc1cc(Cl)c(Oc2ccc(Cl)cc2)cc1Cn1nc(C)n2nc(C(=O)O)cc12,19.0
Cc1cc(Sc2nc3ccccc3n2-c2ccc3c(c2)OCO3)ccc1OCC(=O)O,19.0
CSc1nncc2c1n(C)c(=O)n2Cc1ccc(Oc2ccc(Cl)c(O)c2)c(F)c1,19.026297590440446
O=c1n(CCO)c2ccccc2n1-c1cc(Cl)cc(Oc2nc(-c3cccs3)co2)c1,19.026297590440446
COc1ccc(Sn2c(-c3ccc(-c4ccc(=O)n(O)c4)cn3)nc3ccccc32)cc1,19.05255888325765
COc1ccc2c(c1)Sc1ccccc1C2=C(N)CSc1nnnn1-c1ccccc1,19.05255888325765
COc1ccc(-c2nc(Sc3ccc(Cl)c4c3CCOC4)n(CC(=O)O)n2)cc1,19.078784028338912
CCn1c(Sc2cccc(C(=O)O)c2)nc(-n2ccnc2)c1-c1ccccc1Cl,19.078784028338912
Cc1sccc1-n1c(C)nn(-c2ccc(Oc3cccc(C(=O)O)c3)c(Cl)c2)c1=O,19.078784028338912
Cn1c(CSc2ccc(C(=O)O)nn2)nc2c(Oc3cccc(Cl)c3)cccc21,19.078784028338912
O=C(O)c1cc2nnn(Cc3ccc(F)c(Oc4ccc(Cl)cc4Cl)c3)c2s1,19.1049731745428
Nc1ccc(Oc2ncnc3cc(-c4ccco4)n(CCN4CCOCC4)c23)cc1Cl,19.1049731745428
COc1ccc2c(c1)nc(Sc1ccc3c(c1)OCO3)n2Cc1ccc(C(=O)O)cc1,19.1049731745428
Cn1cc(CC(=O)O)c2c(-c3ccc(OCc4cn(-c5cccs5)nn4)cc3)cccc21,19.1049731745428
COc1cc2nc(-c3ccc4c(c3)OCO4)n(Cc3ccc(Cl)s3)c2cc1OC,19.1049731745428
Clc1cc(-c2cn(CCSc3nnn[nH]3)c3ncccc23)cnc1Oc1ccccc1,19.131126469708992
CCn1c(=O)n(-c2ccc(Oc3cccc(-c4nncs4)c3)c(C)c2)c(=O)c2ccccc21,19.131126469708992
Cc1c(Sc2ccc(Cl)cc2Cl)n(C)c(Sc2ccccc2C(=O)O)[n+]1[O-],19.157244060668017
COc1cc2c(cc1Cl)n(C)c(=O)n2Cc1cccc(-c2sccc2C(=O)O)c1,19.157244060668017
COc1ccc2c(c1)nc(-c1ccc(Cn3ccnn3)cc1)n2-c1ccc(O)c(Cl)c1,19.157244060668017
Cc1cc(-n2c(=O)n(C)c3ccccc32)ccc1Oc1sccc1Sc1nc[nH]n1,19.157244060668017
Cn1c(C#N)nc2c(OCC3CCNCC3)nc(Oc3ccc(Cl)cc3Cl)cc21,19.157244060668017
Oc1c(COc2cc(-c3ccc(Cl)cc3)no2)nnn1-c1ccccc1C(F)(F)F,19.157244060668017
COc1ccc(-c2cn(SC)c3ccccc23)cc1Oc1ccc2oc(=O)c(=O)[nH]c2c1,19.157244060668017
Cc1nn(C)c(C)c1Oc1c(Cl)cc(Cl)cc1C(=O)Nc1nc2ccnnc2s1,19.183326093250876
O=C(O)c1nc2cc(OCCn3cnc4ccccc43)ccc2n1CC1CCSCC1,19.183326093250876
Cc1cc(Sc2nc(O)c3cc(Cl)ccc3n2)ccc1OCC(=O)OC(C)(C)C,19.183326093250876
Cn1cncc1Sc1c(-c2cccnc2)c(=O)c2cc(Oc3ccncc3)ccc2n1C,19.209372712298546
COc1cc(OCC(=O)O)cc2sc3ncn(Cc4ccc(Cl)cc4Cl)c3c12,19.209372712298546
COc1ccc2c(c1)n(Cc1ccc(Cl)s1)c(Sc1ccc(C(=O)O)cc1)[n+]2[O-],19.235384061671343
Cc1cc(Cl)ccc1Oc1cc(CSc2nnn[nH]2)nn1-c1cccc(Cl)c1,19.235384061671343
COc1ccc(Oc2cc(Cn3c4c(c5c(O)nncc53)CCC4)sn2)cc1Cl,19.235384061671343
COc1ccc(-c2cc(Cn3c4ccccc4n4nc(N)nc34)c(-c3cccs3)o2)cc1,19.235384061671343
COc1ccc(-c2ccc(O)c3sc4cc(OC)c(-n5ccnn5)cc4c(=O)c23)cc1,19.261360284258224
Cc1cc(Sc2c3ccccc3c(Cl)c(=O)n2-c2cc(C(=O)O)ccn2)cc(C)n1,19.261360284258224
COc1nc(-c2nn(-c3cccc4ncccc34)c3nccc(N4CCC4)c23)cc(C)c1O,19.261360284258224
COc1ccc(-c2cc(O)cc3c2ncn3Cc2nnc(C3CCOCC3)s2)cc1,19.261360284258224
COc1ccc(Sc2cn(C)c3ccccc23)c2c(=O)c3ccc(C(=O)O)nc3n(C)c12,19.28730152198591
Cc1cc(Oc2cccc3c2nc(-c2csc(C)n2)n3CC(=O)O)c2c(n1)CCCC2,19.28730152198591
O=C(O)CSc1cc(OC(F)F)cc2nc(-c3ccc(-c4ccccc4)cc3)nn12,19.28730152198591
Cc1cc(Br)cc(Oc2c(C)c(C3CC3)nn2-c2nc(C(=O)O)cs2)c1,19.28730152198591
COc1ccc(-c2nc(Sc3ccc4c(c3)OCCO4)n(-c3ccccc3)n2)cc1O,19.28730152198591
Cc1cccc(Sc2c(O)nc3ccc(-n4cnnn4)cc3c2Oc2ccccc2)c1,19.28730152198591
COc1cccc(Oc2ccc3c(c2)n(CC(=O)O)c(=O)n3-c2ccc3ccccc3c2)c1,19.313207915827967
Cc1cc(Oc2cccc3c2c(C)c(-c2nc(C(=O)O)cs2)n3C)c2ccccc2n1,19.313207915827967
O=C(O)CSc1nc2cc(Oc3ccc4c(c3)OCO4)ccc2n1Cc1ccccc1,19.313207915827967
CNc1nc(Cl)nc2c1nnn2Cc1cc(Oc2ccc(Cl)cc2Cl)cn1C,19.339079605813716
Cc1cc(Oc2nnn[nH]2)c2c(Cl)c(Sc3ccc4c(c3)OCO4)n(C)c2c1,19.339079605813716
O=C1CCc2c(Oc3cc(CCSc4ccc(O)nn4)cc4c3OCCS4)cccc21,19.339079605813716
Cc1ccc(Oc2cc(Cl)cc3c2cc(-c2noc(N4CCNCC4)n2)n3C)c(C)n1,19.339079605813716
COc1cc(/C=C2\SC(=O)NC2=O)c(-c2cscn2)c(Oc2ccc(Cl)cc2)c1,19.364916731037084
Cc1nc(CN2CCC(C(=O)O)CC2)c(Oc2ccc(-n3cnc4ccccc43)cc2)s1,19.364916731037084
Cc1csc(Oc2ccc(-c3nnnn3Cc3ccc(O)c(C(F)(F)F)c3)cc2)n1,19.364916731037084
O=C(CSc1nnc(Oc2ccc(Cl)cc2Cl)n1C1CC1)Nc1nccs1,19.390719429665317
COc1ccc(-c2ccc(Sc3nc4c(C)nccc4n3C3CCNCC3)nn2)cc1,19.390719429665317
Cc1cc(Oc2c(F)ccc3c2nc(Sc2ccc4c(c2)OCC(=O)N4)n3C)n(C)n1,19.390719429665317
O=C(O)CSc1cc2c(s1)-c1cc(OCCn3cnc4ccccc43)ccc1C2=O,19.390719429665317
Cn1c(CSc2nnnn2-c2ccccc2)nc2c(Oc3ccc(Cl)cc3)cccc21,19.390719429665317
Cc1cccc(Oc2nc(NC3CCN(Cc4ccncc4)CC3)nc3scnc23)c1,19.390719429665317
Cc1nc(-c2ccc(C(=O)O)cc2C)c2sn(Cc3cc4ccccc4nc3C)c2n1,19.4164878389476
COc1ccc(-n2c(Sc3ccc4c(c3)OCO4)nc3ccc(C(=O)O)c(C)c32)cc1,19.4164878389476
COc1cccc2c1nc(Sc1nnc[nH]1)n2Cc1cccc(OC(F)(F)F)c1,19.44222209522358
COc1cccc(Oc2ccc(-c3cccc4c3C3(CCS4)ON=C3O)nc2OC)c1,19.44222209522358
Cc1cc(Cl)ccc1Oc1cc(CSc2nnn[nH]2)nn1-c1ccc(Cl)cc1,19.44222209522358
Cc1cc(Oc2ccc(Cl)cc2-n2oc(=O)c3ccccc32)cc(SCC(=O)O)n1,19.467922333931785
COc1ccc(-c2ccc(OC)c3c2C(=O)/C(=C/c2ccc4c(c2)OCO4)C(=O)N3)s1,19.467922333931785
O=C(O)COc1ccc(Cl)cc1Cn1c(Sc2nccs2)nc2ccccc21,19.467922333931785
CNc1nc(C)nc2c1ncn2Cc1cc(Oc2cccc3c2OCCO3)ccc1Cl,19.467922333931785
COc1cccc2nc(Sc3cccc(Cl)c3)n(-c3cc(C)cc(C(=O)O)n3)c12,19.467922333931785
Cc1cnc2c(nc(Sc3ccc(Cl)cc3)n2C)c1Oc1cccc(C(=O)O)c1,19.467922333931785
Cc1c(CC(=O)O)n(-c2ccc(Oc3ccc(Cl)cc3)cc2)c(=O)n1-c1nccs1,19.493588689617926
Cc1c(Oc2cccc3c(=O)n(Cc4ccc(C(=O)O)s4)c4c(c23)CCC4)cnn1C,19.493588689617926
COC(=O)c1ccc(OCCn2c(O)nc3cc(-c4nc5ccccc5s4)ccc32)cc1,19.493588689617926
COc1c(-c2csc(C(=O)O)c2)n(C)c2cccc(Oc3ccc4c(c3)OCCO4)c12,19.493588689617926
CCc1c(F)c2c(OCc3ccc4c(c3)OCO4)cccc2n1-c1nc(C(=O)O)cs1,19.493588689617926
Cc1cc(Sc2c3ccccc3nn2Cc2ccc(C(=O)O)n2C)nc2ccccc12,19.519221295943137
COc1ccc(-c2nnc(SC3CCCCC3)n2Cc2cccc(Cl)c2)nc1N,19.519221295943137
O=C(O)c1cc(-n2ccccc2=O)ccc1Oc1cccc(Cn2cnc3ccccc32)c1,19.519221295943137
O=C(O)c1ccc(-c2nc3cc(Cl)cc(OCCn4cccn4)c3s2)c(Cl)c1,19.519221295943137
COc1c(Oc2cc(C)cc3c2OCC(=O)N3)cc(Cl)cc1-c1nnc(SC)s1,19.544820285692065
COc1ccc(-c2nc(Oc3ccccc3)n(-c3ccc4c(c3)CSCC4N)n2)cc1,19.544820285692065
Cc1cc(Oc2ccc(C3CO3)nc2C)n(-c2c(Cl)ccc3sc(C(=O)O)cc23)n1,19.570385790780925
COc1ccc(Cl)c(Oc2cc(C(=O)O)nc3cccc(-n4ccnc4C)c23)c1,19.570385790780925
CCOc1ccc2c(c1)C/C(=C\c1ccc(-c3nc(C(=O)O)cs3)s1)C(=O)N2C,19.570385790780925
Cn1c(Sc2ccc3c(c2)OCO3)cc2c(Oc3cc(F)cc(ON)c3)ccnc21,19.570385790780925
O=C(O)CSc1nc2ncccc2n1Cc1ccc(Oc2ccc(Cl)cc2)cc1,19.570385790780925
Cc1ccc(-n2c(SCC(=O)O)nc3c(C)c(Oc4ccnc(Cl)c4)cnc32)cc1,19.595917942265423
COc1ccc(Oc2ccccc2F)c2c1n(Sc1ccc(C(=O)O)cc1)c(=O)n2C,19.595917942265423
COc1ccc(Cl)c(Oc2ccc3c(c2)n(-c2cc(C(=O)O)cs2)c(=O)n3C)c1,19.595917942265423
COc1ccc2cnc(Sc3ccc(-c4ccc(-n5cccn5)nc4)cc3O)nc2c1,19.595917942265423
Oc1ccnc(-c2ccc(CCSc3nnnn3-c3cccc(Cl)c3Cl)cc2)n1,19.595917942265423
COc1ccc(-c2cccc3c2nnn3Cc2csc(-c3ccc(C(=O)O)cc3)n2)cc1,19.595917942265423
COc1ccc2c(n1)c(=O)c1ccccc1n2Cc1ccc(-c2ccsc2C(=O)O)cc1,19.621416870348583
Cc1cc(Oc2ccc(C#Cc3ccc(F)cc3)cc2C)n(-c2nc(C(=O)O)cs2)n1,19.621416870348583
O=C(O)c1nnc(Sc2cccc(Cl)c2)n2ncc(COc3ccc(Cl)cc3)c12,19.621416870348583
COc1ccc(-n2c(Sc3ccc4c(c3)OCCO4)nc3ccc(C(=O)O)cc32)cc1,19.621416870348583
Cc1cc(C)nc(-n2nc(C(=O)O)cc2Oc2ccc(Sc3cccc(F)c3)cc2)n1,19.621416870348583
Cn1c(Sc2cccc(Cl)c2)nc2cc(Oc3ccc(N)nc3C3=NCCO3)ccc21,19.6468827043885
COC(=O)c1cc(Sc2nc3cc(Cl)ccc3n2Cc2ccsc2)cc(C)n1,19.6468827043885
Cc1nn(-c2cccc(Oc3nccs3)c2)c(SCC(=O)O)c1Br,19.672315572906
Cc1cc(Sn2c(=O)n(Cc3cccc(C)c3Cl)c3ccccc32)cc(C(=O)O)c1,19.672315572906
CCn1cnc2c3nc(O)n(Cc4ccc(Oc5cccc(Cl)c5)s4)c3cnc21,19.672315572906
COc1cc(Oc2cc(Cl)c3c(c2)OCCO3)c2c(-c3cccc(O)c3)nn(C)c2n1,19.672315572906
COc1ccc(-c2nc3ccccc3c(=O)n2Cc2ccsc2)c(-c2csc(N)n2)c1,19.672315572906
Cc1cc2cc(Oc3cc4c(nn3)NC(=O)c3ccccc3N4CC3CO3)ccc2n1C,19.697715603592208
Cc1cc(Oc2ccc3c(c2)OCCO3)nn1Cc1cc(C(=O)O)cc(C(C)(C)C)c1,19.697715603592208
Cc1ccc(-c2nc(SCC(=O)O)c(Sc3cccc(Cl)c3)n3nncc23)cc1,19.697715603592208
O=C(COc1ccc2nc(Oc3cccc(Cl)c3)c(Cl)cc2c1)Nc1nncs1,19.697715603592208
COC(=O)c1c(-c2ccc3ccccc3c2)nc2n1CCc1cc(OC)c(O)cc1N2C,19.697715603592208
Cn1c(Sc2c(OC(F)(F)F)n(C)c3ccccc23)nnc1-c1ccc(C(=O)O)cc1,19.697715603592208
Cc1cc(C)c(Oc2nc(C(=O)OC(C)(C)C)c(-n3cnc4cc(O)ccc43)s2)c(C)c1,19.697715603592208
COc1ccc(-n2ncc(-c3nnnn3C)c2Sc2ccc(Cl)cc2)c(Cl)c1,19.72308292331602
Cc1cc(Sc2ccc(-c3cccnc3)c(C(=O)O)c2)nn1Cc1ccc2c(c1)OCO2,19.72308292331602
Cc1nc(O)c2nc(C)n(-c3ccc(Oc4cc(C)c5ccccc5n4)c(Cl)c3)c2n1,19.748417658131498
COc1ccc(-n2c(Sc3ccccc3Cl)nc3c(N4CCCC4)nc(N)nc32)cc1,19.748417658131498
Cc1cc(Sn2c(C(=O)O)nc3cc(Oc4cccnc4)c(C)cc32)ccc1Cl,19.77371993328519
COC(=O)c1ccccc1Oc1ccc(-c2nc3ccccc3n2CC(=O)O)c(F)c1F,19.77371993328519
COc1ccc(Oc2ccc(-n3c(=O)n(-c4cccs4)c4cc(C)nc(N)c43)cc2)cc1,19.77371993328519
Cc1cc(Oc2ccc(Cl)c(Cn3ncc4sc(=O)n(C)c43)c2O)ccc1Cl,19.77371993328519
O=C(O)c1ccc(SCCSc2nnnn2-c2ccccc2Cl)c2ccccc12,19.79898987322333
O=C(O)CSc1nc2ncncc2n1Cc1ccc(Oc2ccc(Cl)cc2)cc1,19.79898987322333
Cc1cc(Oc2nc(C)nc(N3CCC(Nc4ccccn4)CC3)n2)c2ccccc2c1,19.79898987322333
O=C(O)CSc1nnc(Sc2ccc(Cl)c(Cl)c2)n1Cc1ccccc1,19.79898987322333
COc1ccc(Oc2ccc(N3CCC(C(=O)O)CC3)nc2)c2cnn(-c3ccccc3)c12,19.79898987322333
CCOc1ccc(Cn2c(=O)n(-c3nc(C(=O)O)cs3)c3ccccc32)cc1Cl,19.79898987322333
CCn1c(C(=O)O)nc(-c2ccc3c(c2)OCO3)c1Sc1ccc(Cl)cc1Cl,19.79898987322333
COC(=O)c1ccc(-c2ccc(Oc3ncnc(Nc4ccc(Cl)cc4)n3)cc2)cc1,19.79898987322333
Cc1nc(C)c(Cn2c(=O)c3ccc(-c4nc(C(=O)O)cs4)cc3c3ccccc32)s1,19.82422760159901
Cc1cc(-c2cccc3c2COc2nnc(Sc4ccccc4)n2-3)ccc1OCC(=O)O,19.82422760159901
O=C(O)c1ccc(OCCn2c3c(c4nc(Sc5ccccc5)nnc42)CCCC3)cc1,19.82422760159901
O=c1oc2c(OCCn3c(O)nc4cc(Cl)ccc43)cccc2n1Cc1cccs1,19.849433241279208
CC(=O)OC(=O)c1ccc(OCC#Cc2cc(C)nn2-c2ccc(O)c(Cl)c2)s1,19.849433241279208
Cn1ccc2c(-c3ccnc(OCCn4sc5c(N)ncnc54)c3)cc(Cl)cc21,19.849433241279208
Oc1ccc(Cn2nnnc2-c2ccc(CSc3nc4ccccc4o3)cc2)cc1Cl,19.849433241279208
COc1ccc(-c2c(C)n(C)c3c(C)c(-c4ccc5c(=O)[nH]c(=O)sc5c4)nn23)cc1,19.849433241279208
COc1ccc(-c2nnnn2Cc2ccc(C(=O)O)s2)cc1-c1ccc(F)cc1Cl,19.87460691435179
Cn1c(Sc2c(Cl)ccc(OCC(=O)O)c2-c2ccncc2)nc2ccccc21,19.87460691435179
Clc1cccc(Oc2ccc(Cn3cnc4c(NC5CC5)nc(Cl)nc43)nc2)c1,19.87460691435179
Cc1ccc(Oc2sc(N3CCN(c4ccc(Cl)cn4)CC3)nc2C(=O)O)cc1,19.8997487421324
Cn1cc2c(nnn2Cc2cn(C)c3ccc(Oc4cc(Cl)cc(Cl)c4)c(O)c23)n1,19.8997487421324
Cc1c(Cc2ccc3c(c2)OCO3)c2ccc(Sc3cccc(C(=O)O)n3)nc2n1C,19.924858845171276
Cc1cc(Sc2c(C(=O)O)nc(-c3ccc4c(c3)OCO4)n2C)ccc1OC(F)(F)F,19.924858845171276
COc1cccc2c(Sc3cn(C)nc3C(=O)O)cn(-c3ccc(Cl)cc3)c(=O)c12,19.974984355438178
Cc1cc(Cl)ccc1Oc1c(SCC(F)(F)F)c(C(=O)O)nn1-c1ccccn1,19.974984355438178
Cc1cc(Oc2nc3ccccc3c(Cn3c(=O)sc4c(O)cccc43)c2Cl)nn1C,19.974984355438178
COc1ccc2c(c1)nc(Sc1cc(C(=O)O)ccn1)n2Cc1cccc(Cl)c1,19.974984355438178
Oc1cc(Oc2ccc(Cl)cc2)nc(N2CCC(Oc3cccc(Cl)c3)C2)n1,19.974984355438178
O=c1nc(O)c2cccc(OCCn3c(Sc4ccccc4)nc4ccccc43)c2s1,19.974984355438178
Cc1c(Cn2c(O)nc3ccccc32)cccc1Oc1ncnn1-c1cccc(Cl)c1,19.974984355438178
Cc1c(O)cccc1Sc1nnc2c(C)cc(Oc3ccc(Cl)cc3Cl)nn12,19.974984355438178
Cn1c(Cl)nnc1SCC(=O)Nc1ccc(Oc2nc3ccccc3s2)cc1,19.974984355438178
O=C(O)Cn1c2cccc(Oc3cc(Cn4ccnn4)ccc3Cl)c2c2ccsc21,20.0
O=C(O)COc1ccc(-c2nn(Cc3ccccc3Cl)c(=O)c3ccsc23)s1,20.0
COc1ccc(-c2nc3cccnc3n2Cc2ccc(-c3csc(C(=O)O)n3)cc2)cc1,20.0
Cc1cc(Oc2cc(C)c3c(c2)n(C)c(=O)n3-c2nc(C(=O)O)cs2)ccc1Cl,20.0
COc1ccc(-c2cc3c(nn2)nc(SCC(=O)O)n3-c2ccccc2Cl)cc1,20.0
Cc1nc(OCc2cccc3ccccc23)n2nc(-c3ccc(N)cc3)nc2c1N1CCC1,20.024984394500787
Cc1ccc(Cn2nc(-c3ccc4c(c3)OCO4)nc2SCC(=O)O)c2ccccc12,20.024984394500787
COc1ccc(-c2cccc3nc(Sc4cccc5ncccc45)n(CC(=O)O)c23)cn1,20.024984394500787
O=C(O)c1ccc2c(n1)n(-c1cccs1)c(=O)n2Cc1cccc(Oc2ccccc2)c1,20.024984394500787
Cc1cc(C)cc(Oc2ccc(-n3c(=O)n(CC(=O)O)c4sc5c(c43)CCOC5)cc2)c1,20.024984394500787
Cn1cc(Cn2cnc3sc(C(=O)O)cc32)cc(Oc2ccc(Cl)c(Cl)c2)c1=O,20.024984394500787
Cn1c(Oc2ccc(Oc3ccnc(N4CCC(N)C4)c3)c(Cl)c2)nc2ccccc21,20.024984394500787
CC1(O)CCN(c2ncnc3c2nc(COc2ccc(Cl)o2)n3C2CCCCC2)C1,20.049937655763422
Cc1nc(N)nc2c1n(C)c(=S)n2Cc1cc(Cl)c(Oc2cccc(Cl)c2)cn1,20.049937655763422
CSCCn1c(-c2cccc(Oc3nc4ccccc4n3N)c2)nc2ccccc21,20.074859899884732
Cn1c(Sc2cncc(C(=O)O)c2)nc2c(Oc3cc(Cl)ccc3F)cccc21,20.074859899884732
COc1cnc2c(Oc3ccc(Cl)cc3Cl)nc(NC3CCN(C)CC3)nc2n1,20.074859899884732
COc1cc(OC)c(C(C)(C)C)c(-c2nc3c(Cl)cccc3n2CC(=O)O)c1,20.09975124224178
Cc1ccc(Sc2nc3c4ccccc4n(Cc4cccnc4C(=O)O)n3n2)cc1C,20.09975124224178
Cc1ccc2nc(-c3cc(Oc4cc(Cl)cc(Cl)c4)n(C)n3)n(CC(=O)O)c2c1,20.12461179749811
COc1ccc2nc(Sc3ccc4c(c3)OCO4)n(Cc3ccc(C(=O)O)cc3)c2c1,20.12461179749811
CSc1nc(NC2CC2)cc(-n2c(Oc3ccc(Cl)cc3)nc3ccccc32)[n+]1[O-],20.12461179749811
CNc1nc(-n2nc(Oc3ccc(Cl)cc3)cc2C)nc2c1ncn2C1CCCC1,20.149441679609886
COc1nc(Oc2ccc(Br)cc2C)ccc1Sc1ccnc2[nH]nnc12,20.149441679609886
COc1cc2c(cc1C)nc(Sc1cccc(Cl)c1)n2-c1cc(C(=O)O)ccn1,20.174241001832016
Cc1cc(O)n2ncc(Sc3ccc(COc4ccc5c(c4)OCCCO5)cc3)c2n1,20.174241001832016
Oc1nc(Cl)ccc1Oc1ccccc1CCSc1nnnn1-c1ccccc1,20.174241001832016
COc1c(C)cc(Oc2nc(O)nc3c2-c2ccc4c(c2SC3)CCO4)cc1Cl,20.174241001832016
O=C(O)CSc1nnc(-c2ccc(OCCn3cnc4ccccc43)cc2)cc1Cl,20.199009876724155
Cc1cc(Oc2ccc(-n3cnn(C(F)F)c3=O)cc2)n(-c2ccc(O)c3ccccc23)n1,20.199009876724155
Cn1cc(C(=O)O)c(Cl)c1Sc1ccc(Oc2nc(Cl)nc3c2ccn3C)cc1,20.199009876724155
Cc1cc(Cl)cc(Oc2ccc(SCC(=O)O)n2-c2ccc(Cl)cc2)c1,20.199009876724155
COc1cccc(-c2nc(Sc3nnc(C(F)(F)F)n3C)c(O)nc2C(C)(C)C)c1,20.199009876724155
Cc1cc(Sc2ccc(-n3cccn3)c(C(=O)O)n2)c(-c2cccc(Cl)c2)n1C,20.199009876724155
CN(C)c1nnc(-c2cc(/C=C3\SC(=O)NC3=O)ccc2Oc2ccc(Cl)cc2)s1,20.248456731316587
Cn1nnnc1Sc1c(Cl)c2c(Oc3ccc(Cl)cc3)ccc(F)c2n1C,20.248456731316587
Cc1ccc(Cl)c(Sc2c(-c3nnnn3C3CC3)c3ccccc3n2CC(=O)O)c1,20.273134932713294
COc1cc(Oc2cccc3c2n(-c2ccccc2)c(=O)n3C)cc(-c2cscn2)c1N,20.273134932713294
Cc1nc(Nc2ccc(-c3cnn(C)c3)c(F)c2)nc(Oc2cccc3c2OCCC3)n1,20.273134932713294
COc1cccc2nc(Sc3cccc(Cl)c3)n(-c3cc(C(=O)O)cc(C)n3)c12,20.273134932713294
Cc1c(Cl)ccc(Oc2nc(SCC(=O)O)nc3ccc(-n4cccn4)cc23)c1F,20.29778313018444
Cc1nc(-c2ccc(Cl)c(Cn3ccnn3)c2)oc1Cc1ccc2scnc2c1,20.29778313018444
COc1ccc2nc(Sc3cccc4ccccc34)n(-c3cccc(C(=O)O)n3)c2c1,20.29778313018444
Cc1sc(-c2c(SCC(=O)O)nnn2Cc2ccc(Cl)c(Cl)c2)cc1C#N,20.29778313018444
O=C(Nc1ccccc1)OCCOc1cccc2c1cnn2-c1nc2ccccc2s1,20.29778313018444
O=C(O)c1nc(N2CCSCC2)sc1OCc1cccc(Oc2ccccc2)c1,20.322401432901575
CCn1c(Sc2ccc(Cn3nc(C(=O)O)c4ccccc43)cc2)nc2ccccc21,20.322401432901575
Cc1cc(Oc2cc(-n3nnc4ccccc43)ccc2F)c2c(C(=O)O)c(C)n(C)c2c1,20.322401432901575
Cc1cc(Oc2ccc(Cl)cc2Cl)cc2c1n(-c1nc(C(=O)O)cs1)c(=O)n2C,20.322401432901575
Cc1c(Oc2ccc3c(c2)n(Cc2ccccc2)c(=O)n3C)ccc2nc(C(=O)O)sc12,20.322401432901575
Cc1ccnn1-c1c(SCC(=O)O)nc(Oc2ccc(Cl)cc2)c2ccccc12,20.37154878746336
Cn1cnnc1Sc1cc2c(Oc3cc(Cl)cc(Cl)c3C(=O)O)cccc2n1C,20.396078054371138
Cc1cc(Cn2nc(-c3ccc(C(=O)O)cc3)c3c(N4CCSCC4)cccc32)on1,20.396078054371138
Cc1ncc2c(c1Sc1cccc(Cl)c1)n(C)c(=O)n2Cc1ccc(C(=O)O)s1,20.396078054371138
COc1ccc(Cl)c(Oc2nc(-n3c(=O)n(CC(=O)O)c4ccccc43)ccc2Cl)c1,20.396078054371138
COc1ccc(C(=O)O)cc1Sc1nnnn1-c1cc(Cl)c(C)cc1C(F)(F)F,20.396078054371138
Cc1c(O)ccnc1-c1ccc(CSc2nnnn2-c2c(Cl)cccc2Cl)nc1,20.396078054371138
CSc1nccc2c1ncn2Cc1cc(Oc2cccc(Cl)c2Cl)nnc1O,20.396078054371138
Cc1cc(Oc2ccc(-c3ccc4c5ccsc5c(=O)n(CC(=O)O)c4c3)cc2)n(C)n1,20.42057785666214
CSc1nc(N)nc2c1ncn2Cc1cccc(Oc2cc(Cl)cc(Cl)c2)c1,20.445048300260872
COc1ccc(-c2nsc(N3CCCCC3)n2)cc1Oc1cccc2c1C(=O)NC2=O,20.445048300260872
Cc1cc2c(cc1Oc1ncnc3c1cc(Sc1nc4ccccc4n1C)n3C)C(=O)N2,20.493901531919196
Cc1cc(Sc2nc3ccccc3n2Cc2cn(CC(=O)O)nn2)c2ccccc2c1,20.493901531919196
COc1ccc(Sc2cccc(C)c2-n2cnnn2)c2c(O)cc(C(F)(F)F)nc12,20.493901531919196
O=C(O)COc1ccc(Cl)c(Oc2ccc(Cl)cc2)c1-c1ccn2ccnc2n1,20.493901531919196
COc1cc(Sc2nc3c(C(C)(C)C)cccc3n2C)cc(C(=O)OC(C)(C)C)c1O,20.493901531919196
CSc1cc(Cl)ccc1-n1nnnc1-c1ccc(CNc2ncccn2)c(Cl)c1,20.493901531919196
CCn1c(=O)n(-c2ccc(Oc3nc4ccccc4s3)cc2F)c2cc(C)nc(O)c21,20.493901531919196
Oc1cc(Oc2nnnn2-c2ccc(Cl)c(Cl)c2)ccc1CSc1cccnc1,20.493901531919196
COc1cc(Cl)cc(Oc2ccc(-n3cc(C(=O)O)c4c3CCSC4)c(O)c2)c1,20.518284528683193
O=C(O)c1cccc(OCCn2c(Sc3cccc4c3OCO4)nc3ccccc32)c1,20.518284528683193
COc1ccc(Cn2c(Sc3cc(C(=O)O)c4ncccc4n3)nc3ccccc32)cc1,20.518284528683193
Cc1ccn(-c2c(Cl)ccc(Oc3cn(-c4cccc(Cl)c4)nc3C)c2C(=O)O)n1,20.518284528683193
Cc1nc2c(O)nc(-n3cccn3)nc2n1Cc1cccc(Oc2ccc(Cl)cc2)c1,20.54263858417414
CSc1nc2ccc(O)cc2n1Cc1cc(Cl)cc(Oc2ccc(Cl)cc2)[n+]1[O-],20.566963801203133
COc1cccc(-c2ccc(Oc3nnnn3-c3ccc(Cl)c(Cl)c3)c(O)c2)c1,20.566963801203133
COc1nncc2nc(NC3CCN(C)CC3)nc(Oc3ccc(Cl)cc3Cl)c12,20.566963801203133
Oc1ncc(C2CC2)n1Cc1ccc(Oc2nnnn2-c2ccc(Cl)c(Cl)c2)cc1,20.566963801203133
CC(C)(C)OC(=O)CSc1nnc(Cl)n1-c1ccc(Oc2cccc(O)c2)cc1,20.591260281974
O=C(O)c1csc(-n2c(=O)n(Cc3cccc(Oc4ccccc4)c3)c3ccccc32)n1,20.615528128088304
Cn1c(COc2ccc(-c3nc4ccccc4n3CC(=O)O)cc2C#N)cc2ccccc21,20.615528128088304
COc1cccc2c1nc(Sc1cncnc1N)n2Cc1ccc(Cl)cc1Cl,20.639767440550294
Cc1cc(Oc2ccc(Cl)cc2)ccc1Sc1nnnn1-c1ccc(O)cc1F,20.639767440550294
COc1ccc(Sc2c(C)nc3c(Cl)c(Cl)cc(-c4cn(O)nn4)n23)cc1,20.663978319771825
O=C(O)Cn1c(Sc2nc(OCc3ccccc3)ccc2Cl)nc2ccccc21,20.663978319771825
COc1ccc(-n2nnnc2Sc2ccccc2Cl)c(NC(=O)c2ccsc2)c1,20.663978319771825
Cc1nsc(-n2c(=O)n(CC(=O)O)c3cccc(Oc4ccc(Cl)cc4)c32)c1C,20.688160865577203
Oc1nnc2cccc(OCCn3ccnn3)c2c1Sc1ccc(Cl)c(Cl)c1,20.688160865577203
CCCNc1nc(Sc2nnnn2-c2cccc(Cl)c2Cl)cc(C(C)(C)C)n1,20.688160865577203
CCn1nc(C)c2cc(-c3nnns3)c(Oc3ccc(Cl)c(C(F)(F)F)c3)nc21,20.688160865577203
COc1ccc(OCC(=O)O)cc1Sc1nc2ccccc2c2ccc3c(c12)OCS3,20.688160865577203
CC(=O)Oc1ccc(Cn2nc(Sc3ccc4c(c3)OCO4)c3cc(O)ccc32)cc1,20.71231517720798
Cn1c(Sc2ccc3c(c2)OCO3)nc(C(=O)O)c1Oc1ccc(Cl)cc1Cl,20.71231517720798
Cc1cc2c(Sc3ccc(-n4c(=O)n(CC(=O)O)c5ccccc54)nc3)cccc2n1C,20.71231517720798
Cc1cc(Oc2nc3ccccc3n2C2CCOCC2)c2c(/C=C/C(=O)O)cn(C)c2c1,20.71231517720798
COc1ccc(-c2nc3c(Sc4ccc5c(c4)OCO5)cccc3n2CC(=O)O)cc1,20.71231517720798
Cc1cc(Oc2ccc(Cl)cc2Cl)c(Sc2nnnn2-c2ccccc2N)n1C,20.73644135332772
COc1ccc2c(SCc3ccc(F)cn3)nnc(Nc3ccc4c(c3)OCO4)c2c1,20.760539492026695
COc1ccc(-c2cc(OC)cc3c2nnn3Cc2ccc(C(=O)O)s2)c(Cl)c1,20.760539492026695
CC1(C(=O)O)CCN(c2nccc3c2ncn3Cc2cccc(Oc3cccs3)c2)CC1,20.760539492026695
Cc1nc2sc(C(=O)O)cc2cc1Oc1ccc2ncc(F)c(-c3cnn(C)c3)c2c1,20.784609690826528
COc1ccc(F)cc1Nc1nc(Oc2cc(Cl)cc(Cl)c2)c2nnn(C)c2n1,20.784609690826528
Cc1c(SCC(=O)O)nc(-c2ccccc2Cl)n1-c1ccc2oc(=O)n(C)c2c1,20.784609690826528
COc1cnc(Oc2cccc3c2c(C(=O)O)nn3Cc2ccsc2)c2ccccc12,20.784609690826528
O=C(O)COc1cccc(Cn2c(Sc3cccc(Cl)c3)nc3ccccc32)c1,20.784609690826528
Cc1c(Sc2cccc(C(=O)O)c2)n(Cc2ccc(-c3ccccc3)cc2)c2ncnn12,20.808652046684813
O=C(O)c1csc(-n2c(C3CC3)cc3ccc(OCCn4cnc5ccccc54)cc32)n1,20.808652046684813
Cc1nc(OCC(=O)O)ccc1-c1ccc2ncn(Cc3csc4ccccc34)c2c1,20.808652046684813
COc1ccc2nc(-c3cccc(Cl)c3)n(Sc3cnc4c(OC)cccn34)c2c1,20.808652046684813
COc1cc2c(C)nc(-c3ccncc3)c(Sc3ccc4c(c3)OCCO4)c2nc1O,20.85665361461421
Cc1nc(N)c2cc(Cl)cc(Sc3nnc(Sc4ccc(Cl)cc4)n3C)c2n1,20.85665361461421
COc1cc(Cn2c(Sc3cccc(Cl)c3)nn3c(N)ncc23)ccc1Cl,20.85665361461421
Cc1cc(-n2cnn(-c3ccc(C(=O)O)cc3)c2=O)c(C)cc1Oc1cccc(Cl)c1,20.8806130178211
Cn1c(SCC(=O)O)nc(-c2ccc3c(c2)OCO3)c1Oc1cc(Cl)cc(Cl)c1,20.904544960366874
COc1ccc(Cn2c(Sc3nc(C(=O)O)c4ccccc4n3)nc3ccccc32)cc1,20.904544960366874
Cc1ccc(Cl)cc1-n1nnnc1Oc1cccc(Cn2c(O)nc3ccccc32)c1,20.92844953645635
CCc1cc(Sc2nnn[nH]2)c2c(n1)Sc1ccc(Oc3ccccc3)cc1CN2C,20.92844953645635
Cn1cnnc1Sc1ccc(C(=O)O)c(Oc2ccc(Cl)cc2Cl)c1Cl,20.952326839756964
Cc1cc(Cl)ccc1Oc1cc(-n2cnc3c(NCC(=O)O)ncnc32)ccc1Cl,20.952326839756964
COc1ccc(-c2ccc(OC)c3c2C2CC(=O)N(c4cccs4)N=C32)cc1C(=O)O,20.97617696340303
Cc1c(-n2ccn(CC(=O)O)c2=O)cc(Cl)c(Oc2nc3ccccc3s2)c1C,20.97617696340303
CCn1c(=O)n(-c2ccc(Oc3ccc4ccn(C)c4c3)cc2)c2cc(C(=O)O)ccc21,20.97617696340303
O=C(O)CSc1nc2c(c(Oc3ccc(Cn4cnc5ccccc54)cc3)n1)CCC2,20.97617696340303
Cc1cc(-n2nnnc2SCc2nc3ccccc3n2C2CCCC2)cc(Cl)c1O,21.02379604162864
COc1ccc2nc(Sc3cc(C)c(O)cc3Cl)n3ccc(-n4cncn4)c3c2c1,21.02379604162864
Cc1cnc2nc(SCC(=O)O)n(-c3ccc(Oc4ccc(Cl)cc4)cc3)c2c1,21.047565179849187
Cc1csc(Cn2c(=O)n(C)c3c(N)nc(Oc4ccc(Cl)cc4Cl)cc32)n1,21.047565179849187
Cc1cc(Oc2cc(Cl)cc(Cl)c2)n(-c2cccc3c2ccn3Cc2nnn[nH]2)n1,21.047565179849187
Cc1cccc2c1nc(Sc1ccc3ncn(C)c3n1)n2Cc1ccc(C(=O)O)cc1,21.071307505705477
Cc1cc(Cn2nc(Sc3ccc(Cl)cc3Cl)c3c(N)ncnc32)nn1C,21.118712081942874
Cn1cc2c(=O)n(-c3ccccc3)nc(Oc3ccc(Cl)cc3)c2c1SCC(=O)O,21.142374511865974
Cc1cc2c(c(Oc3ccc(SCc4ncc(Cl)c(C)n4)s3)c1)NC(=O)CO2,21.142374511865974
CSc1nc(O)c2ncn(Cc3ccc(Cl)c(Oc4ccccn4)c3Cl)c2n1,21.166010488516726
Cc1cc2c(Oc3cccc(Cn4ccc5c(O)nc6c(c54)COC6)n3)cccc2n1C,21.166010488516726
O=S(=O)(O)c1ccc(-c2nc3ccc(OCCn4cnc5ccccc54)cc3s2)cc1,21.166010488516726
COc1ccc(Oc2ccc3c(c2)n(-c2cc(C(=O)O)cs2)c(=O)n3C)c2c1CCCC2,21.18962010041709
COC(=O)CSc1nc2c(c(Oc3ccc(C(=O)O)cc3)n1)-c1ccccc1CCC2,21.213203435596427
Cc1ccc(COc2c(Cl)c3cncnc3n2-c2cc(C(=O)O)ccn2)cc1Cl,21.2602916254693
O=C(O)CSc1nnnn1-c1ccc(Oc2ccc(Cl)cc2)cc1C(F)(F)F,21.2602916254693
Cc1ccc2ccc(-n3nc(SCC(=O)O)nc3-c3ccc4c(cnn4C)c3)cc2c1,21.2602916254693
Cc1csc(Cn2c(Sc3cc(Cl)c(C)c(C(=O)O)c3)[n+]([O-])c3ccccc32)n1,21.307275752662516
Cc1ccc(Cn2ccc3c(Sc4nnnn4-c4ccc(O)c(Cl)c4)ccnc32)cc1,21.307275752662516
CC(=O)Oc1ccc(-c2ccc3c(c2)nc(SCC(=O)O)n3Cc2ccccc2)cc1,21.330729007701542
Oc1nc2c(ncn2CCOc2cccc(F)n2)c(Oc2ccc(Cl)cc2)c1Cl,21.330729007701542
CC(C)(C)OC(=O)c1cc(-c2ccc(OCCN3CCCCC3)nc2Cl)ccc1O,21.330729007701542
Cn1nncc1-c1c(SCC(=O)O)n(C)c2cccc(Oc3ccc(Cl)cc3)c12,21.330729007701542
Cc1cc(Oc2cccc3c2CCO3)ccc1OC1CCN(c2nc(C(=O)O)cs2)C1,21.354156504062622
O=C(O)c1cc(N2CCOCC2)ncc1Oc1ccccc1Oc1ccc(Cl)cc1,21.354156504062622
CCn1c(Sc2cc(OCC(=O)O)c(Cl)c3c2OCCCCO3)nc2ccccc21,21.354156504062622
Cc1cc(OCCn2cnc3ccccc32)nc2c1CCCC2Nc1nc2ccccc2o1,21.354156504062622
Cc1ccc2c(Cn3c(Sc4cc(C(=O)O)ccn4)nc4ccccc43)cn(C)c2c1,21.37755832643195
Cn1nc(Oc2ccc(-c3cc(CN4CCCC4)c4c(O)noc4n3)cc2)c2ccccc21,21.42428528562855
OCCn1c(Sc2ccc(Cl)cn2)nc2c(Oc3ccc4c(c3)OCO4)cccc21,21.42428528562855
Cc1c(Oc2cccc3c2nc(Sc2ccc(C(=O)O)s2)n3C)ccc2c1CCO2,21.447610589527216
CCn1c(Oc2ccc(Cl)c(Cl)c2)cc2c(N3CCC(CC(=O)O)C3)ncnc21,21.447610589527216
COc1cc(Cn2cnc3c2N2CCC(=O)N=C2CS3)cc(Oc2ccccc2C)c1,21.470910553583888
O=C(O)c1cccc(SCCSc2nnnn2-c2cccc(Cl)c2Cl)c1,21.470910553583888
O=C(O)CNc1nc2c(ncn2Cc2ccc(Cl)c(Oc3ccc(Cl)cc3)c2)s1,21.494185260204677
COC(=O)c1ccc(Sc2c3nc(Cl)ccc3nn2-c2cccc(O)c2C)cc1,21.517434791350013
COc1ccc(-c2c(O)nc3c(Oc4nccs4)ccc(Br)c3c2C)nn1,21.517434791350013
COc1cc(Cl)cc(Oc2cccc(Cn3cnc4c(Cl)nn(C(=O)O)c43)c2)c1,21.540659228538015
Cc1cc(Oc2ccc(Cl)cc2Cl)ccc1Oc1nn(-c2ccccn2)c(=O)n1O,21.61018278497431
COc1ccc2cccc(CSc3nnnn3-c3ccc(Cl)c(Cl)c3)c2c1O,21.61018278497431
Cn1ccc2cc(-c3nnc(Sc4cc(C(=O)O)ccn4)n3Cc3ccccc3)ccc21,21.633307652783937
COc1ccc(-n2nnc(-c3cc(C(=O)O)ccn3)c2Sc2ccc(Cl)cc2)cc1,21.633307652783937
Cc1c(Oc2ccc(Cl)cc2Cl)nc(N2CCC(CO)CC2)nc1-n1cccn1,21.702534414210707
Cc1cc(Sn2c(O)nc3ccc(CN4CCCCC4)cc32)ncc1-c1cncnc1,21.702534414210707
COc1ccc(Sc2cccc3c2n(-c2ccc(Cl)cc2)c(=O)n3CC(=O)O)cc1,21.72556098240043
COc1cccc(Oc2ccc(Cl)c(Cl)c2)c1C(=O)Oc1nccc2c1ncn2O,21.748563170931547
Cc1cc(Sc2c(C#N)c(C(=O)O)c(Sc3ccc4c(c3)OCO4)n2C)ccc1F,21.748563170931547
Cc1c(CSc2nnc(N)c3c2CCS3)nnc(Oc2cccc(Cl)c2)c1Cl,21.77154105707724
O=C(O)CSc1nc2ccccc2c(=O)n1-c1ccc(Oc2cccc(Cl)c2)cc1,21.79449471770337
O=C(O)CSc1nc2sccc2c(=O)n1-c1ccc(Oc2cccc(Cl)c2)cc1,21.79449471770337
Cc1nc2c(n1-c1ccc(Oc3nc(SCC(=O)O)nc4ccccc34)cc1)CCC2,21.817424229271428
Cc1c(Oc2ccc(F)cc2F)ccc2nc(SCC(=O)O)n(-c3cncs3)c12,21.817424229271428
Cc1nc(Sc2ccc3c(c2)OC(C(=O)O)O3)n(Cc2csc3ccccc23)c1C,21.817424229271428
N#Cc1sc(=S)n(CC(=O)O)c1-c1ccc(OCCn2cnc3ccccc32)cc1,21.817424229271428
COc1cc2scc(-c3nc(SCC(=O)O)nc4c(F)cc(F)cc34)c2cc1OC,21.840329667841555
Cc1cc(Oc2ccccc2)cc2nc(SCC(=O)O)n(Cc3cccc4c3OCO4)c12,21.840329667841555
CSc1nc2cc(Sc3ccc(F)cn3)cnc2n1Cc1ccc(C(=O)O)cc1,21.840329667841555
COc1ccc(-c2cc(C)c(C(=O)O)nc2Sc2ccc3c(c2)OCCO3)c(F)c1,21.840329667841555
COc1nc(Oc2ccc(Cl)cc2Cl)cc2c(NC3CCN(C)CC3)ncnc12,21.908902300206645
Cc1ccc2sc(-n3c(=O)n(CC(=O)O)c4cc(Oc5ccccc5)c(C)cc43)nc2c1,21.93171219946131
Cn1cc(C(=O)O)nc1Sc1nc2c(Oc3ccc(F)c(Cl)c3)cccc2n1C,21.97726097583591
Cn1c(Sc2ccccc2Cl)[n+]([O-])c2nccc(Oc3ccc(O)c(Cl)c3)c21,21.97726097583591
COc1ccc2c(Sc3nnnn3Cc3ccc(O)c(Cl)c3)cc(Cl)cc2n1,22.0
Cc1cc(C)c(Oc2nc(N3CCNCC3)nc3cc(Cl)cc(Cl)c23)c(C)c1,22.0
O=C(O)CSc1nnc2c3ccccc3n(Cc3cccc(Oc4ccccc4)c3)c2n1,22.02271554554524
Cn1cc(-c2ccc3c(c2)C(C)(C)OC3=O)nc1Sc1ccc2cc(C(=O)O)sc2c1,22.06807649071391
Cc1ncc(Sc2ccc(Oc3nccs3)c3c(Cl)cccc23)n1CC(=O)O,22.06807649071391
Cc1cc(Oc2cc(Cl)cc3c2n(-c2ccccc2)c(=S)n3CC(=O)O)n(C)n1,22.090722034374522
COc1cc(Oc2nc3c(-c4cnc5ccccc5c4)csc3n2C)cc(C(=O)O)c1,22.090722034374522
O=C(O)Sn1c(-c2cc(Cl)c(OCCn3ccnc3)c(Cl)c2)nc2ccccc21,22.090722034374522
Cc1nn(C)c(Oc2ccccc2Cl)c1Sc1nnnn1-c1ccc(Cl)cc1,22.11334438749598
COc1ccc(-c2ccc(C(=O)O)cc2Sc2nnc3c(Cl)cccn23)cc1OC,22.181073012818835
CSc1ncc(-c2ccc(NC(=O)CSc3nc4ccccc4s3)cc2)nn1,22.24859546128699
Cn1c(CSc2nnnnc2O)cc2c(Oc3ccc(Cl)cc3Cl)cccc21,22.271057451320086
Cc1cc(Oc2ccc(Cl)cc2)c(C)n1-c1nc2cccc(C(=O)O)c2c(=O)n1C,22.271057451320086
CSc1ncnc2cc(Cn3c(SCC(=O)O)nc4cc(Cl)ccc43)ccc12,22.271057451320086
O=C(O)CSc1ncnc2c1ncn2Cc1cccc(Oc2ccc(Cl)cc2)c1F,22.271057451320086
Cn1c(=O)n(CCOc2ccc(-c3nc4ccccc4s3)c(C(=O)O)c2)c2ccccc21,22.293496809607955
CN(C)c1cccc2c(C(=O)O)cc(Oc3ncnn3-c3ccc(Cl)c(Cl)c3)nc12,22.293496809607955
OCCc1cc2ccccc2nc1CSc1nnnn1-c1cc(Cl)cc(Cl)c1,22.338307903688676
COc1nc2c(N3CCC(C)CC3)nccc2n1-c1cnc(O)c(Oc2ccccc2)c1,22.338307903688676
Cc1cc(Oc2c(-c3ccc(F)cc3)cnc3nc(SCC(=O)O)nn23)ccc1Cl,22.360679774997898
Cc1nc(SCC(=O)O)c(Sc2ccc(F)cc2)nc1-c1ccc2c(c1)OCO2,22.360679774997898
COC(=O)c1csc(-c2ccc3c(c2)COc2cc(OC)c(O)cc2N3C2CCC2)n1,22.360679774997898
O=C(O)c1nc(Oc2ccc(OCCN3CCCCC3)cc2Cl)c2ccsc2n1,22.360679774997898
Cc1sc2nc(N3CCCCC3)n(-c3ccc(Oc4ccc(O)cc4)nc3)c(=O)c2c1C,22.40535650240808
CCn1c(NC(=O)Cn2nnnc2Sc2c(Cl)cccc2Cl)nc2ccccc21,22.44994432064365
Cc1cc(C(=O)O)nc(N2CCC(Cn3c(Sc4ccccc4)nc4ccccc43)C2)n1,22.44994432064365
COC(=O)CSc1nc(Oc2ccc(-c3cncs3)cc2Cl)c2ccccc2n1,22.494443758403985
Cc1cc(Cl)ccc1Oc1nc(N2CCC(CC(=O)O)C2)nc2cc(Cl)ccc12,22.538855339169288
CCn1ncnc1Sc1c(Cl)ccc2nc(O)c(Oc3cccc(Cl)c3)nc12,22.538855339169288
COC(=O)c1ccc(Cn2c(O)nc3cccc(Sc4ccc5c(c4)OCO5)c32)cc1,22.561028345356956
COc1ccc(Sc2nc3ccccc3n2-c2cccc3c(O)nc(=O)sc23)cc1C,22.60530911091463
COc1ccc(Sc2nc3ccccc3n2-c2cccc(C(=O)O)c2C(F)F)cc1,22.64950330581225
COc1ccc(-c2nc(N3CCC(C(=O)O)CC3)ns2)cc1Oc1ccc(Cl)cc1,22.715633383201094
Cc1nc(O)nc2c1ncn2Cc1ccc(Cl)c(Oc2cc(Cl)cc(Cl)c2)n1,22.759613353482084
COc1ccc(-c2nc3c(c(Oc4cccc(C(=O)O)c4)n2)CSC3)cc1N1CCC1,22.80350850198276
Cc1cc(Cl)ccc1Oc1nnc(SCC(=O)O)n1Cc1ccc2c(c1)OCC2,22.80350850198276
COc1ccc(Oc2nc(N3CCC(Nc4ncccn4)=N3)cc3ccccc23)cc1Cl,22.93468988235943
Cc1cc(Sc2cn(C)c3ccccc23)nnc1OC1CCN(C(=O)OC(C)(C)C)C1,22.93468988235943
COc1ccc(-c2nnc(SC(C)(C)C)n2Cc2ccc3c(c2)OCO3)c(C(=O)O)c1,22.978250586152114
Cn1ccc(Oc2cc(Cl)cc3c2nc(Sc2ccccc2)n3CC(=O)O)cc1=O,23.043437243605826
Cc1ccc(Oc2cccc3c2nc(Sc2cccc4c2OCO4)n3CC(=O)O)cc1,23.08679276123039
COc1nc(Oc2ccc(O)c(Cl)c2)ncc1-c1ccc2ncn(C3CCOC3)c2c1,23.130067012440755
COc1ccc(-c2cc(C)c3c(c2)-n2nc(nc(Sc4ccccc4)c2=O)C(O)=N3)cc1,23.15167380558045
COc1ccc(C(C)(C)C)cc1-c1cnc(Sc2ccc3c(c2)OCO3)n1CC(=O)O,23.173260452512935
OCCn1cnnc1Sc1ccc2ncnc(Oc3ccc(Cl)cc3Cl)c2c1,23.2379000772445
CC(=O)Oc1ccc(-c2cc3c(n2Cc2ccc(C(=O)O)cc2)SCCS3)nc1,23.2379000772445
O=C(O)CSc1nnnn1-c1ccc(Oc2cc(Cl)cc(Cl)c2)cc1Cl,23.2379000772445
Cc1csc(-c2cc(Oc3c(Cl)ccc(C(=O)O)c3C)nc(N3CCOCC3)c2)n1,23.323807579381203
O=C(O)COc1cc(Oc2ccc(Cl)cc2Cl)c2snc(SC3CC3)c2n1,23.345235059857504
Cc1nc(Oc2ccc(Cl)cc2Cl)c2nc(SCC3CCOC3)nc(O)c2n1,23.388031127053
Cc1c(Oc2nc(SCC(=O)O)nn2-c2ccc(Cl)cc2)ccc2c1CCS2,23.40939982143925
O=C(O)CSc1ncc2ncn(Cc3ccc(Oc4cccc(F)c4Cl)cc3)c2n1,23.49468024894146
COc1ccc(C(=O)NC(C)(C)C)c(-n2nnnc2Oc2ccc(Cl)cc2Cl)c1,23.664319132398465
COc1ccc(Cn2c(=O)n(C3CCCC3)c(=O)c3cc(-c4ccc(O)cc4)sc32)cc1,23.727621035409346
CSc1cc(C(=O)O)ccc1CSc1nnnn1-c1cc(Cl)ccc1Cl,23.769728648009426
Cc1cc2c(c(Oc3nc(C)c(C)c(N4CCN(c5ccnc(N)n5)CC4)n3)c1)CCCC2,23.874672772626646
Oc1ccc(-c2ccc(CCSc3nnnn3-c3c(Cl)cccc3Cl)cc2)nn1,24.0
COc1cc(-n2nnnc2Oc2ccc(Cl)cc2Cl)c(C2CCSC2)cc1O,24.08318915758459
COc1ccc(-c2ccc(F)cc2)c2c1nc(Sc1ccc3c(c1)OCO3)n2CC(=O)O,24.1039415863879
CSc1ncnc2c1nc(O)n2Cc1ccnc(Oc2cc(Cl)cc(Cl)c2)c1,24.166091947189145
Cn1c(Oc2cc(Cl)cc(Cl)c2)c(Sc2nnnn2CC(=O)O)c2ccccc21,24.186773244895647
COc1cccc(Oc2nc(Cl)nc3c(O)nc(Sc4ccc(F)cc4)nc23)c1,24.20743687382041
CCN1C(C)=C(Sc2cc(Cl)cc(Cl)c2)C(N)C1c1cn2ccccc2n1,24.20743687382041
O=C(O)CSc1nnnn1-c1ccc(Oc2ccc(Cl)cc2)c(Cl)c1Cl,24.24871130596428
OCOc1c(Sc2nnnn2-c2cc(Cl)c(O)c(Cl)c2)ccc2ccccc12,24.535688292770594
Cc1cc(C)cc(Oc2nc(Nc3ccc4c(c3)OCCO4)nc(N3CCCCC3)n2)c1,24.535688292770594
O=C(O)COc1nc(Oc2ccc(Cl)cc2Cl)sc1C(=O)N1CCCCC1,24.596747752497688
Cc1cc(N2CCCC2)nc(-n2c(Oc3ccc(Cl)cc3C)cc(Cl)c2C(=O)O)n1,24.657656011875904
COC(=O)CSc1nc(Oc2ccc(Cl)c(O)c2Cl)c2cc(Cl)ccc2n1,24.819347291981714
CC1CN(C)Cc2cc(Oc3nc(SCC(=O)O)nc4cccc(Cl)c34)ccc21,24.819347291981714
CCOC(=O)c1c(Oc2cccc(C3=NCCN3)c2)nc2c(Cl)cccc2c1SC,24.899799195977465
Nc1nc(NC2CCN(Cc3ccccc3)CC2)nc(Oc2ccc(Cl)cc2Cl)n1,24.919871588754223
COc1cnc(N2CCC(Nc3ncccn3)CC2)nc1Oc1cccc2c1CCCC2,25.278449319529077
Oc1ccc(Cl)cc1-n1nc(CSc2ncccn2)nc1Oc1cccc2ccccc12,25.357444666211933
O=C(CSc1nnnn1-c1c(Cl)cccc1Cl)OCc1ccc(Cl)c(O)c1,25.37715508089904
CNc1ccc(OC(=O)CSc2nnnn2-c2ccc(Cl)c(Cl)c2)cc1Cl,25.45584412271571
Cc1nc(NC2CCN(c3ncccn3)O2)nc(Oc2ccc(Cl)cc2Cl)c1C,25.592967784139454
C=Cn1c(=S)n(CC(=O)O)c2ccnc(Oc3cc(C)c(OC)c4c3CCCC4)c21,25.612496949731394
COc1ccc(Oc2nc(NC3CCN(C(=O)OC(C)(C)C)CC3)nc3ccccc23)cn1,25.709920264364882
O=C(CCSc1nnnn1-c1cccc(Cl)c1Cl)Oc1ccc(Cl)cc1O,25.84569596664017
CSc1nc2c(c(Oc3ccc(Cl)cc3)n1)-c1cnn(CCC(=O)O)c1CCC2,26.0
O=C(O)COc1cc(Oc2ccc(Cl)cc2Cl)sc1C(=O)OC1CCCC1,26.210684844162312
Cc1cc(Oc2nc(N3CCN(c4ncccn4)CC3)nc3ccccc23)cc(C)c1O,26.514147167125703
COc1ccc(-c2cn(-c3ccc(O)cc3)nn2)c2c1C1(CCCC1)C(=O)[SH]2(C)=S,27.018512172212592
Cc1c(C(=O)O)c(=O)n(C2CCCC2)c2c(OCCn3cnc4ccccc43)cccc12,27.073972741361768
COc1ccc(Sc2nnnn2-c2cc(Cl)c(O)c(Cl)c2OC)c(Cl)c1,27.258026340878022
Cc1nnc(Sc2nn(Cc3ccc(O)c(F)c3)c3ccccc23)n1C1CCCC1,27.27636339397171
CN(C)c1nc2c(c(Oc3cccc(C(=O)O)c3)n1)CN(c1ccc3ccccc3c1)CO2,27.92848008753788
CNc1nc(Oc2ccc(Cl)cc2Cl)cc(SC2CCN(C(=O)OC)C2)n1,28.982753492378876
Cn1c(=S)n(C2CCCC2)c2c(Oc3cccc(OCc4ccccc4)c3)nnnc21,29.68164415931166
COc1cc(-c2nc3c(NCc4cccc(F)c4)ncnc3n2C2CCCCC2)ncn1,34.91418050019218
