SMILES,cats_euclidean_dist
Cn1cc(-c2nn(C)cc2-c2nc(Nc3ccn4ncnc4c3)c3sccc3n2)cn1,9.327379053088816
Cn1cc(-c2nc(-c3cnn(C)c3)n3nccc(Nc4nc5ccccc5s4)c23)cn1,9.591663046625438
Cn1ncnc1Nc1nc(-c2cc(-c3ccc(F)n3C)ns2)nc2sccc12,9.591663046625438
Cc1ncn(-c2nc(Cl)cc(NCc3csc(-n4nc5ccsc5n4)c3)n2)n1,9.695359714832659
Cn1cc(-c2nnc(Nc3nc(-n4cnc(-c5nccs5)c4)cs3)cc2Cl)cn1,9.695359714832659
Cn1cncc1-c1nsn1-c1ccnc(Nc2ccc(N3CCOCC3)cc2)n1,9.746794344808963
Cn1nc2ccc(-n3ccnc3)cc2c1-c1cc2c(cnn2C)c(Nc2nncs2)n1,9.9498743710662
Cn1cc(-c2csc(-c3ncnn3Cc3csc(Nc4ccccn4)n3)n2)cn1,9.9498743710662
C=CNc1csc(-c2nc(-c3ccnc(Cn4nnc5ccccc54)c3)ns2)n1,10.14889156509222
Cn1cc(-c2cc(F)nc(Nc3ccc(-n4cc(-c5cncs5)nn4)cc3)n2)nn1,10.198039027185569
Cn1ccnc1-c1ncc2c(Nc3ccc(Cn4ccnn4)nc3)nc3ccsc3n12,10.344080432788601
Cc1cc(-c2nc(=O)sn2-c2nc(Nc3ccncc3)c3ccsc3n2)n(C)n1,10.344080432788601
Cn1cc(-c2ccc3c(c2)cc(Nc2nc(-c4nccs4)n(C)n2)c2nncn23)cn1,10.344080432788601
Cc1cc(Nc2ncc(-c3cn(C4CCSCC4)nn3)s2)nc(-n2ccnc2)n1,10.392304845413264
Cc1ncn(-c2cc(Nc3nc(-c4cncs4)cs3)cc(-c3cnn(C)c3)n2)n1,10.535653752852738
CSc1nnc(-c2cn3nc(Nc4ccc(-n5cccn5)cc4)sc3n2)s1,10.535653752852738
CNc1nsc(-c2ncc(-c3cccc(-n4ccc(C)n4)n3)n2-c2cccs2)n1,10.583005244258363
Cn1c(-c2cnccc2O)nc2ccc(Sc3nnc(-c4cncs4)s3)nc21,10.583005244258363
Cc1nnc(Cn2nc3ccccc3c2-c2nsc(-c3cnc(N)s3)n2)s1,10.677078252031311
Cn1c(Sc2ccccc2)nnc1-c1cn(-c2cc(O)c3scnc3c2)nn1,10.723805294763608
Cn1c(-c2ccnn2Cc2cccs2)cnc1Nc1cc(-n2cncn2)ns1,10.770329614269007
Cn1cc(Cl)c(CNc2nc(-n3cnnc3-c3cncs3)cc3ncsc23)n1,10.862780491200215
c1cc(CNc2nc(-c3cncs3)cc(-n3snc3-c3cncs3)n2)ccn1,10.908712114635714
Cn1cc(-c2nnsc2-c2ccnc(Nc3ccc(N4CCOCC4)cc3)n2)cn1,10.954451150103322
Cn1cc(-c2cc(-c3nnc(Sc4nc5cccnc5s4)n3C)sn2)cn1,11.0
Cc1cc(-c2cc3c(cn2)cnn3-c2nc(-c3nnc(S)s3)cs2)n(C)n1,11.090536506409418
Cc1ccn(-c2nc(Nc3sc(C)c4c3COC4)nc(-n3ccc4cccnc43)n2)n1,11.090536506409418
OCCn1cc(-c2nnc(Sc3nc4ccccc4s3)n2-c2cccs2)nn1,11.269427669584644
Cn1sc(-c2ccnc(Nc3cccnc3)n2)c1-c1nnc(-c2nccs2)n1C,11.269427669584644
Cn1cncc1-c1cn(-c2csc(Nc3ccc(-n4cncn4)cc3)n2)c(Cl)n1,11.269427669584644
c1cc(Oc2ccnc(Nc3cccnn3)c2)cc(-n2ncnc2-c2nccs2)c1,11.313708498984761
Cc1csc(-n2c(SCc3ccc4c(c3)OCO4)nnc2-c2nccs2)n1,11.357816691600547
Fc1cnc(-n2ccnc2)nc1-n1nc(-c2nccs2)nc1NCc1cccs1,11.445523142259598
CSc1nnc(-c2nc(Nc3ccc(Cn4cncn4)cc3)n3ccsc23)s1,11.445523142259598
Cc1nc(CNc2nc(-c3nncs3)c(-c3cn4cnccc4n3)s2)cs1,11.445523142259598
Cc1nc(Nc2nc(C(F)(F)F)cs2)cc(-n2sc(=O)nc2-c2cnn(C)c2)n1,11.445523142259598
Cn1cc(-c2nc(F)sc2-c2nsc(Nc3ccc(-n4cncn4)cc3)n2)cn1,11.445523142259598
CCc1nsc2cc(-c3ncnc(Nc4ccc(N5CCOCC5)cc4)n3)sc12,11.445523142259598
Cn1cc(-c2cc(-c3csc(Nc4ccc(-n5cncn5)cc4)n3)sn2)cn1,11.489125293076057
Cc1csc(-n2nc(SCc3ccc4ncnn4c3)nc2-c2cncs2)n1,11.532562594670797
c1sc(NC2CC2)nc1Sc1ccc2sc(-c3cn(C4COC4)nn3)nc2n1,11.661903789690601
Cc1ccn(-c2cccc(-c3cc(-n4ccnc4)nn3-c3cc(C(=O)O)cs3)n2)n1,11.704699910719626
Cn1nccc1-c1cc(=O)sn1-c1cc(-c2cncs2)nc(Nc2cccnc2)n1,11.789826122551595
Cc1cc(-n2cc(-c3nccs3)nn2)nn1-c1nc(Nc2ccccc2)ncc1F,11.789826122551595
Cc1nnc(-n2nc(Sc3nccs3)nc2-c2cc(C(F)(F)F)nn2C)s1,11.874342087037917
COc1ccc(-n2nc(Sc3nnc4ccccn34)nc2-c2nccs2)cc1,11.874342087037917
c1cc(-c2cc(-c3ccnn3CC3CCOCC3)ns2)nc(Nc2nccs2)n1,11.916375287812984
COc1cc2c(nc(-c3nccs3)n2-c2ncnc(NCc3cccs3)n2)s1,11.958260743101398
Oc1ccc(-n2ncnc2-c2nc(-c3cncs3)nn2Cc2cscn2)cc1F,11.958260743101398
Cc1nsc(-n2nc(-c3cncs3)nc2-c2csc(NCC(F)(F)F)n2)n1,11.958260743101398
Cn1c(-c2nccs2)nc(F)c1-c1nnc(Nc2ccnc3c2cnn3C)s1,11.958260743101398
Cc1csc(Nc2cc(-n3cc(-c4nccs4)nc3F)cc(-n3cncn3)n2)n1,11.958260743101398
Cc1ncn(-c2nc(Nc3cccs3)cc(-n3ccnc3-c3nccs3)n2)n1,11.958260743101398
Cn1ncc(-c2c3c(NCc4cscn4)nc(-c4cscn4)nc3nn2C)c1F,11.958260743101398
Cc1noc(-c2sc(N3CCOCC3)nc2Nc2cccc(-c3cncs3)n2)n1,12.0
Cn1cc(-c2nnc(-c3nnc(Sc4nc5ccccc5s4)n3C)s2)cn1,12.041594578792296
Cn1c(Sc2nnc(-c3cscn3)n2-c2ccccc2)nnc1-c1cncs1,12.041594578792296
Cc1noc(-c2nc(Cl)sc2-c2nc(N[C@@H]3CCN(C)C3)c3sccc3n2)n1,12.083045973594572
Cc1cnn(-c2cc(Nc3nc4ncccc4s3)cc(-n3c(C)nc4sccc43)n2)n1,12.12435565298214
Cn1nnc2cc(Nc3nc(-c4cn(C5CCOC5)nn4)cc4cnsc34)ccc21,12.12435565298214
Cc1nc(Nc2ccc(C#N)s2)c2sc(-c3cc(N4CCCC4)n(C)n3)nc2n1,12.12435565298214
CNc1nccc2c1ncn2C1CCN(c2nc(Cl)cc(-c3nncs3)n2)CC1,12.12435565298214
Cn1c(Sc2nc3ccccc3s2)nnc1-c1nnc(O)n1-c1ccccc1,12.288205727444508
Cn1cc(-c2nc(-c3cncs3)n3ncnc(Nc4ccc5c(ccn5C)n4)c23)cn1,12.288205727444508
Cc1nsc(-c2nc(Nc3nc4ccccc4s3)sc2-c2ncnn2C)n1,12.288205727444508
Cn1cnc2nc(-c3nnc4c(-c5cccs5)nnc(NCc5cccs5)n34)cn21,12.288205727444508
Cc1nn(-c2cc3nc(N)sc3cn2)cc1-c1ccnc(Sc2nccs2)n1,12.288205727444508
CNc1cc(-n2nc(-n3ncc4sccc43)nc2-c2nccs2)nc(C)n1,12.288205727444508
c1csc(Nc2ccc(Oc3c(-c4ccn5ncnc5c4)nnn3C3COC3)cc2)n1,12.328828005937952
Cn1nccc1-c1c(-c2nnc(Sc3nc4ccccc4s3)s2)nnn1C,12.36931687685298
Cc1nn(-c2nc3cc(Cl)nc(Nc4cncs4)c3n2C)cc1-c1nncs1,12.409673645990857
Cc1ncn(-c2ccc3nc(Nc4ccc(-c5c6scnc6nn5C)cc4)sc3n2)n1,12.449899597988733
Cc1ccc(-n2c(C)nc3sc(Nc4nccc(N5CCOCC5)n4)nc32)s1,12.449899597988733
Cc1ccnc(Nc2cccc3nc(-c4cn(C5CCN(C)CC5)nn4)sc23)n1,12.449899597988733
Cn1cc(-c2nc(N3CCOCC3)sc2-c2ccnc(Nc3ccncc3)n2)cn1,12.489995996796797
Cc1cc(-n2nc(Sc3nc4cc(F)ccc4n3C)nc2-c2cnccn2)sn1,12.529964086141668
Cc1nc(-c2ccc(-n3nc(N)nc3Sc3nc4ccccc4s3)nc2)cs1,12.569805089976535
Cc1ccn(-c2nc(Nc3nc4ccccc4s3)cc(-n3nc(C)nc3Cl)n2)n1,12.569805089976535
Cc1csc(-n2c(SCc3ccc4c(c3)OCO4)nnc2-c2nncs2)n1,12.569805089976535
Cn1nc2c(c1-c1nnc(Nc3cncs3)n1C)CN(c1ncc(Cl)s1)CC2,12.569805089976535
Cn1c(N2CCCC2)nc(Nc2ccc(-n3cncn3)nc2Cl)c1-c1nccs1,12.569805089976535
Cc1noc(-n2cc(-c3cnn(C)c3)nc2-c2cnc(Nc3cccc(F)n3)s2)n1,12.609520212918492
Cc1ccn(-c2nc3cnc4ccsc4n3c2-c2ccnc(Nc3cnn(C)c3)n2)n1,12.609520212918492
Cc1cnc(Nc2ccc(-n3ncnc3-c3nnn4c(N5CCC5)nccc34)cc2)s1,12.609520212918492
Cn1cc(CNc2nnc(-c3cncs3)c3nc(-c4cccs4)sc23)nn1,12.609520212918492
Cc1ccn(-c2cc(Nc3cc4scnc4c4cncn34)nc(-n3ccc(C)n3)n2)n1,12.609520212918492
Cc1noc(-c2nsn2-c2nc(NC3CCN(C)CC3)cc(C(C)(C)C)n2)n1,12.609520212918492
c1csc(Cn2cc(-c3csc(Nc4ccnc(N5CCOCC5)n4)n3)nn2)c1,12.649110640673518
CCn1c(Nc2ccnc(-c3cncs3)c2)nc2c1COCn1nc(C)nc1S2,12.649110640673518
Cn1nc(N2CC2)nc1-c1cn2cccc(Oc3ccnc(Nc4nccs4)c3)c2n1,12.649110640673518
CSc1nnc(-c2nc(-c3cnc(O)s3)nn2-c2ccc3ncn(C)c3c2)s1,12.649110640673518
Cc1noc(-n2c(-c3ccc(NC4CCSCC4)nn3)cnc2-c2ccncc2)n1,12.649110640673518
CCn1ncc2sc(-c3cc(N4CCOCC4)nc(Nc4nncs4)n3)cc21,12.649110640673518
C#CCn1c(Sc2ccc3nc(-c4cn(C)cn4)sc3c2)nnc1-c1nncs1,12.68857754044952
Cc1cn(-c2cc(Nc3nc4c(Cl)cccc4s3)nc(-n3ccc(C)n3)n2)nn1,12.727922061357855
Cc1csc(-c2c(-c3nc(C)no3)nc(N3CCN3)n2-c2ccc3ncsc3c2)n1,12.767145334803704
COC(=O)c1ccc(Nc2nc(-c3ncnc4nc(C)sc34)c3sccn23)cc1,12.806248474865697
Cn1nnnc1-c1scnc1Oc1cccc(Nc2nc3ccccc3s2)n1,12.806248474865697
Cn1c(Sc2ccccc2)nnc1-c1nnc(-c2nncs2)n1-c1cccs1,12.84523257866513
Cc1nsc(-c2nn3ccsc3c2-c2nc(Sc3cncs3)nn2C)n1,12.84523257866513
Cn1cc(CNc2ncnn3c(-c4nccs4)nc(-c4ncc(Cl)s4)c23)cn1,12.884098726725126
Cn1cc(-c2nc(-c3nnc(S)n3-c3cccs3)nn2CC2CCCCC2)nn1,12.884098726725126
CCn1c(-c2cncs2)nc2nc(-n3nc(C)c4c(-c5cscn5)ncn43)ccc21,12.884098726725126
Cc1noc(-c2nsn2-c2cc(Nc3ccccc3)nc(N3CCOCC3)c2)n1,12.922847983320086
Cn1c(-n2ncnc2-c2nc(CO)cs2)cnc1Sc1nc2ccccc2s1,12.922847983320086
CNc1csc(-c2nn(Cc3csc(-c4nncs4)c3F)c3ncncc23)n1,12.922847983320086
Cc1ccn(-c2ncc3scc(-c4nc(Nc5cnc6sccn56)nn4C)c3n2)n1,12.922847983320086
Cc1ncn(-c2ncsc2-c2ccnc(Nc3ccc(N4CCOCC4)cc3)n2)n1,12.96148139681572
Cc1ncn(-c2ccnc(-c3snnc3-c3ccc(Nc4ccsn4)cc3)n2)n1,12.96148139681572
Cc1nsc(-n2c(-c3cccc(Nc4ccccn4)n3)nnc2-c2nccs2)n1,12.96148139681572
Cc1ncn(-c2nc(-c3nc(NC4CC4)c4ccsn34)ccc2-c2nccs2)n1,12.96148139681572
Cc1ncn(-c2nc(Nc3cccc(N4CCOCC4)n3)cc(-c3ccsc3)n2)n1,12.96148139681572
Cn1c(-c2nccs2)nnc1-c1nnc(SCc2nc3ccccc3s2)s1,13.0
Cc1nnc(-c2cscn2)n1-c1nc(NCc2cncs2)c2ccc(Cl)n2n1,13.038404810405298
Cc1nnn(-c2ccc(Nc3nc4c(nc(-c5nccs5)n4C)s3)c(Cl)c2)n1,13.038404810405298
Cn1c(-c2nccs2)nc2ccc(CNc3nc(-n4nccn4)nc4ccsc34)cc21,13.076696830622021
Cn1ncnc1-c1cn(-c2cccnc2Oc2ccnc(N3CCC4(CC4)C3)n2)s1,13.114877048604
Cn1cc(Nc2nccc(-c3nc4sc(-c5cc(F)n(C)n5)cc4s3)n2)cn1,13.114877048604
Cc1nc(Nc2ccc(N3CCOCC3)cc2)nc(-n2snc2-c2nccs2)n1,13.114877048604
Cc1nc(-c2cn3ccnc3c(Nc3ccc4c(c3)OCO4)n2)c(-c2cn(C)nn2)s1,13.114877048604
Cn1cc(-c2nnc(SCc3nc4ccccc4s3)n2-c2nccs2)nn1,13.152946437965905
Cn1nncc1-c1nc(-c2cc3c(N4CCC(Nc5nccs5)C4)ncnc3o2)cs1,13.228756555322953
Cn1cc(-c2cc(-n3snc3-c3cncs3)nc(Nc3ccncc3)n2)cn1,13.228756555322953
Cn1nc(F)cc1-c1cc(-c2nccs2)nn1-c1nccc(Nc2cncs2)n1,13.228756555322953
Cc1nn(-c2nc(CO)cs2)cc1-c1nnc(Sc2ccc3c(c2)OCO3)s1,13.2664991614216
Cn1cc(-c2nc(Sc3ccc(F)cc3)sc2-c2nnc(C(=O)O)n2C)cn1,13.2664991614216
CSc1c(F)nn(C)c1-c1nc(-n2cc(C(=O)O)c(-c3cscn3)n2)cs1,13.2664991614216
Cc1nc(N2CCCC2)cc(-n2cc(-c3cnc(Nc4ccc(F)nc4)s3)nn2)n1,13.2664991614216
Oc1ccc2ccc(OCc3c(-c4cnc(N5CCCC5)nc4)nc4sncn34)cc2n1,13.2664991614216
Cc1csc(Sc2nnc(-c3cc(N)cs3)c3cc(-c4cn(C)nn4)cn23)n1,13.341664064126334
Cc1noc(-c2nc(Cl)sc2-c2cc(Cl)nc(NC3CCN(C)CC3)n2)n1,13.379088160259652
COc1cn(-c2ccc3nc(-c4cnc(NC5CC5)s4)n(-c4cccs4)c3n2)nn1,13.379088160259652
Cn1c(Sc2nnc(Nc3ccc(Cl)cc3)s2)nnc1-c1ccc2nncn2c1,13.379088160259652
Cn1c(-c2cc(-c3cccc(NC4CCOCC4)n3)sn2)nnc1-c1nccs1,13.379088160259652
Cn1c(-c2nsc(Nc3ccc(N4CCOCC4)nc3)n2)cnc1-c1nccs1,13.416407864998739
CSc1ncc(-c2nc(Nc3ccc(-n4cncn4)cc3)n3nc(C)cc3n2)s1,13.416407864998739
Cn1cc(-c2nnn3c(-c4cncs4)nc(NCc4ccsc4Cl)nc23)cn1,13.490737563232042
CC1CCN(c2cccc(-n3nc(N4CCCC4)nc3Nc3nccs3)n2)CC1,13.490737563232042
Cc1ccc(-c2nc(Cn3c(-c4cncs4)nc4ncnc(N5CCN5)c43)cs2)o1,13.527749258468683
O=C(O)C1CCN(Cc2ccn(-c3nc(-c4nccs4)no3)c2-c2nccs2)CC1,13.527749258468683
Cc1nc2sc(Nc3cc(-c4ncnn4C)nc(N4CCCOCC4)n3)cc2s1,13.527749258468683
Cn1c(-c2cn(-c3ccc(Nc4nccs4)cc3)c(=O)cn2)nnc1-c1nccs1,13.527749258468683
Cn1c(Sc2ccc3nc(-c4cncs4)sc3n2)nnc1-c1ccc(O)cn1,13.564659966250536
Oc1ccc(-n2nncc2-c2nnc(Sc3nncn3-c3ccccc3)s2)cc1,13.564659966250536
Cc1ccn(-c2nsc(-c3ccnc(Nc4ccc(N5CCOCC5)cc4)n3)n2)n1,13.564659966250536
Cn1ncc2ccc(-c3nnn4nc(CSc5nc(C(C)(C)C)ns5)n(C)c34)cc21,13.601470508735444
Cn1cc(-c2ccc(-c3nnc(SCc4nc5sccn5n4)s3)nc2)cn1,13.601470508735444
Cc1ncn(-c2ccc(Nc3nc(-c4cncs4)nc4cn(C)nc34)c(Cl)c2)n1,13.638181696985855
COc1ccc(Nc2nc(-n3c(-c4nccs4)nn(C)c3=O)c3sccc3n2)cc1,13.674794331177344
Cc1nsc(-c2nc(NC3CCOCC3)c3scc(-c4cnn(C)c4)c3n2)n1,13.674794331177344
Cc1ccc(N2CCC(Nc3cc(-c4nncs4)nc(-c4cncs4)n3)CC2)o1,13.674794331177344
Cn1c(CSc2nnc(-c3cn4cc(C(=O)O)sc4n3)s2)nc2ccccc21,13.711309200802088
Cn1cc(-c2cc(-n3cnc(Sc4nccs4)n3)cc(-c3nccs3)n2)cn1,13.74772708486752
Cc1ccn(-c2nc(NCc3nc4ccsc4s3)cc(-n3cnc4cccnc43)n2)n1,13.820274961085254
COc1cc(N2CCOCC2)ccc1Nc1nc(-c2cnsn2)c2ccsc2n1,13.856406460551018
Cn1c(-c2ncnc(Nc3ccc(N4CCOCC4)cc3)n2)nnc1-c1nccs1,13.96424004376894
CNc1nccc2nc(-c3cn(-c4ncsc4-c4nccs4)c(C)n3)nn12,13.96424004376894
Cc1ncn(-c2cc(-c3nc4c(s3)CCCN(C)C4)nc(Nc3nccs3)n2)n1,13.96424004376894
Cn1c(-c2nccs2)nn2c(-c3cc(Nc4cc(N5CCC5)ncn4)ncn3)ccc12,13.96424004376894
Cc1nc(Nc2cccc(N3CCOCC3)n2)cc(-n2cc(-c3cscn3)nn2)n1,13.96424004376894
Cn1cc(-c2cc(-c3nc(N4CCC4)nc(-n4ncc5ccc(O)cc54)n3)sn2)cn1,13.96424004376894
Cc1ccn(-c2nccc(-c3csc(Nc4ccc(N5CCOCC5)cc4)n3)n2)n1,13.96424004376894
Cc1nnc(C2CCN(c3ccc(Nc4ncc(-c5nccs5)s4)nn3)C2)s1,13.96424004376894
CNc1nc(-c2csc3sc(OC)nc23)cc(-n2cc(-c3nccs3)nn2)n1,14.0
CNc1nsc(-c2csc(-c3c4ncccc4nn3Cc3nnc(C)s3)n2)n1,14.0
Cn1c(-c2nccs2)nc2oc(Sc3cc4c(N)nc(N5CCC5)nc4s3)nc21,14.071247279470288
Cn1cc(-c2cn(-c3ccnc(Nc4ccc(-n5cncn5)cc4)n3)c(Cl)n2)cn1,14.071247279470288
CCn1c(-c2nc(C(C)(C)C)ns2)nnc1-c1nnc(Sc2ccncc2)s1,14.071247279470288
Cn1cc(Nc2nc(-c3cncs3)nc3c(-c4nc(Cl)cs4)n(C)nc23)cn1,14.071247279470288
Cc1nsc(-c2nsn2-c2cc(Cl)nn2-c2nc(Cl)cc(NC3CC3)n2)n1,14.106735979665885
CSc1nnc(-c2cc3c(nc(-c4nc(Cl)cs4)n3CC(=O)O)s2)s1,14.106735979665885
COc1nc(Nc2ccc(N3CCOCC3)cc2)nc(-n2onc2-c2cccs2)n1,14.142135623730951
Cc1cn(-c2cc(Nc3scc4c3CCSC4)nc(-c3nc(C)ns3)n2)nn1,14.142135623730951
Cc1ccc2nc(-c3nc(N4CC4)ns3)c(-c3cccc(Nc4nccs4)n3)n2n1,14.142135623730951
Cc1nnn(-c2ccc(Nc3cc(-c4ncc(F)s4)nc(N4CCCC4)n3)cc2)n1,14.142135623730951
Cn1cc(-c2cc3nc(Sc4ccccc4Nc4nncs4)nn3c(F)n2)cn1,14.142135623730951
Cn1cc(-c2nnc(N3CCCC3)s2)nc1Sc1ccnc2cc(C(=O)O)cn12,14.177446878757825
Cn1nc(-c2nnc(SCc3ccc4c(c3)OCCO4)s2)nc1-c1cncs1,14.212670403551895
Cc1ncc(Nc2cc(Cl)cc3c(-c4nnc(-c5cnn(C)c5)s4)nnn23)s1,14.212670403551895
Cc1csc(-n2c(-c3cccc(N4CCCNCC4)n3)nnc2-c2nc(C)ns2)n1,14.247806848775006
Cc1cc(-n2ncc3c(-c4nccs4)cnn32)nc(NCc2cccc3c2OCO3)n1,14.2828568570857
Cn1cnnc1Sc1ccc2nc(-c3nc(CO)cs3)n(-c3nccs3)c2n1,14.2828568570857
Cn1cc(-c2cc3c(cn2)nc(Sc2nnnn2-c2ccccc2Cl)n3C)cn1,14.2828568570857
CSc1nnc(-c2cn(-c3ncnc4c3c(O)cn4C3CCOCC3)nc2C)s1,14.2828568570857
Cc1ccnc(-n2scc2-c2nc3nc(Nc4nc(C)c(Cl)s4)ccn3n2)n1,14.352700094407323
COc1ccc(-n2nc(Sc3ccc4c(c3)OCO4)nc2-c2cscn2)cn1,14.352700094407323
Cc1nc(-c2nc3c(Nc4cnn(C)c4)nccc3s2)n(-c2cn3ccsc3n2)n1,14.38749456993816
C#Cn1nc(-c2cnc(Nc3ccc(C(=O)OC)cc3)n3nc(Cl)cc23)nc1C,14.38749456993816
Cn1cc(-c2nn3nc(-c4ccnc(Nc5ccc6ncsc6c5)n4)cc3n2C)cn1,14.38749456993816
CNc1ccc(-n2nc(C(C)(C)C)nc2-n2nnnc2Sc2cccs2)cc1,14.38749456993816
CSc1cc(NC(=O)c2cscn2)nc(-c2nc(-n3ccc(C)n3)ns2)c1,14.422205101855956
Cn1nccc1-c1cc(Nc2nc(-c3cncs3)nc(N3CCOCC3)n2)cs1,14.422205101855956
Cc1nsc(-c2nc(-c3csc(Nc4ccc5c(c4)OCCO5)n3)nn2C)n1,14.422205101855956
CSc1nnc(Oc2ccc3nn(C)c(-c4nncn4C4CCNCC4)c3c2)s1,14.422205101855956
Cn1cc(-c2cn(-c3nc(C(=O)O)cs3)nc2Sc2ccc3c(c2)OCO3)cn1,14.45683229480096
Cc1c(Cl)nc(NCc2cn(-c3ccccc3)nn2)n2nc(-c3cscn3)nc12,14.491376746189438
CCc1nnc(N2CCC(n3sc4c(N)nc(-c5cncs5)nc43)CC2)s1,14.491376746189438
Cn1cc(-c2nsc(=O)n2-c2cc(-c3csc(Nc4ccncc4)n3)ns2)cn1,14.52583904633395
CNc1nc2c(ncn2C2CCN(c3cccc(-c4nnc(C)s4)n3)CC2)s1,14.52583904633395
C=CCn1c(Nc2nc3ccccc3s2)nnc1-c1nnc(N2CCCC2)s1,14.52583904633395
Cn1nc(C(=O)O)cc1-c1nc(Sc2csc3c(Cl)csc23)n(C)n1,14.560219778561036
Cn1ncnc1-c1c(-c2nc(Nc3ccc4c(c3)OCO4)nc3c2COC3)sn1C,14.560219778561036
Cc1noc(-c2nc(N3CC3)sc2-c2ccc3cnc(Nc4nccs4)n3n2)n1,14.560219778561036
Cc1nsc(-c2cncc(-c3csc(N4CCC(c5nnc(C)s5)CC4)n3)n2)n1,14.628738838327793
Cc1nc2c(N)ccc(-n3nc(Sc4ccn(C)n4)nc3-c3nccs3)c2s1,14.628738838327793
Cc1nn2cc(-c3nnc(-n4cccc4)c(NCc4ccnc(Cl)c4)n3)nc2s1,14.628738838327793
Cc1nsc(C2CCN(c3nc(-c4nc(C(=O)O)cs4)c(Cl)n3C)CC2)n1,14.66287829861518
Cc1nc(N2CCOCC2)ccc1Nc1ncc(-c2nc(-c3nccs3)no2)s1,14.696938456699069
Cc1csc(-c2nc(Nc3ncnc4c3CCS4)sc2-c2nc(C)nn2C)n1,14.696938456699069
COc1ccnc(-n2nccc2Nc2nc(-c3nccs3)nc3ccsc23)n1,14.696938456699069
c1ccc(CNc2cc(-n3ncc(-c4nccs4)n3)nc(-c3cncs3)n2)nc1,14.696938456699069
Cn1c(Sc2nnc(SC3CCCC3)n2-c2cccc(Cl)c2)nn(O)c1=N,14.696938456699069
COc1ccc2cc(-c3nc4cncc(-n5snc5C5CCNCC5)n4n3)oc2c1,14.696938456699069
C=Nc1nn(C)c2nc(-c3nccs3)nc(Nc3ccc(N4CCOCC4)cc3)c12,14.696938456699069
CNc1nccc(-c2ncn(-c3ncnc(-c4nccs4)n3)c2-c2cccs2)n1,14.696938456699069
Cn1nc(-c2nncs2)nc1-c1nnc(Sc2nc3ccc(Cl)cc3s2)n1C,14.730919862656235
Cn1cnc(-c2nnc(SCc3nc4ccccc4s3)n2-c2csc(N)n2)c1,14.7648230602334
Cc1nc2nc(Sc3nc(-c4ccsc4)ns3)n(-c3ccccc3)c2nc1N,14.7648230602334
Cn1nnc(N)c1-c1c(-c2nccs2)nc(Sc2nc3ccccc3s2)n1C,14.7648230602334
Cc1cn(-c2cc(-c3cnc(N4CCOCC4)s3)nc(Nc3ccncc3)n2)nn1,14.798648586948742
Cc1noc(-c2nnc(N3CCC(Nc4nc5ccccc5s4)CC3)n2C)n1,14.798648586948742
CSc1nnc(-c2ncc(O)n2-c2ccc3c(n2)c(C)nn3-c2cccs2)s1,14.798648586948742
Cn1nccc1-c1nnc(-c2csc(Nc3ccc(Cl)cn3)n2)n1-c1cncnc1,14.798648586948742
Cc1nsc(-c2nnc(N3CCC(Nc4nc5ccccc5s4)CC3)n2C)n1,14.798648586948742
Cc1nsc(-c2sc(-c3csc(NC4CCOC4)n3)nc2-n2cnc(C)n2)n1,14.798648586948742
Cn1cc(-c2cc(-c3nccs3)nc(Nc3ccc4snnc4c3)n2)c(N2CC2)n1,14.832396974191326
Cc1ncc(Nc2ncc(F)c(-c3nnn(C)c3-c3ccc4c(c3)OCCO4)n2)s1,14.832396974191326
Cc1nc(NC2CCN(c3nccs3)CC2)cc(-n2cc(-c3cncs3)nn2)n1,14.832396974191326
CCn1c(-c2nncs2)nnc1N1CCC(Nc2nc3ncccc3s2)CC1,14.832396974191326
CSc1nnc(-c2c(-c3nccs3)nn(C)c2NC(=O)c2cncs2)s1,14.832396974191326
Cc1nsc(-c2ccn(-c3ccc(Oc4ccc(N5CCC(=N)NC5)nn4)cc3)n2)n1,14.832396974191326
Cc1csc(-n2cc(-c3ccnn3C3CCOCC3)nc2-c2nc(C)ns2)n1,14.89966442575134
Cn1c(-c2cccc(Oc3nnc(SC4CCNC4)s3)n2)nc2sncc21,14.933184523068078
Cc1cc(-n2nnnc2-c2nccs2)nc(Nc2ccc(N3CCOCC3)cc2)n1,14.933184523068078
Cn1nc(N2CCCC2)nc1Oc1ccc(Nc2nc3ccc(Cl)nc3s2)nc1,14.933184523068078
Cc1nsc(-c2ncnn2-c2cc(Cl)c(Nc3ccnc(N4CCC4)n3)s2)n1,14.933184523068078
Cn1cc(-c2cc3nc(-c4cn5ncnc5s4)nc(NCc4cccs4)n3n2)cn1,14.933184523068078
Cc1nnc(-c2cc(N3CCOCC3)nc(Nc3ccc(-n4cncn4)cc3)n2)s1,14.933184523068078
Cn1c(Sc2nc3ccccc3s2)nnc1-c1nn(O)c(=S)n1-c1ccccc1,14.933184523068078
Cn1c(Sc2nc3ccccc3s2)nnc1-c1nsc(=O)n1-c1ccc(O)cc1,14.933184523068078
Cc1ccn(-c2cc(Nc3nc(-c4ccc5ncnn5c4)cs3)nc(N3CCCC3)n2)n1,14.966629547095765
Cc1ccc(Nc2nc(-n3c(-c4ccc5c(c4)OCO5)nn3C)nc3scnc23)cn1,14.966629547095765
CN1CCn2nc(-c3ccc(Nc4ncc5nc(-c6cnn(C)c6)sc5n4)cc3)nc21,14.966629547095765
Cn1cc(-c2nccc(N3CCC(Nc4nnc(-c5nccs5)s4)CC3)n2)cn1,14.966629547095765
Cn1c(-c2nc(Sc3nnnn3-c3ccccc3)ns2)nc2cc(S)ccc21,14.966629547095765
N#Cc1csc(CN2CC(n3nnc4ccc(-c5nnc(NC6CC6)s5)nc43)C2)c1,14.966629547095765
c1csc(CNc2cc(-n3cnnc3-c3cncs3)nc(-c3cncs3)n2)n1,14.966629547095765
CNc1ccc2nc(-c3nnc(Sc4nc5ccccc5s4)n3C)sc2[n+]1[O-],15.033296378372908
Cn1cc(Cn2c(-c3nccs3)nnc2-c2nc(-c3nccs3)cs2)cn1,15.033296378372908
Cc1cc(O)nc(C2CCN(c3nc(-c4ccn5nc(Cl)nc5n4)cs3)CC2)n1,15.066519173319364
CNc1nccc(-c2nnc3c(-c4cn(Cc5cc6ccccc6s5)nn4)ccnn23)n1,15.0996688705415
Cn1c(Sc2sccc2C(=O)O)nnc1-c1nc2nc(N3CCC3)ccc2s1,15.0996688705415
Cn1c(Sc2nc3cccnc3s2)nnc1-c1cc(OC2CCNCC2)ns1,15.0996688705415
Cn1nnnc1N1CCC(n2c(Oc3cccc(Cl)c3)nc3cnccc32)CC1,15.0996688705415
Cn1cc(-c2cc(Nc3nccs3)nc(N3CCCC3)n2)nc1-c1nncs1,15.0996688705415
CSc1nnc(-c2ncc3sn(C4CCN(c5cc(O)ccn5)CC4)c3n2)s1,15.0996688705415
CNc1cccc(-c2nc(-n3ccc(C)n3)nc(-n3c(Cl)nc4sccc43)n2)n1,15.165750888103101
COC(c1ccco1)n1ccc(N2CCC(Nc3nc4nnsc4s3)CC2)n1,15.198684153570664
COc1cn(-c2cccc(-c3nc(Nc4ncc(Cl)s4)nc4ccnn34)c2)nn1,15.198684153570664
Oc1cccc(-n2c(Sc3cccs3)nnc2C2=NS(n3cccn3)=CC=N2)c1,15.198684153570664
CSc1cc2nc(Nc3ccc(-n4cnnn4)cc3)nc(-c3ccnn3C)c2s1,15.231546211727817
Cc1cc(-c2c(Nc3ccnc(C(F)(F)F)n3)nnn2C)n(-c2nc(C)ns2)n1,15.231546211727817
Cc1nc(C)c(-c2nc(N3CCC3)c3ncc(-c4nc5c(cnn5C)s4)n3n2)s1,15.231546211727817
Cc1nsc(-c2ncnn2-c2cccc(NC3CCN(c4nccs4)CC3)n2)n1,15.231546211727817
Cc1cc(-c2nc(-c3nccs3)n(C)n2)c2cc(N)n(CC3CCSS3)c2n1,15.264337522473747
Cn1cnc2ccc(-c3csc(Sc4nsc(N5CCC(N)CC5)n4)n3)cc21,15.297058540778355
Cn1ncc2sc(-c3nc(NCc4cccs4)n4nccc(-n5cncn5)c34)nc21,15.329709716755891
Cc1ccn(-c2cnc(NC3CCOCC3)c3cc(-c4nc(-c5cncs5)no4)cn23)n1,15.329709716755891
O=C(O)Cn1c(-c2csc(N3CCC(n4cccn4)CC3)n2)cnc1-c1nccs1,15.362291495737216
Cn1cc(-c2nc3c(c(Nc4nncs4)n2)C(C)(C)CN(c2nccs2)C3)cn1,15.362291495737216
Cc1nc(N2CC2)nn1-c1nc(-c2cnc(Nc3ccccn3)s2)nc2sccc12,15.362291495737216
CN1CCC(n2cc(-c3scnc3Oc3ccnc(Nc4nccs4)c3)nn2)CC1,15.362291495737216
Cn1c(Sc2nc(-c3nccs3)ns2)nc2cc(-c3nnc(O)s3)ccc21,15.362291495737216
Cc1nc(CNc2nc(-c3nc4cnccc4s3)nc3c2cnn3C2COC2)cs1,15.362291495737216
Cn1c(Sc2nc(-c3cccs3)nn2-c2ccc(O)nc2)nnc1-c1nccs1,15.362291495737216
c1cc(-c2nnc(-c3cnc4nccn4c3)n2CC2CCOCC2)nc(NC2CC2)n1,15.459624833740307
Cn1c(Sc2nnnn2-c2ccccc2Cl)nnc1-c1ccc2sc(O)nc2c1,15.459624833740307
CNc1ccnc(-n2c(-c3cccs3)nn3nc(SCc4nccs4)nc23)n1,15.491933384829668
COC(=O)c1ccc(Nc2nc(-c3nnc(N4CCOC4)s3)nc3sccc23)cc1,15.491933384829668
Cc1nc(N2CCOCC2)c2cc(-c3nnc(-c4nc(CO)cs4)s3)sc2n1,15.491933384829668
CNc1nccc2sc(-c3nnc(Sc4nc5cccnc5s4)n3C)nc12,15.491933384829668
CSc1csc(-c2nc(Nc3ccc(Cn4cncn4)cc3)nc3scnc23)n1,15.491933384829668
Cc1nc(-c2nc3cc(Oc4ccnc(NC5CCOCC5)n4)ccc3s2)ns1,15.491933384829668
Cc1nc(N2CCOCC2)cc(-n2c(-c3nc(C(=O)O)cs3)nc3ccsc32)n1,15.524174696260024
Nc1nc(-c2cnc3n(CCC4CCSSC4)c(-c4cnccn4)nn23)cs1,15.556349186104045
Cc1ccc(-n2cc(-c3nc4c(nc(-c5cncs5)n4C)n3C3CCNCC3)nn2)cn1,15.588457268119896
Cn1c(-c2csc(Nc3ccnc(N4CCCCC4)n3)n2)nnc1-c1nccs1,15.588457268119896
COc1ccc2sc(-c3cnc4n(C5CCNCC5)c(-c5cnn(C)c5)nn34)nc2n1,15.588457268119896
CNc1nsc2c1ncn2C1CCN(c2nc(Cl)nc(-c3nccs3)n2)CC1,15.588457268119896
Cc1csc(-c2nc(Nc3ccc4ncsc4c3)nnc2-c2cn(C)nn2)n1,15.620499351813308
Cc1nc(CNc2nc(-c3nnc(-c4cncs4)s3)cc3cnnn23)cs1,15.620499351813308
Cn1c(-c2nccc(NC3CCN(c4nccs4)CC3)n2)nnc1-c1nccs1,15.620499351813308
Cc1nc(NC2CCN(c3nccs3)CC2)cc(-n2ncnc2-c2nccs2)n1,15.620499351813308
Cc1csnc1-c1nc2ncc(-c3cnn(C)c3)nc2n1-c1ccc2nsnc2c1,15.652475842498529
Cn1c(-c2cnc(Sc3nc(-c4cncs4)cs3)nn2)nc2c1CCC(N)C2,15.684387141358123
CC1(c2nncs2)CCN(c2nnc(-c3ccnc(Nc4ccncc4)n3)s2)C1,15.684387141358123
Cc1nc2nc(Nc3ccc(CN4CCOCC4)cc3)nc(-c3nc(C#N)cs3)n2n1,15.716233645501712
c1ncc(-c2nc3nnc(-n4cnc(NC5CC5)n4)nc3n2CC2CCCCC2)s1,15.716233645501712
Cn1c(-c2nccs2)nc2nc(-n3cnc(-c4nccs4)n3)cc(NC3CC3)c21,15.716233645501712
COc1ccc2nc(-c3nnc(Nc4c(N5CC5)cnc5ccsc45)s3)cn2n1,15.748015748023622
c1cc(-n2c(-c3nccs3)nc3ccc(N4CC4)nc32)nc(NCc2cscn2)n1,15.748015748023622
Cc1cc(-c2nnnn2-c2cccc(NC3CCN(c4nccs4)CC3)n2)sn1,15.748015748023622
Nc1ncc(-c2nnc(SCc3nc4ccccc4s3)n2-c2nccs2)cn1,15.84297951775486
Cc1nnc(-c2nc(-c3ccc(N4CCOCC4)cc3)ns2)c(Nc2nccs2)n1,15.84297951775486
Cn1cnc(-c2nc(Nc3ccc(-n4cncn4)cc3)nc(N3CCCC3)n2)c1Cl,15.84297951775486
CNc1nnc(-c2ccn3c(-c4cc(OC)nc(N5CCCC5)n4)nnc3c2)s1,15.84297951775486
Cc1nsc(-n2ncc(-c3nnn4c(NC5CCOCC5)ncc(Cl)c34)c2C)n1,15.84297951775486
Cc1nsc(-c2nc(-c3nc(NC(C)(C)C)ns3)c(N3CC4CCC(C4)C3)n2C)n1,15.84297951775486
Cc1noc(-c2nc3cnc(Nc4ccc(N5CCOCC5)cc4Cl)nc3n2C)n1,15.84297951775486
Cn1cnc(-c2cc(Nc3ccnc(N4CCC4)c3)n3nnc(-c4cncs4)c3n2)c1,15.84297951775486
CNc1cc(-c2nc3nc(-c4nc(C)cs4)nc(N4CCOCC4)c3s2)sn1,15.874507866387544
Cc1nc(-c2ncc(Nc3cn4ccsc4n3)nc2-c2ccc3c(c2)OCO3)n(C)n1,15.874507866387544
CSc1nnc(-c2cc(-c3c(Nc4ccc5c(c4)OCCO5)cnn3C)on2)s1,15.874507866387544
Cn1cc(-c2nc3cc(Nc4ccc5nnsc5c4)ncc3n2CC2CCCO2)nn1,15.874507866387544
Cn1c(-c2cccc(N3CCC(Nc4nncs4)CC3)n2)nnc1-c1nccs1,15.874507866387544
CSc1nc(-c2ccc3nc(C)sc3c2)n(-c2nc(N3CCCC3)ns2)n1,15.905973720586866
c1cc(N[C@H]2CC[C@@H](Oc3nccs3)C2)nc(-n2snc2-c2nccs2)n1,15.937377450509228
CSc1nc(-c2nc(C)no2)c(-c2ccc3snnc3c2)n1CC1CCNCC1,15.937377450509228
Cc1noc(-c2nc(N3CCCC3)nn2-c2ccc(Nc3nc4ccccc4n3C)s2)n1,15.968719422671311
Cc1nsc(-c2csc(-c3cnn(C4CCOCC4)c3-c3cn(C)nc3O)n2)n1,15.968719422671311
Cc1nc2ccc(N3CCCC3)nc2n1-c1nc(Nc2nccs2)nc2c1ncn2C,16.0
Cn1nnnc1Sc1nc2ccc(-c3nccs3)nc2n1-c1ccc(Cl)s1,16.0
c1cc(-n2nc(-c3nccs3)nc2-c2cscn2)nc(NCc2nccs2)n1,16.0
Cc1ccc(Nc2nccc(-c3nnn(C4CCOCC4)c3-c3nccs3)n2)cn1,16.0
Cn1c(-c2nccs2)nnc1-c1nnc(NC2CCN(c3nccs3)CC2)s1,16.0
Oc1nnc(-n2c(SCc3nc4ccccc4s3)nnc2-c2cccnc2)s1,16.0
Sc1ncsc1-n1cc(-n2nc(Oc3ccccc3)nc2-c2ccccn2)nn1,16.0
Cc1nc(-n2ccnc2-c2nccs2)c2nc(-c3cncs3)n(C3CCNC3)c2n1,16.06237840420901
COc1cnc(Nc2ccc3c(c2)OCCO3)nc1-c1cc(-c2nncs2)nn1C,16.09347693943108
Cn1nccc1-c1cc(-c2cnc(N3CCOCC3)s2)nc(Nc2nncs2)n1,16.09347693943108
Cn1nnnc1-c1csc(-c2csc(Nc3ccc(N4CCCCC4)nc3)n2)n1,16.09347693943108
c1csc(-c2nc(NCc3ccc4c(c3)OCO4)n3nc(-c4nccs4)n3n2)n1,16.1245154965971
COc1ccc(Nc2nc(-c3cnccn3)cn3c(-c4cn5ccnc5s4)cnc23)cn1,16.1245154965971
CSc1nnc(-c2cnc3c(Nc4cccnc4)nc(-c4cnn(C)c4)cn23)s1,16.1245154965971
OC1COC1Cn1nc(Sc2nc3ccccc3s2)nc1-c1ccc2ncnn2c1,16.1245154965971
CNc1nc(-c2cnc3nnn(C4CCN(c5ncc(Cl)s5)CC4)c3n2)cs1,16.217274740226856
COC1CCN(c2nsc(-n3cc(Nc4nc5ccccc5s4)cn3)n2)CC1,16.217274740226856
Cc1cc2ncccc2n1-c1nc(-c2cc(C(=O)O)nn2C)cc(N2CCCCC2)n1,16.217274740226856
Cn1cc(-c2nsc(-c3nnc(NC4CCN(c5nccs5)CC4)s3)n2)cn1,16.24807680927192
Cn1nc(SCc2csc3c(N4CCC4)ncn23)nc1-c1ccc(C(=O)O)nc1,16.24807680927192
COc1ccc(-n2c(-c3cscn3)nnc2-c2nccc(N3CCNCC3)n2)s1,16.24807680927192
Cn1c(-c2cncs2)nn2c(Sc3ccc4nc(NC5CC5)sc4n3)nnc12,16.24807680927192
CC1(C)CCN(c2nc(Sc3cccs3)nc3sc(-c4nnco4)nc23)CO1,16.278820596099706
Cn1c(SCc2nn3cnc(N4CCCC4)c3s2)nnc1-c1ccc(C(=O)O)cc1,16.278820596099706
Cn1c(Sc2nnc(-c3nccs3)n2-c2cccc(Cl)c2)nnc1-c1cnccn1,16.278820596099706
Cc1nsc(-c2nccc(N3CCC(Nc4nc(-c5cncs5)ns4)C3)n2)n1,16.30950643030009
Cc1csc(-n2c(-c3ccnc(N4CCC(N)CC4)n3)cnc2-c2nccs2)n1,16.30950643030009
Cc1csc(-n2c(-c3cccc(N4CCC(c5nc(C)no5)CC4)n3)n[nH]c2=S)n1,16.30950643030009
Cc1cc(-c2nc(-c3ncnn3C3CCN(C)CC3)cs2)nc(Nc2nncs2)n1,16.34013463836819
CC(C)n1nnc2c(-n3cnc(C(C)(C)C)c3)nc(-c3cnn(C4CCNCC4)c3)nc21,16.34013463836819
COc1ccc(Cl)cc1-c1nnc2c(Nc3cc(-n4cncn4)ns3)ccnn12,16.34013463836819
Cc1nn(-c2nc(Cl)nnc2NC2CCC3(CCN(C)C3)O2)cc1-c1nccs1,16.34013463836819
CNc1cccc(-c2nc(SC)c3ncc(-n4cnc(-c5cncs5)c4)n3n2)n1,16.3707055437449
Cc1nnc(Sc2noc(-c3c(-c4cccs4)nnn3C3CCNCC3)n2)s1,16.3707055437449
Cc1nc(N2CCC(Nc3ncc(C#N)s3)CC2)c2nc(-c3cscn3)n(C)c2n1,16.3707055437449
Nc1ccc(-n2c(SCc3nc4ccccc4s3)nnc2-c2nccs2)cn1,16.431676725154983
NC1CCN(c2ncnc3sc(OCc4nnc(-c5ccc(F)cc5)s4)nc23)C1,16.431676725154983
Cc1nc2c(-c3nnc(Sc4nc(-c5ccccc5)ns4)s3)cc(N)cn2n1,16.46207763315433
COc1cccc(Nc2nc(-c3nc4ccnc(N5CCOCC5)c4s3)ns2)n1,16.46207763315433
Cc1cc(-n2cnnn2)cc(-c2nc(Nc3ccc(N4CCOCC4)cc3)ns2)n1,16.46207763315433
Cc1nc(NC2CCN(c3nc(-c4cncs4)cs3)C2)nc(-c2nccs2)n1,16.46207763315433
Cc1ncn(-c2ccc(Nc3nccc(-c4cn5nc(N6CCC6)sc5n4)n3)cc2)n1,16.46207763315433
Cn1ncc2c(NC3CC3)nc(Sc3nc4ccc(-c5cncs5)cc4n3C)nc21,16.46207763315433
COc1nc(SCc2nc3ccccc3s2)n(-c2nsc3nc(O)ccc23)n1,16.492422502470642
C=Cc1nccc(N2CCC(n3cnc4sc(-c5nnc(NC)s5)nc43)CC2)n1,16.492422502470642
Oc1nnc(-c2nnc(SCc3nc4ccccc4s3)n2-c2cccnc2)s1,16.492422502470642
Cn1c(-n2cnc3cnccc32)nc2c(NCc3cccs3)nc(-n3cccn3)nc21,16.583123951777
c1csc(-c2nc(Nc3ccc(N4CCOCC4)cc3)nc(-c3nncs3)n2)n1,16.583123951777
Cc1noc(-c2nsc(N3CCC(Nc4nc(C)nc5sccc45)CC3)n2)n1,16.61324772583615
Cc1nnc(-c2ccc(Nc3nnc(-c4ccnc(N5CCCC5)n4)s3)s2)s1,16.61324772583615
Cn1c(Sc2nc3cccnc3s2)nnc1-c1csc(NC2CCOCC2)n1,16.61324772583615
Cn1c(Sc2nnc(SC3CCCC3)n2-c2cccc(Cl)c2)nn2nnnc12,16.64331697709324
Cn1cnc(-c2nnc(Sc3nc4ccccc4s3)n2-c2ccc(O)cc2)n1,16.703293088490067
CSc1nnc(-c2c3ncnc(Nc4ccc5c(c4)OCCO5)c3nn2C)s1,16.703293088490067
Cn1c(Sc2cc(Nc3ccc4c(c3)OCCO4)ncn2)nnc1-c1nccs1,16.703293088490067
Cc1nc2nc(N3CCC(C)CC3)nc(Nc3nnc(-c4cncs4)s3)c2s1,16.703293088490067
Cc1cn(-c2cccc(-c3nc(Nc4ccc5ncsc5c4)n4nccc4n3)n2)nn1,16.73320053068151
Cn1nc(Nc2nc(-c3nc(C(=O)OC(C)(C)C)ns3)cs2)cc1N1CCC1,16.73320053068151
Cn1cc(-c2nc(-c3ccnn3C3CCOCC3)cn2-c2nc(C(=O)O)cs2)cn1,16.73320053068151
Cc1nsc(-c2nsc(NC3CCN(c4nc5cccnc5s4)CC3)n2)n1,16.73320053068151
Cn1c(Sc2nsc(=S)n2-c2ccccc2)nnc1-c1nc(C(=O)O)cs1,16.76305461424021
CSc1nc(NC2CCN(c3nnc(Cl)s3)CC2)nc(-c2nccs2)n1,16.792855623746664
Cn1cc(-c2nc(Nc3ccsc3)nc(N3CCCC3)n2)nc1-c1cscn1,16.822603841260722
COc1nc2ccc(Cl)nc2cc1-c1nnc(-n2cnc(C)n2)n1C1CCNCC1,16.822603841260722
Cn1c(-c2nsc(Nc3ccc(N4CCOCC4)nc3)n2)nnc1-c1nccs1,16.822603841260722
Cc1nc(Nc2ccc(-n3ncnc3-c3nccs3)cc2)nc(N2CCOCC2)n1,16.822603841260722
Cc1ncn(-c2cc(Oc3nccc(-c4csn4C4CCNCC4)n3)ccn2)n1,16.822603841260722
Cc1cnn(-c2cc(-c3noc(NC4CCN(c5nccs5)CC4)n3)cs2)n1,16.822603841260722
Cc1noc(-c2nc(C#N)c(NC3CCN(C)CC3)n2-c2ccc3scnc3c2)n1,16.822603841260722
Cc1nc(N2CCCC2)sc1-c1nnc2c(cnn2-c2ccc3snc(N)c3c2)n1,16.822603841260722
Cc1nc(NC2CCN(c3nsc(-c4nnc(C)s4)n3)CC2)c2ccsc2n1,16.852299546352718
CNc1ncc(Sc2nc3cc(OC)c(-c4cscn4)nc3s2)n2ccnc12,16.852299546352718
O=C(O)Cn1nc(-c2nccs2)cc1-c1nc(N2CCCC2)cc(-n2ccs2)n1,16.852299546352718
Cc1cn(-c2nc(N3CCCC3)nc(F)c2-c2cnc(Nc3nccs3)s2)nn1,16.852299546352718
Cc1noc(-c2ncc(N3CCC(Nc4nc(-n5cc(F)cn5)cs4)CC3)s2)n1,16.941074346097416
Cn1cc(-c2nc3cc(Cl)nc(Nc4cc(Oc5ccccc5)ns4)n3n2)nn1,16.941074346097416
Cc1noc(-c2nc(F)c(N3CCC(Nc4nc(-n5cccn5)cs4)CC3)s2)n1,16.941074346097416
Cc1nsc(-n2c(NC3CCN(c4ncccn4)CC3)cnc2-c2cncs2)n1,16.97056274847714
CN(C)c1nc(-c2nc(Nc3cccs3)nc(-n3nnc4ccccc43)n2)cs1,16.97056274847714
Cn1cc(-c2nc(Sc3nc4ccccc4n3C)nc(-n3ncc4c3NCC4)n2)cn1,16.97056274847714
Cc1nc(-c2cn(-c3cc(Nc4nccs4)nc(N4CCCC4)n3)nn2)cs1,16.97056274847714
CNc1nsc2c1nnn2C1CCN(c2cc(F)nc(-c3nc(C)cs3)n2)CC1,16.97056274847714
Cc1nc(N2CCC(c3cccc(O)c3)CC2)nc(-n2snc2-c2cscn2)n1,17.05872210923198
Cn1nc(-c2ncnc(Nc3ccc(N4CCOCC4)cc3)n2)c(-c2nccs2)n1,17.05872210923198
c1ccc2c(c1)ncn2-c1nsc(NCc2nc(-c3cncs3)n(C3CC3)n2)n1,17.05872210923198
Cc1csc(-c2nc(Nc3cnccc3Cl)nn3nc(-c4cnn(C)c4)nc23)n1,17.05872210923198
Cn1nc(N2CCCC2)cc1-c1c(-c2nnnc(Nc3cccs3)n2)c(F)nn1C,17.08800749063506
COc1ccc2nc(-c3nc(N4CCC(c5nc6ccccc6s5)C4)n(C)n3)cn2n1,17.08800749063506
CNc1ccc(-c2nc3ccc(Oc4nccs4)cn3n2)c(-n2cc(C3CC3)nn2)n1,17.08800749063506
Cn1c(-c2nnc(N3CCCC3)s2)cc(Sc2ccc(O)cn2)c1-n1nccn1,17.08800749063506
Cn1ccnc1-c1cc(N2CCC(Nc3nccs3)CC2)nc(-c2nncs2)n1,17.08800749063506
Cn1c(-c2ccoc2)cnc1Sc1nc2c(N3CCC(C(=O)O)CC3)ncnc2s1,17.08800749063506
Cn1c(CSc2nnc(-c3cc4ncnc(N)n4n3)s2)nc2cc(Cl)ccc21,17.146428199482248
Sc1nnc(Sc2ccc(-c3nc(Cl)nc(N4CCCC4)n3)cn2)n1C1CC1,17.146428199482248
c1csc(-c2nnc(Nc3nc(N4CCCC4)nc4c3cnn4CC3CC3)s2)n1,17.175564037317667
CSc1cc2nc(-c3nnc(Nc4ccnc(C)n4)s3)cnc2n1C1CCOCC1,17.175564037317667
Cc1nnc(-c2nccs2)n1-c1ccnc(Nc2cccc(N3CCOCC3)n2)n1,17.175564037317667
Cn1c(-c2cscn2)nnc1-c1cc(Nc2ccccn2)nc(N2CCOCC2)n1,17.175564037317667
CNc1nc2nc(-c3nc4c(N5CCCC5)nc(-c5nccs5)nc4s3)ccc2n1C,17.204650534085253
CNc1nnc(-c2nc(=S)n3ncnc3n2-c2cccc(Oc3ccccc3)c2)s1,17.204650534085253
CSc1nc(-c2cncs2)n(-c2nc(NCc3cccs3)nc3cccnc23)n1,17.204650534085253
Cn1cc(-c2nn(-c3nsc4c(NC5CC5)ncnc34)nc2Oc2ccccc2)cn1,17.204650534085253
CNc1ncnc2sc(-c3nc(Oc4ccccc4)nn3-c3nc(C)cs3)nc12,17.204650534085253
CSc1nc(Nc2ccc3ncnn3c2)nc(-n2c(F)cnc2-c2cccs2)n1,17.204650534085253
CSc1ncc(-c2nc(NCc3cccs3)nc(-n3cnc4cccnc43)n2)s1,17.204650534085253
CNc1nc(C)nc2sc(-c3cn(-c4nc(N5CCCC5)ns4)nc3C)nc12,17.204650534085253
[C-]#[N+]c1nc(-c2cnn(C)c2)c(-c2nc(Oc3ccncc3)nn2C2CCNCC2)s1,17.233687939614086
Cc1noc(-c2nn(C3CCN(c4nc(O)cs4)CC3)nc2-c2ccc(F)cc2)n1,17.291616465790582
Cc1ncn(-c2nc(Nc3cccc(N4CCOCC4)n3)cc(-c3cscn3)n2)n1,17.291616465790582
CSc1nc(NCc2ccc(-c3nnsn3)s2)nc(-n2ncc3ccccc32)n1,17.291616465790582
Cn1c(Sc2nc(Nc3ccccc3)c3nccn3n2)nnc1-c1nc(F)cs1,17.320508075688775
CSc1nc(-c2nc(C)no2)n(-c2cc(O)cc(-c3cnc(N4CCCC4)s3)c2)n1,17.320508075688775
Nc1nnc(SCc2nc(-c3nccs3)n(-c3nc(C(F)(F)F)cs3)n2)s1,17.406895185529212
Fc1ccnc(OC2CN(c3ncccn3)C2)c1-c1csc(Nc2nncs2)n1,17.406895185529212
Cn1cnc2c(Nc3ccc(F)cn3)nc(-n3cnnc3Sc3cccs3)nc21,17.435595774162696
CSc1cc(-n2nc(-c3nc(C)ns3)c(C3CCNCC3)n2)cc2nsnc12,17.435595774162696
Cn1cnc(Nc2nc(Sc3nc4sccc4c(=O)n3-c3ccccc3)ns2)n1,17.435595774162696
Cc1ncn(-c2nc(-c3nccs3)nnc2Nc2nc(-c3ccccc3)cs2)n1,17.435595774162696
CC(C)Nc1nsc(-c2nc(N3CCOCC3)c3nc(-c4cccs4)oc3n2)n1,17.435595774162696
Cc1nn(-c2nc(NCc3cccs3)c3nc(-c4nccs4)nn3n2)cc1Cl,17.4928556845359
CCn1c(Nc2nncs2)nnc1-c1nc2c(N3CCOCC3)nc(C)cc2s1,17.52141546793523
CSc1nnc(-c2cc(-c3ccnn3C)nc(Nc3ccc4c(c3)OCCO4)n2)s1,17.52141546793523
Cc1csc2nc(Sc3nnc(-c4csc(N)n4)n3-c3ccccc3)nnc12,17.52141546793523
Cc1cccc(-c2nc3sc(NC4CC4)nc3n2-c2nc(-c3nccs3)nn2C)n1,17.52141546793523
COc1nc(NC2CCN(c3nnc(-c4nncs4)s3)CC2)c2ccsc2n1,17.52141546793523
Cc1noc(C2CCN(c3nc(Nc4ccncc4)cc(-c4nccs4)n3)CC2)n1,17.549928774784245
Cc1ccn(-c2nc(Nc3sc(-c4nncs4)cc3F)nc(N3CCCC3)n2)n1,17.549928774784245
CN(C)c1ccc(Nc2nc(-c3nccs3)nc3c2nnn3-c2cccs2)nc1,17.549928774784245
CNc1ncc(-c2ncc3nc(-c4nnc(N5CCCC5)s4)n(CC4CC4)c3n2)cn1,17.60681686165901
Cc1ccn(-c2nnc(Nc3ccc(N4CCOCC4)cc3)c(-c3nc(C)ns3)n2)n1,17.635192088548397
COc1nc(Sc2nnnn2-c2ccccc2Cl)cc2sc(NC3CC3)nc12,17.635192088548397
Cn1c(-c2cscn2)nnc1-c1nc(F)c(-n2ccnc2)nc1NC1CCOCC1,17.663521732655695
Cn1c(-c2nccs2)nnc1-c1nc(F)cnc1Nc1ccc(N2CCCC2)nc1,17.663521732655695
Cc1csc(-c2nsc(N3CCC(Nc4nc(C)nc5ncsc45)CC3)n2)n1,17.663521732655695
Cc1nsc(-c2nc3ccc(-c4nc(O)sc4NC4CCOCC4)nc3s2)n1,17.72004514666935
Cn1cnc2cnc(Nc3ccc(Oc4nc(N5CCCCC5)ns4)s3)nc21,17.74823934929885
Cn1c(Sc2nncnc2-c2csc(Nc3cccnn3)n2)nc2ccccc21,17.74823934929885
Cc1ncn(-c2cc(Nc3nc(-c4nccs4)cs3)nc(N3CCCC3)n2)n1,17.776388834631177
Cn1cnc(-c2ncc(F)nc2Oc2ccc(Nc3nc4ccccc4s3)nc2)n1,17.776388834631177
Cn1c(-c2nc3ccccc3s2)nnc1N1CCC(c2nsc(NC3CC3)n2)C1,17.832554500127006
c1cc(OC2CCN(c3nc(-c4nccs4)ns3)C2)nc(Nc2nccs2)n1,17.832554500127006
Cn1c(Sc2ccc3c(c2)OCO3)nnc1-c1nnc(NC2CCOCC2)s1,17.86057109949175
COc1nc(-c2cnn(C)c2)cc2c1nc(Sc1nccs1)n2C1CCNCC1,17.86057109949175
Cc1nnc(C2CCN(c3cc(-n4cnc(N)c4)nc(-c4nccs4)n3)CC2)s1,17.86057109949175
CSc1nnc(-c2ccc3nc(-c4nc(C)no4)n(C4CCNCC4)c3n2)s1,17.88854381999832
Cn1cc(Nc2nc(-c3cc(N4CCOCC4)nc(-c4cscn4)n3)cs2)cn1,17.88854381999832
Cc1ccnc(-n2nc(-c3nc4ccccc4s3)nc2NC2CCN(C)CC2C#N)n1,17.97220075561143
CCn1nc(N2CCCCC2)nc1-c1nnc(Nc2ccc(-n3cncn3)s2)s1,17.97220075561143
CSc1ncc(-c2nc3ncccc3o2)c(Nc2cnc(N3CCOCC3)s2)n1,17.97220075561143
Cn1cnnc1Nc1cnc(Sc2cn3ccnc3n2-c2ccccc2Cl)nn1,17.97220075561143
CNc1ccc2nc(-c3nc4c(nc(-c5nccs5)n4-c4nccc(C)n4)s3)cn2n1,18.0
Cc1noc(-c2nsc(C3CCN(c4cc(Nc5cccnc5)sn4)CC3)n2)n1,18.0
Cn1nnnc1Sc1noc(-c2sc(-c3cccs3)nc2C2CCNCC2)n1,18.0
O=C(O)Cn1nnnc1-c1cc(-c2ccnc(Sc3cccs3)n2)cs1,18.027756377319946
Cc1ccc2nc(Nc3ccc(Oc4ncnn4C4CCOC(=O)C4)cc3)sc2n1,18.027756377319946
Cc1nn(-c2nc(NCc3cccs3)c3nnc(-c4nccs4)n3n2)cc1Cl,18.05547008526779
Cn1cncc1-c1nc2c(N3CCC(c4nccc(Nc5nccs5)n4)C3)ncnc2s1,18.05547008526779
CNc1ncc(-c2nccc(-n3nc(N4CCCCC4)nc3-c3cncs3)n2)s1,18.083141320025124
CSc1nnc(-c2ccn3nc(-c4cnc(NC5CCOCC5)nc4)nc3c2)s1,18.083141320025124
CSc1nc(-c2nccs2)n(-c2ncnc3ccsc23)c1NC1CCOCC1,18.083141320025124
Cc1cc(NCC#N)ncc1-n1cc(-c2nc3c(N4CCCCC4)ncnc3s2)cn1,18.083141320025124
COc1csc(-c2nc3c(N4CCC(n5cnc(O)c5)CC4)ncnc3s2)n1,18.110770276274835
CSc1nc2c(nc(-c3nc(-c4ccccc4)n(C)n3)n2C2CCNCC2)s1,18.110770276274835
CNc1nc2cnc(-c3nc(C)ns3)cc2n1C1CCN(c2nncs2)CC1,18.110770276274835
Cc1ccn(-c2nsc(-c3cc(Nc4nccs4)nc(N4CCCC4)n3)n2)n1,18.110770276274835
COc1ccc2nc(Nc3nnc(-c4ccnc(N5CCCC5)n4)s3)sc2c1,18.110770276274835
Cn1c(Sc2nc3ccccc3s2)nnc1-c1cnc(N[C@@H]2CCOC2)nn1,18.16590212458495
Cn1nncc1-c1cc2sc(Sc3cnccn3)nc2c(Nc2ccccn2)n1,18.193405398660254
c1cc(Nc2nc(-c3nccs3)nc(N3CCOCC3)n2)cc(Oc2nccs2)c1,18.193405398660254
Cc1cc2nc(C)c(-c3ncnc(Nc4ccc(N5CCOCC5)nc4)n3)nc2s1,18.193405398660254
Cc1cnn(-c2cc(Nc3nc(-c4cnn(C)c4)cs3)nc(N3CCCC3)n2)n1,18.2208671582886
COc1ccc2nc(-c3nncs3)c(-c3nc(CN4CCC(=N)CC4)cs3)n2n1,18.2208671582886
Cc1ccc(-n2cc(Sc3nc(-c4nncs4)n(C4CCNCC4)n3)nn2)cc1,18.2208671582886
CNc1nc2cc(-n3nc(-c4ccnc(N5CCCC5)n4)nc3-c3nccs3)oc2s1,18.2208671582886
CSc1nc(Sc2nnnn2-c2ccccc2Cl)n(-c2sccc2C#N)n1,18.24828759089466
Cc1ccn(-c2nc(Nc3nc4cccnc4s3)nc(N3CCC(C)CC3)n2)n1,18.303005217723125
CN1CCC(n2nc(Sc3nc4cc(N)nn4s3)nc2-c2nccs2)CC1,18.303005217723125
COc1ccc(-n2c(Sc3cnccn3)c3[nH]c(-c4nncs4)nn3c2=S)cc1,18.303005217723125
Cn1c(Sc2ccc3scnc3c2)nnc1-c1nnc(N2CCC(N)CC2)s1,18.303005217723125
c1nsc(-c2ccc(Nc3nc(-c4cscn4)nc(N4CCOCC4)n3)cc2)n1,18.303005217723125
CSn1nc(N2CCCC2)nc1-c1ccc(Oc2nc3ncccc3s2)c(O)c1,18.33030277982336
Cn1nnc(F)c1-c1c(C(=O)O)nc2sc(Sc3nc4ccccc4n3C)cn12,18.33030277982336
C=CCSc1c(C(=O)O)sc2ncnc(-c3nnc(N4CCOCC4)s3)c12,18.33030277982336
Cc1cnc(Nc2nc(N3CCCC3)nn3nc(-c4ccc5ncnn5c4)c(C)c23)s1,18.33030277982336
CSc1ncn(-c2ccnc3c2nc(-c2nc(C)ns2)n3C2CCNCC2)n1,18.33030277982336
Cn1c(Sc2nc3ccccc3s2)nnc1-c1nncnc1Nc1nccs1,18.411952639521967
Cc1nc(-c2cccs2)n(-c2cc(-n3nc(C)nc3C(C)(C)C)nc(NC3CC3)n2)n1,18.411952639521967
Cc1ncn(-c2ccc(Nc3nc(-c4cncs4)nc(N4CCCC4)n3)s2)n1,18.439088914585774
Cc1nnc(-c2csc(NC3CCN(c4nc(-c5nccs5)no4)CC3)n2)s1,18.439088914585774
Cc1ncc(-c2nc(Nc3cc(-c4ncnn4C)cs3)nc(N3CCCC3)n2)s1,18.439088914585774
CNc1cc(-n2nc(-c3nccs3)nc2C2CCN(c3nccs3)CC2)ncn1,18.439088914585774
Cc1cc(-n2cc(-c3nn(C4CCN(C)CC4)c4sccc34)cn2)nc(C(=O)O)n1,18.439088914585774
Cn1ncc2nc(-c3nccs3)n(-c3ccnc(Nc4cnccc4N4CCC4)n3)c21,18.520259177452136
Cc1nsn1-c1cc(NC(=O)CSc2nnnn2-c2ccccc2Cl)sn1,18.520259177452136
CCn1c(-c2cncs2)nn(-c2ccnc(N3CCC(c4ncn[nH]4)CC3)n2)c1=S,18.520259177452136
Cc1cc(Nc2nc(C)nc3c2ncn3C2CCN(c3nccs3)CC2)sn1,18.520259177452136
CSc1nnc2c(NCc3ccncc3)nc(-n3ccnc3-c3nncs3)cn12,18.520259177452136
Nc1ccnc(-n2c(SCc3nc4ccccc4s3)nnc2-c2nccs2)n1,18.520259177452136
Cc1noc(-c2ccc3sc(Sc4nncs4)nc3c2OC2CCNCC2)n1,18.547236990991408
CN1CCC(n2nc(-c3cn4ncnc4s3)c3c(Nc4ccncc4)ncnc32)CC1,18.547236990991408
CNc1nccc(-n2nc(-c3ccc4c(c3)OCO4)nc2Sc2nc(F)cs2)n1,18.627936010197157
CN(C)c1ccc(Nc2nccc(-n3c(-c4nccs4)nc4sncc43)n2)cn1,18.65475810617763
c1ncn(Cc2ccc(Nc3nc(-c4cncs4)nc(N4CCCC4)n3)s2)n1,18.65475810617763
Cc1ncn(-c2ccc(Nc3nc(N4CCCC4)nc(-n4cnc5ccccc54)n3)cc2)n1,18.65475810617763
Cn1cnnc1Sc1nn2ncnc2n1-c1ccc(Nc2nccs2)c(Cl)c1,18.734993995195193
Cc1csc2nc(-c3ncc4c(n3)nc(Sc3cncn3C)n4C3CCNCC3)cn12,18.734993995195193
c1cncc(Oc2csc(NC3CCN(c4nsc(-c5cnccn5)n4)CC3)n2)c1,18.734993995195193
N#CNc1nc(SCc2cn(-c3nccs3)nn2)n(-c2ccccc2)c(=S)n1,18.734993995195193
CSc1nnc(-c2nc3c(N4CCOCC4)ccnc3n2-c2ccc(O)cc2)s1,18.76166303929372
Cn1c(Sc2nc3ccccc3s2)nnc1-c1nsc(NC2CCOCC2)n1,18.76166303929372
CNc1nc(-c2nnc(C)s2)nc(N2CCC(n3cnc4sccc43)CC2)n1,18.76166303929372
COc1csc(-c2nc3c(NC4CCOCC4)cc(-c4nccs4)nn3n2)n1,18.76166303929372
Cn1cc(-c2cc(NC3CC3)c3nnc(Sc4nc5ccccc5s4)n3n2)cn1,18.841443681416774
Cc1nc(-c2cscn2)cc(N2CCC(n3ncnc3-c3csc(N)n3)CC2)n1,18.841443681416774
Cc1csc(C2(O)CCN(c3ncnc4c3nc(-c3nc(C)ns3)n4C)CC2)n1,18.867962264113206
Cn1nccc1-c1nnc(C2CC2)n1-c1ccnc(-c2nc(S)nc3scnc23)c1,18.867962264113206
Cc1nnc(-c2cnc3c(n2)nc(NCc2nccs2)n3C2CCOCC2)s1,18.867962264113206
CNc1nc(-c2nnc(C)s2)nc(N2CCC(c3nc4ccccc4s3)CC2)n1,18.867962264113206
Cc1ncn(-c2ccc(Nc3nc(-c4cscn4)nc(N4CCCC4)n3)s2)n1,18.867962264113206
Cc1nc(-c2cnc(N3CCOCC3)nc2)n(-c2ccc(Nc3nccs3)nc2)n1,18.947295321496416
CN(C)c1nc(Nc2ccc3c(c2)OCCO3)nc(-n2snc2-c2nccs2)n1,18.947295321496416
CNc1nc(-c2nnc(Sc3nc4ncccn4n3)n2-c2ccc(Cl)cc2)cs1,18.947295321496416
Cn1cc(-c2nnc(NC3CCN(c4nccs4)CC3)nc2-c2nccs2)cn1,18.973665961010276
Cn1cnc2nc(-c3nc(O[C@H]4C[C@@H](Nc5nc6ccccc6s5)C4)ns3)cnc21,18.973665961010276
Cc1ccn(-c2nc(Nc3sc(-c4cncs4)nc3F)nc(N3CCCC3)n2)n1,18.973665961010276
CC1CCN(c2csc(-c3nc(Nc4cnccn4)c4cnn(C)c4n3)n2)CCO1,19.026297590440446
Cc1nsc(-c2nnc(Nc3ccc(N4CCC4)cc3)nc2-c2ccc3nncn3c2)n1,19.026297590440446
CC1(C)CCN(c2nc(Cl)nc(-c3nnc(Nc4nccs4)s3)n2)CC1,19.05255888325765
Cn1c(-c2nnc(Nc3ccc(Cl)s3)s2)nc2nnc(N3CCCC3)nc21,19.05255888325765
Cc1csc(-n2nc(-c3ccnc(NC4CCOCC4)n3)nc2-c2nccs2)n1,19.078784028338912
Cc1nc(C)n(-c2cc(Nc3nc4ccccc4s3)nc(N3CCCCC3)n2)n1,19.131126469708992
Cn1c(Sc2nc3cccnc3s2)nnc1-c1cc(NC2CCOCC2)ncn1,19.157244060668017
Nc1nc(Sc2nnc(-c3cccs3)n2-c2nc(N3CCCC3)ns2)cs1,19.157244060668017
c1ccc(Oc2nnc(-c3cnc(Nc4nccs4)s3)c(N3CCOC3)n2)cc1,19.157244060668017
Cn1nc(-c2nc3c(NC4CC4)ncnc3n2CC2CCOCC2)nc1-c1nccs1,19.157244060668017
Cc1csc(-c2noc(-c3ccnc(NC4CCN(c5nccs5)CC4)n3)n2)n1,19.183326093250876
Cn1cc(Sc2nc(NC3CCOCC3)c3sc(-c4cscn4)nc3n2)cn1,19.183326093250876
Cc1nsc(-c2nc3n(c2-c2nnc(Nc4ccccc4)s2)C2OC(C)(C)CN32)n1,19.183326093250876
Cc1nc2c(NC3CC3)nccc2n1C1CCN(c2nnc(-c3nccs3)n2C)C1,19.235384061671343
c1ccc(Oc2cc(-c3cnc4ncc(-n5ccnc5)nn34)nc(N3CCCC3)n2)cc1,19.235384061671343
Cn1ccnc1Sc1nc(N2CCCC2)nc2c(-c3nnc(N)s3)c(Cl)cn12,19.235384061671343
Cc1nnc(-c2nc(Nc3ccccn3)nc3c2cnn3CCN2CCCCC2)s1,19.261360284258224
OC1CCN(c2nccc(Oc3nc4ccccn4c3-c3ccnc(C4CC4)n3)n2)C1,19.261360284258224
Cn1cc(-c2nnc(NC(C)(C)C)nc2-c2nnc(Sc3ccncc3)s2)cn1,19.261360284258224
COc1ncccc1Oc1nn2c(-c3nccs3)c(C3CCNCC3)nc2s1,19.261360284258224
COc1c(-c2nc(-c3nccs3)n(-c3nc(C)cs3)n2)ncn1C1CCNCC1,19.261360284258224
Cn1c(-c2nc3ccc(-c4nc(C(=O)O)cs4)nc3s2)nnc1N1CCCC1,19.313207915827967
c1nc(-c2ncn(-c3ccc(Oc4nc(N5CCCC5)nnc4C4CN4)cc3)n2)cs1,19.364916731037084
CSc1nn(-c2cc(-n3cncn3)nc(NCc3cccs3)n2)c2cccnc12,19.390719429665317
CSc1nc2n(C)c(-c3cccc(NC4CCN(c5nccs5)CC4)n3)nn2n1,19.390719429665317
COc1cc(-c2ncnc(NC3CCN(c4nc5ccccc5s4)CC3)n2)sn1,19.390719429665317
Cc1ccn(-c2nccc(NC3CCN(c4nc(-c5nccs5)ns4)CC3)n2)n1,19.390719429665317
Cc1cccc(NC2CCN(c3nc(-c4nccs4)nn3-c3ncns3)CC2)n1,19.390719429665317
Cc1cc(-n2cncn2)nc(NC2CCN(c3nc(-c4nccs4)cs3)CC2)n1,19.390719429665317
COc1cccc2c(-n3nc(C(=O)O)nc3CNc3ccc(Cl)cc3)nsc12,19.4164878389476
Cc1ccn(-c2nc(-c3cccs3)nc(-n3cnc(C#N)c3)c2OC2CCNCC2)n1,19.467922333931785
Cc1ccn(-c2cc(Nc3ccnc(N4CCOCC4)n3)nc(-c3nccs3)n2)n1,19.467922333931785
COc1ccc(Nc2ncc(F)c(-c3cnc4snc(N5CCCC5)c4n3)n2)cn1,19.467922333931785
Cn1cc(-c2cnn(-c3nc(Nc4cccnc4)c4nc(C5CC5)sc4n3)c2)cn1,19.467922333931785
COc1ccc(-c2nc(-n3cnc4ccccc43)ns2)c(Nc2cnc(N3CC3)nc2)n1,19.467922333931785
Cn1nnnc1-c1ccc2c(cnn2-c2ccnc(Nc3ccc(N4CCCC4)nc3)n2)c1,19.467922333931785
CN1CCC(n2nc(C(=O)O)nc2-c2nc3scc(-c4nccs4)c3n2C)CC1,19.493588689617926
COC(=O)C1CCN(c2nc(Nc3ccc(-n4cncn4)s3)c3sccc3n2)CC1,19.493588689617926
Cc1ccn(-c2nc(NC3CCOCC3)nc(-n3onc3Sc3cccs3)n2)n1,19.493588689617926
Cc1cccc(Nc2nc3nc(-c4nc(C)ns4)nc(N4CCOCC4)c3s2)n1,19.570385790780925
Cn1c(Sc2ncc(N)s2)nc2ncnc(N3CCC(c4cscn4)CC3)c21,19.570385790780925
COc1csc(-c2csc(Nc3cc4c(c(N5CCOCC5)n3)OCO4)n2)n1,19.570385790780925
Oc1nnc(-c2nnc(SCc3ccc4c(c3)OCO4)s2)n1C1CCOCC1,19.672315572906
c1ccc(-n2ncnc2Oc2cc(Nc3nccs3)nc(N3CCOCC3)c2)nc1,19.672315572906
COc1cccc(-c2nc(N3CCC(n4cnc5c(N)ncnc54)CC3)sc2F)n1,19.672315572906
Cc1csc(-c2nc(C)nc(N3CCC(Nc4nc5ncccc5s4)CC3)n2)n1,19.697715603592208
Cc1nc(N2CCC(O)CC2)cc(-n2c(-c3nccs3)nnc2-c2nccs2)n1,19.697715603592208
c1nc(NC2CCN(c3nc(-c4nccs4)cs3)CC2)nc(-c2cscn2)n1,19.697715603592208
Cc1cn(-c2nc(N3CCCC3)ncc2-c2nnc(Sc3cccs3)s2)nn1,19.748417658131498
Fc1nn(C2CCOCC2)cc1-n1nc(-c2cnccn2)nc1NCc1cscn1,19.79898987322333
c1ccc(-n2c(Sc3cc(NC4CCOC4)nnn3)nnc2-c2cscn2)cc1,19.849433241279208
CSc1cc2c(Nc3nccc(-c4nccs4)n3)nc(-n3cnc(C)n3)nn2c1,19.87460691435179
CSc1noc(-n2c(C3CCNCC3)nc3nc(-c4cnn(C5CC5)c4)sc32)n1,19.87460691435179
COc1ccnc2nc(-c3cc(N4CCOCC4)nc(Nc4nccs4)n3)sc12,19.87460691435179
Cn1cc(-c2nc3sc(-c4cc(N5CCC5)nc(Nc5cccnc5)n4)cn3n2)cn1,19.87460691435179
CSc1nc2nc(-c3cc(N4CCOCC4)nc(-c4nc(C)no4)n3)ccc2s1,19.924858845171276
Cc1cc2nc(Sc3nc(-c4nccs4)n(-c4ncc(F)c(C)n4)n3)ccn2n1,19.949937343260004
Cc1nnn(-c2ccc(Nc3nc(-c4cscn4)nc(N4CCCC4)n3)c(F)c2)n1,19.974984355438178
Cc1ccc2nc(-c3cccc(NC4CCN(c5nnc(C)s5)CC4)n3)nn2n1,20.0
Cc1cncn1-c1nc(Nc2sc(-c3nccs3)nc2F)nc(N2CCCC2)n1,20.0
CCSc1nc(-c2cc(C#N)nn2C2CCNCC2)nc2c1ncn2-c1nccs1,20.0
Cn1c(-c2nsc(Nc3ccccc3)n2)cnc1Sc1nc2ncccn2n1,20.0
Cc1cc(N2CCC(Nc3nccc(-c4nnc(N5CCOCC5)s4)n3)CC2)on1,20.074859899884732
c1cc(Nc2nccs2)nc(Oc2cc(-c3nncs3)nc(N3CCCC3)n2)c1,20.074859899884732
Cc1nc(NC2CCN(c3nsc(-c4nnc(C)s4)n3)CC2)c2ncsc2n1,20.074859899884732
COc1ccc2nc(-c3nncnc3N3CCC(Nc4nccs4)CC3)sc2n1,20.074859899884732
CCn1c(-c2ccnc(N3CCCC3)n2)nc2c(Nc3ccc4c(c3)OCO4)ncnc21,20.074859899884732
Cn1c(Sc2nnc(-c3nnn(-c4ncccc4S)n3)s2)nc2ccccc21,20.074859899884732
Cc1nnc(-c2ccc3c(c2)nc(Sc2nnc(C)s2)n3C2CCNCC2)nn1,20.074859899884732
Cc1nnn(C2CCN(c3nc(Nc4ncc(C)s4)nc4ccsc34)CC2)n1,20.09975124224178
Cc1cnc(-c2nccs2)nc1N1CCC(Nc2nc(-n3nccn3)cs2)CC1,20.09975124224178
COc1nc(Nc2ccc(N3CCCC3)cc2)nc(-n2snc2-c2nccs2)n1,20.09975124224178
Cc1ncn(-c2nc(N3CCCC3)ncc2-c2nnc(Sc3cccs3)s2)n1,20.149441679609886
c1csc(Nc2ccc(Oc3ncnnc3-c3nnc(N4CCCC4)s3)cc2)n1,20.174241001832016
Cn1c(Sc2cncnc2)nc2c(Nc3nncs3)nc(-c3ccccc3)nc21,20.174241001832016
COc1ccc2nc(-c3cc(N4CCOCC4)nc(Nc4nncs4)n3)sc2c1,20.174241001832016
COc1nsc(NC2CCN(c3nc(-c4nccs4)c4sccc4n3)CC2)n1,20.199009876724155
c1cc(Nc2ccc(Sc3nnnn3-c3ccc4c(c3)OCO4)nc2)nc(N2CC2)c1,20.199009876724155
Cc1nsc(-n2nc(-c3cc(-c4ncnn4C)cs3)nc2SC2CCCC2)n1,20.223748416156685
CSc1nnc(-c2nsc(N3CCC(n4cnc5c(O)ccnc54)CC3)n2)s1,20.273134932713294
Cn1c(-c2cc(Nc3nccs3)nc(N3CCCCO3)n2)nnc1-c1nccs1,20.37154878746336
Cn1cc(-c2nc(-c3cc(N4CCOCC4)nc(Nc4ncns4)n3)cs2)cn1,20.37154878746336
Cn1c(-c2cc(Nc3nccs3)c3nsnc3n2)nc2nc(N3CCCC3)ncc21,20.37154878746336
Cc1nn2cc(-c3nc(NCc4cscn4)c4nc(C5CC5)sc4n3)nc2s1,20.37154878746336
Cn1ccc(Nc2nc(N3CCCC3)nc3oc(Sc4ccc5c(c4)OCO5)nc23)n1,20.37154878746336
Cc1nnn(-c2cccc(-c3nc(NC4CCC4)nc(-n4ncc5ccccc54)n3)c2)n1,20.46948949045872
Cn1cc(-c2scnc2Oc2ccnc(N3CCC(Nc4nccs4)CC3)n2)nn1,20.46948949045872
Cn1nccc1-c1nc2nc(Sc3cccnc3)nc(Nc3ccncn3)c2s1,20.46948949045872
CNc1nsc2c1ncn2C1CCN(c2nc(C)nc(-c3nccs3)n2)CC1,20.493901531919196
COc1cccc(-n2ncnc2-c2nc(C3CCNCC3)nnc2-c2nccs2)c1,20.493901531919196
COC(=O)c1ccc(Nc2nc(-c3nc4c(s3)OCC4)cc(-n3ccnc3)n2)s1,20.518284528683193
Cc1nc(NC2CCOCC2)cc(Sc2nnnn2-c2ccc3scnc3c2)n1,20.566963801203133
CSc1nnnn1-c1cc(Nc2ccc3c(c2)OCCO3)nc(-c2cscn2)c1,20.566963801203133
c1csc(-n2cc(CNc3nc(-c4cncs4)nc(N4CCCCC4)n3)nn2)c1,20.566963801203133
Cn1nc(-c2ccccn2)nc1N1CCC(c2nnc(Nc3nccs3)s2)CC1,20.591260281974
COc1cccc(NC2CCN(c3nc(-c4nncs4)c4ncsc4n3)CC2)n1,20.663978319771825
COC1CCN(c2nc(Nc3ccc4ncsc4c3)nc(-c3nncs3)n2)CC1,20.663978319771825
COc1nsc2sc(Sc3nnc(-c4ccncc4)n3C3CCNCC3)nc12,20.688160865577203
COc1nc(Nc2ccc(N3CCOCC3)cc2)nc(-c2nc3ncsc3s2)n1,20.760539492026695
C[C@H]1COCCN1c1nc(Nc2cccs2)nc(-n2nnnc2-c2cccs2)n1,20.760539492026695
Oc1cnc(OC2CCN(c3nc(-c4cccnc4)ns3)CC2)c(-c2nccs2)n1,20.760539492026695
Cc1nn(C(C)(C)C)c2nc(N3CCCC3)nc(Nc3nnc(-c4cnccn4)s3)c12,20.760539492026695
C=C1c2nc(-c3nc(C)no3)n(C3CCNCC3)c2N=C(Sc2nccs2)N1C,20.784609690826528
c1csc(-c2nc(Oc3cncs3)nn2-c2cn3ccnc3c(NC3CC3)n2)n1,20.784609690826528
Cc1csc(N2CCC(c3cc(-n4cncn4)nc(Nc4nccs4)n3)CC2)n1,20.784609690826528
COc1ccc(-c2nc(Nc3nc4cccnc4s3)nc(-n3ncc(C)n3)n2)cc1Cl,20.83266665599966
Cc1nc(-c2nccs2)n(-c2cc(N3CCOCC3)nc(Nc3cccnc3)n2)n1,20.85665361461421
OCc1csc(-c2nccnc2N2CCC(c3nc(-c4nccs4)ns3)CC2)n1,20.8806130178211
O=C(O)Cn1nc(-c2nccs2)cc1-c1nc(OC2CC2)c(N2CCOCC2)s1,20.904544960366874
CN1CCC(Nc2nc(Oc3cccc(-n4cncn4)c3)nc(-c3cscn3)n2)CC1,20.952326839756964
CN1CCC(n2scc2-c2cc(-c3cncnc3)nc(Nc3nncs3)n2)CC1,21.071307505705477
C=CC1CC(O)(c2nc(C)ns2)CCN1c1nc(-c2nccs2)n2nccc2n1,21.071307505705477
CNc1ncc(-c2nnc(-c3nc(Cl)cc(N4CCOCC4)n3)n2C2CCCC2)cn1,21.118712081942874
CNc1nc(-c2nc(N3CCN(c4ncccn4)CC3)cc(-n3ccc(C)n3)n2)cs1,21.142374511865974
CNc1nc(-c2nc3sccc3c(N3CCOCC3)c2Oc2nccnn2)cs1,21.142374511865974
Cc1nc(Nc2cnc(N3CCOCC3)nc2)c(-c2nsc(-c3nccs3)n2)s1,21.236760581595302
CNc1nnc(N2CCC(n3c(Oc4nccs4)nc4cccnc43)CC2)s1,21.2602916254693
CSc1nc2c(NC3CCN(c4ccccc4)CC3)nc(-c3nccs3)nn2n1,21.2602916254693
Cc1csc(-c2ncn3nc(-c4nc(C(=O)O)cs4)n(C4CCN(C)CC4)c23)n1,21.2602916254693
c1cc(-c2nncnc2Oc2ccc(Nc3nccs3)cc2)nc(N2CCCC2)n1,21.330729007701542
Cc1nsc(NC2CCN(c3nc(-c4nc5cccnc5s4)ns3)CC2)n1,21.354156504062622
Cc1noc(-c2nc3c(n2-c2cnc(Sc4cccs4)c(N)n2)CCSC3)n1,21.42428528562855
CSc1nsc(NC2CCN(c3nc(-c4nccs4)nc4ncoc34)CC2)n1,21.42428528562855
CN1CCC(n2nc(-c3nc(Nc4ccc(C5CC5)nn4)ns3)c3cccnc32)CC1,21.447610589527216
Cn1c(-c2cncs2)nc2nc(-c3cc(NC4CC4)no3)nc(N3CCOCC3)c21,21.447610589527216
COc1ccc2ncn(C3CCN(c4nc(C=N)nc(-c5nccs5)n4)CC3)c2c1,21.447610589527216
Cc1nsc(-c2nc(-c3nncs3)c(Nc3nccc(N4CCCC4)n3)s2)n1,21.517434791350013
Cn1cnc(-c2nc(Nc3ccc(Sc4nncs4)cc3)nc(N3CCCC3)n2)c1,21.517434791350013
Cc1nsc(C2CCN(c3nc(Nc4cnccn4)cc(-c4nccs4)n3)CC2)n1,21.61018278497431
Cc1cnn(-c2cc(Nc3nnc(-c4nccs4)s3)cc(N3CCCCC3)n2)n1,21.61018278497431
COc1cc(-c2nnnc(NC3CCN(c4nc5ccccc5s4)CC3)n2)sn1,21.702534414210707
CC1CCN(c2cc(-c3nc(Nc4nncs4)c4nnn(C)c4n3)ns2)CC1,21.77154105707724
Cc1cc(N2CCC(Nc3ncnc(-c4cscn4)n3)C2)nc(-c2nccs2)n1,21.77154105707724
c1csc(Sc2nc(Nc3ccc(-c4ccon4)cc3)nc(N3CCOCC3)n2)n1,21.79449471770337
Cn1cnnc1Nc1cccc(Oc2nc(-c3nccs3)nc(N3CCCCC3)n2)c1,21.863211109075447
CNc1ncc(-c2ccc(Sc3nc(-c4cccs4)n(C)n3)c3nnnn23)cn1,21.88606862823929
CNc1nccc(-c2nc3c(N4CCCCOCC4)ccnc3n2-c2nc(C)ns2)n1,21.88606862823929
Cc1cccc(-n2nc(Nc3cc(N4CCOCC4)ncn3)nc2-c2nccs2)n1,21.88606862823929
Cc1cncn1-c1nc(Nc2ncc(-c3nccs3)s2)nc(N2CCCC2)n1,21.908902300206645
Cc1cc(Nc2ncc3sc(=O)n(C4CCN(c5nccc(C)n5)CC4)c3n2)sn1,21.908902300206645
CSc1ccc(Nc2ncc(-c3cnc4c(N5CCCCC5)nsn34)cn2)nn1,21.95449840010015
c1cnn(-c2nsc(Nc3ccc(Oc4nc(N5CCCCC5)ns4)cc3)n2)n1,21.95449840010015
CNc1csc(-c2nc(Sc3ccnn3C3CCCOCC3)nn3ccnc23)n1,21.97726097583591
CSc1nc2c(-c3nncs3)nc(Nc3ccc(N4CCOCC4)nc3)nc2n1C,22.0
CSc1nc2cc(Nc3nc(-c4cscn4)nc(N4CCCC4)n3)cnc2n1C,22.06807649071391
c1ccc(Sc2nc3c(NCc4cscn4)nc(-c4cnccn4)nn3n2)cc1,22.06807649071391
O=C(O)C1CCN(c2ncnc(Sc3nc4ccccc4n3-c3ccccc3)n2)C1,22.090722034374522
CNc1ncnc(-c2nnc(Sc3ccc4nc(N5CCCC5)sc4n3)s2)n1,22.090722034374522
c1csc(Nc2ccc(Oc3nc(-c4nncs4)nc(N4CCCC4)n3)cc2)n1,22.15851980616034
Cc1nc(-c2nccs2)nc(N2CCC(Nc3nnc(-c4nccs4)s3)CC2)n1,22.15851980616034
COc1cc(-c2nccs2)nc(NC2CCN(c3ncnc4ncsc34)CC2)n1,22.15851980616034
Cc1cnc(-c2cn(-c3nc(N4CCCCC4)ncc3Nc3nccs3)nn2)s1,22.15851980616034
c1csc(Nc2ccc(Oc3nc(-c4csnn4)nc(N4CCCC4)n3)cc2)n1,22.15851980616034
Cn1cc(Nc2nccc(Oc3cc(-c4cnccn4)nc4c3SCCS4)n2)cn1,22.181073012818835
CNc1nc(-c2nnn(C3CCN(C)CC3)c3nc(-c4nccs4)nc2-3)cs1,22.181073012818835
CN1CCC(n2c(-c3nnc(SCC(=O)O)s3)nc3c4c(ccc32)OCO4)CC1,22.181073012818835
Cc1nsc(Sc2nc(N3CCOCC3)c3nc(-c4ccccn4)sc3n2)n1,22.20360331117452
Cc1ncc2cc(-c3nnc(Nc4ccsn4)nc3N3CCCCC3)n(C)c2n1,22.24859546128699
CCc1csc(-c2cnc3c(Nc4nncs4)nc(N4CCOCC4)cc3n2)n1,22.338307903688676
CSc1ncc2cc(Oc3cc(-c4cnns4)nc(N4CCCCC4)n3)sc2n1,22.360679774997898
CSc1nc2c(NC3CCOCC3)nc(-n3nnnc3-c3nccs3)cc2s1,22.427661492005804
Cc1ncc(-c2nc(Oc3ccc4c(c3)OCCO4)nc(N3CCC(O)CC3)n2)s1,22.516660498395403
Cc1cc(Oc2ccccn2)nn1-c1nc(N2CCCC2)nc2nc(N3CCC3)sc12,22.561028345356956
Cc1cccc(-n2nc(SC3=NC(N4CCCC4)=NC3)nc2-c2nc(C)ns2)n1,22.561028345356956
COc1csc(-c2nnnc(N3CCC(Nc4nc5ccccc5s4)CC3)n2)n1,22.60530911091463
CSc1nnc(C2CCN(c3nc(O)nc(-n4cnc5ccccc54)n3)CC2)s1,22.60530911091463
COc1csc(-c2nnnc(N3CCC(Nc4nc5sccc5s4)CC3)n2)n1,22.60530911091463
O=C(Nc1sc(-c2nc(N3CCCCC3)ns2)nc1Sc1nncs1)C1CC1,22.67156809750927
OC1CCN(c2nc(Oc3ccccc3)nc(-c3nnc(-c4cncs4)s3)n2)CC1,22.693611435820433
CSc1nnc(Sc2noc(-c3cn(C4CCNCC4)nc3F)n2)n1C1CC1,22.715633383201094
Cn1cc(-c2ncccn2)nc1Sc1nc(-c2nccs2)n(C2CCNCC2)n1,22.715633383201094
CNc1cnc(-n2c(SCc3nc4ccccc4s3)nnc2-c2cnns2)cn1,22.781571499789035
Cc1c(-c2c(NC(=O)OC(C)(C)C)nnn2C)nnn1-c1cccc(N2CCCC2)n1,22.80350850198276
COc1csc(-c2nnc3c(n2)nc(N)n3-c2ccc(N3CCCCC3)cc2)n1,22.847319317591726
Cc1nsc(C2CCN(c3ccnc(-c4nsc(Nc5cccnc5)n4)n3)CC2)n1,22.869193252058544
Nc1nc(SCc2nc3ccccc3s2)n(-c2ccnc(N3CCCCC3)c2)n1,22.9128784747792
COc1ncn(-c2ccc(Nc3nc(N4CCCCC4)nc(-n4ccnc4)n3)cc2)n1,22.93468988235943
COc1nc2cc(-c3nnnc(N4CCC(Nc5nccs5)CC4)n3)ccc2s1,22.956480566497994
Cc1nc(C)nc(Nc2ncc(-c3nc(N4CCCC4)c(N4CCOC4)s3)s2)n1,22.956480566497994
COc1ncc(-n2nc(N3CCCC3)nc2-c2cnc(Nc3nccs3)nc2)s1,22.956480566497994
CNc1nc(Sc2ncccn2)nn2c(-c3cncs3)nc(-c3cncs3)c12,22.956480566497994
c1csc(Nc2ccc(Oc3nc(-c4nccs4)nc(N4CCOCC4)n3)cc2)n1,22.956480566497994
COc1ncc(-n2ccnc2SC2CCSCC2)nc1-c1nc(C(=O)O)cs1,22.978250586152114
CNc1nc(OC2CCN(c3cnc4sccc4n3)CC2)nc(-c2nccs2)n1,23.043437243605826
Cn1c(Sc2nnn3ncnc(Nc4ccc(N5CCC5)nc4)c23)nc2ccccc21,23.108440016582687
c1ccc2sc(Nc3ccc(Oc4nc(N5CCCC5)nc5ncnn45)nc3)nc2c1,23.2163735324878
c1cncc(Nc2nc(-c3cc(N4CCOCC4)nc(-c4nccs4)n3)ns2)c1,23.302360395462088
COc1csc(-c2ccc3nc(Nc4cncnc4)n(C4CCOCC4)c3n2)n1,23.323807579381203
Cn1cncc1-c1cc(-n2cnc(Nc3nccs3)n2)nc(N2CCCCC2)n1,23.388031127053
Cc1noc(C2CCN(c3nc(-c4cnc(NC5CCOCC5)s4)ns3)CC2)n1,23.40939982143925
CNc1ncc(-c2nc(Sc3nc4ccccc4s3)n3nc(Cl)nc3n2)cn1,23.45207879911715
c1csc(-c2cn(-c3csc(NCc4nncn4C4CCCCC4)n3)nn2)n1,23.45207879911715
CNc1nnc(C2CCN(c3nc(OC(C)(C)C)nc(-c4cncs4)n3)CC2)s1,23.558437978779494
Cc1nsc(-c2nc(Sc3ccncn3)n(C3CCNCC3)c2-c2nncs2)n1,23.558437978779494
CSc1nc(F)n2ncnc(Nc3cc(-c4cscn4)nc(N4CCCC4)n3)c12,23.558437978779494
CNc1nc(C)cc(-c2nc3sc(N4CCC(c5nccs5)CC4)c(C#N)n3n2)n1,23.57965224510319
Cn1nnnc1-c1cc2nccc(NC3CCN(c4nc(C5CC5)cs4)CC3)n2n1,23.57965224510319
CN1CCCC(Oc2nc(Nc3ccc4ncsc4n3)nc(-c3nccs3)n2)C1,23.895606290697042
Cn1c(Oc2ccc(Nc3nc4ccccc4s3)nc2)nc(N2CCCCC2)nc1=O,23.979157616563597
Cn1cc(Nc2cc(C3CCN(c4ncsn4)CC3)nc(-c3nccs3)n2)nn1,23.979157616563597
Nc1nc(-c2nccs2)nc(C2CCN(c3nc(-c4cncs4)ns3)CC2)n1,24.041630560342615
Cc1ccc(Nc2ncc(-n3nc(N4CCCC4)nc3-c3cncnc3)c(F)n2)s1,24.08318915758459
Clc1ccc(-n2c(Sc3ncnc(NC4CC4)n3)cnc2-c2nnsn2)cc1,24.124676163629637
Cc1nc(N2CCCC2)cc(-n2cnc3c(-c4cc(N)nc(N5CCCC5)n4)csc32)n1,24.145392935299274
CSc1nc(N2CCOCC2)c2nc(-c3nccs3)n(-c3ccc(O)cn3)c2n1,24.145392935299274
CSc1nc(NC2CCN(c3ccnc(-c4nccnn4)n3)CC2)c2sccc2n1,24.166091947189145
Cc1noc(-c2nnc(C3CC3)n2C2CCN(c3nc4cccc(O)c4s3)CC2)n1,24.228082879171435
CNc1ncc(-c2cc3c(-c4nc(N5CCCCC5)ns4)nc(OC)nc3s2)cn1,24.289915602982237
CNc1nnn(C2CCOCC2)c1-c1ccc2nnn(-c3nc4ccccc4s3)c2n1,24.331050121192877
COc1cc2nc(-n3nccn3)n(-c3nc(N4CCCC4)nc4sccc34)c2cc1O,24.413111231467404
Oc1ccc(-c2nccs2)nc1OC1CCN(c2ncnc(-c3nccs3)n2)CC1,24.55605831561735
CSc1nsc(NC2CCN(c3nccc(-c4ccc5nccnc5n4)n3)CC2)n1,24.576411454889016
c1ccc2sc(-c3nc(NCc4cn(C5CC5)nn4)nc(N4CCCC4)n3)nc2c1,24.657656011875904
NNc1nsc(-c2nnc(Sc3ccnc(N4CCCC4)n3)n2-c2ccccc2)n1,24.677925358506133
COc1ccc(-n2nnnc2Sc2nnc(-c3nccs3)n2C2CCNCC2)cc1,24.71841418861655
CNc1nsc(-c2nc3cnc(Sc4cccnc4)nc3n2C2CCOCC2)n1,24.79919353527449
COc1cccc(Oc2nc(-c3csc4c3cnn4N=N)nc(N3CCCCC3)n2)c1,24.859605789312106
Cc1cncn1-c1nc(Nc2nc3ccc(-n4cccn4)nc3s2)nc(N2CCCC2)n1,24.879710609249457
CNc1nc(Sc2nnc(C)s2)nc2sc(-c3ccnc(N4CCCC4)n3)nc12,24.899799195977465
Nn1nc(Sc2nnc(-c3nccs3)n2C2CC2)nc1-c1ccc(N2CCC2)nc1,25.079872407968907
c1cc(-c2cscn2)nc(Oc2sc(-c3cscn3)nc2OC2CCNCC2)n1,25.13961017995307
CN1CCC(n2c(N)cnc2-c2ccnc(Sc3nc4nccnc4s3)n2)CC1,25.179356624028344
Cn1c(Sc2nc(-c3cncs3)nc(N3CCC(N)CC3)n2)nc2ccccc21,25.199206336708304
CNc1ncnc(-c2cc(Cl)cnc2Sc2nnnn2-c2ccc(Cl)cc2)n1,25.357444666211933
c1ncc(-c2nc3c(NC4CCOCC4)cc(-c4cnn(C5CCC5)c4)nn3n2)s1,25.41653005427767
Cn1c(-c2ccnc(N3CCCC3)n2)nc2c(Nc3nnc(C4CC4)s3)ncnc21,25.592967784139454
N#CCNc1nc(N2CCCC2)nc(-n2c(Sc3nccs3)nc3ccccc32)n1,25.748786379167466
c1ccc(Oc2nc(-c3cnn4c(NC5CC5)nsc34)nc(N3CCCC3)n2)cc1,25.768197453450252
Cc1nc(-c2cccc(O)c2)n(-c2nc(Sc3cscn3)nc(N3CCCC3)n2)n1,25.98076211353316
CSc1nnc(-c2nc(Nc3ccc4c(c3)OCO4)nc(N3CCCC3)n2)s1,26.0
c1csc(-c2ncc(Oc3nc(N4CCCC4)ns3)c(C3CCNCC3)n2)n1,26.0
Cn1c(-c2nc(N)cs2)nc(-c2cccs2)c1Sc1nnnn1C1CCCC1,26.115129714401192
c1cc(-c2nnc(Nc3nccs3)n2CC2CCCO2)nc(N2CCCC2)n1,26.229754097208
c1ccc(Oc2nc(-c3nsc(NC4CC4)n3)cc(N3CCOCC3)n2)cc1,26.30589287593181
Cc1csc(Nc2cc(-n3nc(N4CCCCC4)nc3-c3cncnc3)ncn2)n1,26.343879744638983
COc1ccc(Nc2nc(-c3cc4ncsc4s3)nc(N3CCOCC3)n2)cn1,26.43860813280457
c1cc(-n2nc(Nc3nccs3)nc2OCc2nccs2)nc(N2CCCC2)n1,26.43860813280457
[C-]#[N+]c1csc(Sc2nc3c(-c4cnc(NC)nc4)cc(N4CCCC4)nn3n2)n1,26.551836094703507
c1ccc(Oc2nc(N3CCCC3)nc(-n3cc(Nc4nccs4)nn3)n2)cc1,26.589471600616662
Cc1ncn(-c2nc(Nc3nc(-c4nccs4)cs3)nc(N3CCCCC3)n2)n1,26.870057685088806
c1cc(-c2nncnc2Oc2ccnc(Nc3nccs3)n2)nc(N2CCCC2)c1,26.981475126464083
Cc1noc(C2CCN(c3ccc4nc(-c5nncs5)c(NC5CC5)n4n3)CC2)n1,26.981475126464083
c1csc(-c2noc(C3CCN(c4nsc(NC5CCOCC5)n4)CC3)n2)n1,27.055498516937366
Cc1ncn(-c2nc(Nc3ccc4c(c3OC(C)(C)C)OCO4)nc(N3CCCC3)n2)n1,27.055498516937366
COc1csc(-c2nc3c(Nc4cncnc4F)nc(N4CCCC4)nc3s2)n1,27.184554438136374
O=C(O)c1csc(-c2nc(N3CCCC3)c3nc(CSc4cccs4)nn3n2)n1,27.202941017470888
OC1CCN(c2nsc3c(Sc4ccno4)nc(Sc4ccccn4)nc23)CC1,27.331300737432898
CSc1cc(-n2nc(N3CCCC3)nc2Nc2nccs2)c2ncc(F)nc2n1,27.331300737432898
c1ccc(Oc2nc(-c3nsnc3Nc3nccs3)nc(N3CCOCC3)n2)cc1,27.422618401604176
c1ccc(Oc2nc(Nc3ccc(-n4ncnn4)s3)nc(N3CCCC3)n2)cc1,27.694764848252458
c1cc2c(c(Oc3nc(Nc4cn5ccsc5n4)nc(N4CCCC4)n3)c1)OCO2,27.83882181415011
FC1CCN(c2nccc(-c3nnc(Nc4nncs4)nc3Oc3ccccc3)n2)CC1,27.85677655436824
c1csc(Nc2ccc(Oc3ncnnc3-c3cnc(N4CCCCC4)nc3)cn2)n1,28.053520278211074
c1nnc(Sc2nn3ncc(-c4ccc(N5CCCC5)nc4)c3nc2NC2CC2)s1,28.19574435974337
CSc1nnc(-c2nccs2)n1-c1nc(C)cc2c1nc(O)n2C1CCCC1,28.26658805020514
CSc1ccc2c(cnn2-c2nc(Nc3cncs3)nc(N3CCCC3)n2)n1,28.75760768909681
Cc1cc2c(nc(-c3cnc4nncn4c3)n2C2CCCC2)c(Nc2cnn(C)c2)n1,28.75760768909681
Cn1cc(-c2ncc3c(n2)nc(NC2CCN(c4nncs4)C2)n3C2CCCC2)cn1,28.827070610799147
Cc1ncc(Sc2nc(N3CCCCC(O)=N3)n3cc(-c4cnn(C)c4)nc3n2)s1,28.879058156387302
CSc1nc(Nc2nccs2)c2cnc(-c3cnn(C4CCSC4)n3)nc2n1,28.982753492378876
c1cnn(-c2ccc(Nc3nc(N4CCCCC4)nc(-n4cnc(C5CC5)c4)n3)cc2)n1,29.171904291629644
c1ccc(Oc2nncn2-c2cc(Nc3nccs3)nc(N3CCCCC3)n2)cc1,29.30870177950569
CNc1ncc(-c2nc(N3CCCC3)nn2-c2csc3nc(C4CCC4)nn23)cn1,29.512709126747414
CNc1ncnc2c1ncn2C1CCN(c2nc(-c3ccncc3)nn2C2CCC2)CC1,29.58039891549808
Cn1c(C2CCN(c3nc(NC4CC4)nc(-c4nnco4)n3)CC2)nc2ccccc21,29.664793948382652
Cn1cc(-c2nc3cc(-c4ncnn4C4CCCC4)cc(NC4CCOCC4)n3n2)cn1,29.916550603303182
c1cc(-c2nn3ncnc3n2C2CCCC2)nc(Nc2ccc(N3CCOCC3)cc2)n1,29.93325909419153
Cc1nsc(-c2nc(NC3CCOCC3)n(C3CCOCC3)c2-c2nncs2)n1,30.265491900843113
N#Cc1cc2nc(N3CCC(Oc4nc(N5CCCC5)ns4)CC3)nc(O)c2s1,30.44667469527666
CSc1nnc(Nc2nc(N3CCCC3)nc3c2cnn3C2CCOCC2)s1,30.512292604784715
CN1CCC(n2nnc3c(-c4nc(-c5cn(C)cn5)cs4)nc(NC4CC4)nc32)CC1,30.528675044947494
CSc1nc2nc(Oc3ccccc3)nc(-c3ccnc(N4CCC(O)CC4)n3)n2n1,30.72458299147443
Cc1cnc(Nc2cc(-c3noc(=S)n3C3CCOCC3)nc(N3CCCC3)n2)s1,31.432467291003423
Cc1ncn(-c2nccc(-c3nc4c(NC5CCOC5)ccnc4n3C3CCCC3)n2)n1,31.796226191169293
c1csc(Nc2ccc(-n3ncnc3-c3nnc(OC4CCCCC4)nn3)cc2)n1,31.96873472629156
c1ncc(-c2nc(Nc3ccc4c(cnn4C4CCC4)n3)nc(N3CCCC3)n2)cn1,32.09361307176243
CSc1nc(-c2cn(C3CCNCC3)nn2)c(-c2nncs2)n1C1CCCC1,32.66496594212215
Cc1nc(NC2CCOCC2)cc(-n2nc(N3CCCCC3)cc2Oc2cncnc2)n1,34.61213659975356
CSc1nc2c(Nc3nncs3)nc(N3CCCC3)nc2n1C1CCOCC1,35.199431813596085
CSc1nnc(-c2cc(NC3CCCCC3)n3cc(-c4ncn(C)n4)nc3n2)s1,35.25620512760839
Cc1nc(-c2cc3c(NC4CCOCC4)nnn(C4CCCC4)c-3n2)nc2c1ncn2C,38.157568056677825
Cc1nccn1-c1nc(Nc2nc(N3CCCCC3)ns2)nc(N2CCCCC2)n1,39.585350825778974
Oc1nc(Sc2nnc(Sc3nccs3)n2C2CC2)nc(N2CCCCC2)n1,46.07602413403309
NNc1nc(N2CCCC2)nc(-n2c(SC3CCCC3)nnc2-c2cccs2)n1,49.31531202375181
