SMILES,cats_euclidean_dist
Clc1cnc(Nc2noc3c(-c4cn(CCN5CCCC5)cn4)cccc23)s1,9.055385138137417
Cc1sc(Nc2nc3cccnc3s2)nc1N1CCN(Cc2ccco2)CC1,9.38083151964686
C#CCn1c(-c2cnc(CNc3nccs3)o2)nc2sc(N3CCCC3)nc21,9.797958971132712
c1ccc2oc(Nc3nc4cc(-c5cn(CCN6CCOCC6)nn5)oc4s3)nc2c1,10.14889156509222
Nc1ncnc2oc(CN3CCN(c4ncc(-c5nc6ccccc6o5)s4)CC3)cc12,10.295630140987
CN(C)c1nc(NC2CCN(c3nc4cc(Cl)nn4o3)CC2)c2ccsc2n1,10.488088481701515
CCn1c(=O)n(CC(C)(C)C)c2cnc(NC3CCN(c4nccs4)CC3)nc21,10.535653752852738
c1ncc(-c2nc(NCc3csc4nc(N5CCCC5)cn34)n3cncc3n2)s1,10.723805294763608
Cn1cncc1CNc1ncc(-c2nc3sc(N4CCCC4)nc3o2)c2ccnn12,10.908712114635714
C=CCn1c(Sc2nccs2)nn2cnc(NC3CCSCC3)c2c1=O,11.090536506409418
CSc1cnc(Nc2nc(N3CCN(Cc4ccco4)CC3)nc3sccc23)o1,11.090536506409418
Cn1nc(NCc2cnc(-c3nccs3)o2)c2sc(-c3cnc4ccnn4c3)cc21,11.135528725660043
Cc1nc(N2CCN(Cc3nnc(-c4ccco4)o3)CC2)c2sc(=S)n(C)c2n1,11.180339887498949
Cc1ncc(CNc2ncc(-c3nc4sc(N5CCCC5)nc4s3)cn2)s1,11.269427669584644
C#CCNc1cccc2oc(=S)n(CCn3ncc4c(-c5nncs5)ncnc43)c12,11.269427669584644
Cn1cc(CNc2ncc(-c3nc4sc(N5CCCC5)nc4s3)cn2)nn1,11.313708498984761
Cc1nsc(-c2nn(Cc3ccc4nc(N5CCCC5)sc4c3)c(=N)n2C)n1,11.313708498984761
c1ccc2c(Nc3ncnc4onc(-c5ncc(CN6CCOC6)s5)c34)nccc2c1,11.313708498984761
CCN(Cc1ccc(C#N)s1)c1nc2sc(-n3cnc4scnc43)nc2s1,11.40175425099138
O=c1c2sc(NCc3nnc(-c4cccs4)o3)nc2cnn1CC1CCCS1,11.445523142259598
c1ccc(-c2nnc(CN3CCN(c4ccnc(Nc5ccncc5)n4)CC3)o2)cc1,11.489125293076057
C#CCn1cnc2c3c(NCc4nc(-c5cscn5)ns4)nc(C)nc3sc21,11.61895003862225
Cc1nc(N2CCN(C)CC2)nc2oc(Nc3ccc4nc(-c5cccs5)on34)nc12,11.61895003862225
Nc1cccc(OCc2coc(CN3CCN(c4nc5sccc5s4)CC3)n2)n1,11.74734012447073
CNc1nc(Cn2cnc3c(-c4nccs4)nsc32)nc(-c2cccs2)n1,11.789826122551595
Cc1cc2sc(=N)sc2c(N2CCN(Cc3nnc(-c4cscn4)o3)CC2)n1,11.789826122551595
c1cc(NCc2nnc(-c3nccs3)o2)nc(N2CCN(c3nccs3)CC2)c1,11.832159566199232
Cn1nc(Nc2nc3ccccc3s2)nc2cc(-c3nnc(CN4CCOC4)o3)cc1-2,11.832159566199232
c1coc(-c2noc(CN3CCN(c4nccc(Nc5ccsc5)n4)CC3)n2)c1,11.958260743101398
c1ccc(CN2CCN(c3nc(Nc4cnc(-c5nnco5)s4)cs3)CC2)cc1,11.958260743101398
CN(C)c1nc2c(nc(NCc3cc4cccnc4o3)n3nc(-c4ccco4)nc23)s1,11.958260743101398
Cc1cc(N2CCN(Cc3nc4ccccc4o3)CC2)nc(Nc2nccs2)n1,11.958260743101398
CN(C)c1ccc(Nc2ncc(-c3nc4sc(N5CCCC5)nc4s3)cn2)cn1,12.0
Cc1nc(N2CCN(Cc3nnc(-c4cscn4)o3)CC2)c2c(n1)sc1cc[nH]c12,12.083045973594572
c1ccc2c(c1)nc(Nc1nc(-n3ccnc3)ns1)n2CCN1CCCc2ocnc21,12.083045973594572
CSc1sc2nc(-c3cnc4n3NCCS4)nn2c1-c1oc(C)cc1C,12.165525060596439
Cc1c(-c2nccs2)nn2c(=O)cc(NCc3nnc(-c4cccs4)o3)sc12,12.165525060596439
Cc1nnc(CSc2nc3scc(N4CCOCC4)c3n2-c2nccs2)o1,12.206555615733702
Cc1csc(N2CCC(Nc3nc4c(cc(-c5cnco5)c(=O)n4C)s3)CC2)n1,12.328828005937952
Cc1nsc(-c2nnc(CN3CCN(c4nc5cccc(C)c5s4)CC3)o2)n1,12.36931687685298
Cc1noc(-c2ncc(CN3CCN(c4nc(=S)[nH]c5oc(C)cc45)CC3)s2)n1,12.409673645990857
c1csc(NCCn2cc(-c3nc4c(N5CCCSC5)nccc4o3)cn2)n1,12.449899597988733
Cc1cc2nc(Nc3nccs3)nn2c(-c2cn(C3CCN(Cc4ccco4)CC3)cn2)n1,12.449899597988733
CNc1ccc(-c2csc(N3CCN(Cc4nnc(-c5ncco5)o4)CC3)n2)s1,12.449899597988733
Cc1noc(-c2cnc(N3CCN(Cc4cc5cccc(C(=O)O)c5o4)CC3)s2)n1,12.489995996796797
Cc1nc(NC2CN(c3nc4ccccc4s3)C2)c2c(-c3ccco3)nn(C)c2n1,12.489995996796797
O=CCn1c(N/N=c2\onc(Sc3ccc4c(c3)OCO4)s2)nc2ccccc21,12.489995996796797
Cc1nsc(-c2nnn3c(NCc4ccc5c(c4)OCO5)nc4sccc4c23)n1,12.489995996796797
Cc1nnc(CN2CCN(c3ncnc4nc(-c5sccc5C)sc34)CC2)o1,12.529964086141668
COc1cccc2nc(NC3CCON(c4ncc(-c5nc(C)no5)s4)C3)sc12,12.609520212918492
Cc1cc(Nc2ccc(F)cc2)nc(SCC(=O)n2nc3sccn3c2=O)n1,12.609520212918492
CCn1c(=S)n(C)c2ccc(Nc3nnc4cnn(C5CCSCC5)c4n3)cc21,12.609520212918492
CN([O-])c1nc2c(s1)c1nn(CC(C)(C)C)c(=S)n1c(=O)n2Cc1ccccc1,12.609520212918492
O=c1sc(-c2ccc(NCCn3cncn3)nc2)nc2sc(N3CCCCC3)nc12,12.609520212918492
c1ccc(Nc2nc(N3CCN(Cc4nnc(-c5cscn5)o4)CC3)cs2)nc1,12.649110640673518
Cc1cc(Nc2nccs2)nc(N2CCN(Cc3nnc(-c4ccco4)o3)CC2)n1,12.649110640673518
CNc1nc(N2CCN(Cc3nnc(-c4cscn4)o3)CC2)nc2cc(C)sc12,12.649110640673518
Cc1nnc(-c2csc(Nc3nc(N4CCN(C)CC4)nc4sccc34)n2)o1,12.649110640673518
Cc1nnc(CN2CCN(c3nc(Nc4nccs4)c4sccc4n3)CC2)o1,12.649110640673518
Cc1cc(Nc2cccs2)nc(N2CCN(Cc3nnc(-c4nccs4)o3)CC2)n1,12.649110640673518
Cc1coc(N2CCC(Nc3nc4c(cnn4Cc4cccs4)c(=O)n3C)CC2)n1,12.649110640673518
c1ccc(Nc2nc(N3CCN(Cc4nnc(-c5nccs5)o4)CC3)cs2)nc1,12.649110640673518
Cc1cc(Nc2nccs2)nc(N2CCN(Cc3nnc(-c4cccs4)o3)CC2)n1,12.649110640673518
Cc1nnc(CN2CCN(c3nccc(Nc4nc5ccccc5s4)n3)CC2)o1,12.649110640673518
Cc1nnc(CN2CCN(c3nccc(Nc4nc5sccc5s4)n3)CC2)o1,12.649110640673518
Cc1cc(Nc2cccs2)nc(N2CCN(Cc3nnc(-c4cscn4)o3)CC2)n1,12.649110640673518
Cc1noc(-c2csc3ncnc(N4CCN(Cc5nc6ccccc6o5)CC4)c23)n1,12.68857754044952
Cc1csc(N2CCN(Cc3nnc(-c4nc(-c5ccsc5)no4)o3)CC2)c1,12.727922061357855
Cc1nnc(NCc2ncc(-c3nc4sc(N5CCCCC5)nc4s3)o2)s1,12.727922061357855
Cc1csc(N2CCN(Cc3nnc(-c4nc(-c5cccs5)no4)o3)CC2)c1,12.727922061357855
N#Cc1cc2c3sc(NCc4nccs4)nc3n(CCN3CCOCC3)c2s1,12.806248474865697
Cc1nc(Nc2ccc(F)cn2)c2cnn(Cc3nc(-c4nccs4)ns3)c2n1,12.806248474865697
Cc1csc(-c2nc3ccnc(N4CCN(Cc5nnc(C)o5)CC4)c3s2)n1,12.84523257866513
CSc1nc2sc3ncn(CCN4CCOCC4)c3c2cc1-c1csc(N)n1,12.884098726725126
Cc1nc(N2CCC(Nc3nnc4sccc4n3)CC2)c2cnn(CC3CC3)c2n1,12.922847983320086
Cc1ccc2nc(N3CCOCC3)oc2c1CSc1nc2c(O)cc(Cl)nn2n1,12.922847983320086
CNc1nc(-c2ccco2)nc2c1cc1c(N3CCN(Cc4ccco4)CC3)ncnn12,12.922847983320086
c1ccc2oc(Nc3nc4c(-c5cnn(CCN6CCOCC6)c5)noc4s3)nc2c1,12.922847983320086
Cc1cc2c(N3CCN(Cc4cnc(-c5nc(S)no5)o4)CC3)ncnc2s1,12.96148139681572
c1nc(NCc2ccc(-c3csc(N4CCOCC4)n3)o2)nc(-c2nccs2)n1,12.96148139681572
Cc1nsc(-c2nc3sccn3c2N2CCN(Cc3ccc(C(=O)O)o3)CC2)n1,12.96148139681572
COC(=O)c1cnc2c(C)nc(Nc3nc4sc(CN5CCOCC5)cc4s3)cn12,13.0
CN(Cc1nncs1)c1nc2n3cc(-c4cncc5sccc45)nc3n(C)cnc1=2,13.0
CN(Cc1cc2cccc(-n3nccn3)c2o1)c1nc2sc(N3CCCC3)nc2s1,13.038404810405298
Cc1cccc(-n2nc(CSc3nc4[nH]c(N5CCCC5)nc4s3)oc2=S)n1,13.038404810405298
Cc1nsc(-c2cc3c(N4CCOC(Nc5nccs5)CC4)ncnc3n2C)n1,13.076696830622021
CN1CCSC(n2cnc3cc(NCc4nnc(-c5nccs5)o4)ccc32)CC1,13.076696830622021
S=c1oc2cc(Nc3nc(-c4ncco4)ns3)ccc2n1CCN1CCOCC1,13.076696830622021
COc1nn2cc(-c3sn4c(NCc5nc6ccccc6o5)cncc34)nc2s1,13.114877048604
Oc1ccc2cc(CN3CCN(c4ncnc5c(-c6ccco6)noc45)CC3)oc2c1,13.114877048604
Cc1csc(-c2csc(N3CCN(Cc4nnc(-c5cscn5)o4)CC3)n2)n1,13.152946437965905
Cc1cccc2nc(N3CCN(Cc4ncc(-c5nc(-c6nccs6)no5)[nH]4)C3)oc12,13.19090595827292
Cc1nc(CN2CCN(c3nc(-c4occc4C)c4[nH]c(=S)sc4n3)CC2)no1,13.19090595827292
Cc1nn(-c2nc(Nc3ncns3)c3cnn(Cc4ccccc4)c3n2)c2ccccc12,13.228756555322953
Cc1cc2nnc(-c3ncco3)n2c(Nc2ccc(N3CCN(C4CC4)CC3)cn2)n1,13.2664991614216
Cc1cc(Nc2nccs2)nc(N2CCN(Cc3noc(-c4nccs4)n3)CC2)c1,13.2664991614216
c1ccc(Nc2noc(-c3csc(N4CCN(Cc5nccs5)CC4)n3)n2)nc1,13.2664991614216
Cc1csc(N2CCN(Cc3nnc(-c4ccc(-c5nncs5)s4)o3)CC2)n1,13.30413469565007
c1cnc(NCCn2cc(-c3nc4sc(N5CCCCC5)nc4s3)cn2)nc1,13.341664064126334
Nc1nc(N2CCCN(Cc3nnc(-c4csnn4)o3)CC2)c(-c2ccccc2)s1,13.341664064126334
Cc1csc2sc(NN3CCC(N(C)c4nc5ccccc5o4)C3=O)nc(=O)c12,13.341664064126334
c1ccc2sc(NC3CCN(c4ncnc5c4nnn5CCC4CC4)CC3)nc2c1,13.341664064126334
COc1ccc2snc(N3CCC(Nc4nc(C)nc5nc(Cl)nn45)CC3)c2c1,13.379088160259652
c1ncn(CCNc2ccc(-c3nc4sc(N5CCCCC5)nc4s3)nn2)n1,13.379088160259652
Cc1ccc2nc(Nc3nc(C)nc4c3cnn4CC3CCSS3)sc2n1,13.379088160259652
Cc1noc(CN2CCN(c3nc(-c4csc(Nc5ccccn5)n4)cs3)CC2)n1,13.416407864998739
c1ccc2sc(Nc3nnc(CCN4CCN(c5ncon5)CC4)s3)nc2c1,13.416407864998739
Cc1cc2sc3c(c2c(N2CCN(Cc4nc(-c5nc(C)no5)no4)CC2)n1)CCN3,13.416407864998739
COc1nc2sc3ncnc(N4CC(Nc5nc(C)cc6ncsc56)C4)c3c2n1C,13.416407864998739
Cc1cc2ccc(Sc3nnc(N4CCN(Cc5cscn5)CC4)o3)nc2o1,13.45362404707371
CCn1c(Sc2nc3[nH]c(N4CCCCC4)nc3s2)nnc1-c1nccs1,13.45362404707371
c1coc(-c2ncnc3c2sn3CCC2CCN(c3ccc4ncsc4n3)CC2)n1,13.45362404707371
Cc1noc(-c2cc3ncnc(N4CCN(Cc5nc6ccccc6o5)CC4)c3s2)n1,13.45362404707371
Cc1nc(N2CCN(Cc3nc4ccccc4o3)CC2)c2c(n1)sc1nc(N)sc12,13.490737563232042
C#Cn1cnc2c(OC)cc3nc(-c4nccs4)nc(NCc4nccs4)c3c21,13.527749258468683
Cc1csc(NCc2ncc(-c3nc4c(nc(N5CCCC5)c(=O)n4C)s3)o2)n1,13.527749258468683
Cc1cc2nc(N3CCSCC3)nc(NCc3nnc(-c4nccs4)o3)c2s1,13.564659966250536
Cc1nc(-c2nnc(CN3CCN(c4nc(=N)sc5nc(C)sc45)CC3)o2)cs1,13.564659966250536
Cc1nnc(CN2CCN(c3nc(Nc4nccs4)nc4ccsc34)CC2)o1,13.564659966250536
Cc1nnc(CN2CCN(c3nc(Nc4nccs4)nc4sccc34)CC2)o1,13.564659966250536
c1csc(NCSc2nc(-c3ccc4c(c3)OCO4)nc3cncn23)n1,13.564659966250536
c1ccc(Nc2nccc(N3CCN(Cc4noc(-c5cscn5)n4)CC3)n2)cc1,13.564659966250536
CN1CCN(c2nc(CSc3nnc(Nc4ccc(C#N)cc4)s3)cs2)CC1,13.564659966250536
Cc1cnc(-c2csc(N3CCN(Cc4cnc(-c5ccsc5)nn4)CC3)n2)o1,13.601470508735444
CN(CCc1nc2sc(N3CCCCC3)nc2s1)c1nc(N)nc2sccc12,13.601470508735444
Cc1c(-c2cscn2)oc2ncnc(N3CCN(CC4CCSC4)CC3N)c12,13.638181696985855
Cc1cc2c(N)nc(N3CCN(Cc4nnc(-c5cscn5)o4)CC3)nc2s1,13.674794331177344
COC1CC(Nc2nc(-c3cccs3)nn3cc(-c4ccc5c(c4)OCO5)nc23)O1,13.674794331177344
Cc1cc(CN2CCN(c3nsc(Nc4nc5ccccc5s4)n3)CC2)on1,13.674794331177344
Cc1nc2cccc(-n3ncc4c(N5CCN(Cc6csc(N)n6)C5)ncnc43)c2s1,13.674794331177344
CCc1cc2c(N)nc(N3CCN(Cc4nnc(-c5cscn5)o4)CC3)nc2s1,13.674794331177344
Cc1ccc(N2CCN(Cc3nnsc3-c3nccc(Nc4nccs4)n3)CC2)o1,13.711309200802088
Cc1nnc(CN2CCN(c3nc(Nc4ccc(F)nc4)nc4ccsc34)CC2)o1,13.711309200802088
CONc1nc(CN2CCN(c3ncc(-c4nccs4)o3)CC2)c2sccc2n1,13.711309200802088
Cc1nc(-c2ccon2)oc1CN1CCN(c2nc(C)c3[nH]c(=S)sc3n2)CC1,13.784048752090222
Cc1ccc(Cn2c(=O)sc3ncnc(N4CCN(c5csc(N)n5)CC4)c32)o1,13.784048752090222
Cc1nccc(NC2CCN(c3nc4c(ncn4Cc4nccs4)s3)CC2)n1,13.820274961085254
Cn1cnc(-c2cc3c(NCc4nc5ccccc5o4)nc(N4CCOC4)nc3s2)c1,13.820274961085254
COc1ccc(-c2cnn3c(Nc4ccc(N5CCOCC5)cc4)nsc23)cn1,13.820274961085254
Cc1noc(CN2CCN(c3nc(Nc4nccs4)c4ccsc4n3)CC2)n1,13.856406460551018
Cc1noc(-c2cc(CN3CCN(c4nc(C)c5sc6ccccc6c5n4)CC3)on2)n1,13.892443989449804
Cc1noc(-c2nsc(CN3CCN(c4nc5sc(C)cc5s4)CC3)n2)n1,13.892443989449804
CSc1nc(N2CCOCC2)c2c(n1)sc1nc(-c3cc(C)c(C(=O)O)s3)cn12,13.892443989449804
CSCCNc1nc(N2CCOCC2)nc2sc3nc(-c4ccco4)sc3c12,13.96424004376894
c1ccc2c(c1)nnn2-c1nsc(NCCn2c(N3CCCC3)nc3ccccc32)n1,13.96424004376894
Cc1cn2ncnc(N3CCN(Cc4nnc(O)o4)C3)c2c1-c1nc2ccccc2s1,14.0
CN(C)c1nc(F)nc2sc(NCc3nnc(-c4nc5ccccc5s4)o3)nc12,14.0
Cc1nc(Nc2ccc(N3CCOCC3)nc2)nc(-n2c(=S)oc3c(C)cccc32)n1,14.0
N=c1sn(Cc2ccccc2)nc1SCc1nn2nnc(-c3ccco3)c2s1,14.0
Cc1nn(CCC2CCCO2)c2nc(-c3cc4c(N)ncnc4s3)n3cncc3c12,14.035668847618199
Cc1noc(-c2cc(CN3CCN(c4nsc5nc(C)sc45)CC3)on2)n1,14.035668847618199
c1cnc(N2CCN(CCc3nc(-c4nccs4)c(-c4nccs4)o3)CC2)nc1,14.035668847618199
CSc1nnc(CN2CCN(c3scnc3-c3nc4sccc4[nH]3)CC2)o1,14.071247279470288
Cc1cc(-c2nc3sc4nc(-c5ccco5)nc(NCC5COC5)c4n3n2)sn1,14.071247279470288
Cc1cc2c(c(-c3nc4ccccc4s3)n1)n1nc(N)nc1n2CCN1CCOCC1,14.071247279470288
c1coc(-c2nc3nc(N4CCOCC4)nc(Nc4nccs4)c3s2)c1,14.106735979665885
Cc1nc2cc(-c3noc(CN4CCN(c5ncsn5)CC4)n3)c(N)cc2s1,14.106735979665885
Cc1nn(-c2nc3sc(N4CCCC4)nc3o2)c2nc(NCc3nccs3)ncc12,14.142135623730951
CN(Cc1cccs1)C(=O)CSc1nc2sc3nc(Cl)nnc3c2s1,14.142135623730951
c1ccc2c(c1)ncn2-c1nc(NCc2nccs2)nc(-n2nnc3ccccc32)n1,14.142135623730951
Cc1nn(-c2nc3sc(N4CCCC4)nc3s2)c2nc(-c3cnn(C)c3)cc(N)c12,14.212670403551895
CN1CCC(n2c(NCc3nccs3)nc3nc(-c4nncs4)ccc32)CC1,14.247806848775006
Cc1nc(CN2CCCN(c3nc(Nc4nccs4)c4ccsc4n3)CC2)no1,14.247806848775006
C#CCNc1ncnc2sc(Sc3nc4c(o3)c(-c3cccs3)nn4C)nc12,14.247806848775006
Cc1c(Cl)cn2ncnc(NCc3nnc(Sc4nc5c(s4)COCC5)o3)c12,14.247806848775006
CCn1ncc2c(NC3CCN(c4ncnc5sc(Cl)nc45)CC3)nc(C)nc21,14.247806848775006
Cc1nc2nc(Nc3ccc(-c4nc5nc(N6CCCC6)ccn5n4)cc3)cnc2n1C,14.2828568570857
Cc1nc(Nc2nccs2)n2cc(-c3cnn(Cc4ccc5c(c4)OCO5)c3)nc2n1,14.2828568570857
c1csc(CNc2nc3nc(-n4cnc5c(N6CCOCC6)ncnc54)ccc3o2)c1,14.2828568570857
Cc1cc(CN2CCN(c3nsc(Nc4nnc(-c5ccccc5)o4)n3)CC2)ccn1,14.2828568570857
c1cnc2c(c1)c1ncc3nc(-c4cncs4)nn3c1n2CCCNc1cncs1,14.352700094407323
c1csc(NC2CCN(c3nc(COc4ccc5ncoc5c4)ns3)CCO2)n1,14.38749456993816
Cc1ncsc1CNc1nc(-c2cncs2)nc2sc(N3CCCC3)nc12,14.38749456993816
c1coc(-c2nc(NCCn3nnc4sc(N5CCCC5)nc43)c3sccc3n2)c1,14.38749456993816
O=c1sc2nc(N3CCCC3)nc(-c3nccs3)c2n1CCNc1nccs1,14.38749456993816
CCn1ncc2c(=O)n(C)c3ccc(Nc4nc(N5CCCC5)nc5ccnn45)cc3c21,14.38749456993816
Cc1nn(-c2nc3ccc(N4CCCC4)nc3s2)c2ncnc(Nc3cccnc3)c12,14.422205101855956
Cc1noc(-c2nc(S)c(CN3CCN(c4nccc5ncsc45)CC3)o2)n1,14.422205101855956
Cc1cnc(Nc2nc3cccnc3s2)nc1N1CCN(Cc2cnco2)CC1,14.422205101855956
CN1CCN(c2nc(C#N)cc3nc(NCc4nnc(-c5cccs5)o4)sc23)CC1,14.422205101855956
Cc1nc(Nc2cccc3nc(N4CC(C)(C)N=CN4C)sc23)c2ncsc2n1,14.422205101855956
Cc1nc(-c2oc3scnc3c2C)nc(N2CCN(Cc3cscn3)CC2)n1,14.45683229480096
Cc1cc(-c2nc3c(s2)c2ccc(C(=O)O)cc2n3CCN2CCSCC2)no1,14.45683229480096
CN1CCCN(c2ncnc(NCc3cnc(-c4nc5ccccc5s4)o3)n2)CC1,14.52583904633395
CCn1nnc2c(CN3CCC(Nc4nc5ccsc5s4)OC3=O)cccc21,14.52583904633395
Cc1nc(N2CCC(Nc3nc4ncsc4s3)CC2)n(Cc2nccs2)n1,14.52583904633395
c1csc(Nc2ncnc3c2cnn3CCC2CCCN(c3nncs3)C2)n1,14.52583904633395
Cc1nn(C)c(-c2ccco2)c1C(=O)N=c1sc2nc(N3CCCC3)n(N)c2s1,14.52583904633395
c1cc(-c2nsc(Nc3nc(N4CCCC4)cs3)n2)ccc1Cn1cnnn1,14.560219778561036
COc1cc(-c2nncs2)nc2nc(NC3CCN(c4nccs4)CC3)sc12,14.560219778561036
Cc1nnc(Nc2nc(N3CCN(Cc4nc5ccccc5o4)CC3)ns2)s1,14.560219778561036
N=c1c2nc(-c3cccc4occc34)sc2ncn1CCN1CCN(CC(=O)O)CC1,14.628738838327793
COc1ccc(-c2nc(C)no2)c2nc(N3CCC(Nc4nccs4)CC3)sc12,14.66287829861518
C#CCn1cnnc1-c1nc2c(Nc3nc4sccc4s3)snc2cc1OC,14.66287829861518
CNc1nc(N2CCN(Cc3nc(-c4nccs4)no3)CC2)c2cc(C)oc2n1,14.696938456699069
c1ccc(CN2CCN(c3nc(Nc4ccc(-n5ncnn5)cc4)ns3)CC2)cc1,14.696938456699069
CCNc1nc(-c2cncs2)nc(N2CCN(Cc3nc4ccccc4o3)CC2)n1,14.696938456699069
c1ccc2sc(N3CCN(Cc4nc5c(Nc6ncco6)ncnc5o4)CC3)nc2c1,14.696938456699069
Cc1ncsc1-c1nc(Nc2ccco2)nc(N2CCN(Cc3nccs3)CC2)n1,14.696938456699069
ON=C1CCN(CCn2c(NCc3nnc(-c4cccs4)o3)nc3ccccc32)OC1,14.730919862656235
Cc1nnc(-c2ccc(Nc3ncnc4nc(N5CCOCC5)sc34)c(C)n2)s1,14.798648586948742
c1nc(NCCn2cc(-c3csc4nnc(N5CCCC5)nc34)nn2)cs1,14.832396974191326
Cc1noc(-c2cc3sc(N4CCOCC4)nc3nc2NCc2nccs2)n1,14.832396974191326
Nc1nc2c(ncn2CCCn2c(=S)oc3c(N4CCCC4)nccc32)s1,14.89966442575134
Cn1cc(-c2nc3c(N4CCC(NCc5cc6ccccc6o5)O4)ncnc3s2)cn1,14.89966442575134
c1ccc(CNc2nc(-n3c(-c4nccs4)nc4cccnc43)nc3ccnn23)cc1,14.933184523068078
c1nc(NCC2CC2)c2cc(-c3nnc4nc(N5CCCCC5)sc4n3)oc2n1,14.933184523068078
Cc1nc2c(ncn2C)nc1-c1nc2c(NCc3cccs3)nc3ccsc3n2n1,14.933184523068078
Cc1noc(N2CCC(Nc3nc(=O)c4c(-c5cscn5)csc4n3C)CC2)n1,14.933184523068078
Cn1c(Sc2nccs2)nc2oc(NC3=NCN(c4ccc(F)cn4)CC3)nc21,14.933184523068078
Cc1nsc(-c2nc3[nH]c(=S)nc(N4CCN(Cc5ncc(C)o5)CC4)c3s2)n1,14.933184523068078
Cc1cn(-c2cc(Nc3nccc4oc(=S)oc34)nc(N3CCN(C)CC3)n2)c(C)n1,14.966629547095765
Cc1nc(Nc2cccs2)nc(N2CCN(Cc3nnc(-c4ccc(F)cc4)o3)CC2)n1,14.966629547095765
Cc1nc(Nc2cccs2)nc(N2CCN(Cc3nnc(-c4ccccc4)o3)CC2)n1,14.966629547095765
Cc1nc(Nc2cccs2)nc(N2CCN(Cc3nnc(-c4ccco4)o3)CC2)n1,14.966629547095765
Cc1ncc(-c2csc3nc(N4CCSCC4)nc(Nc4nncn4C)c23)o1,14.966629547095765
CN(C)c1nc(-c2nccs2)nc2sc3ncc4nc(-c5cncn5C)cn4c3c12,15.0
Cc1nnc(CN2CCCCN(c3nccn4c(-c5nccs5)nc(C)c34)CC2)o1,15.0
O=c1sc(-c2ncnn2CCCNc2nc3ccccc3s2)cnc1N1CCCC1,15.033296378372908
Cc1nnc(CN2CCN(c3nc(-c4nc(N)cs4)nc4ccsc34)CC2)o1,15.066519173319364
CCN1CCCN(c2nc3nc(C)nc(Nc4ccnc5scnc45)c3s2)CC1,15.066519173319364
COc1ccc2cc(-c3nc4sc(N5CCCCC5)nc4n3CC3C=NO3)oc2n1,15.0996688705415
COc1cnc(N2CCC(Nc3nc4ncnc(-c5cscn5)c4s3)CC2)s1,15.0996688705415
Cc1nnc(CNc2nc(-n3cnc4ccccc43)nc(N3CCSCC3)c2F)o1,15.0996688705415
Cn1cc(Nc2nc3ccccc3s2)nc1SCC(=O)n1nnc2cccnc21,15.0996688705415
Cc1csc(N2CCC(n3nnc(CSc4nc5ccccc5s4)n3)=NC2)n1,15.132745950421556
Cc1cc2oc(=S)n(CCN3CCN(c4ncnc(-c5ncco5)n4)CC3)c2s1,15.132745950421556
CCNc1nc(C)nc2oc(-c3nc4sc(N5CCCCC5)nc4s3)nc12,15.165750888103101
c1nnc(NCc2ncc(-c3nc4c(N5CC5)cc(N5CCCCC5)nc4s3)o2)s1,15.198684153570664
CCn1c(=O)n(C)c2nc(NC3CCN(c4nccs4)CC3)c3sc(C#N)nc3c21,15.198684153570664
Cc1nc(N2CCC(Nc3nccs3)CC2)c2cnn(Cc3nccs3)c2n1,15.198684153570664
Cc1oc(-c2nc3scnc3s2)c2ncnc(N3CCN(CCC(=O)O)CC3)c12,15.231546211727817
CN1CCC(n2cnc3c2nc(N(C)c2ccccn2)n2cnc(-c4nccs4)c32)CC1,15.264337522473747
Cc1cccc2nc(-c3cn4ncnc(N5CCC(Nc6nccs6)C5)c4n3)oc12,15.297058540778355
Cc1cc2nc(-c3ccco3)nn2c(NCc2nc3sc(N4CCCC4)nc3s2)n1,15.329709716755891
c1csc(CNc2ncc(-c3nc(N4CC4)c4nc(N5CCCC5)sc4n3)o2)c1,15.329709716755891
Cc1ccc(CNc2nc3nc(-c4cnco4)sc3nc2N2CCOCC2)s1,15.329709716755891
COc1ccc(-c2nsc(N3CCC(Nc4nc5ccccc5s4)CC3)n2)cn1,15.329709716755891
c1ccc2sc(NCCn3ncc4nnc(-c5cnc(N6CCCC6)s5)nc43)nc2c1,15.362291495737216
Cc1nnc(NCc2ncc(-c3nc4c(nc(N5CCCC5)c(=S)n4C)s3)o2)s1,15.362291495737216
Cc1nc(-c2csc3nc(N4CCN(Cc5nc6ccccc6o5)CC4)ncc23)no1,15.394804318340652
c1nnc(SCCn2cc(-c3nc4[nH]c(N5CCCCC5)nc4s3)nn2)s1,15.427248620541512
CN(C)c1nccc(NC2CCN(c3nc4c(s3)c(=O)oc3sccc34)CC2)n1,15.459624833740307
CN(C)c1nc(N2CCC(Nc3nc4ccccc4s3)CC2)c2sc(=O)oc2n1,15.459624833740307
CNc1nc2nccnc2c2oc(CN3CCN(c4nccc5nc(C)sc45)C3)nc12,15.459624833740307
Cc1noc(-c2nc(C)nc3c2n(C2=NCCO2)c(=S)n3CC2CCCCC2)n1,15.491933384829668
c1csc(NCCn2cc(-c3nnc4nc(N5CCCC5)sc4n3)cn2)n1,15.491933384829668
CNc1c(-c2nc3sc(N4CCCC4)nc3c(=O)s2)ncn1Cc1nnc(C)s1,15.491933384829668
Cc1nnc(CN2CCC(n3c(=N)n(Sc4nccs4)c4ccccc43)CC2)o1,15.491933384829668
c1csc(-c2nnc(CNc3ccnc(N4CCN(c5nccs5)CC4)n3)o2)c1,15.491933384829668
Cc1nc(CNc2nc3nc(N4CCCC4)c(=O)n(-c4nccs4)c3s2)cs1,15.588457268119896
Cc1cc2ncnn2c(NC2CCN(c3nc(-c4ccco4)nc4c3ccn4C)CC2)n1,15.588457268119896
Cc1nsc(-c2sc3ccnn3c2N2CCC(C)(Nc3nccs3)CC2=O)n1,15.588457268119896
Cc1cc2onc(-c3ncco3)c2c(NC2CCN(c3ncc4c(ccn4C)n3)CC2)n1,15.588457268119896
Cc1ccc(-c2csc(NCc3nc4c(N5CCOCC5)ncnc4s3)n2)cn1,15.620499351813308
O=C(O)c1ccc(-c2nnc(CN3CCCN(c4cnc5sccc5n4)CC3)o2)cc1,15.620499351813308
c1coc(CNc2nc(-n3ncc4ccccc43)nc3sc(-n4cncn4)nc23)c1,15.716233645501712
Cc1csc(-c2nc(N3CCN(Cc4ccncn4)CC3)nc3nc(N=N)sc23)c1,15.716233645501712
Cn1cc(-c2cnn3c(Nc4ccc5c(c4)oc(=O)n5C)nc(N4CCCC4)nc23)cn1,15.716233645501712
Cc1nc(N2CCN(Cc3nnc(C)o3)CC2)c2nc(Nc3ccncc3)sc2n1,15.716233645501712
Cc1ccc(-c2nc3nc(N)nc(N4CCN(Cc5nsc(C)n5)CC4)c3s2)o1,15.716233645501712
Cc1nc(Nc2nc(N3CCCC3)nn2C2CCSC2)cc(-c2cscn2)n1,15.748015748023622
Cc1nc(NCc2csc(-c3nc4ccccn4n3)n2)cc(N2CCC(=O)CC2)n1,15.748015748023622
Cc1ncc2nc(Nc3nc(N4CCN(Cc5ccccc5)CC4)ns3)sc2n1,15.748015748023622
Cc1noc(CN2CCN(c3nc(Nc4cccs4)nc4ncsc34)CC2)n1,15.748015748023622
CNc1ncc(-c2nc(N3CCN(Cc4cc(C)no4)CC3)nc3scnc23)s1,15.748015748023622
CN(C)Cc1cccc2c(N)nc(-n3c(=S)sc4nc(-c5ccco5)nn43)nc12,15.811388300841896
Cn1cnc2c(SCC3CCN(c4nnc(Nc5cccnc5)o4)C3)nsc21,15.84297951775486
Cc1cccc(-c2nnc(CN3CCN(c4nsc(Nc5ccccn5)n4)CC3)o2)n1,15.84297951775486
O=C(O)c1csc(-c2ccc(N3CCN(Cc4nc5ccccc5o4)CC3)nc2)n1,15.874507866387544
[C-]#[N+]c1ccc2c(c1)CCCN2c1nnc(Nc2cc(N3CCN(C)CC3)nc(C)n2)s1,15.905973720586866
Cc1nnc(CN2CCN(c3ncnc4sc(Nc5ccc(F)cn5)nc34)CC2)o1,15.968719422671311
CCn1c(=S)n(C)c2c1nc(-c1csc3c(C)nc(N4CCCC4)nc13)n2N,15.968719422671311
Cc1nc(Nc2nccs2)nc(N2CCN(Cc3cc4ccccc4o3)CC2)n1,15.968719422671311
Cc1nc(NC2CCN(c3nccs3)CC2)c2nc(-c3nccs3)oc2n1,15.968719422671311
O=c1c(-c2cnc(N3CCCC3)nn2)nc2sccc2n1CCNc1cscn1,16.0
Cc1nc(Nc2ccsn2)nc(N2CCN(Cc3nc4ccccc4o3)CC2)n1,16.0
Cc1nc(-c2nc3ccccc3s2)c2c(N3Cc4nnsc4NC3(C)C)ncnn12,16.0
Cc1ccc(Cn2cc3ncnc(-n4nnc(NC5CCSCC5)n4)c3n2)s1,16.0
CC(CC1CCCC1N=O)n1cnc2nc(N3CCSCC3)nc(-c3nccs3)c21,16.06237840420901
c1ccc(-c2cnc(N3CCC(NCc4cscn4)C(n4nccn4)C3)o2)nc1,16.06237840420901
CSc1nc2sc3nc(NCc4nnc(C)o4)nc(N4CCOCC4)c3c2s1,16.09347693943108
NCCSc1ncc2cnn(-c3nc4sc(N5CCCC5)nc4s3)c2n1,16.09347693943108
Cc1nc(N2CCN(Cc3nnc(-c4ccccn4)o3)CC2)nc2sc(S)nc12,16.09347693943108
CN(C)c1nc(NC2CCN(c3ccn4ncc(C#N)c4n3)CC2)c2ccsc2n1,16.1245154965971
CCN1CCN(c2ncc(-c3ccnc(Nc4ccc5nnsc5c4)n3)s2)CC1,16.1245154965971
c1ccc(-c2noc(CNc3nc4nc(N5CCCC5)c5ncnn5c4s3)n2)cc1,16.1245154965971
CSc1nc(-c2oc(C)nc2C)nc2c1c1sc(=O)n(C)c1n2C1CCNCC1,16.1245154965971
CSc1nc(NCc2ncc(C)o2)c2c(=O)n(-c3nc4ncccc4s3)sc2n1,16.1245154965971
Cc1csc(N2CCN(Cc3nnc(-c4nc(-c5cscn5)no4)o3)CC2)c1,16.15549442140351
Cc1cc(N2CCN(Cc3nnc(-c4nc(-c5cscn5)no4)o3)CC2)ccc1F,16.15549442140351
CN1CCC(n2c(=O)nc(-c3cscn3)c3sc(N(C)c4ccccn4)nc32)CC1,16.15549442140351
Cc1oc(CN2CCN(c3ncnn4c(-c5nccs5)cnc34)CC2)cc1C(=O)O,16.15549442140351
CCn1nc(N2CCCCC2)nc1Nc1nc2ccc(-c3nccs3)nc2s1,16.186414056238647
c1coc(-c2nc3n(Cc4ccc(NC5CCC5)s4)nc(N4CCOCC4)n3n2)c1,16.217274740226856
Cc1csc(N2CCC(Nc3nc(C)cc4nc(-c5cncs5)nn34)CC2)n1,16.217274740226856
CNc1nc(N2CCN(c3nc(C)cs3)CC2)nc2scc(-c3nc(C)no3)c12,16.24807680927192
Cc1nc(Nc2cccs2)nc(N2CCN(Cc3cnc(-c4nccs4)o3)CC2)n1,16.24807680927192
Cc1nc(NC2CCN(c3ncc(-c4cnccn4)s3)CC2)c2ncsc2n1,16.24807680927192
c1ccc2oc(CNc3nc4c(-n5ccnc5)nc(N5CCOCC5)nc4s3)nc2c1,16.24807680927192
c1csc(CNc2ncnc3c2ncn3-c2ccc3nc(N4CCCC4)sc3n2)n1,16.24807680927192
Cc1noc(-c2nc3c(N4CCN(Cc5cc6ccccc6o5)CC4)ncnc3s2)n1,16.278820596099706
Cc1nccc(-c2cn3nccc(N4CCC(Nc5cc(-c6nncs6)ccn5)C4)c3n2)n1,16.30950643030009
CC1CC(/N=c2\sc(-c3ccco3)ncc2Nc2ncnc3ccsc23)C(=O)O1,16.34013463836819
c1ncn(C2CCCN(CCNc3nc4cnnc(-c5cncs5)c4s3)CC2)n1,16.34013463836819
Cc1csc(N2CCN(Cc3nc(Nc4nccs4)nc(-c4ncco4)n3)CC2)c1,16.3707055437449
Cc1nc(NCc2cccnc2)c(=S)c2sn(-c3ncnc(-n4ccs4)n3)c2n1,16.3707055437449
Cc1c(-c2nccs2)oc2ncnc(N3CCN(Cc4nc(C(=O)O)cs4)CC3)c12,16.401219466856727
Cc1nc(NC2CCN(c3ncc(C)s3)CC2)c2nc(-c3cnco3)sc2n1,16.46207763315433
Cc1cc2nc(SCC3=NN4CC(C3)CC(Nc3ncnn3C)=N4)sc2s1,16.46207763315433
N#Cc1cc(N2CCCC2)nc2sc(-c3cn(CCNc4nccs4)nn3)nc12,16.492422502470642
Cc1cc(Nc2nc(-c3nncn3C)cc3nc(C4=NCCSC4)sc23)sn1,16.492422502470642
Cc1nc(Nc2nnc(-c3nc4ccccc4o3)s2)cc(N2CCN(C)CC2)n1,16.492422502470642
Cc1ccccc1-c1nsc2oc(SCC3=NN=NC(N4CCOCC4)C3)nc12,16.522711641858304
c1ccc2oc(-c3nc(N4CCOCC4)c4ncn(Cc5cncs5)c4n3)nc2c1,16.522711641858304
Cc1ccc(-c2cnc3sc4c(c3n2)c2ncnc(N)c2n4CCN2CCOCC2)o1,16.55294535724685
Cc1nc(Sc2nc3c(s2)CCC3N)c(-c2ccc(N3CCOCC3)nn2)o1,16.55294535724685
Cc1nc(-c2nnc(C)o2)nc(N2CCN(c3nc4sc(C)cc4s3)CC2)n1,16.55294535724685
c1nc(NCc2ncc(-c3cc4sc(N5CCCC5)nc4s3)o2)nc(N2CCC2)n1,16.583123951777
Cc1nn(C)cc1Nc1nc(N2CCCC2)nc2sc3nc(-c4ccco4)nn3c12,16.583123951777
Cc1cc(-c2nc3n(CN4CCN(C(C)(C)C)CC4)c(=O)nc(NC4CC4)n3n2)c(C)o1,16.583123951777
Cc1nc(Nc2ccccc2)nc(N2CCN(Cc3nnc(-c4nccs4)o3)CC2)n1,16.583123951777
Cc1c(-c2cn3ncnc(N4CCC4)c3n2)sc2ncnc(NCc3nccs3)c12,16.583123951777
Cc1nc(Nc2coc(N3CCCC3)n2)cc(-n2c(=S)sc3c(C)nc(C)nc32)n1,16.61324772583615
Cc1nc(N2CCC(Nc3nc(N(C)C)nc4scnc34)CC2)sc1-c1cnco1,16.61324772583615
Cn1cc(-c2cc3c(Nc4nc(N5CCCC5)cs4)ncnc3nc2-n2cccn2)cn1,16.61324772583615
COc1nnc(N2CCOCC2)c2oc(-c3cn4c(n3)sc3cc(C)sc34)nc12,16.64331697709324
c1ccc2oc(CN3CCC(Nc4csc(-c5cn6ncncc6n5)n4)CC3)nc2c1,16.703293088490067
Cc1nnc(CNc2nc(-n3cnc4ccccc43)nc(N3CCOCC3)c2Cl)o1,16.703293088490067
c1ncc(CNc2c3ccsc3nc3nc(-c4cnc(N5CCC5)nc4)nn23)s1,16.703293088490067
Cc1cnc(N2CCC(Nc3nc(C)c4sc(-c5cnco5)nc4n3)CC2)s1,16.703293088490067
COc1ncc2n(C3CCNCC3)c3sc4ncc(-c5oc(C)nc5C)nc4c3n12,16.73320053068151
Cc1noc(-c2sc3ncnc(N4CCN(Cc5cscn5)CC4)c3c2C=N)n1,16.73320053068151
ON(CCn1cnc2c(N3CCOC3)nc(-n3ncc4ccccc43)nc21)c1ccccc1,16.73320053068151
Cc1nc(Nc2c(C)cnn2-c2cnc3nc(N4CCCC4)sc3n2)n2cccc2n1,16.73320053068151
Cc1nsc2c(Nc3nnc(-c4cnn(C)c4)s3)nc(N3CCCC3)nc12,16.73320053068151
COc1ccc(Nc2ncnn2-c2nc3sc(N4CCCCC4)nc3c(=O)s2)cc1,16.822603841260722
Cc1nc(C#N)c(-c2nc(N3CCC(Nc4nc5ccccc5s4)CC3)ns2)o1,16.822603841260722
C=CNc1nc(-c2coc3ccccc23)nc(N2CCCN(Cc3noc(C)n3)CC2)n1,16.822603841260722
Cc1nc(CN2CCN(c3nc(Nc4ccc(C#N)cc4)n4ncnc4n3)CC2)cs1,16.822603841260722
Cc1nc(-c2cnc(Nc3ccc4ncsc4c3)o2)nc(N2CCN(C)CC2)n1,16.852299546352718
Cc1nc(-c2nc3c(cnn3C3CCN(Cc4nccs4)CC3)c3nncn23)sc1C,16.881943016134134
c1coc(-c2ncn3c4nc(N5CCCC5)ncc4n(CCNc4nccs4)c23)n1,16.941074346097416
Cc1nnc(NCc2ncc(-c3nc4cnc(N5CCCCC5)nc4s3)o2)s1,16.941074346097416
Cc1cn(-c2nnc3nc(N4CCCC4)sc3n2)c2cccc(Nc3nncs3)c12,16.97056274847714
COc1ccc(-c2nsc(Nc3nc(N4CCCC4)nc4ccsc34)n2)cn1,16.97056274847714
CNc1nc2c(N3CCN(Cc4ccco4)CC3)nc(-c3nc(C)ns3)nc2s1,16.97056274847714
Cc1nsc(N2CCC(NCc3nc4ncnc(-c5cncs5)c4s3)CC2)n1,16.97056274847714
CCn1c(Sc2nc3cccnc3s2)nc2nnc3c(nc(N4CCCC4)n3C)c21,17.029386365926403
Cc1csc2c(-n3c(SCC(F)(F)F)nc4c(cnn4C)c3=O)nc(N)nc12,17.029386365926403
CCn1c(N2CCCCC2)nc2cc(F)c(-n3ncc(Nc4nccs4)n3)nc21,17.029386365926403
CCn1c(-c2nccs2)nn2c(Nc3nc(N4CCCC4)nc4scnc34)ccc12,17.05872210923198
N#Cc1nc2c(nc(N3CCCC3)n2CCCNc2nc3ccccc3s2)s1,17.05872210923198
Cc1nc(C)c(-c2cccc3nc(N4CCN(Cc5ncsn5)CC4)c(=N)sc23)o1,17.05872210923198
COc1ccnc2sc(Nc3nc(-c4cnc(N5CCCC5)nn4)cs3)nc12,17.05872210923198
CCn1ccc2nccc(Nc3nc(N4CCCC4)nn4c(-c5nncs5)cnc34)c21,17.08800749063506
Cc1nc(Nc2nc(N3CCCC3)c(N3CCOCC3)s2)cc(-c2cn(C)cn2)n1,17.08800749063506
Cc1cc2c(NCc3noc(-c4nccs4)n3)nc(N3CCOCC3)nc2s1,17.08800749063506
COC(=O)c1nn(Cc2cccc(C)c2)/c(=N/Nc2nc3nccnc3s2)s1,17.11724276862369
CN(c1ccc(Cn2ncc3sc(-c4nncs4)nc32)nn1)C1CCCOCC1,17.11724276862369
CN(C)c1ncnc(NC2CCN(c3nc4c(C#N)cc(Cl)nc4s3)CC2)n1,17.146428199482248
CCc1nc2nc(-c3cscn3)ccc2n1-c1nc2sc(N3CCCC3)nc2n1N,17.146428199482248
Nc1cc(N2CCCC2)nc2sc(-c3cn(CCSc4nccs4)nn3)nc12,17.175564037317667
c1csc(CNc2nc(-n3nccn3)nc3sccc4c(-n5cccn5)nc=4c23)c1,17.175564037317667
CCn1c(Sc2nc(-c3ncco3)co2)nc2ncc(N3CCCCNCC3)nc21,17.204650534085253
CNc1nc(N2CCSCC2)nc2sc(COc3nc4ccccc4o3)nc12,17.204650534085253
NC1CN(c2nc(-c3nccs3)nc3sc(SCc4ccc(F)cc4)nc23)C1,17.26267650163207
CN(C)c1ccc(-c2nsc3ncnc(Nc4nc5ncccc5s4)c23)cn1,17.320508075688775
Cc1cc2ncsc2c(NC2CCN(c3nsc(-c4nc(C)ns4)n3)CC2)n1,17.320508075688775
CSc1nc2ncnc(N3CCC(Nc4nc(C)cc5ocnc45)CC3)c2s1,17.320508075688775
Cn1nnc2nc(NCc3nnc(-c4ccccc4)o3)c3sc(N4CCCC4)nc3c21,17.320508075688775
Cc1cc2oc(-c3cscn3)nc2c(N2CCN(Cc3nnc(C4CC4)o3)CC2)n1,17.349351572897472
O=c1nc(Nc2ccc3ncsc3c2)on1CC1CCN(c2ncc(F)cn2)CC1,17.378147196982766
CN1CCC(COc2ccnn3c(Nc4nc(-c5cc6ccccc6o5)ns4)nnc23)C1,17.406895185529212
CN(C)c1nc(NC2CCN(c3nc4scnc4o3)CC2)c2ccsc2n1,17.406895185529212
Clc1cn2c(NCc3ccco3)nc(Sc3nnc(N4CCCC4)s3)nc2n1,17.406895185529212
c1coc(-c2nc(NCCn3c(N4CCCC4)nc4sncc43)c3ncsc3n2)c1,17.406895185529212
CSc1noc2c1c(N1CCOCC1)nc1sc(CNc3nccs3)nc12,17.435595774162696
CN(c1nc(NC2CCN(c3nncs3)CC2)c2sccc2n1)c1ncco1,17.435595774162696
CCn1cnc(-c2nc3sc(N4CCCC4)nc3[nH]2)c1Sc1ncc2c(n1)N=N2,17.4928556845359
Cn1cnc2c(NCc3cn4nc(N5CCCC5)nc4s3)nc(-c3ccco3)nc21,17.52141546793523
Cc1nc(Nc2ccccc2)nc(N2CCN(Cc3noc(-c4nccs4)n3)CC2)n1,17.52141546793523
CNc1ncnc2c1ncn2C1CCN(Cc2nc3sc(-c4ccsc4)nc3o2)CC1,17.52141546793523
CCNc1=c2ncnnc2=c2cc3sc2nc3=c-n2sc(N3CCCC3)nc-2=n-1,17.549928774784245
CN(C)c1nc(NC2CCN(c3nc4ccsc4c(=O)o3)CC2)c2ccsc2n1,17.635192088548397
Cc1nc(Nc2nc3ccccc3s2)n2nc(-c3cnn(C4CCN(C)C4)c3)nc2n1,17.635192088548397
CN(C)c1nc(NC2=NCN(c3nccs3)CC2)c2c(-c3ccco3)nsc2n1,17.635192088548397
Cc1nsc(N2CCN(Cc3nc4c(N)nc(-c5cccs5)nc4s3)CC2)n1,17.635192088548397
CN(C)c1nccc(NC2CCN(c3cnc4sc5scnc5c4n3)CC2)n1,17.663521732655695
Cn1cc(-c2ccc3c(c2)nc2c(Nc4nc(N5CCCC5)ns4)ncnn23)cn1,17.663521732655695
Cc1nsc(-c2nc3c(N4CCN(Cc5ccc(C)o5)CCC4N)ncnc3s2)n1,17.72004514666935
CN(c1ccc2scnc2n1)c1nc(N2CCC(n3ncnc3N)CC2)cs1,17.74823934929885
Cc1csc(N2CCN(Cc3oc(-c4nc(C)no4)nc3SC(N)=S)CC2)c1,17.74823934929885
CN(C)c1nccnc1Nc1ncc(-c2nc3sc(N4CCCC4)nc3s2)cn1,17.74823934929885
Cc1cc(-c2nc3c(s2)sc2ncnc(N4CCN(CCC(=O)O)CC4)c23)on1,17.776388834631177
Cc1nnc(-c2cscn2)nc1NCc1nc2sc(N3CCCC3)nc2s1,17.776388834631177
Cc1nc(NC2CCN(c3nnc4sccn34)CC2)c2nc(-c3ccco3)n(C)c2n1,17.86057109949175
Cc1nc(NC2CCN(c3ncnn3C)CC2)c2ccc(-c3cscn3)nc2n1,17.88854381999832
Cc1nc(NC2CCN(c3nccc4ccsc34)CC2)c2nc(-c3nncn3C)oc2n1,17.88854381999832
Cc1nsc(-c2nc(N3CCC(Nc4nccs4)CC3)nc3ncsc23)c1C,17.97220075561143
Cc1ncc(-c2oc3c(Nc4nccs4)nnc(N4CCCN(C)CC4)nc2-3)s1,17.97220075561143
CN(C)c1nccc(NC2CCN(c3nc4oc(-c5cscn5)nc4s3)CC2)n1,18.0
c1csc(Cn2cc(-c3nnc4cc(N5CCCC5)nc(Nc5nccs5)n34)cn2)n1,18.0
Cc1nsc(N2CCN(Cc3oc4sc5nc(NC6CC6)nnc5c4c3C)CC2)n1,18.0
CCN(Cc1cccs1)n1c(=O)sc2nc(-c3cnc4ccsc4n3)nnc21,18.027756377319946
Cc1nnc(CNc2nc(N3CCCCC3)nc3sc(-c4ccco4)nc23)s1,18.05547008526779
CN(C)c1nccc(NC2CCN(c3nc4c(s3)sc3ncnc(C#N)c34)CC2)n1,18.083141320025124
N#CCNC1CCN(c2ncnc3c2ncn3Cc2ccc(-c3nccs3)cc2)CC1,18.083141320025124
c1ccc(-c2nnc(CN3CCN(c4ncnc(Nc5nccs5)n4)CC3)o2)cc1,18.083141320025124
Cc1coc(N2CCN(Cc3nc4c(N)nc(-c5cncs5)nc4s3)SC2)c1,18.083141320025124
COc1nc(-n2ccc(N3CCC3)n2)nc2sc(Nc3nc4ccccc4s3)nc12,18.083141320025124
Cc1nn(CCC#N)c2ncnc(Nc3nc(N4CCSCC4)nc4ccsc34)c12,18.083141320025124
c1coc(CN2CCN(c3nc(Nc4nccs4)nc(-c4nccs4)n3)CC2)c1,18.110770276274835
COc1nc2c(N3CCC(Nc4nc5ccsc5s4)CC3)ncnc2n1CC=O,18.110770276274835
Cc1ncsc1CN1CCN(c2nc(Nc3nccs3)nc(-c3ccco3)n2)CC1,18.110770276274835
Cc1nc(NC2CCCN(c3nc(-c4nccs4)ns3)C2)c2cnn(C)c2n1,18.110770276274835
CN(C)c1nccc(N2CCC(Nc3nc4c(oc(=O)n4C)c4ncsc34)CC2)n1,18.110770276274835
Cc1nc2nc(N3CCCC3)sc2nc1-c1ncn(CCNc2nccs2)n1,18.110770276274835
Cc1csc(N2CCC(Nc3nc(-c4nccs4)c4cnn(C)c4n3)CC2)n1,18.193405398660254
CN(C)c1nc(-c2ccco2)nc2sc(NC3CCN(c4nncs4)CC3)nc12,18.2208671582886
N#Cc1nc2c(nc1N1CCCC1)nc(-c1nccs1)n2CCNc1nccs1,18.2208671582886
Cc1nc(NC2CCCN(c3nnn(C)n3)C2)c2scc(-c3cscn3)c2n1,18.2208671582886
Cc1noc(-c2ncnc3c2c2cn(C)c(=S)nc2n3CCC2CCSS2)n1,18.275666882497067
Cc1csc(Nc2cnn(-c3nc4c(N5CCN(C)CC5)nccc4c(=N)o3)c2)n1,18.275666882497067
CSc1nc(NC2=NCN(c3cccnn3)CC2)c2c(-c3ccco3)nsc2n1,18.275666882497067
CCn1cnc2c(NC3CCN(c4nc(-c5cccs5)ns4)CC3)nc(C)nc21,18.303005217723125
Cc1nc(C)c(-n2cc3nnc(Sc4nc5c(s4)COCC5)c(N)c3n2)s1,18.303005217723125
CN(C)c1nc(NC2CCN(c3cnc4sc(C#N)nn34)CC2)c2ccsc2n1,18.33030277982336
C1=Nn2nccc2N=C(CSc2nc(-c3cscn3)nn2Cc2ccccc2)N1,18.33030277982336
c1nc(Nc2ccc3oc(-c4ccsn4)nc3c2)c2ncn(CCN3CCOC3)c2n1,18.33030277982336
CCOC(=O)c1ccc2nc(Nc3nc(N4CCCC4)nc4scnc34)sc2c1,18.35755975068582
Cc1nc(CN2CCOCC2)n(-c2nc3sc4c(C)cccc4c3nc2C(=O)O)n1,18.35755975068582
Cc1cc(N)nc(-n2ncc3c(N4CCN(Cc5nc6ccccc6o5)CC4)ncnc32)n1,18.384776310850235
Cc1cc(CN2CCCN(c3ncnc(Nc4nc5occc5s4)n3)CC2)sn1,18.411952639521967
Cc1ccn2ncc(CNc3nc(N4CCCC4)nc4cc(-c5nccs5)nn34)c2n1,18.439088914585774
CN(c1nc(NC2CCN(c3nccs3)CC2)c2ncsc2n1)c1nccs1,18.439088914585774
CN(C)c1nccc(NC2CCN(c3nc4oc(-c5cncs5)nc4s3)CC2)n1,18.439088914585774
COC(=O)c1ccc(Nc2nc(N3CCN(c4ccccn4)CC3)nc3ccnn23)cc1,18.439088914585774
COc1nc(-c2nccs2)nc(N2CCC(NCc3nc4ccccc4s3)C2)n1,18.520259177452136
CSC1CCN(c2noc3nc(Nc4nccs4)nc(N4CCCC4)c23)CC1,18.547236990991408
Cc1nc(CN2CCN(c3ncnc4sc(-c5ccc(O)c(F)c5)nc34)CC2)no1,18.547236990991408
CN1CCC(Nc2nc(Sc3nncs3)cc3oc(-c4ccns4)nc23)CC1,18.547236990991408
CSc1nnn(-c2ccc3c(n2)sc(NCc2cc4ccccc4s2)[n+]3[O-])n1,18.601075237738275
[C-]#[N+]c1csc2c(Nc3cc(C)no3)nc(N3CCN(Cc4ncsn4)CC3)nc12,18.601075237738275
COc1nc2cnc(Nc3nc(N4CCSCC4)nc4sc(C)cc34)cn2n1,18.627936010197157
Cc1nc(Nc2cc3scnc3cn2)nc(N2CCN(Cc3ccco3)CC2)n1,18.65475810617763
CN(C)c1nc(NC2CCN(c3ncnc4oc(=O)sc34)CC2)c2ccsc2n1,18.65475810617763
Cc1cc(C)c(=O)c2c(NC3CN(c4nccs4)C3)nc(-c3nccs3)nc2n1,18.65475810617763
CC(C)n1ncc2c(Nc3nc4cncn4c4nc(N5CCCC5)sc34)ncnc21,18.65475810617763
Nc1nc2n(C3CCN(c4nnc(SCc5ccc(F)cc5)s4)CC3)ccn2n1,18.708286933869708
Cn1c(CNc2nc(N3CCCCC3)nc3ncsc23)nnc1-c1cccs1,18.708286933869708
CC1CCN(c2ncccc2-n2cc(Nc3ncnc(N4CCOCC4)n3)cn2)CC1,18.708286933869708
Cc1cnc(N2CCC(Nc3nsc4c(-c5ccsc5)ncnc34)CC2)c(C)n1,18.734993995195193
Cc1csc(N2CCCC(Nc3nnc4scc(-c5ccnn5C)c4n3)C2)n1,18.734993995195193
Cc1cccc(CN2CCN(c3ncnc(Nc4nc5cccnc5s4)n3)CC2)n1,18.734993995195193
c1csc(-c2nc3c(N4CCCSCC4)nccc3n2CCc2nnn[nH]2)n1,18.734993995195193
c1csc(NCCn2nnc3nc(N4CCCCC4)nc(-c4cncs4)c32)n1,18.734993995195193
Cc1cc2c(-c3nc(N)nc(CN4CCN(c5ncccn5)CC4)n3)csc2o1,18.734993995195193
CNc1nnc(-c2nc3sc4nc(N5CCCCC5)nc(N(C)C)c4c3s2)o1,18.734993995195193
c1cc2c(Nc3nnn(CCC4CCCC4)n3)nc(N3CCSCC3)nc2s1,18.76166303929372
CC(C)n1cnc2cnc(Nc3nc(N4CCSCC4)nc4sccc34)nc21,18.76166303929372
c1csc(Nc2nc(N3CCCC3)nc3c2oc2nc(SCC4CC4)ncc23)n1,18.841443681416774
O=c1c(NCc2nccs2)nc(N2CCOCC2)nc2oc(-c3cccs3)nc12,18.867962264113206
Cc1nc2c(Nc3nnc(CN(C)C(C)(C)C)s3)nc(N3CCCC3)nc2s1,18.867962264113206
Cc1nc(NC2CCN(c3nc4sc(C)nc4s3)CC2)nc(-n2cccn2)n1,18.867962264113206
c1nc2nc(-c3cnc(CNc4nnc(N5CCC5)s4)o3)sc2nc1N1CCCC1,18.920887928424502
Cn1cc(CNc2nc3c(nc2N2CCCC2)sc2nc(-c4ccco4)nn23)cn1,18.947295321496416
CN(C)c1nsc2ncnc(N3CCC(Nc4nc5ccsc5s4)CC3)c12,18.947295321496416
Cc1nccc2sc(Nc3ncnc(N4CCN(Cc5nccs5)CC4)n3)nc12,18.947295321496416
Cc1noc(-c2nnc(CN3CCCN(c4csc(NC5CCC5)n4)CC3)o2)n1,18.973665961010276
CC(=O)NCc1nc2sc(-c3ncc4ncn(C5CCN(C)CC5)c4n3)nc2s1,18.973665961010276
COc1nc(-c2nncs2)cc2sc(NC3CCN(c4cnc(C)cn4)C3)nc12,19.026297590440446
c1cc2cc(-c3noc(C4CCN(Cc5csnn5)CC4)n3)nc(NC3CC3)n2c1,19.05255888325765
COc1cnc(C)nc1NC1CCN(c2ncnc3sc(-n4nccn4)cc23)CC1,19.05255888325765
Cc1cnc(CN2CCN(c3nc(Nc4ccccn4)nc(-c4cscn4)n3)CC2)o1,19.05255888325765
Cc1nsc(-c2nc(NCc3ccc4nccn4c3)nc(N3CCSCC3)n2)n1,19.05255888325765
Cc1nsc(-c2csc3nc(NCc4cncs4)c(N4CCCC4)nc23)n1,19.05255888325765
Cc1sc(=O)oc1CN1CCC(Nc2nc(N3CCOCC3)nc3ncsc23)CC1,19.078784028338912
Cc1ccc2cnn(-c3nc(C)nc(NC4CCCN(c5nccs5)C4)n3)c2n1,19.078784028338912
c1coc(-c2nn3c(Sc4nc5ccccc5o4)nnc3n2CCN2CCCCC2)c1,19.1049731745428
CCn1c(=O)n(C2CCN(c3ncnc(C)n3)CC2)c2nccc(-c3nccs3)c21,19.1049731745428
COc1scnc1-c1cc(C)nc(Nc2nc(N3CCOCC3)nc3sccc23)n1,19.157244060668017
CC(C)Nc1ncnc2oc(CN3CCON(c4nc5ccccc5s4)CC3)nc12,19.183326093250876
CSc1c(-c2ncnc(N3CCC(Nc4nc5ccccc5s4)CC3)n2)ncn1C,19.183326093250876
c1ccc2sc(N3CCC(Nc4nnc(SCc5ncon5)s4)CC3)nc2c1,19.183326093250876
Cc1nc(NC2CCN(c3nsc(-c4nscc4C)n3)CC2)c2scnc2n1,19.183326093250876
COC(=O)Nc1ncnc2oc(CN3CCN(c4nc5ccccc5s4)CC3)nc12,19.183326093250876
Cc1nc(NC2CCN(Cc3nc4ccccc4o3)CC2)nc2sc(-n3cncn3)nc12,19.183326093250876
Cc1sc(NC2CCCC2)nc1CN1CCN(c2nc(-c3cscn3)no2)CC1,19.261360284258224
Cc1nc(NCc2nc(-c3cncs3)no2)c2sc(N3CCCCC3)nc2n1,19.261360284258224
Cc1nc(NCc2cncs2)nc(-c2nc3sc(N4CCCCC4)nc3s2)n1,19.261360284258224
CCNc1nc(-c2nc3sc(N4CCCC4)nc3s2)cc(-n2nccn2)n1,19.28730152198591
Cc1nc(NC2CCN(c3nnc(C)s3)CC2)nc(-n2ncc3ccccc32)n1,19.28730152198591
Cc1nc(N2CCC(C)(n3sc(Nc4ccncc4)nc3=O)CC2)c2ncsc2n1,19.28730152198591
Cc1nc(Nc2ccc(-n3cnc(C)n3)cc2)nc(-c2cnc(N3CCCC3)s2)n1,19.28730152198591
Cc1noc(-c2nc3c(N4CCN(Cc5cccc(C(=O)O)c5)CC4)ncnc3s2)n1,19.28730152198591
CNC1CCN(c2ncnc(-c3c(-c4nccs4)nn4c(C)cc(C)nc34)n2)CC1,19.28730152198591
CSc1nc(Nc2ccc(-c3cnn(C)c3)cn2)c2sc(N3CCCC3)nc2n1,19.28730152198591
Cc1cnc(C)c(N2CCC(Nc3nc4nnc(-c5cncs5)nc4s3)CC2)n1,19.364916731037084
Cc1ccnc(Nc2nc(N3CCCC3)cc3nc(-c4nc5c(cnn5C)s4)cn23)n1,19.390719429665317
c1nc(Nc2ccc(Cn3nnc(C4CC4)n3)cc2)c2sc(N3CCCC3)nc2n1,19.390719429665317
CN(C)c1ncc(-c2nnc(Nc3nc(N4CCOCC4)nc4sccc34)s2)cn1,19.390719429665317
CSc1nc(NC2CCN(c3nncs3)CC2)c2nc(-c3ccco3)sc2n1,19.390719429665317
COc1nc2ncnc(Nc3nc(N4CCN(C)CC4)nc4sccc34)c2s1,19.467922333931785
Cc1cccc(N2CCN(Cc3nc(NN4CCCC4)nc(-c4ccco4)n3)CC2)n1,19.493588689617926
CN(C)c1nc(NC2CCN(c3nc4cccnc4s3)CC2)c2ncsc2n1,19.493588689617926
CNc1nc(N2Cc3nc(N4CCCC4)sc3C2c2nnc(C)o2)c2sccc2n1,19.493588689617926
Cc1nc2nc(NC3CCN(c4nnc(-c5nccs5)s4)CC3)cnc2s1,19.493588689617926
Cc1nc2cccnc2n1CC1CSc2nnc(NCc3nc4ccccc4s3)n21,19.570385790780925
COc1ccc(-c2nc(Nc3nc(N4CCCCC4)cs3)n3ccnc3n2)cn1,19.570385790780925
O=c1c2c(cnn2CCCNc2nccs2)sc2nc(N3CCCCC3)nn12,19.570385790780925
CN(C)c1ccc(Nc2nccc(-c3nc4sc(N5CCCC5)nc4s3)n2)cn1,19.595917942265423
CSc1nnn2c(NC3CCN(c4nc(-c5ccccc5)cs4)CC3)ncnc12,19.595917942265423
Cc1nc(NC2CCCN(c3ncnn3C)C2)c2nc(-c3cncs3)sc2n1,19.595917942265423
Cc1nc(-c2ncnn2C)nc(N2CCC(Nc3nc4ccsc4s3)CC2)n1,19.595917942265423
CSc1nc2nc(C)nc(N3CCC(Nc4nc5ccccc5s4)CC3)n2n1,19.595917942265423
O=C(CSc1nc2sc(N3CCCC3)nc2o1)ONc1cccc2c1OCO2,19.595917942265423
CN(C)c1nccc(NC2CCN(c3nc4c(sc3=O)sc3cncnc34)CC2)n1,19.672315572906
CC1=CSC(n2nc(C)c3ncc(-c4nc(C)c(-n5cncc5N)s4)nc32)=NC1,19.672315572906
COC(=O)c1ccc(-c2nccn2-c2nc(N)c3nc(N4CCCCC4)sc3n2)s1,19.672315572906
Cc1nc(NC2CCN(c3ncnc4ncn(C)c34)C2)c2c(-c3ccco3)nsc2n1,19.672315572906
c1csc(CNc2ncnc3c2c(-c2ccc(-n4nccn4)nc2)nn3C2CC2)c1,19.672315572906
Cc1nsc(-c2cn3c(N4CCN(Cc5cc6ccccc6o5)CC4)nc(N)nc3n2)n1,19.672315572906
CCn1ncc2cc(Nc3nc(N4CCCC4)nc4sc(-c5cncs5)nc34)cnc21,19.697715603592208
CCn1c(=O)c2c3nc(C(C)(C)C)nc-3nc(N3CCCCNCC3)nc2n(CC)c1=O,19.697715603592208
COc1nc(N2CCC(Nc3nccs3)CC2)n2cc(-c3nccs3)nc2n1,19.697715603592208
c1csc(-c2nc(Nc3cncs3)nc3c2cnn3CCN2CCCCC2)n1,19.748417658131498
CCOC(=N)c1nc2c(cnn2-c2nc3sc(N4CCCCC4)nc3nc2C)s1,19.77371993328519
CN(C)c1nc(NC2CCN(c3cnc4scnc4n3)CC2)c2ccsc2n1,19.79898987322333
CN(C)c1nc(NC2CCN(c3cnc4scnc4n3)CC2)c2ccccc2n1,19.79898987322333
Cc1nc(N2CCC(Nc3nc4ccsc4s3)CC2)c2ncn(CCC#N)c2n1,19.849433241279208
Cc1nc(C)c(-c2nn3cccnc3c2N2CCN(Cc3nsc(N)n3)CC2)s1,19.87460691435179
Cc1nc(Nc2nc(N(C)C3CCSCC3)nc3scnc23)c2ncsc2n1,19.87460691435179
Cc1cc2c(nnn2C)c(NC2CCCN(c3nc(=O)sc4nc(C)sc34)C2)n1,19.8997487421324
Cc1csc(N2CCN(c3nc(NCc4ccco4)nc(-c4nccs4)n3)CC2)n1,19.8997487421324
CSc1nc2c(N=O)nc(N3CCN(Cc4nc5ccccc5o4)CC3)nc2s1,19.924858845171276
CSc1nc2c(NO)nc(N3CCN(Cc4nc5ccccc5o4)CC3)nc2s1,19.924858845171276
CSc1nsc2nc(C)nc(Nc3nc4c(N5CCOCC5)nccc4s3)c12,19.974984355438178
CC(=O)c1cn2cc(-c3nc(NCc4nccs4)nc(N4CCCC4)n3)nc2s1,20.0
CN(C)c1nc(NC2CCN(c3ncc4ncsc4n3)CC2)c2ccsc2n1,20.0
COc1ccnc(-c2cnc(N3CCN(c4ccnc(Nc5ccccn5)n4)CC3)s2)n1,20.0
Cc1nc(Nc2nc(-c3cncs3)cs2)nc(N2CCN(c3ccccn3)CC2)n1,20.074859899884732
Cc1nc(N2CCN(c3nc(C)nc4scnc34)CC2)c2sc(NC3CC3)nc2n1,20.074859899884732
COc1cc2sc(NC3CCN(c4nc(-c5ncccc5C)ns4)CC3)nc2nn1,20.174241001832016
COC(=O)c1s/c(=N\c2ccnc3ccnn23)c(NCc2nccs2)nc1C,20.223748416156685
c1csc(NCCCn2c(-c3cncs3)nc3cnc(N4CCCC4)nc32)n1,20.248456731316587
COc1cc(OC)c2nc(Nc3nc(-c4nccs4)nc4c3OCOC4)sc2c1,20.273134932713294
Cc1noc(-c2nc3c(nc(N4CCCC4)n3CCC3CCSSC3=N)s2)n1,20.273134932713294
CCc1nc(-c2nc3c(N)nc(N4CCCC4)nc3s2)n(-c2nc(C)cs2)n1,20.273134932713294
Cc1nc2ccc(Nc3nc(-c4nncn4C)nc(N4CCSCC4)n3)cc2s1,20.273134932713294
CN(C)c1nc(NC2CCN(c3nnc4ccsc4n3)CC2)c2ccsc2n1,20.29778313018444
CCc1nnc(Nc2nc(N3CCSCC3)nc3sc(-c4cccnc4)nc23)s1,20.37154878746336
CN(C)c1nc(NC2CCN(c3cnc4ccsc4n3)CC2)c2ncsc2n1,20.396078054371138
COc1nc2nc(C)nc(NC3CCN(c4nc(-c5ccccn5)ns4)CC3)c2s1,20.46948949045872
Cc1cc2ncnc(N3CCN(c4nccc(Nc5nnc(C)s5)n4)CC3)c2s1,20.46948949045872
CCCN1CCc2sc3c(Nc4nc(C#N)nc(N5CCCC5)n4)noc3c2CC1,20.46948949045872
Nc1nc(Sc2nc3cnc(N4CCOCC4)nc3n2CC2CCCCC2)ns1,20.518284528683193
Nc1csc(SCN2c3ccccc3Sc3nnc(-c4nccn4C=O)n32)n1,20.54263858417414
CNc1ncc2sc3nc(Cc4nccs4)c(-n4ncnc4SC)nc3c2n1,20.566963801203133
COc1ccc(Nc2ncc(-c3nc(N4CCCC4)nc4ncsc34)cn2)cn1,20.566963801203133
COc1nn2c(sc3nc(N4CCSCC4)nc(NCC#N)c32)c1-c1nccs1,20.566963801203133
Nc1nnc(SCCn2c(N3CCCC3)nc3ccc(-c4cscn4)nc32)s1,20.566963801203133
COc1nccc2nc(NC3CCN(c4ccnc(N=S5CO5)n4)CC3)sc12,20.566963801203133
c1coc(-c2ccnc(NCSc3nc4ncnc(N5CCOCC5)c4s3)n2)c1,20.566963801203133
COC(=O)c1ncc(C2=NCCN2c2nc(Nc3cccs3)nc3scnc23)s1,20.591260281974
Nc1ncnc2c1ncn2C1CCN(Cc2cc3nc(N4CCCC4)sc3o2)CC1,20.639767440550294
COc1ncc(-c2nnc3cc(N4CCCCC4)nc(Nc4nccs4)n23)s1,20.663978319771825
CC1CN(c2nc(Nc3nccs3)c3c(n2)oc2onc(N4CCC4)c23)CC(C)O1,20.760539492026695
Cc1ccc(-c2nnc3c(n2)sc2nnc(SCC4CCSS4)nc23)o1,20.784609690826528
COC1CCN(c2nc(-c3csc(Nc4ccccn4)n3)c3ncsc3n2)CC1,20.784609690826528
CN(c1nc(N2CCC(Nc3ncccn3)CC2)c2sccc2n1)c1nccs1,20.8806130178211
CSc1ccc(Nc2nc(N3CCOCC3)nc3sc(-c4ccco4)nc23)nn1,20.952326839756964
CN(Cc1nccs1)c1nc(-c2nccs2)c(NC2=NCCS2)c2nncn12,20.952326839756964
Cc1nc(Nc2noc3ccc(OC4CN(C)CCS4)nc23)c2ncsc2n1,20.952326839756964
c1csc(-c2nnc(CNc3nc(N4CCC4)nc4nc(N5CCCC5)sc34)o2)c1,20.952326839756964
CN(c1ccccn1)c1nc(N2CCN(c3nccs3)CC2)nc2sc(C(=O)O)cc12,20.97617696340303
CN(C)c1ccc(Nc2nc(N3CCSCC3)nc3sc(-c4cnco4)nc23)cn1,21.047565179849187
CSc1csc(Nc2nc(-c3cnc(N4CCCC4)nc3)nc3c2ncn3C)n1,21.047565179849187
Cc1nc(Nc2ncnn3nc(CN4CCN(C(=O)O)CC4)c(C)c23)c2sccc2n1,21.047565179849187
c1nc(NCCN2CCCC2)c2nc(-c3nc4sc(N5CCCC5)nc4s3)oc2n1,21.071307505705477
CN(c1nsc(NC2CCN(c3cnccn3)CC2)n1)c1nc2ncccc2s1,21.142374511865974
c1ccc(-c2nnc(CNc3ccnc(N4CCN(c5ncsn5)CC4)n3)o2)cc1,21.142374511865974
CCn1cc(-c2cc(N)nc(N3CCN(c4nc(C)nc5ncsc45)CC3)n2)s1,21.142374511865974
COC1CCN(c2nc(C)nc3sc4cnc(-c5snnc5C)nc4c23)CC1,21.213203435596427
Cc1nc(Nc2ncsn2)c(-c2nc3ccnc(N4CCN(C)CC4)c3s2)nc1C,21.236760581595302
COc1ccc(Nc2nc(N3CCOCC3)nc3sc(-c4cscn4)nc23)cn1,21.330729007701542
Cc1nsc(N2CCN(c3ncnc(Nc4ccc(-c5cnco5)cc4)n3)CC2)n1,21.330729007701542
Cc1nc(C)n(-c2nc(Nc3cncs3)c3nc(N4CCCCC4)sc3n2)n1,21.330729007701542
COC1CN(C(=O)OC(C)(C)C)Cc2sc3nc(NCc4cscn4)ncc3c21,21.37755832643195
CN(c1nc(NC2CCN(c3cncnn3)CC2)c2sccc2n1)c1nccs1,21.42428528562855
CN(c1nc(NC2CCN(c3cncnn3)CC2)c2ccsc2n1)c1nccs1,21.42428528562855
Cc1cc(N2CC(Nc3nc(N4CCCC4)nc4sccc34)C2)nc(-c2ncon2)n1,21.42428528562855
CSc1nc(Nc2ccc3ncsc3c2)nc(N2CCN(Cc3ccco3)CC2)n1,21.447610589527216
Cc1nc2ccc3cc4c(sc2s1)N1N=C(N)N=C3N=C1N4CCN1CCOCC1,21.494185260204677
c1cc(CNc2ncnc3c2ncc2nc(-c4cscn4)cn23)nc(N2CCCC2)n1,21.517434791350013
CN(C)c1ccc(Nc2scnc2-c2nnc3nc(N4CCCC4)sc3n2)cn1,21.517434791350013
COc1nc(-c2nccs2)nc2sc(NC3CCN(c4nncs4)CC3)nc12,21.517434791350013
COC(=O)c1ccc(Nc2nc(N3CCCCC3)nc3c(-c4nncs4)cnn23)cc1,21.61018278497431
Nc1cnc(SCc2cccs2)n1-c1nnc2nc(N3CCCC3)sc2n1,21.61018278497431
COc1nccnc1-c1ccnc(N2CCC(Nc3nc4ncsc4s3)CC2)n1,21.61018278497431
Cc1nnc(Nc2nc(N3CCN(Cc4cccc(F)c4)CC3)nc3ncnn23)s1,21.61018278497431
COc1nc(-c2cscn2)nc2sc(NC3CCCN(c4nncs4)C3)nc12,21.702534414210707
CN(c1nc(NC2CCN(c3ccncn3)CC2)c2ncsc2n1)c1nccs1,21.702534414210707
Cc1ncnc2sc(N3CCC(Nc4nc(N(C)C)nc5scnc45)CC3)nc12,21.79449471770337
CSc1nc2nc(N3CCOCC3)nc(Nc3nc(C)cc4scnc34)c2s1,21.79449471770337
CSc1nc2c3sccc3nc(NC3=NN(c4cnc(C)nc4C)CCC3)n2n1,21.79449471770337
c1cc(CNc2ncc(-c3nc4sc(N5CCCC5)nc4n3C3CC3)cn2)ccn1,21.79449471770337
CCOC(=O)c1nc2c(-c3nc4ccccc4s3)nc(N3CCN(C)CC3)nc2s1,21.79449471770337
COc1cnc(NC2CCN(c3nc4ccc(-c5cscn5)nc4s3)CC2)nn1,21.88606862823929
Cc1nc(NC2=Cn3c(nnc3-c3nc4ccccc4s3)SC2)nc(N(C)C)n1,21.88606862823929
COc1nc2sc(NC3CCN(c4ccccn4)CC3)nc2nc1-c1ncsn1,21.97726097583591
CN(C)c1nc(Nc2nccs2)nc(-c2ccc3nc(N4CCCC4)sc3n2)n1,21.97726097583591
Cc1nsc(-c2nnc(Sc3nc4ccccc4n3C3CCN(C)CC3)n2N)n1,21.97726097583591
Cn1cnc2nc(-c3cccs3)nc(NCc3nn4nc(N5CCCC5)nc4s3)c21,22.0
c1cnc2c(c1)ncn2CC1CCN(c2ncnc(Nc3ccnc(N4CCCC4)c3)n2)C1,22.045407685048602
COc1ccc(Nc2nc(N3CCOCC3)nc3nc(-c4cscn4)sc23)cn1,22.06807649071391
COc1ccc2nc(Nc3nc(N4CCCC4)nc4nnc(-c5nccs5)n34)sc2c1,22.06807649071391
Cc1cnn(-c2nc(C)nc(N3CCC(Nc4nc5ccsc5s4)CC3)n2)n1,22.090722034374522
Cc1nc(-c2nc(N)nc(N3CCCN(C)CC3)n2)c(-c2nc3ccccc3s2)o1,22.135943621178654
Cc1nc(-c2cncs2)nc(N2CCC(Nc3nc(C)nc4scnc34)CC2)n1,22.15851980616034
COc1nc(Nc2nccs2)nc(N2CCN(Cc3nc4ccccc4o3)CC2)n1,22.15851980616034
CONc1nc(N(C)C2CCN(C(C)(C)C)CC2)nc2sc(-c3nncs3)nc12,22.15851980616034
C=Nc1nc(Nc2nccs2)nc(N2CCN(Cc3nc4ccccc4o3)CC2)n1,22.15851980616034
Cc1nc(Nc2ccnc(-c3cncs3)n2)c2ncn(CC3SCCS3)c2n1,22.24859546128699
CSc1nc2c(N3CCC(Nc4nc(C)nc5scnc45)CC3)ncnc2s1,22.24859546128699
CSc1nn2c(Nc3nc(N4CCN(C)CC4)nc4ccccc34)c(C#N)nc2s1,22.24859546128699
Cc1cccc(N2CCN(c3nc(Nc4nccs4)nc(-c4cnco4)n3)CC2)n1,22.24859546128699
CN(C)c1cnc(Nc2nc(N3CCOCC3)nc3sc(-c4ccco4)nc23)cn1,22.24859546128699
CN(c1nc(NC2CCN(c3ncco3)CC2)c2scnc2n1)c1nccs1,22.271057451320086
COc1ncnn2c(NC3CCN(c4nccs4)CC3)c(-c3nc(C)cs3)nc12,22.271057451320086
c1cncc(CNc2ncc(-c3nc4sc(N5CCCC5)nc4n3C3CC3)cn2)c1,22.338307903688676
Cn1c(CSc2nnc3c(n2)sc2ccccc23)nc(Nc2ccccn2)nc1=O,22.338307903688676
CN(c1nc(NC2CCN(c3nccnn3)CC2)c2ccsc2n1)c1nccs1,22.338307903688676
CSc1nc2c(Nc3ccc4ncsc4c3)nc(N3CCCC3)nc2c(=O)n1C,22.360679774997898
CSc1nnc(Nc2ncnc(N3CCN(Cc4nc5ccccc5o4)CC3)n2)s1,22.360679774997898
CSc1nccc(N2CCC(Nc3nc(C)nc4onc(-c5nccs5)c34)CC2)n1,22.427661492005804
CSc1nc(N2CCOCC2)c2nc(N=N)c(-c3cc4cccc(C)c4o3)nc2n1,22.427661492005804
COC(=O)Nc1nc(N2CCN(c3ccccn3)CC2)nc2sc(-c3ccco3)nc12,22.44994432064365
CSc1cc2c(N)nc(-c3nc4sc(N5CCCC5)nc4n3CC=O)nc2s1,22.516660498395403
Cc1cc(C)nc(N2CCN(c3nsc(Nc4ncnc5ccsc45)n3)CC2)n1,22.516660498395403
c1coc(-c2nc3c(Nc4nc(CN5CCCC5)cs4)nc(N4CCCC4)nc3o2)n1,22.538855339169288
CN(C)c1nccc(NC2CCCN(c3nnc4sc5ccncc5c4n3)C2)n1,22.60530911091463
CN(C)c1ccc(Nc2nnc(-c3cc4sc(N5CCCC5)nc4s3)nn2)cn1,22.693611435820433
CN(C)c1ncc(-c2nc3ncnc(Nc4nc(N5CCCC5)cs4)c3s2)cn1,22.693611435820433
CN=C1N=C(/N=c2\ccnc(Nc3cccs3)n2CCCC(=O)OC(C)(C)C)S1,22.737634001804146
Cn1nc(Sc2cc3ncccc3s2)nc1N1CCC(Nc2nccnn2)CC1,22.781571499789035
Cc1ccc(-c2ncnc(N(C)c3nc4ncnc(N5CCOCC5)c4s3)n2)s1,22.825424421026653
CCc1nc(-c2sn3c(NC4CCN(C(=O)OC(C)(C)C)CC4)nc(C)nc23)no1,22.825424421026653
CN(C)c1nc(NC2CCN(c3nc4c(O)ncnc4s3)CC2)c2sccc2n1,22.825424421026653
CN(C)c1nc(NC2CCN(c3nc4c(O)ncnc4s3)CC2)c2ccsc2n1,22.825424421026653
Cc1nc(Nc2nnc(C)s2)nc(N2CCN(c3nsc4ccccc34)CC2)n1,22.869193252058544
[C-]#[N+]c1nc(N2CCCC2)nc2sc(-c3ncn(CCNc4nccs4)n3)nc12,22.93468988235943
CSc1nc2nc(N3CCC(Oc4ccccc4)C3)nc(Nc3nccs3)n2n1,22.93468988235943
Cc1nc(Nc2ccncc2)nc(N2CCC(n3ncnc3-c3nccs3)CC2)n1,22.956480566497994
Cc1nc(=O)c2c3ncc(N4CCCCC4)nc3n(CCNc3nccs3)c2s1,23.021728866442675
CSc1nc(NCc2nnc3nc(N4CCCCC4)sc3n2)nc2ccccc12,23.021728866442675
COc1ccc2cc(-c3nsc(Nc4ncnc(N5CCSCC5)n4)n3)oc2c1,23.043437243605826
Cc1nn(-c2nc3sc(N4CCCCC4)nc3c(=O)n2C)c2nc(NC3CC3)ncc12,23.043437243605826
Cc1nc(-c2nccs2)nc(N2CCC(Nc3nc(C)nc4scnc34)CC2)n1,23.043437243605826
CN(c1ncnc(NC2CCN(c3nccs3)CC2)n1)c1nc2ccccc2s1,23.065125189341593
CN(c1ncnc(NC2CCN(c3nccs3)CC2)n1)c1nc2ccccc2o1,23.065125189341593
CN(c1nc(NC2CCN(c3ncccn3)CC2)c2ncsc2n1)c1nccs1,23.130067012440755
Cc1nc(-c2cccs2)oc1CNc1nc2nncc-2c2nc(N3CCCC3)ncn12,23.15167380558045
COc1nc(-c2nncs2)nc(N2CCC(Nc3nc4ccccc4s3)CC2)n1,23.2163735324878
CC1(C)OCCN(c2nc(Nc3ccc4ncsc4c3)nc(-c3nccs3)n2)O1,23.2163735324878
CSc1nc(Nc2ccc(Cn3ncnn3)nc2)c2sc(N3CCCC3)nc2n1,23.2379000772445
Cc1nc(-c2cccs2)nc(N(C)c2nc3ncnc(N4CCSCC4)c3o2)n1,23.259406699226016
CSc1cc(Nc2nc(N3CCOCC3)c3sc(-c4ccco4)nc3n2)ncn1,23.302360395462088
CSc1nc(C)nc(N2CCC(Nc3nccc4oc(-c5nccs5)nc34)CC2)n1,23.302360395462088
CN(C)c1ncc(-c2cc3nc(N4CCCC4)nc(Nc4ccncn4)c3s2)cn1,23.302360395462088
COc1ncc(-c2nc(N3CCC(Nc4nccs4)CC3)nc3scnc23)cn1,23.388031127053
Cc1cnc(CN2CCN(c3ncnc(Nc4nc5ccccc5s4)n3)CCO2)cn1,23.40939982143925
O=C(O)C1CN(c2nc(SCC3CCCSS3)nc3sccc23)C=NO1,23.430749027719962
COc1ccc2nc(Nc3nc(-n4ccnn4)ns3)c(N3CCCC3)nc2c1,23.473389188611005
CC(C)(C)CSc1nc(=O)n(CCN2CCCCC2)c2cc(-c3nnnn3N)sc12,23.62202362203543
CN(c1ccc2ncsc2n1)c1ncnc(NC2CCN(c3nccs3)CC2)n1,23.727621035409346
Cc1noc(-c2csc3nc(N4CCCC4)c(N4C=C(Nc5nccs5)CC4)nc23)n1,23.727621035409346
CNc1nc(Nc2nccs2)nc(N2CCN(Cc3nc4ccccc4o3)CC2)n1,23.769728648009426
CNc1ncc(-c2nc3sc4nc(N5CCCCC5)c(SC)nc4n3n2)cn1,23.790754506740637
CNc1c(Sc2ccco2)nnc2c(N3CCOCC3)nc(-c3cncs3)nc12,23.811761799581316
CNc1nc(N2CCCCC2)c2ncn(Cc3nsc(-c4cccs4)n3)c2n1,23.958297101421877
CN(C)C1CCN(c2nc(Nc3cnccn3)c3nc(-c4cscn4)sc3n2)CC1,23.979157616563597
CN(c1ncnc(NC2CCN(c3nncs3)CC2)n1)c1nc2ccccc2s1,23.979157616563597
Nc1ncnc2c1ncn2C1CCN(Cc2nc3sc(N4CCCC4)nc3s2)CC1,23.979157616563597
CN(C)c1ccc(Nc2nc(N3CCCC3)nc3sc(-c4ncns4)nc23)cn1,23.979157616563597
CN(C)c1nc(NC2CCN(c3nnc4scnc4n3)CC2)c2ccsc2n1,23.979157616563597
c1csc(-c2nn3c(N4CCCC4)nccc3c2-c2nnc(NC3CC3)s2)n1,23.979157616563597
c1nc(Nc2noc3nc(N4CCCC4)sc23)c2cnn(CCN3CCCC3)c2n1,24.0
CN(c1ccc2c(c1)OCO2)c1ncnc(NC2CCN(c3nccs3)CC2)n1,24.06241883103193
Cc1nc(Nc2nc(N3CCCC3)c(C3CC3)s2)nc(-n2cnc3sccc32)n1,24.06241883103193
O=C(CSc1nc(O)c2nc(N3CCCC3)sc2n1)OCn1cnc2ccccc21,24.08318915758459
CN(C)c1nc(NC2CCN(c3nnc4ccsc4n3)CC2)c2ncsc2n1,24.145392935299274
c1csc(-c2nc(NCc3cnn(C4CC4)n3)c3nc(N4CCCC4)sc3n2)n1,24.166091947189145
CN(C)c1ncc(-c2nc3c(Nc4nccs4)nc(N4CCCCC4)nc3s2)cn1,24.20743687382041
COc1nc(NC2CCN(c3nccc(C)n3)C2)nc2nc(-c3cscn3)sc12,24.20743687382041
c1nc2c(NCc3cc4nc(N5CCCC5)cnc4o3)nc(N3CCCC3)nc2s1,24.24871130596428
Cc1nsc(-c2nc3sc(N4CCCCC4)nc3n2CCNC(=O)OC(C)C)n1,24.331050121192877
O=C(O)C1=NC(Nc2nccs2)CCN1c1nc2ccccc2n1CC1CCCO1,24.372115213907882
CSc1nnc2nc(C)nc(N3CCC(Nc4nc5sccc5s4)CC3)c2n1,24.392621835300936
CN(C)c1nc(-c2ccco2)nc(N2CCCC(Nc3nc4ncsc4s3)C2)n1,24.576411454889016
Cc1ncn(-c2cnc3c4ccnc(N=S)c4n(CCC4SCCS4)c3n2)n1,24.596747752497688
CN(C)Cc1nc2c(nc(N3CCCCC3)c(=N)n3nc(-c4cncs4)nc23)s1,24.63736998950984
CSc1nc(-c2csc(C)n2)cn2nc(NC3CCN(c4ncccn4)CC3)nc12,24.63736998950984
Cc1nc(-c2cnc(C)s2)nc(N2CCC(Nc3nnc4sccc4n3)CC2)n1,24.71841418861655
Cc1nnc(N2CCC(Nc3nccc4c(-c5nc(C)ns5)csc34)CC2)nn1,24.71841418861655
Cc1nc(C)nc(N2CCN(c3nc(Nc4nccs4)c4sccc4n3)CC2)n1,24.71841418861655
Cc1nc(-c2cncs2)nc(N2CCC(Nc3nnc4sccc4n3)CC2)n1,24.71841418861655
NNc1cc(N2CCCC2)nc(CSc2nnc(-c3ccc4c(c3)OCO4)s2)n1,24.758836806279895
ONc1ncnn1C1CCN(Cc2nc3sc(N4CCCCC4)nc3s2)CC1,24.758836806279895
Cc1nc(Nc2ncnn3c(SC4CC4)nc(N4CCOCC4)c23)c2sccc2n1,24.79919353527449
Cc1nc(N2CCCC2)nc2sc(-c3nc4c(N5CCC[C@@H]5C)ncnn4c3N)cc12,24.79919353527449
Cc1ncc(CNc2nc(-c3nccs3)nc3sc(N4CCCCC4)nc23)nn1,24.939927826679853
COc1nc2c(Nc3nc(N4CCSCC4)nc4sccc34)ncnc2nc1C,25.059928172283335
Cc1ccc(-c2ccnn3c(SCC4=NNC(S)O4)c(C4=NCCS4)nc23)o1,25.079872407968907
CN(c1nccs1)C1CCN(c2nc(Nc3cncnc3)c3scnc3n2)CC1,25.11971337416094
Cc1nc(CNc2nc(N3CCCCC3)nc3nc(-c4nccs4)nn23)cs1,25.199206336708304
C=CNc1nc(N2CCCC2)nc2c1nnc1nc(Sc3nccs3)n(CC)c12,25.199206336708304
CSc1nccc(CNc2nc(-n3cccn3)nc3sc(N4CCCCC4)nc23)n1,25.25866188063018
CN(c1ncnc(NC2CCN(c3ncns3)CC2)n1)c1nc2ccccc2s1,25.278449319529077
CSc1nc2c(-c3cnn(C)c3)nsc2nc1NC1CCN(c2ncccn2)CC1,25.278449319529077
Nc1nc(-c2cccnc2OCCN2CCCCC2)nc2sc(N3CCCC3)nc12,25.337718918639855
CN1CCN(c2nc(Nc3nc4ccsc4s3)nc(Oc3cccnc3)n2)CC1,25.357444666211933
c1coc(CN2CCN(c3nc(Nc4ccncc4)nc(Nc4nccs4)n3)CC2)c1,25.39685019840059
Cc1ccnc(N2CCN(c3nc(Nc4nccs4)nc4snc(C)c34)CC2)n1,25.436194683953808
Nc1nnc(Sc2nc3sc(N4CCCC4)nc3n2CCN2CCCCC2)s1,25.495097567963924
CC(=O)N1CCC(Nc2nc(-c3cnc(C)o3)nc3sc(N4CCCC4)nc23)CC1,25.612496949731394
Cc1cnc(S)c(Nc2nc(N3CCOCC3)nc3sc(-c4ccco4)nc23)n1,25.632011235952593
COc1ccc(-c2nc(C)sc2Nc2nc(N3CCCC3)nc3c2SCN3)cn1,25.709920264364882
c1ccc2sc(CSc3ncnc(NC4CCN(c5ccnnn5)CC4)n3)nc2c1,25.768197453450252
CN(c1nc(NC2CCN(c3ncncn3)CC2)c2ccsc2n1)c1nccs1,25.903667693977237
Cc1cc(C)nc(N2CSC(Nc3ncnc(-c4nc5ccncc5s4)n3)C2)n1,25.92296279363144
c1ccc2c(NCc3nnc(SCc4ccncn4)nn3)cc(N3CCCC3)nc2c1,25.92296279363144
CSc1nc2nc(N3CCC(Nc4ncccn4)CC3)nc(-c3cncs3)c2s1,25.98076211353316
Cc1nsc(-c2ccc3nc(N4CCCC4)n(CCNC(=O)OC(C)(C)C)c3n2)n1,26.019223662515376
CN(C)c1nc(N2CCC(Nc3nc4ccccc4s3)CC2)nc(-n2nccn2)n1,26.13426869074396
COc1ccc(Nc2ncnc(N3CCCCN3c3nc4ccccc4s3)n2)cn1,26.28687885618983
Cc1nc(C)nc(NC2CCN(c3nc4sc(N5CCCCC5)nc4s3)CC2)n1,26.28687885618983
O=C(O)CSc1nc(Sc2nccs2)c2nc(N3CCCC3)sc2n1,26.30589287593181
c1nnc(-c2cc(N3CCCC3)nc(Nc3ccc4nnc(N5CCCC5)n4c3)n2)s1,26.362852652928137
CCn1ncc2sc(NC3CCCN(c4nc5nnc(C6CC6)nc5s4)C3)nc21,26.457513110645905
COc1ncc(Nc2nc(-n3cc(C)cn3)nc3sc(N4CCCCC4)nc23)cn1,26.49528259898354
COc1cc(OC)c2nc3nc(N4CCCC4)nc(sc2n1)-c1ncsc1N3,26.589471600616662
CN(c1nc(NC2CCN(c3ncccn3)CC2)c2scnc2n1)c1nccs1,26.664583251946766
CNc1nc(-c2cncs2)nc(N2CCC(Nc3nc4ncccc4s3)CC2)n1,26.70205984563738
Cc1cnc(CNc2nc(N3CCCCC3)nc3c2ncn3Sc2nccs2)o1,26.814175355583846
N=CNc1nsc2c(N3CCCC3)nc3c(nnn3CCCn3cnc4ccccc43)c12,26.851443164195103
c1nc(NC2CC2)n(C2CCN(Cc3nc4oc(N5CCCC5)nc4s3)CC2)n1,26.888659319497503
CN(c1ncnc(NC2CCN(c3nccs3)CC2)n1)c1nc2ncccc2s1,27.03701166919155
Cc1nc(C)nc(NC2CCN(c3nsc4nc(N5CCCC5)sc34)CC2)n1,27.055498516937366
COc1nc2nc(N3CCCC3)nc(NCc3ncnc(-c4cccs4)n3)c2s1,27.258026340878022
CN(C)c1nc(Nc2nc3ccc(-c4cscn4)nc3s2)nc(N2CCCC2)n1,27.258026340878022
N=c1n(CCCn2sc3nccnc32)c2nc(N3CCCC3)ncc2n1C1CCC1,27.27636339397171
c1ccc(-c2nnc(CNc3nc(N4CCCCC4)c(N4CCC4)c4ncnn34)o2)cc1,27.27636339397171
Cc1noc(-c2nc3c(NC4CCN(C)CC4)nc(N4CCCC4)nc3s2)n1,27.27636339397171
CN(c1ccccn1)c1nc(N2CCN(C(=O)OC(C)(C)C)CC2)nc2sc(O)nc12,27.51363298439521
COc1nc2c(NC3CCN(c4nccs4)CC3)nc(N3CCCC3)nc2s1,27.640549922170507
CSc1nc(N2CCCCC2)c2nc(-c3nc(CN4CCCC4)no3)sc2n1,27.65863337187866
Nc1nc(SCc2nnc(-c3ccc4c(c3)OCO4)s2)nnc1N1CCCCC1,27.892651361962706
Sc1ncnc2c(NCc3nnc(-c4cccs4)s3)nc(N3CCCC3)nc12,28.0178514522438
Cc1nsc(N2CCC(Nc3nc(N4CCCC4)nc4sc(C)nc34)CC2)n1,28.35489375751565
CN(c1nc(NC2CCN(c3ccon3)CC2)c2ncsc2n1)C1CCOCC1,28.5657137141714
CN(C)c1nc(N=C2CS2)nc(N2CCC(Nc3nc4ncccc4s3)CC2)n1,28.635642126552707
Fc1ccc(-c2noc(CNc3nc(N4CCCC4)nc4c3ncn4C3CC3)n2)cc1,28.687976575562104
Cc1nsc(-c2nc3c(Nc4ccncc4)ncnc3n2CC2SCCS2)n1,28.75760768909681
Cc1ccc(-c2nc3c(NC4=NCCO4)nc(C(=O)OC4CCN(C)CC4)nc3s2)o1,28.844410203711913
CN(c1ccc2nsnc2n1)c1ncnc(NC2CCN(c3ccc(F)cn3)CC2)n1,28.844410203711913
CN(c1ncnc(NC2CCN(c3ncsn3)CC2)n1)c1nc2ccccc2s1,29.103264421710495
CN(c1ncnc(NC2CCN(c3ncccn3)CC2)n1)c1nc2ccsc2s1,29.103264421710495
Cc1ncc(CN2CCN(c3nc(Nc4nccs4)nc(N4CCCCC4)n3)CC2)o1,29.154759474226502
CSc1nc(-c2cccnc2)nc(N2CCC(Nc3nnc4sccc4n3)CC2)n1,29.32575659723036
CCC1CCN(c2ncnc(-c3nc4c(s3)N=C(N3CCCCC3)N=C(C)N4)n2)CC1,29.427877939124322
Cc1nsc(-c2nc3c4cccnc4n(C4CCCC4)c3nc2N2CC(C)(C)N=N2)n1,29.427877939124322
COC(=O)CSc1nc2c(c3nc(-c4nccs4)nn13)NC(=S)SC2C,29.478805945967352
CCOc1nc(-c2nc3nc(N4CCCC4)cnc3s2)nc2c1ncn2C1CCNC1,29.631064780058107
Cc1ccnc(Nc2nc(N3CCCC3)c(SSc3nnnn3C(C)(C)C)s2)n1,29.664793948382652
CN(c1nc(Nc2nc3cccnc3s2)nc(N2CCOCC2)n1)c1nccs1,29.732137494637012
Cc1nc(N2CCC(Nc3nc(N4CCCC4)nc4sc(C)nc34)CC2)ns1,29.93325909419153
COc1nc2c(NC3CCN(c4nc(C)ns4)CC3)nc(N3CCCC3)nc2s1,30.24896692450835
COc1cccc2sc(Nc3ncnc(N4CCN(c5ncsn5)CC4)n3)nc12,30.59411708155671
CN(c1ccccn1)c1nc(Nc2nccs2)nc(N2CCN(c3ccccn3)CC2)n1,30.659419433511783
Cc1cc2ocnc2c(NC2CCN(c3nc(N4CCCC4)nc4ncn(C)c34)CC2)n1,30.72458299147443
CNc1nc(-c2nc3c(C)nc(N4CCCCC4)nc3s2)nc(N2CCOCC2)n1,31.096623610932426
COc1nc(SC)nc2ncnc(N3CCC(Nc4nc5ccsc5s4)CC3)c12,31.22498999199199
Cc1cc(-c2ncsn2)nc(N2CCC(Nc3ccnc(N4CCCC4)n3)CC2)n1,31.22498999199199
COC1CCC(Nc2nc(-c3nccs3)nc3sc(N4CCCC4)nc23)C(=O)C1,31.54362059117501
Cc1nc2nc(-c3nn(CCN4CCCC4)c4nc(N)nc(N=S)c34)sc2s1,31.591137997862628
Cc1cnc(Nc2nc(N3CCCCC3)nc3nc(Sc4cnccn4)nn23)s1,31.796226191169293
Cc1nc(N2CCC(Nc3nc(N4CCCCC4)nc4sc(C)nc34)CC2)ns1,31.85906464414798
COc1nc2c(NC3CCN(c4ncsn4)CC3)nc(N3CCCC3)nc2s1,31.984371183438952
CSc1nc(C)nc(NC2CCN(c3nc(N4CCCC4)nc4sccc34)C2)n1,32.58834147360065
CSc1nc2nc(N3CCCC3)nc(NC3CCN(c4nc(C)no4)CC3)c2s1,32.72613634390714
CCOC(=O)c1nn(C2CCCCC2)/c(=N\Nc2nc(=S)nc3sccn23)s1,33.04542328371661
Cc1nc(C)nc(N2CCC(Nc3nc(N4CCCC4)nc4scnc34)CC2)n1,33.331666624997915
CSc1cnc(N2CCC(Nc3nc(N4CCCC4)nc4snc(C)c34)CC2)nn1,34.64101615137755
CSc1nc2nc(N3CCCC3)nc(NC3CCCN(c4nccnn4)C3)c2s1,35.156791662493895
CSc1nc2c(NC3CCN(c4ncncn4)CC3)nc(N3CCCC3)nc2s1,35.552777669262355
Cc1nc(N)nc(N2C=NC(C)(C)CN2c2nc(N3CCCC3)nc3sccc23)n1,35.874782229304195
CSc1nc2nc(N3CCCC3)nc(NC3CCN(c4nccnn4)CC3)c2s1,36.05551275463989
CN(c1nnnc(N2CCC(Nc3nc4ccccc4s3)CC2)n1)C1CCCC1,40.34848200366403
Cc1cccc(OC2CCN(c3nc(Nc4nncs4)nc(N4CCCC4)n3)CC2)n1,42.473521163190604
