SMILES,cats_euclidean_dist
COc1cccc2nc(Sc3ccc(C4(O)CCCO4)cn3)n(-c3ccccc3)c(=O)c12,10.583005244258363
COc1cc(Sc2nsc(-c3cn(C)cc3C(F)(F)F)c2C#N)ccc1C(=O)O,12.328828005937952
O=Cc1ccc(Cn2nc(-c3nccs3)c3ncnc(Nc4ccc(F)cc4)c32)cc1,12.449899597988733
CCOC(=O)c1ccc(-n2c(Sc3ccc4c(c3)OCO4)nc3ccccc32)cc1O,13.152946437965905
O=C(O)c1ccc(-n2c(SC3CCOOCC3)nc3cc(OCC4CC4)ccc32)cc1,13.564659966250536
CCSc1nc(Sc2nc3ccccc3c(=O)n2-c2ccccc2)ccc1C(=O)O,13.601470508735444
O=c1c2ccccc2nc(SCc2ccc(F)cc2)n1-c1ccc(Nc2ncccn2)o1,13.820274961085254
COc1c(-c2nnc(SCc3ccc(Cl)cc3)s2)ccc2c1C(=O)/C(=C/O)O2,13.820274961085254
Cn1nc(-c2ccc(O)cc2)c2c(=O)n(-c3ccccn3)c(SCc3ccccc3)nc21,13.820274961085254
COc1ccc(-n2cc(Cn3ccc4ccccc43)c3ncnc(N)c32)c(-n2cccc2)n1,13.96424004376894
c1ccc(-c2cc(COc3ccc4c(NC5CC5)ncnc4n3)nn2-c2ccccc2)cc1,13.96424004376894
COc1ccc(-c2nc(-c3ccc(NC4CC4)cc3)nn2-c2cccc3c2OCO3)cn1,14.0
Cc1ccc(-n2c(SCc3ccc(OC(F)(F)F)cc3)nc3ncnc(O)c32)cc1,14.106735979665885
Oc1ncnn2nc(OCc3ccc(Oc4ccc(F)cc4)cc3)c(-c3ccccc3)c12,14.106735979665885
COc1ccc(-n2nc(Nc3ccccc3C)n3c(=O)cc(-c4ccccc4)nc23)cc1,14.142135623730951
COc1nc(-c2c(Sc3ccc4c(c3)OCO4)c3ccccc3n2C)ccc1C(=O)O,14.317821063276353
COc1ccc(-n2nc(Sc3ccc(C(=O)O)c(F)c3)c3c2C[C@@H](C)OC3)c(F)c1,14.422205101855956
O=C(O)c1ccc(Sc2nnc(SCc3ccccc3)n2-c2cccc(F)c2)nc1,14.45683229480096
COc1ccc(CSc2nc3ccc(C(=O)O)cc3c(=O)n2-c2ccccc2)s1,14.560219778561036
O=C(O)c1ccccc1Sc1ccnc2ccc(-c3cn(Cc4ccccc4)cn3)cc12,14.594519519326424
CSc1nn(-c2cc(Cl)cc3c2C=C(O)CC3=O)cc1COC(=O)c1ccccc1,14.66287829861518
Cc1cc(-n2c(-c3ccccc3)nc3c(Sc4cccc(O)c4)nn(C)c3c2=O)ccn1,14.933184523068078
CCn1cc(C(F)F)c2cc(-c3nc(-c4cccs4)n(-c4nccc(O)n4)n3)ccc21,14.966629547095765
COC(=O)c1cnc2c(ccn2-c2ccc(OCc3cc4ccccc4s3)cn2)c1O,14.966629547095765
Cc1ccc(=O)n(-c2ccc(Sc3cc(C)n(-c4ccc(Cl)cc4)n3)c(C(=O)O)c2)n1,15.066519173319364
COc1ccc(-c2nc(-c3nc(C(F)(F)F)c(C(=O)O)s3)n(-c3ccccc3)n2)cc1,15.0996688705415
S=c1[nH]nc(SCCn2nnc(-c3ccc(-c4ccccc4)o3)n2)n1-c1ccccc1,15.165750888103101
CCNc1ncnc2c1nnn2Cc1cn(-c2ccccc2)nc1-c1cccc(Cl)c1,15.165750888103101
COC(=O)c1ccc(-n2nnc(-c3ccccc3)c2Sc2ccc(Cl)cc2)cc1O,15.198684153570664
C=Cc1ccc(Cn2nc(S)c3c(-c4ccc(OC)cc4)nsc3c2=O)cc1C#N,15.198684153570664
COc1ccc(-n2c(=O)sc3c(NCc4ccc(-c5ccccc5)cc4)ncnc32)nc1,15.198684153570664
CSCCNc1ncnc2nc(-c3ccc4ccccc4c3)n(C3CCCCC3=O)c12,15.198684153570664
O=C(O)c1ccc(Sc2nc(-c3cnn(CC4CCOCC4)c3)c3ccccc3n2)cc1,15.231546211727817
COc1cc(-c2nc(-c3ccc4c(c3)CCC4)oc2SC2CCOC2)ccc1C(=O)O,15.231546211727817
Oc1ccnc(-n2ccc3c(Oc4ccc5cc(CN6CCCCC6)oc5c4)nccc32)n1,15.297058540778355
COc1cccc(Cn2nc(C)c3ncnc(-c4cnc(-c5ccc(F)cc5)s4)c32)c1,15.297058540778355
Oc1cccc(-n2cc(COc3ccccc3-c3ncn(-c4ccc(Cl)cc4)n3)nn2)c1,15.427248620541512
Cc1nc(Nc2ccc(Cl)cc2)c2nnn(Cc3cnn(-c4ccccc4)c3C)c2n1,15.427248620541512
COc1ccc(-c2nsc(-c3csc4c(-c5ncccn5)c(C)[nH]c(=O)c34)n2)cc1C,15.427248620541512
Cn1cc(CCC(=O)O)c2nc(SC3=NCCCC3)n(-c3ccccc3Cl)c(=O)c21,15.459624833740307
Cn1cnc(Nc2nn(CC3CCCCCCC3)c3c2cc(-c2ccccc2)c(=O)n3C)n1,15.459624833740307
O=C(O)c1ccc(-n2c(SCC(=O)c3ccc(Cl)s3)nc3ccccc32)nc1,15.459624833740307
COc1cccc(Oc2nn(-c3ccc(Cl)cc3)c(-c3cscn3)c2C(=O)O)c1,15.459624833740307
C=CCc1ncnc2nc(-c3cc4ccccc4n3SCc3cccc(C(=O)O)c3)cn12,15.491933384829668
Cc1nc(O)c2c(ncn2Cc2cnn(-c3ccc(Cl)c(C)c3)c2-c2cccs2)n1,15.588457268119896
O=C(c1ccccc1)n1c(S)nc2c(OCc3cn(-c4ccccc4)nn3)cccc21,15.588457268119896
CC(=O)Nc1ccc(-n2nc(SCc3ccccc3)c3nnn(-c4ccccc4)c32)cc1,15.588457268119896
O=C(O)c1sccc1-c1nnc(SCc2ccccc2)n(-c2ccc(F)cc2)c1=O,15.620499351813308
COc1cc(Nc2cc(C)nc3nc(-c4ccc5c(C#N)cn(C)c5c4)nn23)ccc1Cl,15.684387141358123
CNc1nccc(-c2nnn(-c3cccc(C4CC4)c3)c2Sc2cccc(Cl)c2)n1,15.684387141358123
COc1ccc(Sc2nc3ccc(C(=O)O)cc3c(=O)n2-c2ccc(Cl)cc2)cc1,15.716233645501712
COc1ccc2c(c1)OCc1c-2nc(-c2cccs2)n1-c1cccc(C(=O)OCO)c1,15.748015748023622
COc1ccc(-c2nc(N3CCCCC3)sc2/C=C2/SC(=O)C(C(=O)O)=C2C)cc1,15.7797338380595
COc1ccc2c(c1)OCc1c-2nc(-c2ccc(OC)c(Cl)c2)n1-c1cnc(N)s1,15.7797338380595
Cc1ccc(C2OC(CCO)=C(C#N)c3c2cnn3-c2ccc(C(C)(C)C)s2)s1,15.811388300841896
COc1ccc(-c2nc(=O)n(CCC3CCCC3)c3c4cc(Cl)ccc4n(O)c23)nc1,15.84297951775486
COc1ccc(-n2nc(Sc3ccc(Cl)cc3)c3cc(C(=O)O)ccc32)cc1C=O,15.84297951775486
Cc1cnc(-n2nnnc2-c2cccs2)cc1NCc1cccc(OC(F)(F)F)c1,15.84297951775486
CSc1ccccc1Oc1c(/C=C2\SC(=O)NC2=O)oc(=O)n1-c1ccc(C)cc1,15.874507866387544
CC1(C)OCc2c(Sc3ccc(Cl)cc3)nn(-c3ccc(C(=O)O)s3)c2C1=O,15.968719422671311
CCn1nc(-c2csc(Nc3cccc4c3ccn4S(C)(=O)=O)n2)c2ccccc21,16.0
CCc1csc(SCc2ccc3nc(N)n(-c4ccc(C(C)(C)C)cc4)c(=O)c3n2)n1,16.06237840420901
COc1ccc(-n2c(S)nc3ccc(C(=O)Oc4cccc(Cl)c4)cc3c2=O)cc1,16.09347693943108
COc1cc(-c2nnn(-c3ccncc3)c2Sc2ccc(Cl)cc2)ccc1C(=O)O,16.1245154965971
O=C(O)c1ccc(Sc2nc3c(=O)n(CC4CC4)cnc3n2C2CCCCCC2)cc1,16.217274740226856
Cc1nc(-n2c(-c3ccc(OCc4ccccc4)cc3)nc3ccccc32)sc1C(=O)O,16.278820596099706
COc1ccc(-n2c(C(C)=O)nc3c(Oc4ccc5c(c4)NCCC5=O)cccc32)cc1,16.30950643030009
Cc1c(Cn2ncc3c(N)ncnc32)cccc1-c1ccc(-n2cnc3ccccc32)cc1,16.34013463836819
COc1ccc(-c2cc(F)ccc2Cn2nnc3nc(O)nc(-c4cccs4)c32)cc1,16.34013463836819
Cn1nncc1CSc1nc2ccccc2n1Cc1ccc(-c2ccc(C(=O)O)cc2)cc1,16.3707055437449
CCn1c(C(=O)O)ccc1-c1cc2ncnn2c(SCc2ccc(C(F)(F)F)cc2)n1,16.3707055437449
CC(C)(C)OCc1ccc(-c2cc(C(=O)O)nn2-c2ccc3ccn(CCF)c3c2)nc1,16.401219466856727
N#Cc1cn(CC2CC2)c2c1nc(Sc1ccccc1)n2C1CCCCCC1C(=O)O,16.401219466856727
COc1cc2c(cc1OCCN1CCCCC1)ncn2-c1ccc(C(C)(C)C)c(O)c1C#N,16.431676725154983
COc1cccc(-n2cc(/C=C3\SC(=O)NC3=O)c(-c3oc4ccccc4c3C)n2)c1,16.46207763315433
COc1cc(-c2nnn(-c3ccccn3)c2Sc2ccc(Cl)cc2)ccc1C(=O)O,16.492422502470642
Cc1ccc2c(n1)c(C(=O)O)cn2-c1ccc(Sc2cc(C)n(-c3ccccc3)n2)nc1,16.492422502470642
COc1ccc(-n2c3c(c4ccccc42)CCCC3)cc1-c1nnn(-c2ccc(O)cc2)n1,16.492422502470642
Cc1cccc(-n2nc(Oc3ccc(-c4nn(C)c5ccccc45)cc3)cc2C(=O)O)c1,16.522711641858304
COc1ccc(Cn2c(=O)c3ccccc3c3cc(-c4ncnn4C4=NNCC4)ccc32)cc1,16.55294535724685
O=C(c1nc2ccc(-n3ccc(N4CCC4)n3)cc2c(O)c1Oc1ccccc1)[SH]1CCC1,16.55294535724685
COc1ccc(-c2nn(C(=O)CS)cc2-c2ncnn2-c2ccc(Cl)cc2)cc1,16.55294535724685
COc1ccc(-c2nn(CC3CCCCC3)c(=O)c3cc(-c4csc(O)n4)cn23)cc1,16.583123951777
O=C(O)c1ccc(Cn2nc(-c3ccccc3)c3c(SCC4CCC4)ncnc32)cc1,16.583123951777
COc1ccc(-c2nc(-c3ncc(CN)s3)nn2-c2ccc(Cl)c(Cl)c2)cc1,16.583123951777
Cc1ccccc1-c1cc(Sc2ccccc2C(=O)O)c2nc(-c3cnn(C)c3)nn2c1,16.61324772583615
CCOc1cccc2c1c(OC(F)(F)F)nn2-c1nc(C(=O)O)cs1,16.61324772583615
COc1ccc(-c2nc3c(Nc4ccc5ncnn5c4)ncnc3n2Cc2ccccc2)cc1,16.61324772583615
O=C(O)CSc1c(-c2cccnc2)nc(Sc2ccc(F)cc2)n1-c1ccccc1,16.61324772583615
O=C(O)c1cncn1Cc1ccc(-c2ccc(Sc3ccc4c(c3)OCO4)cn2)cc1,16.64331697709324
COC(=O)c1sc(-c2ccc(Sc3nnccc3F)cc2)nc1-c1ccc(O)cc1,16.64331697709324
Cc1nc(-c2ccc(-n3cccn3)cc2)c(F)cc1Cn1cnc2c(NC3CC3)ncnc21,16.703293088490067
O=C1/C(=C/c2cccs2)CCc2c1sc(OCCn1cnc(O)n1)c2-c1ccccc1,16.703293088490067
COC(=O)c1cc(-c2nn(Cc3cccc(C4(C#N)CC4)c3)c3ccnc(S)c23)cs1,16.73320053068151
COc1cccc(-c2c(Sc3ccc4c(c3)cc3n4NCC(C)OC3=O)noc2C)c1,16.73320053068151
COc1ccc(-c2c(/C=C3\SC(=O)NC3=O)c(SC)nn2C2CCCCC2)cc1,16.73320053068151
O=C(O)Cn1nc(-c2ccccc2OCc2ccccc2)n(-c2ccc(Cl)cc2)c1=S,16.73320053068151
COc1ccc(-c2nc3ccccc3[n+]([O-])c2-c2nn(CC3CCCCC3)c(=S)[nH]2)cc1,16.76305461424021
CCn1c(-c2ccc(C(=O)O)s2)nc2ccc(-n3ccc(Oc4ccccc4)n3)cc21,16.76305461424021
COC(=O)c1c(O)n(C)c2c(-c3ccc4cc(C)n(Cc5cnc(C)s5)c4c3)ccnc12,16.76305461424021
O=C(O)c1c(-c2ccoc2)c2c(SCC(F)(F)F)ncnc2n1Cc1ccccc1,16.76305461424021
CCn1c(CSc2ccc3c(c2)OCCO3)cc(C(=O)O)c1-c1ccc2c(c1)OCO2,16.76305461424021
COC(=O)c1cc(-n2cc(-c3cc(-n4c(C)cc5ccccc54)cs3)nn2)ccc1O,16.76305461424021
CCn1c(=O)n(C)c2ccc(-n3c(Sc4ccc(C(=O)O)cc4)nc4ccccc43)cc21,16.76305461424021
O=C(O)Cn1cc(-c2nc3cc(OCc4ccccc4)ccc3n2-c2cccs2)cn1,16.76305461424021
Cc1sc2ccccc2c1Oc1ccc(Cn2c(=O)n(CC(=O)O)c3cccnc32)cc1,16.76305461424021
COc1cccc(-n2nnc(C(=O)O)c2-c2ccc(-c3ccc4ccsc4c3)cc2)c1,16.76305461424021
COc1ccc(-c2cc(-c3nc4[nH]c(=S)nc-4n(CC4CCCCC4)n3)cnn2)cc1,16.792855623746664
COc1cc(-c2nn(-c3ccc(Cl)c(Cl)c3)cc2/C=C2\SC(=O)NC2=O)cn1C,16.822603841260722
COc1c(Br)cc(-c2nnc(SCc3ccccc3)s2)cc1C(=O)O,16.822603841260722
COc1cccc(-n2c(SC)nc3c(O)c4c(nc32)OCC(c2ccc(F)cc2)=N4)c1,16.852299546352718
CSc1c(-c2ccccc2)n(Cc2ccccc2)c2ncc(-n3ncc(C(=O)O)n3)cc12,16.852299546352718
O=C(O)c1ccc(Cn2nc(-c3ccccc3)c3c(SCC(F)(F)F)ncnc32)cc1,16.852299546352718
COc1cccc(-n2cc(/C=C3\SC(=O)NC3=O)c(-c3ccc4nc(C)sc4c3)n2)c1,16.852299546352718
O=C(O)c1ccc(Sc2ccc3ccc(=O)n(CCc4ccc5c(c4)OCO5)c3c2)cc1,16.852299546352718
COc1cc(CC(=O)n2cccc2O)ccc1-n1c(-c2nccs2)nc2ccccc21,16.852299546352718
COc1cc(-c2nnn(-c3ccc4c(c3)C(c3ccccn3)CS4)c2C)ccc1C(=O)O,16.881943016134134
COc1sc(C(=O)O)c(C)c1C(=O)c1c(C)n(-c2ccccc2)c(=O)c2ccsc12,16.881943016134134
COc1ccc(-c2sn(-c3cccc(Cn4cnc5ccccc54)c3)c2C(=O)O)cn1,16.881943016134134
Nc1c(-c2ncnn2CC2CC2)csc1-c1nc2ccccc2n1Cc1ccccc1,16.881943016134134
CCCn1c(=O)nc(Sc2cccc(-c3nn(-c4ccccc4)[nH]3)n2)c2ccccc21,16.911534525287763
COc1ccc(-c2nc(-c3cccc4c3CCC4)nn2Cc2cc(C(=O)O)sn2)cc1,16.941074346097416
COc1cc(-c2ccnn2-c2ccc(Cl)cc2)ccc1Sc1nc(C)cn1C(=O)O,16.941074346097416
CSc1cc(-c2ccc(-c3ccn(CC(=O)O)n3)cc2)n(-c2cccc(Cl)c2)n1,16.97056274847714
Cc1cc(Sc2nccc3c(-n4cncc4C)cccc23)ccc1-n1cc(C(=O)O)cn1,16.97056274847714
CCOc1ccc2nc(-c3cc(-c4ccc(O)c(C(F)(F)F)c4)ns3)n(C)n2c1=O,16.97056274847714
Cn1c(SCc2ccccc2)nnc1-c1ccc(-c2ccc3c(ccn3C(=O)O)c2)nc1,17.08800749063506
CN(C)c1cc(-n2nnnc2Sc2ccc(Cl)cc2)ccc1-c1ccc(C(=O)O)cc1,17.08800749063506
COc1ccc(-c2cc(-c3nccs3)n(-c3ccc(Cl)cc3Cl)n2)nc1CO,17.08800749063506
C=Cc1c(Oc2ccccc2)nc(Sc2ccc(C(=O)O)cc2)nc1N1CCOCC1,17.08800749063506
CSc1nc(-c2ccc3cnn(Cc4ccc(C(=O)O)cc4)c3c2)nn1-c1ccccc1,17.08800749063506
CSc1c2ccc(C3CC3)cn2c(=O)n1-c1cccc(Oc2ccc(C(=O)O)cc2)c1,17.11724276862369
Cc1ccnc(N2CCC2)c1-c1ccc(Cn2cnc3c(-c4ccc(N)nc4)nsc32)cc1,17.11724276862369
CC(C)(C)c1ccc(-n2sc(C(=O)O)c2-c2ccc(OCCn3ccnc3)cc2)nc1,17.11724276862369
c1ccc(SCc2n[nH]c(-c3ccc(-c4cnsc4)cc3)c2Cn2cncn2)nc1,17.146428199482248
O=c1n(-c2cc(O)c(OCc3ccsc3)c(Cl)c2)cc(-c2ccccc2)c2ncnn12,17.175564037317667
COc1ccc(-c2nn(-c3ccc(C(=O)O)cc3)c(Sc3cccs3)c2C#N)cc1,17.204650534085253
C#CSc1nc2cc(O)ccc2n1Cc1ccc(-c2nc3ccc(OC)cc3o2)cc1,17.204650534085253
Nc1ccnc(-c2sc(-c3ncnn3CC3CCCCC3)cc2CN2CCCCC2)n1,17.233687939614086
Cc1ccc(-c2nc(-c3ccnn3Cc3ccc(C(=O)O)cc3)nn2-c2ccccc2)s1,17.233687939614086
Cn1c(=O)n(Sc2ccccc2)c2ccc(-c3cnn(-c4cccc(C(=O)O)c4)c3)cc21,17.233687939614086
Cc1ccnc(-c2nnnn2CS)c1-c1ccc(Cn2cnc3cc(Cl)ccc32)cc1,17.26267650163207
COc1cccc(-n2c3cc(Cl)cc-3c(Sc3ccc(C(=O)O)cc3)c(=O)n2C)n1,17.291616465790582
COc1cccc(-n2c(Oc3ccccc3F)nc3cc(Sc4nn[nH]n4)ccc32)c1,17.291616465790582
O=C(O)CCn1c(-c2cccs2)nc2c(OCc3ccc(Cl)cc3)cccc21,17.291616465790582
O=C(O)c1ccc(-c2ccc(-n3ncnc3SCc3ccccc3)cc2)c2ccnn12,17.320508075688775
Cn1ncc2cc(-c3nnc(Sc4ccc(C(=O)O)cc4)n3Cc3ccccc3)ccc21,17.320508075688775
COc1ccc(-c2nn(-c3ccc(Cl)c(Cl)c3)cc2-c2nnc(C(=O)O)n2C)cc1,17.320508075688775
Cc1cc(C(=O)O)nnc1-c1ccc(Sc2nn(CC3CCOC3)c3ccccc23)cc1,17.320508075688775
COc1ccc(-n2[nH]cc2Sc2nc3ccccc3c(=O)n2-c2ccccc2Cl)nn1,17.349351572897472
O=C(O)c1cccc(-n2cc(-c3cnn(-c4ccccc4)c3)c(OCc3ccccc3)n2)c1,17.349351572897472
COc1ccc(NC(=O)Oc2cccc(Sn3c(=O)sc4nc(C)ccc43)c2)cc1,17.349351572897472
Cc1ccc(-n2c(=O)c3sccc3n(-c3ccc(CSC(=O)O)cc3)c2=O)cc1,17.349351572897472
Cc1cc(Oc2ccc(-n3c(=O)n(-c4nccs4)c4ccccc43)cc2)nc(N)c1C,17.406895185529212
Cc1csc(-c2nn(CC(=O)O)c3ccc(OCc4ccncc4Cl)cc23)n1,17.406895185529212
COc1ccc(-c2nc3sc(C(=O)O)cc3c(=O)n2-c2ccc(OC)c(Cl)c2)cc1,17.406895185529212
c1ccc(OCCn2c3c(c4ccc(-c5nnc(Nc6ccncc6)o5)cc42)CCO3)cc1,17.406895185529212
CCn1c2c(c(-c3nnc(C(F)(F)F)s3)c1-c1ccc(OC)cc1)C/C(=C\O)C2=O,17.406895185529212
O=C(OCc1cnn(-c2ccc3c(c2)OCCO3)c1-c1ccc(O)cc1)C1CCCCC1,17.406895185529212
COc1ccc(-c2cc(-c3nnc(C(=O)O)s3)n(-c3ccc(Cl)c(Cl)c3)n2)cc1,17.435595774162696
O=C(O)c1ccc(-n2nc(OCc3ccc(OC(F)(F)F)cc3)c3sccc32)nc1,17.435595774162696
COc1ccc(Cn2cc(-c3c(C(=O)O)sn3C3CCC(C(F)(F)F)CC3)nn2)cc1,17.435595774162696
COc1ccc(-c2nn(-c3nc(C(=O)O)cs3)c3ccccc23)c(OCC(F)(F)F)c1,17.435595774162696
O=C(O)CN1CCC[C@@H](Oc2nc(-c3ccc(CC4CCCCCCC4)o3)cs2)C1,17.435595774162696
CN(C)c1cc(-c2ccc(-n3nnnc3Sc3ccc(Cl)cc3)cc2)ccc1C(=O)O,17.435595774162696
O=C(O)c1c(-c2ccccc2)ccc(=O)n1CCSc1noc(=S)n1-c1ccccc1,17.435595774162696
CCn1c(Sc2ccc3c(=O)n(C)c4c(C(=O)O)nn(C)c4c3c2)cc2ccccc21,17.46424919657298
COc1ccc2c(c1)nc(-c1ccc3c(c1)CC(C)CO3)n2Cc1nc(C(=O)O)cs1,17.52141546793523
COc1ccc(-n2nc(-c3ccncc3)c3c(NCc4ccc(F)cc4)ncnc32)cc1,17.52141546793523
COc1cccc(-c2ccc(CSc3nnc(-c4nnn[nH]4)n3C(C)(C)C)cc2)c1,17.52141546793523
Oc1cc(-n2nnnc2SCc2ccccc2)ccc1-c1ccc(-c2ccccc2)nn1,17.549928774784245
CSc1c(-c2ccc(Cl)cc2)nc(COc2ccc(C(=O)O)c(C)c2)n2ncnc12,17.549928774784245
COc1ccc(-c2cc(SC3CCC4(C3)OCCO4)n(-c3ccccc3)n2)cc1C(=O)O,17.549928774784245
CSc1ccc(Cn2cnc3ccccc32)cc1-c1ccc(-n2cc(C(=O)O)nn2)cc1,17.549928774784245
CCn1c(Sc2nn(Cc3ccccc3)c3ccccc23)nc2cc(C(=O)O)cnc21,17.549928774784245
CC(C)(Cc1ccncc1)c1nnn(-c2cccc(O)c2)c1Sc1ccc2c(c1)OCO2,17.549928774784245
O=C(O)c1cccc(CSc2nnc(-c3ccc4c(c3)OCO4)n2Cc2ccccc2)c1,17.578395831246947
CCn1nc(-c2cc(Cl)ccc2C)c2[nH]cc(Sc3nnnn3C(C)(C)C)c2c1=O,17.578395831246947
COc1ccc(-c2ccc(C3=Nc4cnn(-c5ccc(O)cc5)c4C(=O)OS3)cc2)cc1,17.578395831246947
Cc1ccc(Cn2c(Sc3ccc(C(=O)O)cc3)nnc2-c2ccc3c(c2)OCO3)cc1,17.578395831246947
Oc1ccc(-n2cc(/C=C/c3nncn3CC3CC3)c(-c3ccc4c(c3)OCO4)n2)cc1,17.60681686165901
COc1c(F)ccc(-n2c(SC)nc3c2ncn3-c2ccc(C(=O)O)cc2)c1Cl,17.635192088548397
CCCn1c(=O)n(-c2ccc(C)nc2)c(=O)c2c(-c3ccc(O)c(C(C)(C)C)c3)nsc21,17.635192088548397
Cc1nnc(-c2ccc(-n3c(S)nc4ccc(OCc5ccccc5)cc4c3=O)cc2)o1,17.635192088548397
c1ccc2oc(CSc3coc4ccc(-c5ncn(CC6CCNC6)n5)nc34)cc2c1,17.635192088548397
Cc1noc(CN2CCC(Sc3ccnn3-c3ccc(Cl)c(Cl)c3)CC2)c1N,17.635192088548397
Oc1nnc(-c2nnn(-c3ccccc3)c2-c2ccc(OCc3ccccc3)cc2)s1,17.635192088548397
Cc1nn(-c2ccc(C(=O)O)cc2)c2ncnc(-c3ccc(CN(C)C(C)(C)C)s3)c12,17.663521732655695
COc1ccc(-c2c(-c3ccc(C(=O)O)nn3)c3c4cc(OC)ccc4sc3n2C)cc1,17.663521732655695
O=C(O)c1ccc(Cn2c(=O)n(-c3ccccc3)c3nc(SCC4CC4)ccc32)cc1,17.663521732655695
CCn1c(Sc2ccc(Cl)cc2)nnc1-c1ccc(-c2ccc(C(=O)O)cc2)nn1,17.663521732655695
Cc1nn(-c2ccccc2)n2cc(-c3cncnc3)c(Sc3ccc(C(=O)O)cc3)c12,17.663521732655695
COc1ccc2c(c1-c1nccs1)n(-c1ccc(C(C)(C)C)cc1C)c(=O)n2CC(=O)O,17.69180601295413
Cn1cnnc1SCc1ccc(Sc2c(C(=O)O)ccc3ccccc3c2=O)cc1,17.69180601295413
CN(C)c1ccc(-n2nc(Sc3ccc(-c4nnn[nH]4)cc3)c3ccccc32)cc1Cl,17.69180601295413
Cn1cc(NCc2ccccc2)c(-c2cn(Cc3ccc(Cl)cc3)c(=O)c3ocnc23)n1,17.72004514666935
COc1ccc2c(c1)nc(-c1ccc(C(=O)O)n(C)c1=O)n2Sc1ccc(Cl)cc1,17.74823934929885
COc1ccc2sc(-c3ccc(OCc4ccc5c(c4)C(=O)C(O)CS5)cc3)nc2c1,17.74823934929885
CSc1nc(-c2ccc3c(cnn3Cc3ccc(C(=O)O)cc3)c2)n(-c2ccccc2)n1,17.776388834631177
CSc1nc(-c2ccc3c(c2)OCO3)c(C(=O)O)n1Cc1ccc(-c2ccccc2)cc1,17.776388834631177
COc1cccc(-c2nn(Cc3nsc4ccccc34)c3ccccc23)c1OCC(=O)O,17.776388834631177
CSc1cc(-c2nn(-c3nc(C)cc(C)n3)c3cc(F)ccc23)sc1C(=O)O,17.776388834631177
COc1ccc(-c2ccc3sc(-c4cnn(Cc5ccc(C(=O)O)cc5)c4)nc3c2)cc1,17.804493814764857
COc1ccc(-c2cc(-n3c(C(=O)O)cc4cc(Cn5ccnc5)ccc43)sn2)cc1,17.804493814764857
CCn1c(Sc2ccc3c(c2)OCO3)nnc1-c1ccc(-c2ccc(C(=O)O)cc2)cc1,17.804493814764857
O=C(O)c1ccc(Sc2ccc(-c3cn(Cc4ccc5c(c4)OCO5)nn3)cc2)cc1,17.804493814764857
CCn1c2c(n(Cc3cccc(C(=O)O)c3)c1=O)-c1c(cccc1Oc1nccs1)CC2,17.804493814764857
CCn1c(=O)n(-c2ccc(C(=O)O)cc2)c2cc(Sc3nc4ccccc4n3C)ccc21,17.804493814764857
COC(=O)c1c(C)c(C)c2nc(Sc3ccc(Cl)c(C(F)(F)F)c3)nn2c1O,17.86057109949175
O=C(O)c1ccc(Sc2nnc(SCC(F)F)n2-c2cccc(Cl)c2)cc1,17.86057109949175
O=C(c1ccc(-n2nnnc2SCc2ccccc2)cc1)c1sc2ccccc2c1O,17.86057109949175
CC(C)(C)c1ccccc1Sc1nc(Sc2ccc(Cl)cc2)n(CC(=O)O)n1,17.86057109949175
CCn1c(-c2ccccc2)nc2c(-c3cccc(O)c3)nn(Cc3nc4ccccc4o3)c21,17.86057109949175
CCn1c(Sc2ccc(-c3ccc(O)cc3)cn2)nc2c(-c3ccccc3)ncnc21,17.86057109949175
COC(=O)c1nn(C)nc1-c1c2c(n(-c3cccc(O)c3)c1-c1ccccc1)CCSC2,17.88854381999832
COC(=O)n1c(NCCOc2cccc3c2cnn3-c2ccccc2)nc2ccccc21,17.88854381999832
CS1(C)C=C(C(=O)O)C(=O)/C1=C/c1ccc(-n2nnnc2SCc2ccccc2)cc1,17.88854381999832
Cn1cnc(C#N)c1Sc1ccc(-c2nn(-c3ccccc3O)c3c2CCCC3)cc1,17.88854381999832
COc1ccc(-n2nc(Sc3ccc(C(=O)O)cc3)c3c2CCCC3)cc1-n1ccnc1,17.88854381999832
Cc1ccc(-n2nc(C(=O)O)cc2COc2ccc3cnn(-c4cccs4)c3c2)cc1,17.916472867168917
Cc1c(-c2ccn3nccc3c2)nn(-c2ccccc2C(=O)O)c1Sc1ccccc1,17.916472867168917
O=C(O)c1ncc(Cn2c(-c3ccccc3)nc3cc(OCc4ccccc4)ccc32)s1,17.916472867168917
Cc1cn(-c2ccc(-c3nc(C(=O)O)n(C)n3)cc2)c2cccc(Sc3ccccc3)c12,17.916472867168917
COc1ccc(-n2nc(C(C)(C)C)c3cc(C(=O)O)n(Cc4ccccc4)c3c2=O)cc1,17.916472867168917
Cn1c(=N)n(Cc2c(O)c(=O)oc3ccc(OCc4ccccc4)cc23)c2ccccc21,17.916472867168917
Oc1cccc(Cn2cc(-c3nc(-c4ccc5c(ccn5CC5CC5)c4)cs3)nn2)c1,17.944358444926362
COc1cccc(-c2cc(-c3nnc(C(=O)O)s3)n(-c3ccc(Cl)c(Cl)c3)n2)c1,18.0
O=C(O)c1ccc(-c2ccc(-n3c(SCc4ccccc4)nc4ccccc43)nn2)cc1,18.0
CCOC(=O)c1ccccc1CSc1nnc(-c2ccc3c(c2)CCC(=O)N3)s1,18.0
CC1=C(CSc2nnc(-c3ccc(C(=O)O)cc3)n2-c2ccccc2)C(=O)SCC1,18.027756377319946
O=C(O)CCCn1nc(SC2CCCCC2)n(-c2ccc(Cl)c(Cl)c2)c1=O,18.027756377319946
Cc1c(Sc2ccc(C#N)cc2)n(-c2ccc(Cl)c(Cl)c2)c(=O)n1CCC(=O)O,18.027756377319946
Cc1cn(-c2ccc(O)cc2)nc1-c1ccc(Sc2nnnn2-c2ccc(F)cc2)cc1,18.083141320025124
CCn1c(Sc2ccc(-c3c(C(=O)O)nnn3C)cc2F)nc2cc(Cl)ccc21,18.083141320025124
Oc1ccc(-n2nnc(CSc3nncn3-c3ccccc3)c2-c2ccccc2)cc1,18.083141320025124
Cc1ccc(-n2c(=S)sn(-c3ccc(O)c(Oc4ccc(C#N)cc4)c3)c2=O)cc1C,18.110770276274835
CCOC(c1ccccc1Cl)n1c(-c2ccsc2)nn(-c2ccc(C(=O)O)cc2)c1=O,18.110770276274835
COc1ccc(-c2nnn(Cc3ccc(C(=O)O)cc3)c2-c2cc3c(s2)OCC3)cc1,18.110770276274835
O=C(O)n1c(SCCn2ncc(-c3ccccc3C3CC3)n2)cc2ccccc2c1=O,18.110770276274835
Cc1c(-c2cc3nncn3c(SCc3ccc(C(F)(F)F)o3)n2)ccc(CO)c1F,18.110770276274835
CNc1ccc(-c2cc(Sc3nnnn3-c3ccc(Cl)c(Cl)c3)nc(C)n2)cc1,18.110770276274835
COc1cc(Oc2ccc(Cl)cc2)cc2sc(=O)n(-c3ccc(C(=O)O)cc3)c12,18.110770276274835
COc1c2cc(-c3ccc(-n4cc(C)c5sc(C(=O)O)cc5c4=O)cc3)ccc2nn1C,18.138357147217054
O=C(c1ccc(-n2nnnc2Sc2ccc(Cl)cc2)cc1)c1cc(O)ccc1S,18.138357147217054
O=C(O)CCSc1nnn(-c2ccc(Cl)cc2Cl)c1-c1ccc2c(c1)OCO2,18.138357147217054
Cn1oc(-c2ccc(N3CCOCC3)cc2)c1-c1cccc(Oc2ccc(C(=O)O)cc2)c1,18.138357147217054
COc1cccc2c1-c1c(c(CSc3ccccc3)nn1-c1ccc(C(=O)O)cn1)CO2,18.138357147217054
CCOc1cc(-n2nc(Sc3ccc(Cl)cc3)c3c2CCOC3)ccc1C(=O)O,18.193405398660254
O=Cc1ccc(-n2nc(-c3ccc(O)cc3)c(Cn3ccnc3)c2-c2cscn2)cc1F,18.2208671582886
COc1ccc(-c2nn(-c3nc(C(=O)O)cs3)c3c2CC(C)(C)C3)cc1C(F)(F)F,18.2208671582886
COc1ccc(Cn2c(-c3nc(-c4cccc(C(=O)O)c4)cs3)nc3ccccc32)cn1,18.2208671582886
COc1ccc2c(c1-c1cccs1)n(-c1ccc(C(=O)O)cc1)c(=O)n2C1CCOC1,18.2208671582886
COc1ccc2c(c1)n(-c1c(C)oc3ccccc13)c(=O)n2Cc1ccc(C(=O)O)s1,18.2208671582886
COc1ccc(Cn2nc(-c3ccc(-c4cscn4)cc3)c3c2CC(C(=O)O)OC3)cc1,18.2208671582886
O=C(O)Cn1nc(SCc2csc(-c3ccc(F)cc3)n2)nc1-c1ccc(F)cc1,18.2208671582886
COc1cc(-c2ccc(-c3c(C(=O)O)nnn3-c3ccccc3SC)cc2)c(F)cn1,18.24828759089466
CCOc1[nH]ccc1-n1nnc(-c2cnn(-c3ccccc3)n2)c1Sc1ccc(Cl)cc1,18.24828759089466
O=C(O)c1ccc(-n2c(=O)n(-c3cncs3)c3ccc(OCc4ccccc4)cc32)cc1,18.24828759089466
c1ccc(CSc2nnc(Sc3ccc4nn[nH]c4c3)n2-c2ccccc2)cc1,18.275666882497067
COc1ccc(-c2nn(-c3cccc(O)c3)c3c2ccc2c(F)nc(SC)nc23)cc1,18.303005217723125
Cc1cc(-n2sc3c(SCC(=O)c4ccc(Cl)cc4)ncnc32)ccc1C(=O)O,18.303005217723125
Cc1ccccc1-c1cc(Sc2ccc3oc(=O)n(C)c3c2)n(-c2ccccc2O)n1,18.303005217723125
CCn1c(Sc2ccc(Cl)c(C(=O)O)c2)nnc1-c1cccc2c1N(C)CCC2=O,18.33030277982336
Cc1cccc(-n2nc(-c3csc(C(=O)O)c3)cc2-n2c(C)nc(C(F)(F)F)c2C)c1,18.33030277982336
COc1ccc(-n2nnc(C(=O)O)c2-c2ccc(Sc3ccc(F)cc3F)cc2)cc1,18.33030277982336
Cn1c(-c2cc(OCCn3cc(F)c4ccccc43)cs2)nc2ccc(C(=O)O)cc21,18.33030277982336
Cc1ccnn1Cc1ccc(-c2cn(-c3ccc(C(F)(F)F)cc3C(=O)O)nn2)cc1,18.35755975068582
COc1ccccc1-c1nc(C(C)(C)C)nn1-c1cccc2c1cc(C)n2CC(=O)O,18.35755975068582
COc1c(-c2ccncc2)c(-c2ccc3sccc3c2)nn1Cc1ccc(C(=O)O)cc1,18.35755975068582
Cc1cc2nc(C)c(-c3ccc(Sc4cn(-c5cc(F)c(O)c(F)c5)cn4)cc3)nn2n1,18.411952639521967
N[C@]1([O-])C(=O)COc2cc(-n3cc(CSc4ccccc4)c(-c4cccs4)n3)ccc21,18.439088914585774
O=C(O)c1ccc(-n2nnnc2SC2CCCC2)cc1OCc1ccc(Cl)cc1,18.439088914585774
CCc1nn(-c2ccc(N(C)C)cc2)c2cnc3ccc(-c4csc(C(=O)O)n4)cc3c12,18.439088914585774
O=C(O)c1ccc(Cn2cc(-c3csc(CSc4ccc(F)cc4)n3)nn2)cc1F,18.439088914585774
CSc1nc2cc(-c3cn(C)nn3)ccc2n1Cc1ccc(-c2ccc(C(=O)O)cc2)cc1,18.439088914585774
COc1ccc2c(=O)n(-c3ccc(-c4ccc(F)cc4)s3)c(SCC(=O)O)nc2c1,18.439088914585774
COc1cc(-c2ccnc(-n3nc(C)c4cc(N5CCCC5)ccc43)c2)sc1C(=O)O,18.439088914585774
Cc1ccc(-n2c(SCC(=O)O)nc3cc(Sc4ccccc4)ccc3c2=O)cc1,18.439088914585774
COc1ccc(-c2nn(-c3cc(O)nc4ccsc34)cc2-c2ccn(C)c(=O)c2)cc1,18.439088914585774
Cc1ccc(Cn2nc(-c3ncnn3Cc3ccc(C(=O)O)cc3)c3ccccc32)s1,18.466185312619388
COc1ccccc1-c1cc(F)c(-c2ccc(C(=O)O)cc2)c2nc(SC)nn2c1=O,18.466185312619388
O=C(OCc1ccccc1)c1nc(Sc2ccc3c(c2)OCO3)n(-c2ccccc2)c1O,18.466185312619388
Cc1ccnn1-c1cc2c(cc1OCc1ccc(C(=O)O)cc1)OC(c1ccccn1)S2,18.466185312619388
Oc1c(Cl)cc(-c2cn(C3CCCCC3)cn2)cc1-c1nnnn1Cc1ccccc1,18.520259177452136
O=c1c2ccc(Oc3ccnn3O)cc2nc(SCc2ccccc2)n1-c1ccccc1,18.520259177452136
CCOC(OC)c1sc(-c2ccc3c(c2)SCC3=O)cc1/C=C1\SC(=O)NC1=O,18.520259177452136
COc1cccc(-n2nnc(-c3ccc(C(=O)O)cc3)c2Sc2ccc(Cl)cc2)c1,18.520259177452136
CC1CCC(n2c(Sc3ccc(C(=O)O)cc3)nnc2-c2ccc3c(c2)OCCO3)C1,18.547236990991408
Cc1cccc(Sc2c(=O)n(CC3CC3)cc3c2ncn3-c2ccc(C(=O)O)cc2)c1,18.547236990991408
COc1ccc(Cn2c3c(c4ccncc42)C(=O)/C(=C/c2ccc(C(=O)O)s2)C3)cc1,18.547236990991408
COc1ccc(CSc2nc3nnc4ccccc4c3n2-c2ccc(C(=O)O)cc2)cc1,18.57417562100671
COc1ccc(-c2nn(-c3ccccc3)cc2-c2ccc(C(=O)c3cnccn3)s2)cc1,18.601075237738275
Cc1nn(C)c2ccc(-c3ccc(O)n4nc(SCc5cccc(Cl)c5)nc34)cc12,18.627936010197157
Cn1cnnc1Sc1sc2ccccc2c1-c1ccc(-c2ccc(O)c(C=O)n2)cc1,18.627936010197157
COc1ccc(-c2ccc(Cn3nc(O)c4ncnc(-c5cccs5)c43)c(F)c2)nc1,18.627936010197157
COc1ccc2c(-c3nc(C(=O)O)cs3)c(CC3CCN(C4CC4)CC3)c(=O)oc2c1,18.627936010197157
CCn1c(Sc2nc3ccccc3o2)nc(-c2ccc(C(=O)O)cn2)c1-c1ccccc1,18.65475810617763
COc1ccc(-c2c(C)c3ccc4nnc(-c5ccccn5)n4c3n2-c2cccc(O)c2)cc1,18.65475810617763
Cn1c(Sc2ccc(-c3ccc(C(=O)O)c4ccccc34)cc2)nnc1SC1CC1=O,18.65475810617763
Cn1cc(-c2ccc3nc(SCc4ccc(C(=O)O)cc4)n(-c4ccccn4)c3c2)cn1,18.65475810617763
CCSc1ncnc2c1c(-c1cccc(C(F)(F)F)c1)nn2-c1cccc(C(=O)O)c1,18.65475810617763
Cn1cc2ccccc2c1Sc1ccc(-n2ccc(OCC(=O)O)c3ncnc2-3)cc1,18.65475810617763
Cn1cc(C(=O)O)cc1-c1cn2c(=O)c(Cc3ccccc3)c(-c3ccccc3)nc2s1,18.65475810617763
Cc1ccc2c(c1)OCc1c(SCC(=O)O)nn(-c3ccc(-c4cncnc4C)cc3)c1-2,18.681541692269406
Cc1c(C)n2ccnc2n1-c1cccc(-c2cn(CC3CCCC3)c3ncnc(O)c23)c1,18.708286933869708
CCn1cc(-c2ncnc3c2sn3Cc2cc(Cl)ccc2-c2ccc(O)cn2)cn1,18.734993995195193
Cn1ccc(CSc2nnc(-c3cccc(C(=O)O)c3)n2-c2ccc(Cl)cc2)n1,18.734993995195193
O=C(O)c1ccc(Sc2nnc(SCc3ccccc3)n2-c2ccc(Cl)cc2)cc1,18.734993995195193
OCc1cnnc(-n2cc(Sc3ccccc3)c(-c3ccc(-c4ccccc4)cc3)n2)n1,18.734993995195193
O=C(O)c1ccc(-c2cc(N3CC3)cc(-n3nnnc3Sc3ccc(Cl)cc3)c2)cc1,18.76166303929372
Cc1nc(-c2ccc(Oc3cc(C(F)(F)F)nn3-c3cccc(C(=O)O)c3)cc2)n(C)n1,18.76166303929372
COc1ccc(-c2nc3n(c2-c2cccs2)N=C(c2cccc(C)c2)OC3C(=O)O)cc1,18.76166303929372
COc1ccc(-c2nnc(COc3ccc(C(=O)O)cc3)s2)c2c1CSCCC2,18.788294228055936
Cc1cnc(-n2c(=O)n(Cc3ccc(C(=O)O)cc3)c3c(-c4cscn4)cccc32)c(C)c1,18.788294228055936
CSCc1ccc(-n2nc(SCc3ccc(Cl)cc3)c3ncnc(N)c32)cc1,18.788294228055936
COc1ccc(-n2nc(N=O)c3ccc(OCc4ccc(Cl)c(Cl)c4)cc32)cc1,18.81488772222678
C#Cc1sc(-c2cn(-c3cccc(Oc4ccccc4)c3)nn2)cc1C(=O)OCC1CC1,18.81488772222678
CCNc1nc(-c2ccc(Oc3n(-c4ccccc4)nc(C(F)(F)F)[n+]3[O-])nc2)cs1,18.81488772222678
O=C(O)c1c(-n2nnnc2Sc2ccc(Cl)cc2)cc(CCF)n1-c1ccccc1,18.841443681416774
COc1ccc(-c2nnc(SCc3ccccc3Cl)n3ccc(Cl)c23)nc1O,18.841443681416774
CCOc1nn(-c2ccccc2)nc1-c1cn(Cc2ccc(C(=O)O)cc2)c2c1CCS2,18.867962264113206
CCn1c(=O)n(-c2ccc(F)cc2)c(=O)c2ccc(/C=C/c3ccc(C(=O)O)s3)cc21,18.867962264113206
Cc1cnc(Sc2cc(-c3ccc(Cl)cc3)nn2-c2ccc(C(=O)O)cc2)n1C,18.867962264113206
Cn1ncc(-c2ccc3nc(Sc4ccccc4)n(Cc4cccc(C(=O)O)c4)c3c2)n1,18.867962264113206
COc1cc(-c2ccc(Cn3c(=O)sc4c(C(=O)O)nc(C)cc43)cc2)ccc1Cl,18.867962264113206
CCn1c(Sc2sc(-c3ccc(F)cc3)nc2-c2ccccc2)nnc1C(=O)O,18.867962264113206
COc1ccc(-c2nc3c(=O)n(-c4ccc(C(=O)O)cc4)ccc3n2CC2CCCC2)cc1,18.867962264113206
Cc1cc(-c2nc(SCC(=O)O)n(-c3cccnc3)n2)ccc1-n1ccc2ccccc21,18.867962264113206
COc1ccccc1-c1cc2nc(SCC(=O)O)n(-c3ccccc3F)c(=O)c2s1,18.867962264113206
CCOc1cc(-n2nc(Sc3ccc4c(c3)OCO4)c3ccccc32)ccc1C(=O)O,18.894443627691185
Cc1nnc2c(-c3ccc(CO)nc3)nn(Cc3ccc(-c4ccc(Cl)s4)cc3)c2n1,18.920887928424502
Cc1c(Sc2ccc(C#N)cc2)nc(SCC(=O)O)n1-c1ccc(Cl)c(F)c1,18.947295321496416
Cn1c(Sc2cc(C(=O)O)ccc2N2CCCCC2)nnc1-c1cccc(Cl)c1,18.947295321496416
Cc1nc(C#N)cc2c1nc(S)n2Cc1ccc(-c2ccccc2S(C)(=O)=O)cc1,18.947295321496416
Cn1nc(-c2ccc(Oc3ccccc3)cc2)c(-c2nnnn2-c2ccc(O)cc2)c1F,18.947295321496416
O=c1c2cc(OCc3cccs3)ccc2n(-c2ccc(-c3ccccc3)o2)c(=O)n1O,18.947295321496416
COc1ccc(-c2nc(C(F)(F)F)c(SCC(=O)O)n2-c2cccc(Cl)c2)cc1,18.973665961010276
COc1ccc(-n2c(SC)c(Cl)c3c(=O)n(-c4ccc(C(=O)O)cc4)ccc32)cc1,18.973665961010276
COc1cc2c(cc1OC)C(=O)/C(=C/c1cn(-c3cc(C(=O)O)ccc3F)s1)S2,18.973665961010276
COC(=O)c1cc(-c2ccc(-n3cc(C(=O)O)nn3)cc2)ccc1Sc1ccccc1,18.973665961010276
O=C(O)c1ccc(Cn2c(-c3ccc(SCC(F)(F)F)nn3)nc3ccccc32)cc1,18.973665961010276
CCN1Cc2cc(-c3nnn(Cc4ccc(C(=O)O)cc4)c3-c3ccccc3)sc2C1,19.0
Cc1nn(-c2cccc(F)c2)c(-c2ccc(Sc3csn3CC(=O)O)cc2)c1C#N,19.0
COc1ccc(-n2nc(-c3ccc(F)cc3)cc2Sc2ccc(C(=O)O)s2)cc1,19.0
Cn1cncc1-c1nc2ccc(OCc3ccc(C(=O)O)cc3)cc2n1-c1cccs1,19.0
Cc1cc(-c2nnc(NC(=O)C3CC3)s2)cc(Sc2cn(C)c3ccccc23)n1,19.026297590440446
Nc1ccc(-c2nc(CSc3nnnn3Cc3ccc(C(F)(F)F)cc3)cs2)cc1,19.026297590440446
Cn1c(-c2cc(C(=O)O)ccn2)c(Sc2ccc(Cl)cc2)n(-c2ccccn2)c1=O,19.05255888325765
COc1ccc2c(c1)nc(-c1nnn(-c3ccc(Cl)cc3)c1-c1ccc(O)cc1)n2C,19.05255888325765
O=C(O)CCSc1nnnn1-c1cc(-c2cccc3ccccc23)cc(C(F)F)c1,19.05255888325765
CC(C)(C)c1cc(Oc2cccc(CN3CCCCC3)c2)n(-c2cc(C(=O)O)ccn2)n1,19.05255888325765
O=C(O)c1ccc(-n2c(SCc3ccccc3)nc3ncc(-n4ccnc4)cc32)cc1,19.078784028338912
Cc1cc(-c2nn(Cc3ccc(C(=O)O)cc3)c3ccccc23)sc1-c1cnn(C)c1,19.078784028338912
COc1ccc(-n2cnc3ccc(OCc4ccc5nc(C(=O)O)sc5c4)cc32)cc1,19.078784028338912
O=C(O)c1ccc(-n2c(-c3cscn3)nc3cc(OCc4ccccc4)ccc32)cn1,19.078784028338912
Cc1sc(-c2ccccc2)nc1-c1cn(Cc2ccccc2)c2oc(=N)n(C)c(=O)c12,19.078784028338912
COc1cccc(/C=C/c2ccc3c(c2)C(=O)CC(Sc2nnc(C(=O)O)s2)C3)c1,19.078784028338912
O=C(O)CSc1nnc(S(=O)c2ccc(-c3ccccc3)cc2)n1-c1ccccc1,19.078784028338912
CCn1c(=O)n(-c2cccc3nc(C)sc23)c2ccc(-c3ccc(C(=O)O)cc3)cc21,19.078784028338912
COc1ccc2c(c1)nc(Sc1ccc3c(c1)OCO3)n2Cc1ccc(C(=O)O)cc1,19.1049731745428
CCn1c(Sc2ccc(Cl)cc2Cl)c(-c2ccc(C(=O)O)cc2)n2ncnc12,19.1049731745428
CSc1ncnc2c1c(-c1ccc3c(c1)OCO3)c(C)n2Cc1ccc(C(=O)O)cc1,19.1049731745428
COc1ccc(-n2cc(/C=C3/SC(=O)NC3=O)c(-c3ccccc3)c2)cc1OC(C)=O,19.1049731745428
COc1ccc(-c2nc(C(=O)O)c(Sc3ccc4c(c3)OCO4)n2-c2ccccc2)cc1,19.1049731745428
COc1cccc(-c2ccc3c(c2)/C(=N\Nc2nc4c(OC)cccc4s2)C(=O)O3)c1,19.1049731745428
COc1ccc(-c2nn(Cc3ccc(C(=O)O)cc3)c3cc(-n4ccnc4)ccc23)s1,19.1049731745428
O=C(O)c1ccc(-c2ccc(CSc3nnnn3CC3CCCSC3)cc2)cc1,19.1049731745428
O=c1sc2cc(-c3nnc(SCc4ccccc4)n3Cc3ccccc3)ccc2nc1O,19.157244060668017
COc1cccc(-n2ncc(-c3nc4c(O)nsc4n3CC3CC3)c2-c2ccccc2)c1,19.157244060668017
Cc1nc(-c2ccc3cn(C)nc3c2)ccc1Sc1ccnn1-c1ccc(C(=O)O)cc1,19.183326093250876
Cc1ccc(C(=O)O)n1-c1nnc(OCc2ccc(C(F)(F)F)cc2)n1-c1ccccc1,19.209372712298546
Cc1ccccc1-n1c(-c2ccc3c(c2)OCO3)nc(SCC(=O)O)c1-c1ccccn1,19.209372712298546
O=C(CSc1nn(-c2ccc(C(=O)O)s2)c2cc(F)ccc12)Oc1ccccc1,19.261360284258224
Cc1c(Sc2nnc3ccccn23)cnn1Cc1ccc(-c2ccc(C(=O)O)cc2)cc1,19.28730152198591
COc1cccc(Sn2c(=O)n(C3CCCCC3)c3ccc(Cl)c(C(=O)O)c32)c1,19.28730152198591
COc1ccc(-c2nc(Sc3cccc(F)c3)n(-c3cccc(C(=O)O)c3)n2)cc1,19.28730152198591
CC(C)(C)c1cc(-c2nnc(SCC(=O)O)s2)n(-c2ccc(Cl)c(Cl)c2)n1,19.28730152198591
COc1cc(-c2nnc(Sc3ccc(Cl)cc3)n2-c2ccccn2)ccc1C(=O)O,19.28730152198591
COc1cccc(-n2c(SCc3ccccc3)nc3cc(C(=O)O)ccc3c2=O)c1,19.28730152198591
COc1cc(-c2nnc(SC3CC3)n2-c2ccc(Cl)c(Cl)c2)ccc1C(=O)O,19.28730152198591
COc1ccc(-c2cnn(-c3cc4ccc(C(=O)O)nc4s3)c2C)c(N2CCCC2)c1,19.28730152198591
Cc1cc(C(=O)O)ccc1-n1cnc2c(SCc3ccc(C(F)(F)F)cc3)ncnc21,19.28730152198591
COc1ccc(-c2cc(=O)n(-c3ccc(O)c(C(C)(C)C)c3)c(N3CCCCN3)n2)cc1,19.313207915827967
Cc1sc2ncnc(-c3ccccc3)c2c1-c1ccc(Sc2ncnn2C)c(N)c1,19.339079605813716
Cc1cc(-c2nc(SCC(=O)O)c3sc(=O)n(-c4ccccc4)c3n2)ccc1Cl,19.364916731037084
O=C(O)c1cccc(COc2cccc3c2ncn3-c2ccc(OC3CCOC3)cc2)c1,19.364916731037084
O=C(Cn1nc(-c2ccc(C(=O)O)cc2)c2c1Sc1ccccc1S2)OCC1CC1,19.364916731037084
Cc1csc(-c2ccc(-n3c(SCC(=O)O)nc4cc(Cl)ccc4c3=O)cc2)n1,19.364916731037084
N#Cc1c(Sc2ccc(Cl)cc2)nc(SCC(=O)O)n1-c1ccc(Cl)cc1,19.390719429665317
Cc1ccccc1-c1nc(O)c2ncn(Cc3ccc(-c4cn(C)c5ccccc45)cn3)c2n1,19.390719429665317
CCOc1ccc(-c2nn(C(C)(C)C)c3c2SCC3CC(=O)OC(=O)C(C)(C)C)cc1,19.390719429665317
COc1ccc2c(-c3nc4cc(Cl)ccc4n3C)nn(Cc3ccc(C(=O)O)cc3)c2c1,19.390719429665317
CSc1ccc(Cn2nc(C(C)(C)C)nc2-c2ccc3ncn(CC(=O)O)c3c2)cc1,19.390719429665317
COC1CCCCN(c2ccc(-n3nc(C)cc3-c3csc(C(=O)O)n3)cc2)CC1,19.390719429665317
COc1ccc(-c2nn(Cc3ccc(C(F)(F)F)cc3)c3scc(C(=O)O)c23)nc1,19.4164878389476
CN1CCc2cc(-n3nnnc3Sc3ccc(-c4ccc(C(=O)O)cc4)cc3)ccc2C1,19.4164878389476
O=C(O)c1nn(Cc2ccccc2)c2c(-c3cnn(CCF)c3)cc(-c3nccs3)cc12,19.4164878389476
COc1ccc2nc(-c3ccc(Cn4cnc5cc(Cl)ccc54)c(O)c3)n(C)c(=O)c2c1,19.467922333931785
Cc1ccc(-n2c(SCC(=O)O)nc(-c3ccncc3)c2-c2ccc(Cl)cc2)nc1,19.467922333931785
Cc1nc(CSc2nnc(-c3ccsc3)n2-c2ccc(Cl)cc2)ccc1C(=O)O,19.467922333931785
COc1cccc(-c2nn(CC(=O)O)c(Sc3ccc(Cl)c(Cl)c3)cc2=O)c1,19.493588689617926
Cc1c(SCC(=O)c2cc(C(=O)O)cs2)nnn1-c1ccc(Cl)c(Cl)c1,19.493588689617926
CCOc1ccc(-c2c(Sc3ccccc3F)nc3sc(C(=O)O)cn3c2=O)cc1,19.493588689617926
Cc1nc2c(Sc3nccs3)n(-c3cccc(C(=O)O)c3)nc2n1Cc1ccccc1,19.493588689617926
CC1(C)CSc2ccc(-c3nnnn3Cc3ccc(-c4ccc(C(=O)O)cc4)cc3)cc21,19.493588689617926
COc1ccccc1-c1cc2c(ncn2Cc2nc(C(F)(F)F)cs2)c(C(=O)O)n1,19.493588689617926
CSc1ccc(-c2nc3c(SCC(=O)O)ncnc3n2-c2cccc(Cl)c2)cc1,19.493588689617926
COc1ccc(-n2sc(C(=O)Oc3ccc4c(cnn4-c4ccccc4)c3)c2O)cc1,19.519221295943137
Cc1cc2ccccc2c(SCc2nsc(-c3cccc(-c4cn(C)nn4)c3)n2)n1,19.519221295943137
COc1ccc(Cn2c(-c3ccccc3)nc3c(=O)n(-c4ccc(C(=O)O)cc4)sc32)cc1,19.519221295943137
Cc1cn(-c2ccc(-c3cc(Cn4c(S)nc5ccccc54)cc(C(=O)O)c3)cc2)nn1,19.544820285692065
Cc1cn(C)c(-c2ccc(-n3cc(Sc4ccc(C(=O)O)cc4)c4c3C(=O)OC4)cc2)n1,19.570385790780925
Cc1cc(-n2nnnc2Sc2ccc(Cl)cc2)sc1-c1ccc(C(=O)O)cc1,19.570385790780925
Cn1cc(-c2ccc3nc(-c4cc5ccccc5n4Cc4ccc(O)cc4)n(C)c3n2)cn1,19.570385790780925
Cc1csc(-c2cccc(-n3nnnc3SCc3cccc(C(F)(F)F)c3)c2O)n1,19.570385790780925
O=C(O)c1ccc(Sc2cn(CC3CCOC3)c3c2nnn3C2CCCCC2)cc1,19.570385790780925
Cn1cc(-c2ccccc2)nc1-c1cccc(-n2nnnc2SCc2ccccc2)c1O,19.570385790780925
Cc1cc(C(=O)O)ccc1-n1ncc(-c2cnn(C)c2)c1Sc1ccc(Cl)cc1,19.595917942265423
Cn1c(SCc2ccccc2)nnc1-c1nc2ccccc2n1-c1cccc(C(=O)O)c1,19.595917942265423
O=C(O)Sc1ccc(-c2nn(CC3CCCCC3)c3c(N4CCCC4)ncnc23)cc1,19.595917942265423
CCSc1nn2c(=O)c(Cc3ccccc3)c(-c3ccc(C(=O)O)c(F)c3)nc2s1,19.595917942265423
Cn1cc(-c2c(-c3ccccc3)nn(-c3ccc(Cl)c(Cl)c3)c2SCC(=O)O)nn1,19.595917942265423
N#Cc1cncc2c(-c3cccc(O)c3)nn(Cc3ccc(OCc4cccs4)cc3)c12,19.595917942265423
Cc1cn(-c2ccccc2-c2ccc(-c3cn(Cc4ccc(C(=O)O)cc4)nn3)cc2)cn1,19.621416870348583
Cc1c(C(=O)O)n(-c2ccc(OCc3ccccc3)cc2)c2cccc(-n3cncn3)c12,19.621416870348583
Cn1ccc2ccc(-n3cc(OCc4ccccc4)c(-c4nc(C(=O)O)cs4)n3)cc21,19.621416870348583
O=C(O)c1csc(-c2nc3ccccc3n2CCOc2ccc(-n3cccc3)cc2)n1,19.621416870348583
Cn1c(-c2ccccc2)nc2c(=O)n(Cc3ccc(-c4ccccc4C(=O)O)s3)cnc21,19.621416870348583
COc1ccc2c(c1)nc(Sc1cccc(-c3ccc4c(c3)OCCO4)c1)n2CC(=O)O,19.621416870348583
Cc1nc(-c2cc3cc(Cn4ccnc4)ccc3s2)n(-c2ccc(C(=O)O)nc2)c1C,19.621416870348583
Cc1nn(-c2ccc(Cl)cc2Cl)c(SCc2ccc(C(=O)O)cc2)c1C=O,19.621416870348583
O=C(O)c1ccc(-c2ccc(Sc3nncn3Cc3ccc4c(c3)OCO4)cc2)cc1,19.621416870348583
N#Cc1ccc(-n2nc(Sc3ccc(Cl)c(Cl)c3)nc2SCC(=O)O)cc1,19.621416870348583
Cc1oc2ccc(-n3c(SCC(=O)O)nc4sc(C(F)F)cc4c3=O)cc2c1C,19.621416870348583
CC(C)(C)NC(=O)Oc1cc(-n2cc(-c3ccsn3)nn2)ccc1OCc1ccccc1,19.621416870348583
Cc1cc(-c2ccccc2)ccc1-n1c(SCC(=O)O)nnc1-c1ccc2c(c1)OCO2,19.621416870348583
COc1c(-c2ccc(C(=O)O)cc2)ncn1-c1cc(C(C)(C)C)sc1Cn1ccnc1,19.621416870348583
COc1cccc(-n2c(Sc3ccc(-c4cnn(C(N)=O)c4)cc3)nc3ccccc32)c1,19.6468827043885
CCOc1cc(-c2nc3cc(-n4ncc(O)n4)ccc3n2C2CCCCC2)cnc1Cl,19.6468827043885
CCn1c(=O)n(-c2ccc(-c3nnc(SC)nc3-c3ccccc3)cc2)c2ccccc21,19.6468827043885
COc1ccc(-c2nnc(-c3cc(Cl)c(C(=O)O)s3)n2C(C)(C)C)cc1OC,19.672315572906
CCn1c(=O)cc(Sc2cccc(C(=O)O)c2)c2ccc(-n3nc(C)cc3Cl)cc21,19.697715603592208
CCSc1nc(-c2ccc(Cl)cc2)c(-c2ccc3ncn(CC(=O)O)c3c2)s1,19.697715603592208
O=c1oc(-n2cc(O)c3ccccc32)ccc1-c1csc(CSc2ccncc2)n1,19.697715603592208
O=C(O)c1nnc(Sc2nc3ccccc3n2Cc2ccccc2)n1-c1ccccc1,19.697715603592208
Cc1csc(-c2cc3nnn(CC(F)(F)F)c3cc2OCc2ccc(C(=O)O)cc2)n1,19.697715603592208
COc1ccc(-c2c(SC)sc3c(-c4ccc(C)cc4)c(C(=O)O)nn3c2=O)cc1,19.697715603592208
O=C(O)COc1ccc(-n2cc(Sc3ccccc3)c3c(=O)n(C4CC4)cnc32)cc1,19.697715603592208
COc1ccc(-c2nc3ncc(-c4ccc(C(=O)O)cc4)n3nc2-c2cccc(C)c2)cc1,19.697715603592208
COc1cccc(-c2cccc3c(Cn4ccnn4)c(C(=O)O)sc23)c1N1CCCC1,19.697715603592208
Cc1nnc(SCc2ccc(F)cc2)n1-c1ccc(-c2csc(C(=O)O)n2)cc1,19.697715603592208
O=C(CS)Sc1ccc(-c2cn(-c3cccc(OC(=O)c4ccccc4)c3)nn2)cc1,19.72308292331602
Nc1ncnc2c1nc(-c1ccc(OC(F)(F)F)cc1)n2CCSc1ccccc1,19.748417658131498
COC(=O)c1ccc2c(c1)c(Sc1cccc(C(=O)O)c1)cn2-c1ccc(OC)cc1,19.77371993328519
Cc1c(C(=O)O)ccc(-n2sc3c(SCC(=O)c4ccccc4)ncnc32)c1Cl,19.77371993328519
CN1CCC(COc2ccc3nc(-c4cccc(C(=O)O)n4)n(C4CCCCC4)c3c2)CC1,19.77371993328519
Cc1c(C(=O)O)cn(C)c1-c1cc(Sc2nnnn2-c2ccccc2)c(F)cc1Cl,19.77371993328519
COc1ccc(-c2c(-c3ccc(C(=O)O)cc3)oc3ccc(N4CCOCC4)cc23)cn1,19.79898987322333
O=C(O)c1ccc(Cn2c(-c3nnc(SCC(F)(F)F)s3)nc3ccccc32)cc1,19.79898987322333
Cc1nnn(-c2ncc(OCc3ccc(C(=O)O)cc3)c3sccc23)c1-c1ccccc1,19.79898987322333
O=C(O)c1ccc2c(c1)nc(-c1cccc(OCc3cccnn3)c1)n2Cc1ccsc1,19.79898987322333
O=C(O)Cc1nc(-c2nccs2)n(-c2ccc(Cl)cc2)c1Sc1ccccc1,19.79898987322333
O=C(O)c1ccc(-c2cccc(-n3ccc(=O)c(SCC(=O)c4cccs4)n3)c2)cc1,19.79898987322333
O=C(O)CSc1nnc(Sc2ccc(Cl)c(Cl)c2)n1Cc1ccccc1,19.79898987322333
COC(=O)COc1ccc2c(c1)C(=O)/C(=C/c1cc(-c3ccc(O)cc3)ns1)S2,19.82422760159901
Cc1c(-c2nnnn2-c2ccc(F)cc2)c2ccccc2n1Cc1ccc(C(=O)O)cc1,19.82422760159901
CSc1nn(-c2ccc(C(=O)O)cc2)c2cc(OCc3ccc4c(c3)OCO4)ccc12,19.82422760159901
CCn1nc(-c2ccc(-c3ccccc3)cc2)c2c1CC(Sc1nnnn1C)CS2,19.82422760159901
C#CCSc1nc(C(F)(F)F)c(Sc2ccccc2)n1-c1ccc(C(=O)O)cc1,19.82422760159901
O=C(O)c1ccc(-n2nc(SCc3ccc(F)cc3)nc2-c2ccccc2)cc1F,19.82422760159901
O=C(O)c1csc(-n2c(COc3ccccc3)nc3ccc(-c4ccccc4)cc32)n1,19.82422760159901
Cn1cc(-c2nnc(-c3cccs3)n2CC2CCCCC2)n(-c2ccc(O)cc2)c1=O,19.849433241279208
CCn1c(=O)n(-c2ccc(-c3cc(Cl)sc3C(=O)O)cc2)c(=O)c2cc(C)ccc21,19.87460691435179
Cc1c(CC2CC2)c(-c2cn(-c3cc(Cl)sc3C(=O)O)nn2)cn1C1CCCC1,19.87460691435179
O=C(O)CSc1nnc(-c2ccc(F)c(-c3ccccn3)c2)n1CC1CCCCC1,19.87460691435179
COc1ccc(-c2nn(-c3cc(OC)cc4sc(C(=O)O)cc34)c3c2COCC3)cc1,19.8997487421324
CCc1cn(C)nc1-c1cc2ccccc2n1-c1cccc(-c2csc(C(=O)O)n2)c1,19.8997487421324
CCn1c(Sc2ccc(-n3ccnc3)cc2)nc2c(-c3ccc(C(=O)O)nc3)cccc21,19.8997487421324
O=C(O)CSc1nnc(SCc2ccco2)n1-c1ccc(C(F)(F)F)c(F)c1,19.8997487421324
CCN1c2ccc(/C=C/C(=O)O)cc2CCC1Sc1nnnn1-c1ccc(Cl)cc1,19.8997487421324
Cc1cccc(Cn2c(=O)n(-c3ccco3)c3c4ccc(OCC(=O)O)cc4sc32)c1,19.8997487421324
COc1ccc(Sc2nc(C(=O)O)cc3nnn(-c4cc(F)ccc4C)c23)cc1Cl,19.8997487421324
O=C(O)c1ccc(COc2ccc3cc(-c4cnn(Cc5ccsc5)c4)oc3c2)cc1,19.8997487421324
Cc1ncn(C)c1-c1ccc2c(c1)nc(SCC(=O)O)n2-c1ccc2ncccc2c1,19.8997487421324
Cc1c(C)n(-c2ccc(Cl)c(Cl)c2)c(=O)c2c(Cn3ccnc3)c(C(=O)O)ncc12,19.924858845171276
Cc1ccc(Sc2ccc3c(=O)n(-c4ccccc4)c(SCC(=O)O)nc3n2)cc1,19.924858845171276
COc1ccc(-c2ccc(-n3c(SCC(=O)O)nc4ccc5c(c43)OCO5)cc2)cc1,19.924858845171276
COc1ccc(-c2nn(-c3ccc(C(=O)O)cc3)cc2Sc2ccc3c(c2)OCO3)cc1,19.924858845171276
COc1ccc(-n2nc(Sc3ccc(Cl)cc3)c3c(=O)n(CC(=O)O)ccc32)cc1,19.974984355438178
COc1ccc(-n2c(Sc3ccc(Cl)c(C(=O)O)c3)cc3ncn(C)c(=O)c32)cc1,19.974984355438178
Cc1nc(-c2ccc(-n3nnnc3SCc3ccc(C(F)(F)F)cc3)cc2)oc1O,19.974984355438178
COc1cc(-n2nnc(-c3cc(Oc4ccc(Cl)cc4)cs3)n2)cc(Cl)c1O,19.974984355438178
Cc1cccc(-n2c(-c3cccc(Cl)c3)nc3c(S)n(S(C)(=O)=O)nc32)c1C,19.974984355438178
Cn1nnc(-c2cn(-c3ccc(C(=O)O)cc3)cc2CSc2ccc(C(F)(F)F)cc2)n1,20.0
O=C(O)CSc1nnc(Sc2ccc(Cl)c(C(F)(F)F)n2)n1-c1ccccc1,20.0
CCn1nc(-c2ccccc2)c(-c2ccc(O)nn2)c1Sc1ccc2c(c1)OCCO2,20.0
COc1ccc(-n2nc(-c3ccc(C(=O)O)cc3)c3c2-c2ccc(OC)nc2SC3)cc1,20.024984394500787
CCn1c(=O)n(Cc2ccc(-c3ccsc3)cc2)c2cc(-n3cc(C(=O)O)o3)ccc21,20.024984394500787
c1ccc(CSc2nnnn2-c2ccc(-c3ccccc3)cc2-c2csnn2)cc1,20.024984394500787
Cc1oc2ccccc2c1-c1ccc(Sc2cn(-c3ccc(C(=O)O)cc3)nn2)cc1,20.024984394500787
Cc1cc(C(C)(C)C)ccc1-n1nc(-c2ccc3c(c2)OCO3)nc1SCC(=O)O,20.024984394500787
O=C(O)/C=C/c1cn(-c2ccc(C(=O)O)cc2)nc1-c1ccc(N2CCSCC2)cc1,20.049937655763422
COc1ccc2c(c1Sc1ccc(C(=O)O)cc1)N=C(c1ccc(Cl)cc1)CO2,20.074859899884732
Cc1cc(-c2cncs2)cc2c1n(CC(C)(C)C)c(=O)n2Cc1ccc(C(=O)O)cc1,20.074859899884732
CCn1c(C)cc2cc(-c3nn(C)c4c3c(C(=O)O)nn4-c3ccc(Cl)cc3)ccc21,20.074859899884732
Cn1ccc2c(-n3nnnc3SCc3ccc(-c4ccc(C(=O)O)cc4)cc3)cccc21,20.09975124224178
O=C(O)COc1ccnc(-c2nnc(Sc3ccc(Cl)cc3)n2C2CCCCC2)c1,20.09975124224178
Cc1ccc(-c2cc(-n3ccc4ccccc43)ccc2-n2nnnc2SCC(=O)O)cc1,20.09975124224178
COc1ccc2c(c1)nc(-c1ccc(F)cc1)n2-c1nc2cccc(OCC(=O)O)c2s1,20.09975124224178
O=C(O)c1ccc(-c2ccc(Cn3nnnc3SCc3ccccc3)s2)cc1,20.09975124224178
Cc1c(-c2ccc(-n3nnnc3SCC(=O)O)cc2)c(-c2ccccc2)c2ccccn12,20.09975124224178
Cc1cc(-n2ccc3cc(CSc4nnnn4-c4ccccc4)ccc32)ccc1C(=O)O,20.09975124224178
O=C(O)c1ccc(-c2cn(Cc3ccc(Sc4ccccc4)c(Cl)c3)nn2)cc1,20.09975124224178
O=C(OCCNc1ncnc2c1nc(-c1cccs1)n2-c1ccccc1)c1ccccc1,20.09975124224178
Cc1cc(C(=O)O)ccc1Sc1nnnn1-c1ccc(-c2cccc3c2ccn3C)cc1,20.09975124224178
C[SH](=O)(Cc1ccc(-c2cn(Cc3ccc(C(=O)O)s3)nn2)cc1)c1ccccc1,20.09975124224178
CCn1cc(C(=O)O)nc1Sc1nnc(-c2ccc(N3CCCC3)cc2)cc1Cl,20.09975124224178
Cc1cc(-n2c(SCC(=O)O)nc3c(Sc4ccccc4)cccc3c2=O)ccn1,20.12461179749811
CSc1c(-c2ccc(C(=O)O)cc2)nnn1Cc1ccc(-c2ccc3c(c2)OCO3)cc1,20.12461179749811
COc1ccc(-c2ccsc2-c2cn3ncnc3n2Cc2ccc(C(=O)O)cc2)cc1,20.12461179749811
COc1ccc(-c2nnn(-c3ccc(C(=O)O)cc3)c2Sc2ccc(Cl)cc2)cc1,20.174241001832016
COc1ccc(-c2c(C(=O)O)n3cc(Cl)cc3n(CC3CCCCC3)c2=O)cc1,20.174241001832016
C#COC(=O)c1ccc2c(c1)n(-c1cccc(OC)c1)c(=S)n2-c1ccc(C(=O)O)cc1,20.174241001832016
Cc1ncsc1-c1nnc(SCc2ccccc2)n(-c2ccc(O)c(F)c2)c1=O,20.174241001832016
COC(=O)c1ccc(-n2nnnc2SCc2ccc(C(F)(F)F)cc2)c(Cl)c1O,20.199009876724155
COc1cccc(-c2c(-c3ccccc3)nc(SCC(=O)O)n2C(=O)C(F)(F)F)c1,20.199009876724155
Cc1ccc(-n2c(SCC(=O)O)nc3cc(-c4ccc5c(c4)OCO5)ccc32)cc1C,20.199009876724155
COc1ccc(-c2nc(Sc3ccc4c(c3)COC(C(=O)O)O4)c3ccccc3n2)cc1,20.199009876724155
Oc1ccc(-c2ccccc2OCc2cccc(-n3nnnc3-c3cccs3)c2)cc1,20.199009876724155
Cn1ncc2cc(-c3nnc(SCc4ccc(C(=O)O)cc4)n3-c3ccccc3)ccc21,20.199009876724155
COc1ccc(-c2c(C(=O)O)sc(=O)n2-c2ccc(-n3cnc(C)c3)cc2Cl)cc1,20.199009876724155
Cn1c(SCc2cn(-c3ccccc3Cl)s2)nnc1-c1ccc(C(=O)O)cc1,20.199009876724155
Cn1c(C(=O)O)ccc1-c1ccc(-n2nnnc2SCc2ccc3ccccc3c2)cc1,20.199009876724155
CSc1ccc(Cn2nc(-c3ccnc(C(F)(F)F)c3)c3nc(C(=O)O)sc32)cc1,20.199009876724155
O=C(O)c1ccc(-c2ccc(-n3nnnc3SCc3ccccc3F)cc2F)s1,20.199009876724155
CSc1ccc(Cn2cc(-c3ccc(-c4ccn5ncnc5c4)cc3)c(C(=O)O)n2)cc1,20.199009876724155
CCn1cnc2cnc(-c3c(C(C)(C)C)nn(-c4ccccc4)c3SCC(=O)O)cc21,20.199009876724155
CSc1nnc(SCc2ccc(C(=O)O)cc2)n1-c1cccc(C(F)(F)F)c1,20.199009876724155
COC(=O)c1cccc(Sc2ccc(-c3cn(-c4ccc(O)c(Cl)c4)nn3)cn2)c1,20.199009876724155
O=C(O)Cn1c(-c2ccc(-n3nnnc3SCc3ccccc3)cc2)cc2ccccc21,20.199009876724155
O=C(O)c1ccc(-c2ccc(-n3nnnc3SCc3ccc(F)cc3)cc2)s1,20.199009876724155
O=C(O)c1cccc(OCCn2nc(-c3nc4c(F)cccc4s3)c3ccccc32)c1,20.223748416156685
CCn1c(=O)n(-c2cc(C(=O)O)nn2-c2ccc(Cl)c(Cl)c2)c2ccc(OC)cc21,20.223748416156685
COc1cc(C(=O)O)ccc1-n1c(=S)n(C)c2cc(-c3nc4ccccc4n3C)ccc21,20.223748416156685
Cc1cnc(SCc2noc(-c3ccc(-c4cccs4)cc3)n2)n1CC(F)(F)F,20.223748416156685
CCCn1nnc2c(=O)n(-c3ccc(Cl)c(Cl)c3)c(SC3CCCCC3)nc21,20.248456731316587
Cc1c(-c2cccc(Cl)c2)nn2c(=O)n(Cc3ccccc3)c(SCC(=O)O)nc12,20.273134932713294
N=C(Oc1ccccc1)c1ccc(-n2nnnc2Sc2ccc(Cl)cc2Cl)cc1,20.273134932713294
COc1ccc(-c2nn(C3CCCCC3)c3c2n(CC2CCCCC2)c(=N)n3C)cc1,20.273134932713294
CCN1CCC2(CC1)CC(n1nnc(-c3cc(-c4ccc(C(=O)O)cc4)sc3C)n1)C2,20.273134932713294
CC(C)(C)OC(=O)Cn1c(=O)[nH]c2ccc(-c3nc(CSc4ccccc4)ns3)cc21,20.273134932713294
CC(=N)c1ccc(COC(=O)NC2CCN(c3nc(C)nc4ccsc34)CC2)s1,20.273134932713294
O=C(O)c1ccc(-n2nc(SCC(=O)c3ccc(Cl)s3)c3ccccc32)cc1,20.29778313018444
CCc1ccc(-c2cn(Cc3cc(C(=O)O)ns3)nc2-c2ccc3c(c2)OCO3)cc1,20.29778313018444
CN(C)C(=O)n1nc(-c2ccc(C(=O)O)cc2)cc1Sc1cc2ccccc2s1,20.29778313018444
O=COCc1cn(-c2ccc(C(=O)O)cc2)c2ncc(Cn3sc4ccccc43)cc12,20.29778313018444
Cn1c(-c2sc(C(F)(F)F)cc2COC(=O)C2CCCCC2)cnc1SCC(=O)O,20.346989949375804
CC1CC1CSc1cc(-c2nnnn2-c2cc(Cl)cc(Cl)c2)sc1C(=O)O,20.396078054371138
CCn1c(SCC(=O)O)nc(-c2ccc3c(c2)OCCCCO3)c1-c1ccccc1,20.396078054371138
CCn1cnc2ccc(-c3sn(-c4ccc(Cl)cc4)c3SCC(=O)O)cc2c1=O,20.396078054371138
CN(C)c1ccc(-c2nn(-c3ccc(Cl)cc3Cl)cc2-c2nc(C(=O)O)ns2)cc1,20.396078054371138
O=C(O)c1ccc(-c2cccc(-c3cn(CC4CCN(C5CCCCC5)CC4)nn3)c2)o1,20.396078054371138
CSc1nn(-c2ccc(C(=O)O)cc2)cc1-c1nccc2ccc(OC(F)(F)F)cc12,20.396078054371138
O=C(O)c1c2ccccn2c(=O)n1Cc1ccc(-c2cccc(-c3cscn3)c2)cc1,20.396078054371138
COc1ccc(-c2ncnc3c2nc(SC(C)(C)C)n3Cc2cccc(C(=O)O)c2)cc1,20.42057785666214
COc1ccc(-c2c(Cn3c(=O)n(S)c4ccccc43)ccc3nc(C(=O)O)ccc23)cc1,20.445048300260872
Cn1ccc(-c2nnc(Sc3ccccc3Cl)n2Cc2cccc(C(=O)O)c2)n1,20.46948949045872
COc1cccc(-c2cc(Cl)nc3c2nc(SCC(=O)O)n3-c2ccccc2)c1,20.46948949045872
CCn1nc(-c2cnn(-c3ccc(Cl)cc3)c2SC2CCCCC2)nc1C(=O)O,20.46948949045872
CSc1ccc2c(c1)nc(SCC(=O)O)n2-c1ccc(C(=O)OC(C)(C)C)cc1,20.493901531919196
Cc1ccc(-n2c(=O)n(Cc3ccc(C(=O)O)cc3)c3ccc(-c4cn(C)cn4)cc32)cc1,20.493901531919196
COc1cc(C(=O)O)ccc1-c1ccc(-n2nnnc2Sc2ccc(Cl)cc2)cc1,20.493901531919196
Cn1cnc(C(=O)O)c1-c1ccc(-c2nnn(CC3CCCS3)c2-c2ccccc2)cc1,20.493901531919196
COc1ccc(-c2csc3c(SC)c(-c4ccc(C(=O)O)cc4)nn3c2=O)c(F)c1,20.493901531919196
COc1ccc(Cn2nc(-c3cccs3)c3c4c(sc32)C(=O)CC(C(=O)O)C4)cc1,20.493901531919196
Cc1cc(-c2cn(C)c3ccccc23)nc(-n2c(SCC(=O)O)nc3ccccc32)n1,20.493901531919196
Cc1sc(C(=O)O)nc1Cn1nc(-c2ccc(-c3ccn(C)n3)cc2)c2ccccc21,20.518284528683193
Cc1nnn(Cc2ccc(-c3cc(C(=O)O)nn3-c3ccccc3)cc2)c1-c1ccccc1,20.518284528683193
COc1ccc(Cn2c(=O)n(-c3ccc4sccc4c3)c3c(C)nc(C(=O)O)cc32)cc1,20.518284528683193
COc1cccc(-c2ccccc2)c1C1=NN=C(SCc2nc3ccccc3[nH]2)S1=O,20.54263858417414
O=C(O)c1ccc(-c2cccc(-n3nnnc3SCc3ccccc3Cl)c2)cc1,20.566963801203133
O=Cc1cc(Cl)ccc1-c1nn(CCSc2nc(C(=O)O)cs2)c2ccccc12,20.566963801203133
O=C(O)c1ccc(-c2cccc(CSc3nnnn3-c3cccc4c3CCC4)c2)cc1,20.566963801203133
O=C(O)c1cccc(-c2ccc(CSc3nnnn3-c3cccc4c3CCC4)cc2)c1,20.566963801203133
CCn1c(=O)n(CC(=O)O)c2cc(-c3cn(CC(C)(C)C)nc3-c3ccccc3)ccc21,20.566963801203133
Cn1cc(-c2ccc(Cn3c(C(=O)O)cc4c(-c5cc(Cl)cn5C)cccc43)cc2)nn1,20.566963801203133
Oc1ccc(-c2nnn(-c3ccc(=S)n(-c4ccccc4)n3)c2OCc2ccccc2)cc1,20.566963801203133
CCOc1ccc(-c2c(Cc3ccc(O)c(F)c3)sc3ncnnc23)nc1C(C)(C)C,20.566963801203133
CN(C)c1c(-n2nnnc2Sc2ccc(C(=O)O)cc2)ccc(C(F)(F)F)c1Cl,20.591260281974
Cc1c(C(=O)c2ccc(C(=O)O)cc2)sc(-c2ccc(Cn3cnnc3)cc2)c1Cl,20.591260281974
COc1ccc(-c2cccc3nc(SC)n(-c4ccc(C(=O)O)cc4)c(=O)c23)cc1,20.591260281974
COc1ccc2c(c1)n(Sc1ccc(-c3ccc(C(=O)O)cc3)cc1)c(=O)n2C1CC1,20.615528128088304
Cc1cc(Sc2cccc(C)c2-c2cnc3c(N4CCCC4)nnn3c2)ccc1C(=O)O,20.615528128088304
COC(=O)c1csc(-n2cnc3c2ccn3C(c2ccccc2)c2cccc(O)c2)n1,20.615528128088304
Cc1ncc(-c2cccc(OC(F)(F)F)c2)nc1CSc1nc(C(=O)O)cs1,20.615528128088304
Cc1nc(CSc2nccn2-c2ccc(C(=O)O)c(Cl)c2)nn1-c1ccccc1,20.663978319771825
Oc1ccc(-c2cccc(-c3nnc(Sc4ccccc4)n3CC3CCCO3)n2)cc1,20.663978319771825
COc1cc2oc(=O)c(-c3ccc(N4CCOCC4)s3)c(O)c2cc1OC1CCCC1,20.663978319771825
CS(=O)(=O)c1ccc(Sc2cnn(-c3ccc(C(=O)O)cc3)c2-c2cccs2)cc1,20.688160865577203
O=C(O)/C=C/c1cscc1-n1nnc(-c2cccs2)c1OCc1ccc(Cl)cc1,20.688160865577203
Cc1nc(-c2ccccc2)c(-c2ccc(Cl)cc2)cc1-n1nnnc1SCC(=O)O,20.688160865577203
CC(C)(C)c1ccc(-n2c(SCC(=O)O)nc3cc(OCc4ccccc4)cnc32)cc1,20.688160865577203
COc1ccc(-c2nn(-c3ccccc3)c(Sc3ccc(-n4cncn4)cc3)c2N)cc1,20.73644135332772
COC(=O)c1cn(C)c(-n2cc(Sc3ccc(-c4ccccc4)cc3)c(C(=O)O)c2)n1,20.760539492026695
CC(Sc1nnnn1-c1ccc(O)c(C(F)(F)F)c1)c1cc(-c2ccccc2)nn1C,20.760539492026695
CC(C)(C)CN1CCCCC(Cn2nnnc2SCc2cccc(C(=O)O)c2)CC1,20.784609690826528
CCn1nc(C2CC2)c2c(-c3ccc(C(=O)O)cc3)nn(Cc3ccc4c(c3)OCO4)c21,20.784609690826528
O=C(O)CSc1nc2cccnc2n1-c1ccc(-c2ccc(OC(F)F)cc2)cc1,20.784609690826528
O=C(O)c1ccc(Cn2c(-c3nccs3)nc3cc(OCc4ccccc4)ccc32)cn1,20.784609690826528
Cc1nc2c(=O)n(Cc3ccccc3C(=O)O)cnc2n1-c1cccc(-c2ccccc2)c1,20.808652046684813
Cc1cn(C)cc1-n1c(SCC(=O)O)nc2c(-c3ccc4ccccc4c3)ccnc21,20.808652046684813
O=C(O)CSc1nc(=O)cc(SCC2CCCCC2)n1-c1cccc(Cl)c1,20.85665361461421
O=C(O)c1ccc(-c2ccc(CSc3nnnn3-c3ccc4c(c3)CCC4)cc2)cc1,20.85665361461421
Cc1nn(-c2ccc(C(=O)O)cc2)c(Sc2ccc(Cl)cc2)c1-c1cnnn1C,20.85665361461421
O=C(O)CSc1nc2ccccc2n1-c1ccc(-c2ccc(C[SH](=O)=O)cc2)cc1,20.85665361461421
CN(C)c1c(-c2ccc(SC3=Cc4ccccc43)cc2)nnn1-c1ccc(C(=O)O)cc1,20.8806130178211
COc1ccc2c(c1)nc(S(=O)(=S)c1ccccc1)n2Cc1ccc(C(=O)O)s1,20.8806130178211
CSc1ccc2cccc(-c3cc(Cl)ccc3-n3nnnc3SCC(=O)O)c2c1,20.8806130178211
Cn1cc(-c2ccc3c(c2)nc(Sc2ccccc2)n3Cc2ccc(C(=O)O)cc2)nn1,20.8806130178211
Cc1cc(Cl)ccc1CSc1nc(SCC(=O)O)nc2c1cnn2C(C)(C)C,20.8806130178211
COc1ccc2nc(-c3ccc(C(=O)O)cc3)nc(Sc3ccc4c(c3)OCC4)c2c1,20.904544960366874
Cc1cc2cc(-c3nnc(SCc4ccc(C(=O)O)cc4)o3)ccc2n1CC(F)(F)F,20.904544960366874
O=C(O)c1ccc(CSc2nnc(SC3CCC3)n2-c2cccc(Cl)c2)cc1,20.952326839756964
COc1ccc(-c2nc3c(ncn3Sc3ccco3)n2-c2cc(F)c(O)c(F)c2)cc1,20.97617696340303
Cc1c(COc2cn(-c3ccc(C(=O)O)nc3)nc2-c2ccccn2)sc2ccccc12,20.97617696340303
O=C(O)c1cccc(-n2nnc(Sc3ccc(Cn4cnc(F)c4)cc3)c2C2CC2)c1,20.97617696340303
CN(C)c1ncnc2c1nc(Sc1ccc(Cl)cc1F)n2-c1ccc(C(=O)O)cc1,20.97617696340303
COc1ccc(-c2nc3c(ncn3-c3cccs3)n2Cc2ccc(C(=O)O)cc2)cc1,21.0
O=C(O)c1ccc(-c2ccc(CSc3nnnn3-c3ccccc3Cl)cc2)cc1,21.047565179849187
O=C(O)Cn1c(-c2ccc(Oc3c(F)cccc3CN3CCCCC3)cc2)noc1=S,21.047565179849187
O=C(O)c1ccc(Cn2c(=O)ccc3cc(Sc4cn(CC5CC5)nn4)ccc32)cc1,21.047565179849187
Cc1ccnc(Nc2ccc(-n3nnnc3OCc3ccc(Cl)cc3Cl)cc2)c1,21.047565179849187
Cn1cncc1SCc1nn(-c2ccc(C(=O)O)c(F)c2)nc1-c1ccc(Cl)cc1,21.047565179849187
Cn1cnc(-c2cc3c(s2)n(-c2ccc(C(C)(C)C)cc2)c(=O)n3CCCC(=O)O)c1,21.071307505705477
COc1ccc(-n2nnc(-c3ccc(C(=O)O)nc3)c2Sc2ccc(Cl)cc2)cc1,21.071307505705477
O=C(O)CSc1nc2sc(Cc3ccccc3Cl)nc2n1Cc1ccccc1,21.071307505705477
Cn1cc(-n2nc(C(=O)O)c(-c3ccccc3)c2Sc2ccc(Cl)cc2)ccc1=O,21.071307505705477
Cc1ccc2c(c1)nnn2Cc1ccc(-c2c(C(=O)O)ncn2-c2ccc(F)cc2)s1,21.095023109728988
Cc1nnc(-c2cc3c(s2)CC(OCc2ccccc2)C3)n1-c1ccc(O)c(Cl)c1,21.118712081942874
O=C(O)c1cccc(-c2ccc(-n3nnnc3SCc3ccccc3)cc2)c1Cl,21.142374511865974
COC(=O)C1CSc2c(SCc3ccc(C(=O)O)cc3)nn(-c3ccccc3)c2C1,21.142374511865974
COC(=O)C1=Cc2c(c(SCc3ccc(C(=O)O)cc3)nn2-c2ccccc2)SC1,21.142374511865974
O=C(O)CCn1c(Sc2cnnn2-c2ccc(Cl)c(Cl)c2)nc2ccccc21,21.166010488516726
Cn1cc(-c2ccc(-n3nnnc3Sc3ccc(Cl)cc3)c(Cl)c2)cc1C(=O)O,21.166010488516726
Cn1onc1-c1ccc2nc(SCC(F)(F)F)n(Cc3ccc(C(=O)O)cc3)c2c1,21.18962010041709
Cc1c(-c2cscc2C#N)nc(SCc2ccc(C(=O)O)cc2)n1-c1ccccc1,21.18962010041709
Cc1cc(Cn2nc(-c3ccc(C(=O)O)cc3)nc2-c2ccccc2)n(-c2cccs2)n1,21.18962010041709
Cc1c(Sc2nc(-c3ccc(C(=O)O)cc3)nn2C)ncn1-c1ccc(Cl)cc1F,21.236760581595302
COC(=O)CSc1nc2scc(-c3ccccc3)c2n1-c1ccc(C(=O)O)c(F)c1,21.236760581595302
O=C(O)CSc1nc(-c2cccc(SC3CCOC3)c2)nn1CC1CCCCC1,21.2602916254693
Cc1cc(-n2c(SCc3ccccc3)nc3c(N4CCCC4)noc32)ccc1C(=O)O,21.2602916254693
O=C(O)c1csc(SCCc2nnc(-c3cccc(C(F)(F)F)c3)n2C2CC2)n1,21.2602916254693
CCn1c(=O)n(-c2ccc(Oc3ccc(F)cc3)c3ccccc23)n2nc(C(=O)O)cc12,21.283796653792763
O=C(O)COc1nc(-c2ccc3c(c2)nc(-c2cccs2)n3Cc2ccccc2)cs1,21.283796653792763
CSc1ccccc1-c1ccc(-n2c(SCC(=O)O)nc3ccccc3c2=O)cn1,21.283796653792763
COc1ccc(-c2cccc3nc(SCC(=O)O)n(-c4ccc5c(n4)CCO5)c23)cc1,21.283796653792763
CSc1nc2c(N3CCCCC3)nc(N)nc2n1-c1cccc(Oc2ccccc2)c1,21.307275752662516
O=C(O)c1ccc(-c2nc(SCc3ccccc3)n(-c3ccc(Cl)cc3)n2)cn1,21.330729007701542
COc1ccc(-c2nnn(-c3ccc(Cl)cc3)c2Sc2ccc(C(=O)O)cc2)cc1,21.330729007701542
O=C(O)CSc1nn(-c2ccc(-c3cn(Cc4ccccc4)nn3)cc2)c2c1CCCC2,21.354156504062622
N#Cc1cccc(Sc2nc3c(ncn3Cc3csc4ccccc34)n2CCO)c1,21.354156504062622
Cc1onc(-c2ccc(C(=O)O)cc2)c1-c1ccc(N2CCSC(C)(C)C(=O)C2)s1,21.354156504062622
Cn1cc(-c2nc3ccc(OCc4ccccc4)cc3n2-c2ccc(C(=O)O)s2)cn1,21.37755832643195
CCN1CCC(Sc2nc3ccccc3n2S(=O)(=O)c2ccc(C(=O)O)cc2)CC1,21.37755832643195
O=C(O)c1ccc(-n2nc(CSc3ccccc3)c(-c3ccc4c(c3)OCO4)n2)cc1,21.37755832643195
COC(=O)c1ccc(-c2ccc(Sc3cc(=O)c4ccccc4n3CC(=O)O)s2)cc1,21.42428528562855
O=C(O)COc1cccc(-c2cccc(-n3c(Cl)nnc3Sc3ccccc3)c2)c1,21.42428528562855
COC(=O)c1nn(-c2cccc(Cl)c2Cl)c(C)c1Sc1ccc(C(=O)O)cc1,21.42428528562855
C=C(C)c1ccc(-n2c3ncccc3c3cc(SCC(=O)O)sc32)cc1S(C)(=O)=O,21.447610589527216
Cc1ccccc1-c1ccc(CSc2nnnn2-c2ccc(C(=O)O)c3c2COC3)cc1,21.470910553583888
C#Cn1nc(-c2ccc(-c3cn(CC4CCCCC4)c4ncnc(NC)c34)cc2)nc1C,21.517434791350013
O=C(O)c1cc(Cn2c(SC3CCCCC3)nc3c2cnn3CC2CCCC2)ccn1,21.517434791350013
Cn1cc(-c2ccc(Sc3ccccc3)cc2)c(=O)n2nc(-c3ccc(C(=O)O)cc3)nc12,21.540659228538015
CNc1nccc(-c2c(-c3nccs3)n(-c3ccccc3)c(=O)n2Cc2ccccc2)n1,21.540659228538015
CC(C)c1csc(Cn2cnc3c2c(C(=O)O)nn3-c2ccc(Cl)c(Cl)c2)c1,21.540659228538015
Cn1c(-c2ccc(-n3nnnc3SCc3ccccc3)cc2)c(C(=O)O)c2ccccc21,21.540659228538015
COc1cccc2c1nc(Sc1ccc3c(c1)OCO3)n2Cc1ccc(C(=O)O)cc1,21.563858652847824
O=C(O)Cn1c(=O)oc2ccc(-n3c(SCc4ccccc4)nc4ccccc43)cc21,21.563858652847824
O=COc1ccc2c(c1)nc(Sc1ccc(-c3ccccc3Cl)cc1)n2CC(=O)O,21.587033144922902
Oc1cc(-n2nc(-c3ccccc3)c3c2nnn3C2CCC2)ccc1OCc1ccccc1,21.61018278497431
O=C(O)c1ccc(CSc2nnnn2-c2ccc(-c3ccc4c(c3)CCC4)cc2)cc1,21.61018278497431
O=C(O)CSc1nc2cc(OCc3cccc(Cl)c3)ccc2n1-c1ccncc1,21.61018278497431
O=C(O)c1ccc(-c2ccc(-n3nnnc3SCc3ccccc3)c(Cl)c2)cc1,21.61018278497431
O=C(O)c1nc(SCc2ccc(-c3ccc(F)cc3)cc2)nnc1-c1ccccc1,21.633307652783937
O=Cc1ccc(-n2c(SCc3csc(C4(C(=O)O)CC4)n3)nc3ccccc32)cc1,21.633307652783937
O=C(O)c1cccc(-n2nnnc2SCc2cccc(Cl)c2)c1Sc1ccccc1,21.633307652783937
N#Cc1cc(-c2csc(C3CC3)n2)ccc1Cn1c(SCC(=O)O)nc2ccccc21,21.633307652783937
O=C(O)c1ccc(CSc2nnnn2-c2cc(F)ccc2Sc2ccccc2)cc1,21.656407827707714
O=C(O)c1ccc(CSc2nnnn2-c2ccccc2Sc2ccc(F)cc2)cc1,21.656407827707714
COc1ccc(-n2c(SCc3cc(N)ncn3)nc3c(N4CCCCC4)cccc32)cc1,21.6794833886788
Cc1nc(C(=O)O)ccc1-n1nc(Sc2ccc(Cl)cc2)c2ncn(CC3CC3)c21,21.702534414210707
Oc1ccc(-n2c(SCc3cccc(OC(F)(F)F)c3)nnc2-c2ccco2)cc1,21.72556098240043
Cn1cc(-c2ccc(-n3c(OCc4ccc(C(=O)O)cc4)nc4ccccc43)cc2)cn1,21.748563170931547
Cn1ccc2cc(-c3nc(C(=O)O)nn3-c3ccc(OCc4ccccc4)cc3)sc21,21.748563170931547
COC(=O)CSc1nc(-c2ccc(/C=C/C3CCCOCC3)cc2)c(C(=O)O)s1,21.79449471770337
O=C(O)c1ccc(-n2nnnc2SCc2ccc(-c3ccc(Cl)cc3)cc2)cc1,21.79449471770337
CSc1ccc(-c2nnc(SCc3ccc(C(F)(F)F)cc3)nc2C(=O)O)cn1,21.817424229271428
O=C(O)c1ccc(-n2nnnc2SCc2ccc(-c3ccccc3)cc2)c2cccn12,21.817424229271428
O=C(O)CSc1nc2cc(OCc3ccccc3)ccc2n1-c1ccc2c(c1)OCO2,21.840329667841555
COc1ccc(-c2csc(-c3cc(-c4ccc(=O)n(C5CCCCC5)c4)nn3O)n2)cc1,21.88606862823929
CC(O)c1ccc(-n2nnnc2SCc2ccccc2)c(-c2ccc3c(c2)OCC3)c1,21.88606862823929
COC(=O)c1cn(-c2ccc(C(=O)O)s2)nc1-c1cccc(OCc2ccccc2)c1,21.88606862823929
COc1ccc(-n2c(-c3cccc(-c4csc(C(=O)O)n4)c3)nc3c2CCOC3)cc1,21.908902300206645
Cn1cnnc1-c1ccc(-c2sc(SCc3ccc(F)cc3F)nc2C(=O)O)cc1,22.0
Cc1c(=O)n(CC2CC2)cc2nc(SC3CCCCC3)n(-c3cccc(C(=O)O)c3)c12,22.0
Cc1cc2c(nc(SCC(=O)O)n2-c2ccc(F)c(F)c2)c(-c2cnn(C3CC3)c2)n1,22.0
COc1ccc(-c2nn(C3CCCC3)c3ncnc(NCc4ccc5c(c4)OCO5)c23)cc1,22.0
Cn1nc(SC2CCCC2)cc1-c1ccc2c(c1)nnn2Cc1ccc(C(=O)O)cc1,22.0
COc1ccc(-c2ccc(Sc3nnnn3-c3ccc(Cl)c(Cl)c3)cc2)nc1O,22.0
CSc1nc2ccc(-c3nc(CCC(=O)O)nn3-c3ccccc3Cl)cc2n1C,22.06807649071391
COc1ccc(-c2c(C(=O)O)n(Cc3ccc(-c4cccnc4)cc3)c3ncsc23)nc1,22.090722034374522
COc1cccc(-n2nc(C)c3cccc(-c4nc(C5CC5)nc5c4ncc(=S)n5O)c32)c1,22.090722034374522
CCn1c(=O)n(C2CCCCC2)c2c3ccccc3c(-c3nc(C)c(C(=O)O)n3C)cc21,22.15851980616034
Cc1cc(C(=O)OC(=O)O)cn1-c1nc(Sc2ccccc2)nc2cc(Cl)ccc12,22.15851980616034
Cn1ccc2cc(-c3c(Sc4cccc(C(=O)O)c4)n(C)n(C4CCC4)c3=O)ccc21,22.15851980616034
COC(=O)c1ccc(-c2nc3cc(C(=O)O)sc3n2Cc2ccccc2Cl)cc1,22.15851980616034
Cc1c(-c2ccc(-c3cn(Cc4ccccc4)nn3)cc2)nn(C(=O)O)c1SC1CCC1,22.15851980616034
O=C(Oc1cccc(COc2ccc(-c3nsc(S)n3)cc2)c1)N1CCCCC1,22.181073012818835
O=C(O)C1(c2ccc(-n3nc(CSc4ccccc4)c(-c4cccs4)n3)cc2)CC1,22.20360331117452
CSc1nc(-c2ccc(C(=O)O)nc2)nc(-c2c(F)n(CC(F)F)c3ccccc23)n1,22.20360331117452
[C-]#[N+]c1cn(CCn2c3ccccc3c3cnn(SC)c32)nc1-c1ccc(C(=O)O)cc1,22.22611077089287
COc1cc(-n2ccnc2)ccc1Sc1nc2ccccc2n1-c1cccc(C(=O)O)c1,22.271057451320086
COc1ccc(-n2nc(C(=O)O)cc2Sc2ccc3c(c2)OCO3)cc1,22.293496809607955
Cc1nc(N2CCCCC2)c2c(-c3ccc(C(=O)O)cn3)cnc(Sc3ccccc3)n12,22.360679774997898
CCOC(=O)c1ccc(-n2c(-c3ccccc3)nn(-c3ccc(O)cc3Cl)c2=O)s1,22.360679774997898
Cc1c(-n2cnnn2)c(SCC(=O)O)n(-c2ccc(Cl)c(Cl)c2)c1-c1ccccc1,22.360679774997898
O=C(O)c1ccc(Cn2c(SCc3ccc(C4CC4)o3)nc3ccccc3c2=O)cc1,22.38302928559939
Cc1ccc(Cn2nc(-c3ccc(C(=O)O)cc3)nc2Sc2ccc3c(c2)OCO3)cc1,22.38302928559939
COc1ccc(-c2nc3c(SC(C)(C)C)ncnc3n2Cc2ccc(C(=O)O)cc2)cc1,22.38302928559939
COc1ccc(-c2c(-c3cccs3)nc3n(Cc4ccc(C(=O)O)cc4)cnn23)cc1,22.47220505424423
C#Cc1sc2c(nc(-c3ccc(C(=O)O)cc3)n2C(=O)OCc2ccccc2)c1N(C)C,22.516660498395403
CCOC(=O)CSc1nn(-c2ccc(C(=O)O)cc2)c2sc(C(F)(F)F)cc12,22.60530911091463
COC(=O)CSc1nn(-c2ccc(C(=O)O)cc2)c2sc(-c3ccc(F)cc3)cc12,22.60530911091463
Cn1ncc(-c2ccc3nnn(CC(=O)O)c3c2)c1Sc1cc(Cl)ccc1Cl,22.627416997969522
CCn1c(CSc2nnnn2-c2ccc(Cl)c(Cl)c2)c(C(=O)O)c2ccccc21,22.627416997969522
COC(=O)c1ccc(Cn2cc(-c3cccc(C(=O)O)c3)n3ccc(OC(F)(F)F)c23)s1,22.627416997969522
O=C(O)c1ccc(-n2ccc3c2c(=O)ncn3-c2ccc(OCc3ccccc3)cc2)cc1,22.64950330581225
O=C(O)COC(=O)c1ccc(-n2nc(Sc3ccc(Cl)cc3)c3c2CCOC3)cc1,22.693611435820433
CCCCNC1=N/C(=C/c2n(-c3ccc(Cl)c(Cl)c3)nc(C(C)(C)C)[n+]2[O-])S1,22.781571499789035
O=C(O)c1ccnc(Sc2nnc(SCc3ccccc3)n2-c2ccc(Cl)cc2)c1,22.80350850198276
C=CSc1nnc(SCC(=O)c2ccc(Cl)cc2)n1-c1ccc(C(=O)O)cc1,22.80350850198276
O=C(O)COC(=O)c1cccc(-n2nnc(-c3ccc(Cl)cc3)c2-c2cccs2)c1,22.847319317591726
Cn1ncc2c(SC3CCCCC3)cc(-c3cn(-c4ccc(O)c(C=O)c4)nn3)cc21,22.847319317591726
C=COC(=O)N1CCC(n2ccc(-c3cn(CCC(=O)O)c(-c4ccccc4)n3)c2)CC1,22.847319317591726
Cc1nc(-c2ccc(N3CCN(Cc4ccccc4)CC3)c([N+](=O)[O-])c2)sc1C(=O)O,22.869193252058544
Cc1cc(Sc2nnnn2-c2ccc(C(=O)O)cc2OC(F)(F)F)ccc1Cl,22.891046284519195
COc1ccc2c(c1)nc(-c1cnn(Cc3ccc(C(=O)O)cc3)c1)n2C1CCCCC1,22.891046284519195
CSc1nc(-c2cccc(-c3ccc4c(c3)OCO4)c2)nn1Cc1ccc(C(=O)O)cc1,22.9128784747792
O=C(O)c1ccc(CSc2nnnn2-c2ccc(Sc3ccc(F)cc3)cc2)cc1,22.9128784747792
O=C(O)c1cc(-c2ccc(Cl)c(-n3nnnc3SCc3ccccc3)c2)cs1,22.956480566497994
O=C(O)c1ccc(-n2nnnc2SCc2ccc(-c3ccccc3)cc2)c2c1CCC2,23.043437243605826
CN(C)c1ncc(-c2ccc(-c3nc4cccc(O[C@H]5CC[C@H](N)CC5)c4s3)cc2)nn1,23.043437243605826
COc1ccc(-n2nnc(N)c2-n2c(Sc3ccc(Cl)cc3)nc3ccccc32)cc1,23.08679276123039
CSc1nc2ccc(-c3ccc4c(c3)OCCO4)cc2n1Cc1ccc(C(=O)O)cc1,23.15167380558045
COc1ccc(-n2c(SC3CCCCC3)cn(-c3ccc(C(=O)O)cc3)c2=O)cc1,23.15167380558045
O=C(O)c1ccc(CSc2nnc(SC3CC3)n2-c2ccccc2Cl)cc(=O)c1,23.15167380558045
Cc1noc(C)c1-c1cc(C)c2c(C(=O)O)nn(-c3ccc(N4CCOCC4)cc3)c2c1,23.2379000772445
COc1ccc(-n2nnc(-c3ccnc(C(=O)O)c3)c2Sc2ccc(Cl)cc2)cc1,23.2379000772445
O=C(O)c1ccc(-n2nnnc2SCc2ccc(Cl)cc2)c(Oc2ccccc2)c1,23.2379000772445
O=C(O)c1ccc(-n2nc(S/C=C/c3ccc(N4CC4)nc3)nc2-c2ccccc2)cc1,23.259406699226016
Cn1cc(-c2nnc(SCc3ccc(Cl)cc3)n2-c2cccc(C(=O)O)c2)cn1,23.302360395462088
Cc1cc(-c2cnn(C)c2)cc2c1n(-c1ccc(C(=O)O)cc1)c(=O)n2C1CCCCC1,23.302360395462088
Cn1cc(-c2c(-c3ccc(C(=O)O)cc3)c3c(Sc4ccccc4)ncnc3n2C)cn1,23.323807579381203
COc1ccc(-n2nc(-c3ccc(C(=O)O)cc3)nc2SCC(F)(F)F)cc1,23.40939982143925
COC(=O)c1c(/C=C2\SC(=O)NC2=O)nc(SC)n1-c1ccc(Cl)c(Cl)c1,23.40939982143925
CCn1c(-c2nc3cnc(SCC(=O)O)nc3n2-c2ccccc2)cc2ccccc21,23.40939982143925
COc1ccc(-n2nnnc2SCc2ccc(C(C)(C)C)cc2)c2c1C(=O)CCC2,23.430749027719962
O=C(O)Cn1c(=O)sc2ccc(OCc3cn(-c4ccccc4)c(C4CCCC4)n3)cc21,23.430749027719962
O=Cc1cccc(Sc2nnc(SCC(=O)O)n2-c2ccc(Cl)c(Cl)c2)c1,23.430749027719962
O=C(O)c1ccc(-n2nnnc2SCc2ccc(F)cc2)c(Sc2ccccc2)c1,23.430749027719962
CSc1nnc(-c2cc3c(c(-c4ccccc4)c2)OCO3)n1Cc1ccc(C(=O)O)cc1,23.430749027719962
COc1ccc(-c2ccnc3c2nc(SCC(=O)O)n3-c2ccc3c(c2)CCO3)cc1,23.430749027719962
CCn1nnc(-c2c(-c3ccccc3)cc(SC(=O)O)n2-c2ccc(Cl)cc2Cl)n1,23.49468024894146
O=C(O)c1cccc(Cn2ncc3nnnc(Sc4cccc(-c5ccccc5)c4)c32)c1,23.515952032609693
Cc1cc(Sc2ccccc2)cc2c(=O)n(-c3cccnc3)c(SCC(=O)O)nc12,23.515952032609693
COC(=O)CSc1nc(-c2ccc(C(=O)O)cc2)cn1-c1ccc(Cl)c(Cl)c1,23.558437978779494
COC(=O)c1c(C(=O)O)cccc1-n1c(Sc2ccc3c(c2)OCO3)cc2ccccc21,23.664319132398465
COc1c(SC2CCCCC2)n(-c2ccccc2)c(=O)n1-c1ccc(C(=O)O)cc1,23.748684174075834
COc1cc2c(o1)c(-c1cncnc1)c(Sc1ccc(Cl)c(Cl)c1)n2CC(=O)O,23.748684174075834
C=Cc1ccc(-n2nc(Sc3ccc(F)cc3)c3c(SCC(=O)O)ncnc32)cc1,23.769728648009426
Cc1ccc(-n2nc(SCC(=O)O)c3c(Sc4ccc(F)cc4)ncnc32)cc1,23.769728648009426
COc1ccc2c(c1)nc(-c1cnn(Cc3cccc(C(=O)O)c3)c1)n2C1CCCCC1,23.83275057562597
CC(C)(C)Sc1cc(C(=O)O)ccc1-n1nnnc1SCc1ccccc1Cl,23.83275057562597
O=C(O)c1ccc(-n2nnnc2SCc2ccccc2Cl)c(Sc2ccccc2)c1,23.83275057562597
COc1cc(-c2nn(-c3ccccc3)c3ncnc(SCC(=O)O)c23)ccc1Cl,23.916521486202797
Cn1nc(C2=CCCCC2)c2cc(Sc3ccc(O)nn3)n(Cc3ccccc3)c2c1=O,23.979157616563597
Cc1c(OCC(=O)O)ccc2nc(SC3CCCCC3)n(-c3ccccc3)c(=O)c12,24.06241883103193
c1ccc(-c2ccc(CSc3nnnn3-c3ccc(-c4nnn[nH]4)cc3)cc2)cc1,24.06241883103193
C#Cc1ccc(-c2ccc(Cn3cnc4c(Cl)nc(SCC(=O)O)nc43)s2)cc1,24.06241883103193
CSc1ncnc2c1nc(Sc1ccc(F)cc1)n2Cc1ccc(C(=O)O)cc1,24.1039415863879
O=C(O)c1cc(S(=O)(=O)N2CCCC2)sc1Oc1ccc(C2CCCC2)s1,24.166091947189145
COc1ccc2c(C(=O)O)cn(Cc3nc4c(ncn4-c4ccc(Cl)cc4)n3C)c2c1,24.166091947189145
O=C(O)c1ccc(-n2nnnc2SCc2ccc(-c3ccc(F)cc3)cc2)c(Cl)c1,24.228082879171435
O=C(O)c1ccc(-n2nnnc2SCc2cccc(-c3ccc(F)cc3)c2)c(Cl)c1,24.228082879171435
O=C(O)c1ccc(-n2nnnc2SCc2ccc(-c3ccccc3)cc2)c(Cl)c1,24.228082879171435
O=C(O)Cn1ccc2ccc(-n3nnnc3SCc3ccc(-c4ccccc4)cc3)cc21,24.24871130596428
O=C(O)c1ccc(Cn2c(SCc3cccc(F)c3)nnc2-c2cccs2)cc1,24.515301344262525
O=C(O)c1ccc(Cn2c(SCC(F)(F)F)nnc2-c2ccn3ccccc23)cc1,24.515301344262525
COC(=O)c1ccc(-n2c(SCc3ccc(C(C)(C)C)cc3)nnc2C(=O)O)cc1,24.576411454889016
O=C(O)C1(Cn2c(Sc3ccccc3)nnc2-c2ccc(-c3ccccc3)cc2)OCO1,24.596747752497688
Cc1cc(-c2ccccc2)nc(Sc2ncnc(Sc3ccccc3)c2C(=O)O)n1,24.73863375370596
COc1cccc2c(=O)n(C3CCC(n4ccnc4-c4cccc(C(=O)O)c4)CC3)sc12,24.758836806279895
CN(c1ncnc2c(SCC(=O)O)nn(-c3ccc(C(C)(C)C)cc3)c12)C1CCCC1,25.079872407968907
CC(C)(C)OC(=O)CSc1nc(-c2ccc(F)cc2)cn1-c1ccc(C(=O)O)s1,25.11971337416094
CC(C)(C)OC(=O)CSc1nc(-c2ccc(F)cc2)cn1-c1cccc(C(=O)O)c1,25.11971337416094
COc1ccc(-c2c(C(=O)OC(C)(C)C)nn(-c3ccccc3)c2SCC(=O)O)cc1,25.13961017995307
O=C(O)c1cccc(-n2nnnc2SCc2ccc(-c3ccccc3)cc2)c1Cl,25.199206336708304
COc1ccc(-c2cn(CC(=O)O)c3ncnc(Sc4ccccc4)c23)c2c1OCCC2,25.219040425836983
CSc1cc(-c2nnc(-c3cccc(OC(=O)NC4CCCC4)c3F)s2)ccn1,25.238858928247925
COc1ccc(-n2nnc(C3CCCCC3)c2C)c(-c2ccc3c(c2)SC/C3=N\O)n1,25.357444666211933
CCc1cc(-n2cnc3c(Sc4ccccc4)n(C)c(C(=O)O)c3c2=O)ccc1Cl,25.37715508089904
O=C(O)c1ccc(-n2c(=O)n(C3CCCCC3)c3cc(SCC(F)F)ncc32)cc1,25.37715508089904
Cc1c(CN2CCC2)oc2c1nc(SC1CCCCC1)n2-c1ccc(C(=O)O)cc1,25.39685019840059
Cc1cc(-n2cc(-c3cc(SC4CCCCC4)c(S(C)(=O)=O)s3)nn2)ccc1O,25.573423705088842
Oc1ccccc1CCn1cnc(-c2nn(C3CCCCC3)nc2-c2ccc(F)cc2)n1,25.592967784139454
COc1ccc(-c2nc3sc4c(c3n2C2=NOCCCC2)CCC(N)CC4)cc1OC,25.632011235952593
Cc1nc(N2CCCC2C(=O)OCc2cc(-c3ccc(F)cc3)cs2)sc1C(=O)O,25.67099530598687
COc1ccccc1Cn1cc(-c2nnc(SC3CCCC3)n2C(=O)O)c2ccccc21,25.69046515733026
O=C(O)Cn1c(C2CC2)nc2ccc(-n3c(OCc4ccccc4)nc4ccccc43)cc21,25.709920264364882
Cc1nn(C2CCCC2)cc1-c1ccc(-n2nc(SCC(=O)O)c3c2CCCC3)cn1,25.84569596664017
CCn1c(=O)nc(O)c2nc(-c3ncn(C4CCCCC4)c3Sc3ccccc3)ccc21,25.96150997149434
COC(=O)c1ccc(Sc2ccc(Cl)c3c2OCO3)n1-c1ccc(C(=O)O)cc1,25.98076211353316
COc1ccc(-c2c(Sc3ccccc3)n(O)c3c(=O)n(C4CCCC4)nnc23)cc1,26.210684844162312
COc1ccc(-n2c(Sc3ccccc3)nc3c(NC4CCCCC4=O)ncnc32)cc1,26.229754097208
O=c1n(Cc2ccccc2)cc(-c2nc(O)nc(SC3CCCC3)n2)n1-c1ccccc1,26.514147167125703
O=C(O)c1cc(N2CCCC2)ccc1-n1nnnc1Sc1ccc(-c2ccccc2)cc1,26.551836094703507
COc1ccc(-c2cc(SC3CCCCC3)[n+]([O-])n2-c2ccc(C(=O)O)cc2)cc1,26.645825188948457
COC(=O)c1cn(C2CCCCC2)c(-c2csc(Cn3cnc(C(=O)O)c3)c2)c1C,26.664583251946766
CSc1ncnc2c(SCc3ccc(Cl)cc3)nn(-c3ccc(C(=O)O)cc3)c12,26.68332812825267
CCn1c(=O)n(C)c2cc(-c3nc(C(=O)O)cn3-c3ccc(C4CCCCC4)s3)ccc21,26.739483914241877
CSc1cc(Cn2cnc3c(OC(=O)C4=C(C(=O)O)CCCC4)cccc32)ccc1F,27.03701166919155
CC(C)c1c(SC2CCCCC2)n(-c2cc(F)c(O)c(F)c2)c(=O)n2cnnc12,27.110883423451916
Cc1c(SCn2cnc3ccccc32)sc(C(=O)O)c1S(=O)(=O)c1ccccc1,27.202941017470888
Cn1cc(-c2ccc(-c3nnc(Sc4ccccc4)n3C3CCCCC3)cc2)c(O)nc1=O,27.313000567495326
COc1ccc(-c2c(Sc3ccc(C(=O)O)cc3)nnn(C3CCCCC3)c2=O)cc1,27.568097504180443
COc1cc(C(=O)O)ccc1-c1cn(C2CCCCC2)c(Sc2ccc3c(c2)OCO3)n1,27.568097504180443
O=c1c2[nH]nc(OCc3cccs3)c2nc(SC2CCCCC2)n1-c1ccccc1,27.676705006196094
Cn1nc2c(nc(-c3ccccc3)n2C2CCCCC2)c1Sc1ccc(C(=O)O)cc1,27.784887978899608
Cc1ccc(-n2nc(SC3CCCCC3)n(Cc3ccc(C(=O)O)cc3)c2=O)cc1,27.92848008753788
CSc1cc(-c2nn[nH]n2)ccc1-c1nnc(Sc2ccccc2)n1C1CCCC1,28.053520278211074
Cc1c(C(=O)c2ccccc2)n(C)c2c(-n3nnnc3SC3CCCCC3)cccc12,28.089143810376278
COc1ccc(-c2c(Cc3cccc4snc(C)c34)nnn(C3CCCCC3)c2=O)cc1,28.089143810376278
COc1cc(-n2c(SC3CCCCC3)nc3c2-c2ccc(C)nc2C3=O)ccc1O,28.178005607210743
COc1ccc(Sc2nn(C3CCCCC3)c3cn(O)c(=O)c(-c4cccnc4)c23)cc1,28.319604517012593
O=c1c(SC2CCCCC2)c(-c2ccc(OCc3ccccc3)cc2)n2ncnc2n1O,28.53068523537421
Cc1nc(-c2ccc3c(c2)nc(O)n3C2CCCCC2)nnc1-c1ccc(N(C)C)cc1,28.6705423736629
O=C(O)c1ccc(-c2nnnn2CCC2CN(C3CCCC3)c3ccccc3S2)cc1,28.844410203711913
Cc1nc(-c2ccc(=O)n(C)c2)c(Sc2ccc(C(=O)O)cc2)n1C1CCCCCC1,29.34280150224242
O=C(O)CSc1c(-c2cccnc2)[n+]([O-])c(SC2CCCCC2)n1-c1ccccc1,29.88310559496787
COc1cc(-c2nnc(Sc3ccc(F)cc3)n2C2CCCCC2)ccc1C(=O)O,30.116440692751194
COc1ccc(-c2ccc(Sc3nn(C4CCCCC4)c4c3C(=O)NC4=O)cc2)cc1,30.364452901377952
CN(C)c1ncnc2c1nc(-c1cc(C(F)(F)F)c(C(=O)O)s1)n2C1CCCCC1,30.577769702841312
Cc1c(-c2cn(C3CCCCC3)c(=S)n2C2CC2)nnn1Cc1ccc(C(=O)O)cc1,30.659419433511783
COCCSc1c(-c2ccccc2)n(C2CCCCC2)c2nc(C(=O)O)sc2c1=O,31.670175244226233
O=C(O)CCCCn1c2cc(-c3ccccn3)sc2c2ncnc(N3CCCCC3)c21,31.74901573277509
COc1ccc(-c2nc3cc(OC)ccc3n2C2CCC3(CCC(NO)=NO3)CC2)cc1,35.4682957019364
Cc1c(Sc2ccc(C(=O)O)cn2)c2c(N3CCCCC3)ncnc2n1C1CCCC1,36.49657518178932
COc1ccc(-n2c(SC3CCCCC3)nc3c(N4CCCC4)nc(N)nc32)cc1F,38.80721582386451
