SMILES,cats_euclidean_dist
Cc1cc(C(=O)Nc2ncc(-c3ccsc3)c(=O)n2Cc2ccc(Cl)cc2C)on1,10.535653752852738
Cc1cn(C)c2nc(Sc3ccccc3C(=O)O)n(Cc3ccc(Cl)cc3)c(=O)c12,11.489125293076057
CC(=O)Nc1nc(Sc2cn(C)c3ncccc23)cc(-c2cc3ccccc3nc2C)n1,11.489125293076057
Cc1cc(NC2CCOCC2)nc(-n2nc(C(C)(C)C)nc2Oc2cccc(Cl)c2)n1,11.61895003862225
CCn1c(Sc2ccc(C(=O)O)c(O)c2)nn(-c2cc(Cl)c(Cl)cc2F)c1=O,12.083045973594572
c1ccc(Nc2nc(Oc3ccc(CN4CCCCC4)cc3)nc(-n3ccnc3)n2)cc1,12.12435565298214
CNc1ncc(-c2nc(OCc3ccc(Cl)cc3Cl)n(-c3ccccc3)n2)cn1,12.12435565298214
Cc1cc(N)nc(-c2cc(-c3cc(Cl)cc(Cl)c3)nn2Cc2ncc(C)s2)n1,12.609520212918492
O=C(O)c1csn(C2=NCN(Cc3ccc(Oc4cccc(Cl)c4)cc3)CC2)c1=O,12.767145334803704
Cc1cc(C(F)(F)F)cc(-n2cc(-c3ccccc3)nc2Sc2nc(C)cc(N)n2)n1,12.884098726725126
Clc1ccc(CNc2nc(OCc3ccco3)nc(-n3cnc4ccccc43)n2)cc1,12.884098726725126
COc1ccc(S(C)(=O)=O)cc1-c1nc(NC(=O)c2ccc3ccccc3c2)cs1,12.922847983320086
Cn1nc(Nc2ccccc2)nc1Sc1nc2ccccc2c(=O)n1Cc1ccccc1,12.922847983320086
COc1cc(NCc2cnc(-c3nccs3)nc2C(F)(F)F)nc(-c2ccccc2)n1,13.114877048604
COc1ccc(-c2nc(SCc3ccc(Cl)cc3)n3scc(C(=O)O)c(=O)c23)cc1,13.228756555322953
COc1cc(-n2cnc3ccccc32)nc(NCc2nc(-c3cccc(Cl)c3)cs2)n1,13.341664064126334
Cc1ccc(-n2ccc(Cn3nc(C)c4nc(Cl)cc(NC(=O)OC(C)(C)C)c43)n2)cc1,13.379088160259652
O=C(O)Cn1nc(N2CCCc3ccccc32)cc1CSc1ccc(-c2ccccc2)nn1,13.416407864998739
COc1c(-n2nccn2)ccc(OCc2ccc(Cl)cc2)c1C(=O)Nc1nccs1,13.527749258468683
CNc1ncc(-c2nc3c(ncn3Cc3cc(Cl)c(Cl)cc3C(C)=O)s2)cn1,13.674794331177344
COc1ccc(-n2ncc(-c3ccc4nc(C(F)(F)F)sc4c3)c2C(=O)O)c(OC)c1,13.711309200802088
CC(c1ccc(Cl)nc1)n1ncc2c(NCc3ccnc(-c4ccccc4)c3)ncnc21,13.784048752090222
Nc1ncc(-c2nc(Sc3ccccc3)n(Cc3ccc(-c4ccccc4)cc3)n2)cn1,13.784048752090222
Cn1nc(-c2ccccc2)cc1CSc1ccnc(NC(=O)c2ccc3c(c2)OCO3)n1,13.820274961085254
Cc1cc(Oc2ccc(CN3CCCC3)cc2)c2cnn(-c3ncc(C(=O)O)s3)c2c1,13.856406460551018
COc1nc(-c2ccc(Cl)cc2)cc(Sc2nccn2C(F)(F)F)c1C(=O)O,13.96424004376894
COc1ccc(-c2nc(NCc3c(Cl)nn4ccccc34)nc(-c3ccccn3)n2)cc1,13.96424004376894
COc1ccc(-c2csc(-n3c(=O)c(C(=O)O)cn3C(C)c3ccccc3Cl)n2)cc1,14.0
Cc1cccc(C(=O)Nc2cc(-c3ccc(F)cc3)nc(Sc3nccn3C)n2)n1,14.0
COc1cc(O)cc2nc(Sc3ccco3)n(-c3ccc(Cl)c(Cl)c3)c(=O)c12,14.0
COc1cc(OC)nc(-n2c(Nc3ccc(Cl)cn3)nc3cc(Cl)ccc3c2=O)c1,14.0
COc1ccc(-c2cc(NC(C)(C)C)nc(SCc3ccc4c(c3)OCO4)n2)c(F)n1,14.106735979665885
COc1nc(-c2cccc(-n3c(-c4ccc(F)cc4)nc4c3CCC4)n2)sc1C(=O)O,14.247806848775006
COc1ccc(-c2ncsc2-c2nc(N)nc(SCC#Cc3ccccc3)n2)cc1,14.247806848775006
Cc1c(-c2nc(-c3cccnc3)nn2O)nc(Sc2ccc(Cl)cc2Cl)n1C,14.247806848775006
Cc1cn(Cc2cc(Cl)c(Cl)cn2)c2nc(Sc3ncccc3C(=O)O)n(C)c12,14.2828568570857
COc1cc(-c2ccccc2)nc(NCc2nc(-c3ccc(C(F)(F)F)cc3)no2)n1,14.38749456993816
Cc1nc(N)ccc1-c1cc(Sc2nnn(-c3ccc(Cl)c(Cl)c3)c2C)ncn1,14.38749456993816
COc1ccc(-n2nc(Sc3cccc(Cl)c3Cl)c3c(O)nc(C)nc32)cc1,14.52583904633395
Cc1cc(-n2nc(Sc3c(C(=O)O)c4ccccc4n3C)cc2C)ccc1Cl,14.52583904633395
COC(=O)c1cc(-c2nc(-c3ccc(C)cc3)ns2)sc1NC(=O)C1CCCCC1,14.52583904633395
O=C(c1cccs1)c1ccc(-n2nnnc2SCc2ccc(Cl)cc2)cc1O,14.628738838327793
COc1cccc(-c2nc(-c3ccc(Cl)c(C)c3)n(-c3ncc(C(=O)O)s3)n2)c1,14.66287829861518
Cn1ccnc1Sc1ncc(COc2ccc(Cl)cc2Cl)c2nc(O)ccc12,14.66287829861518
CCn1c(C2CCN(c3ccc(-c4nc(CC(=O)O)cs4)cn3)CC2)nc2ccccc21,14.696938456699069
Cn1cnc(-c2cc(CSc3nc4c(C(=O)O)cccn4n3)cc(Cl)c2Cl)c1,14.696938456699069
COc1ccc(CNC(=O)n2c(Sc3ccccc3Cl)nc3ccc(C)nc32)cc1,14.7648230602334
COc1cc(Sc2nc(-c3ccc(Cl)cc3Cl)nn2C)c2ccc(N)nc2c1,14.7648230602334
Cc1nc(-c2ccccn2)sc1COc1ccc(F)cc1-c1ccn2nc(O)cc2n1,14.798648586948742
Cc1nc(-c2ncnc(-c3ccc(O)nc3)n2)c(Sc2ccc(Cl)cc2Cl)n1C,14.832396974191326
COC(=O)c1cnc(-n2c(Sc3cccc(OC)c3)nc3cc(Cl)ccc32)cc1O,14.832396974191326
Cc1c(-c2cc(SC3CCCC3)nc(N)n2)nnn1Cc1ccc(Cl)cc1Cl,14.89966442575134
Cc1cc(C)nc(-c2ccc(OCc3nc4c(s3)CNCCC4)c(-c3ncco3)c2)n1,14.89966442575134
Cc1ccc(CNc2nc(-c3cccc(Cl)c3)nn2-c2ncn(-c3cccnc3)n2)cc1,14.89966442575134
Cc1nc(N)cc(-c2cc(-c3nccs3)c(=O)n(Cc3ccc(Cl)c(Cl)c3)c2)n1,14.933184523068078
Cc1nc(-c2ccccc2)n(CC(=O)c2cccs2)c1-c1ccc(C(=O)O)c(Cl)n1,14.966629547095765
CC1=NC(c2cccc(C(=O)O)c2)=CS(Sc2cccc(=O)n2-c2ccccc2)=C1,15.0
COc1ccc(OCc2cnn3ccccc23)cc1-c1csc(NC(=O)C(C)(C)C)n1,15.033296378372908
Cc1nc(-c2ccccn2)sc1CN1CCC(Nc2nc(-c3ccccc3)no2)CC1,15.066519173319364
COc1cccc(C(=O)n2nc(NC(=O)c3cccc(C)c3)c3sc(C(C)(C)C)nc32)c1,15.066519173319364
Cc1nc(Cn2ccc3ncnc(O)c32)cn1-c1ccc(Oc2cccc(Cl)c2)cc1,15.066519173319364
Cc1cc(-n2c(C(C)Nc3nc4ccccc4c(=O)n3C)nc3cnccc32)ccc1Cl,15.066519173319364
Cc1cc(C)c(Cl)c(Oc2nn(C(=O)c3ccc(Cl)cc3)c3nc(C)nc(O)c23)c1,15.066519173319364
COc1cc(Cl)ncc1-c1ccc(CNc2ncnc3nc(-c4ccccc4)nn23)cc1,15.066519173319364
Cn1ncnc1-c1nnc(SCc2cc(Cl)cc(Cl)c2)n1-c1cccc(O)c1,15.066519173319364
COc1ccc(-c2nc(SCc3ccc4c(c3)OCO4)nc(O)c2C(F)(F)F)cc1,15.0996688705415
COc1cccc(COc2cccc3c2n(-c2cccc(Cl)c2)c(=S)n3C(=O)O)c1,15.0996688705415
Cc1nc(-c2ccccc2)oc1COc1ccc(F)c(-n2nnc(=S)[nH]c2=S)c1,15.165750888103101
c1ccc(CSc2nc(NCc3ccc4c(c3)OCO4)nc(-c3cccnc3)n2)cc1,15.198684153570664
Cc1ccnc(-n2nc(-c3ccc(O)cc3)nc2SCc2ccc(C(F)(F)F)cc2)n1,15.198684153570664
Cn1c(Sc2ccc(C(=O)Nc3ncc(C4CC4)s3)cn2)nnc1-c1ccccc1,15.231546211727817
Cc1ccn2nc(Sc3ccc(C(=O)O)cc3)n(Cc3ccccc3Cl)c(=O)c12,15.231546211727817
Cc1cc(-n2cc(C(=O)O)ccc2=O)nc(-c2cc3ccccc3n2Cc2sccc2C)n1,15.264337522473747
COc1ccc(-n2nc(NC(=O)c3cccc4ccccc34)nc2-c2nccs2)cc1,15.329709716755891
Cc1cccc(-c2c(-c3cccnc3)nn(CC(=O)O)c2Sc2ccc(Cl)cc2)n1,15.329709716755891
C#CCn1c(SCc2nc(C)c(C(=O)O)s2)nnc1-c1ccc(Cl)cc1Cl,15.362291495737216
COC(=O)c1cc(-c2nnc(Sc3ccc(F)c(C(F)(F)F)c3)s2)c(C)cc1O,15.362291495737216
Cn1cnc(-c2ccn(-c3cc(Cl)cc(Cl)c3)c2OCc2cccc(C(=O)O)c2)n1,15.394804318340652
COc1cc(-c2sc3c(c2OCc2cccc(Cl)c2)CCCO3)n2cc(N)nc2n1,15.394804318340652
COc1ccc(-c2nc(Sc3nnc(-c4ccc(Cl)cc4Cl)n3C)n[nH]2)cc1,15.427248620541512
Nc1cccc(Oc2nc(CCn3scc(-c4nccs4)c3=O)ccc2Cl)c1,15.427248620541512
COc1cc(Cl)cc(Cl)c1-c1cc(N)nc(SCc2ccc3c(c2)OCO3)n1,15.459624833740307
Cc1cc(OC(F)(F)F)cc(-n2nc(-c3cccs3)nc2-c2nccc(O)n2)c1C,15.459624833740307
COc1ccc(-c2cccc(-n3c(S)nc4cc(Cl)ccc4c3=O)n2)cc1OC,15.556349186104045
CCn1c(=O)n(-c2cc(Cl)ccc2Cl)c2c(Oc3ccnc(NC)c3)ncnc21,15.588457268119896
Cc1ccc(CNc2nc(-c3cc(Cl)cnc3F)nn2-c2ccccc2C#N)s1,15.588457268119896
Nc1ccnc(-n2nc(-c3ccccc3)nc2SCc2cccc(OC(F)(F)F)c2)n1,15.588457268119896
Cc1cnn(-c2cccc3c2nc(SCc2ccccc2)n3-c2ccc(C(=O)O)cc2)n1,15.620499351813308
Cc1nc(O)nc(Oc2ccc3c(c2)nc(Sc2cc(Cl)cc(Cl)c2)n3C)n1,15.620499351813308
O=C(O)Cn1nc(Sc2ccccc2)c2c(OCc3ccccc3)cc(F)cc2c1=O,15.620499351813308
Cn1nc(-c2ccc(Cl)cc2Cl)nc1SCc1ncc(C(=O)O)n1C1CCCC1,15.620499351813308
O=C(O)c1cn(CCOc2ccc(Cl)c(Cl)c2)n(-c2csc(C3CC3)n2)c1=O,15.652475842498529
CSc1nsc(-c2cc(Cl)ccc2OCc2ccc(C(F)(F)F)nc2O)n1,15.684387141358123
COc1cccc(-c2nc(-c3nccs3)nn2C(O)c2cnc(Cl)c(Cl)c2)c1,15.716233645501712
COc1ccc(-c2nc3ccccc3n2Cc2cccc(-c3ncnc(S)n3)c2)cc1,15.716233645501712
COc1ccc(-c2nc(NC(=O)CSc3nc4ccccc4s3)c3cccnc3n2)cc1,15.84297951775486
Cc1cnc(Sc2nnc(Cc3cccnc3)c(N)n2)n1-c1ccc(Cl)c(Cl)c1,15.84297951775486
COc1ccc(-c2nc(-c3ncnn3N)nn2Cc2ccc(Cl)cc2C(F)(F)F)cc1,15.905973720586866
COC(=O)Nc1cc(C)nc(-n2nccc2SCc2cccc(C(F)(F)F)c2)n1,15.905973720586866
Cc1cc(OCc2cccc(Cl)c2)n(-c2ccnc(Nc3ccc4c(n3)OCCO4)c2)n1,15.968719422671311
Cn1c(Sc2ccc3ncccc3n2)nc2cc(COc3ccc(Cl)cc3)c(O)nc21,15.968719422671311
Cn1cc(-c2cccc(C(=O)O)c2)nc1Sc1nc(-c2ccc(Cl)cc2Cl)nn1C,16.0
COc1ccc(-n2c(Sc3cccc4ncccc34)nc3ccccc3c2=O)cc1OC,16.0312195418814
COc1cc(F)c(Oc2nc(NCc3ccc4c(c3)OCO4)nc3ccccc23)nc1F,16.09347693943108
COC(=O)c1cc(-c2cn(C)c3nc(Sc4cc(F)cc(Cl)c4)ccc23)nnc1O,16.1245154965971
COc1ccc(-n2c(Sc3cccc(Cl)c3Cl)nnc2-c2ccc(O)nc2)nc1,16.1245154965971
O=C(Nc1nncs1)c1cccc(-c2nc(SCc3ccccc3)nn3cccc23)c1,16.1245154965971
COc1cccc(-c2ccc(Sc3ncc(O)c(=O)n3-c3cccc(Cl)c3)nc2)c1,16.186414056238647
Cn1cc(NC(=O)CSc2ccccc2)cc1-c1nc(-n2cnc3ccccc32)ns1,16.217274740226856
COC(=O)Nc1cc(Oc2cccc(Cl)c2)c2nc(C)n(Cc3cnn(C)c3)c2c1,16.217274740226856
COc1ccc(CNc2nc(-c3ccccc3)nc(-c3cc4ncccc4s3)n2)cc1,16.217274740226856
O=C(c1ccc(Nc2ccc3ccccc3n2)cc1)n1nnnc1SCc1ccccc1,16.24807680927192
CSc1nn(Cc2cc(-c3ccc(Cl)cc3Cl)c3ncc(C)n3n2)cc1C(=O)O,16.24807680927192
Cc1nc2ccc(C(=O)Nc3cccc(-n4cc(Sc5ccncc5)nn4)c3)cc2n1C,16.24807680927192
COc1c(Cl)cc(Cl)cc1OCc1cnn(-c2nc3ccc(C(=O)O)cc3s2)c1,16.24807680927192
COC(=O)c1cc(-c2ccc(-c3nc(SC(F)(F)F)ns3)cc2)c(C)nc1O,16.278820596099706
Clc1cc2ccccc2cc1Oc1ncnc(NC2CCN(Cc3ncco3)CC2)n1,16.34013463836819
Cc1cc(CNc2nnc(SCc3ccc(Cl)c(Cl)c3)n3nccc23)on1,16.34013463836819
COc1cc(O)c2c(=O)n(Cc3cccc(Oc4cccc(C(F)(F)F)c4)c3)nnc2c1,16.34013463836819
Cc1cc(CSc2nnn(-c3ccc(OC(F)(F)F)cc3Cl)c2C(=O)O)cs1,16.34013463836819
Cc1ncc(C(=O)O)nc1-c1nc(SCc2ccccc2)nn1-c1cccc(Cl)c1,16.3707055437449
COC(=O)c1c(-c2ccccc2)c2c(O)nc(-c3ccccn3)nc2n1Cc1ccsc1,16.3707055437449
Cc1nnc(COc2cc(F)cc3sc(NC(=O)c4ccc(Cl)cc4)nc23)s1,16.431676725154983
CSc1ccc2nc(C)n(-c3cc(Cl)cc(COc4ccc(F)nc4O)n3)c2n1,16.46207763315433
COc1cc(Oc2nc3ccccc3s2)cc(-n2cc(-c3ccn[nH]3)ccc2=O)c1C,16.46207763315433
COc1cc(C(=O)O)ccc1Sc1nc2sccc2c(=O)n1Cc1ccccc1,16.492422502470642
COc1ccc(-c2cn(-c3ccc(C(=O)O)nn3)c(Sc3ccccc3Cl)n2)cc1,16.492422502470642
CC(=O)n1nc(-c2cccc(Cl)c2)nc1-c1cnc(NCc2cccc(C)n2)s1,16.55294535724685
Cc1nc(-c2ccncc2)ccc1CN1CCC(Nc2nc(-c3ccco3)ns2)CC1,16.583123951777
O=C(c1ccc(Nc2ncc(Cl)cc2F)cc1)n1nnnc1SCc1ccccc1,16.583123951777
Oc1cc(SCc2nnc(-c3ccc(OC(F)(F)F)cc3)o2)n(-c2ccccc2)n1,16.583123951777
COc1ccc(Oc2cc(NC(=O)c3cc4ccccc4s3)nc3c2cnn3C)cc1,16.583123951777
Cn1c(Sc2cc(Cl)ccc2OCC(=O)O)c(-c2nccc(=O)s2)c2ccccc21,16.583123951777
O=C(O)Cc1ccc(CN2CCC(n3cc(-c4cc5ccccc5s4)nn3)CC2)cn1,16.61324772583615
Cc1ccc(-c2nnc(SCc3cc(O)c4ccccc4n3)n2-c2ccc(F)cn2)cn1,16.61324772583615
Cc1csc(-c2c(N)c(-c3ccc(Cl)c(Cl)c3)nn2Cc2ncc(C)s2)n1,16.673332000533065
COc1ccc(-c2nc(Sc3ccccc3O)n(C(=O)c3cccc(Cl)c3)n2)cc1,16.673332000533065
COc1ccc(-c2nnc(SCc3nnc(-c4ccc(F)c(F)c4)s3)[nH]2)cc1F,16.673332000533065
Cc1ccc(S(=O)(=O)Nc2nnc(SCc3ccc4c(c3)OCO4)s2)c(C)c1,16.703293088490067
CSc1cc(Oc2cccc(-c3cn(Cc4ccc5c(c4)NC(=O)CO5)nn3)c2)ccn1,16.703293088490067
COc1cccc(-c2cc(C)nn2-c2cc(C(=O)O)nn2-c2ccc(Cl)c(Cl)c2)c1,16.76305461424021
Cc1cc(CSc2ccncc2)sc1-c1nnn(-c2ccc3c(c2)CCC(N)C3)n1,16.76305461424021
Cc1nc(-c2cccc(C(=O)O)c2)nn1Cc1ccc(-c2cn3cc(F)ccc3n2)s1,16.76305461424021
Cc1cc2c(nnn2Cc2ccc(F)c(Oc3cccc(OC(F)(F)F)c3)c2)c(O)n1,16.822603841260722
C=C(Cn1ncc2c(SCc3ccncc3)nc(O)nc21)c1ccc(Cl)c(Cl)c1,16.822603841260722
COc1cc(OC)c(F)c(-c2nc(Sc3c4c(cc5ccccc35)NCCO4)no2)c1,16.852299546352718
CSc1nc(-c2cccc(C(=O)O)c2)nn1C(C(C)=O)c1ccc(Cl)c(Cl)c1,16.852299546352718
COc1ccc(-c2nn(CC(=O)O)c(=O)c3c(C)c(-c4cccc(Cl)c4)sc23)cc1,16.852299546352718
Cn1ncc2c1nc(SCc1ccc(Cl)c(Cl)c1)n2-c1ccc(C(=O)O)cn1,16.852299546352718
O=C(O)c1cccc(-c2nc(SCc3ccc4c(c3)OCO4)n(-c3ccccc3)n2)c1,16.881943016134134
COC(=O)c1ccc(OCc2nc3c(s2)-c2cccnc2N(C)c2ccccc2-3)cc1O,16.881943016134134
Cc1cc2nc(-c3ccc(C)n4ccnc34)nn2c(NCc2ccc(-c3ccncc3)cc2)n1,16.941074346097416
Cc1cn(-c2ccc(C(=O)O)cc2)c(SCc2cnnc(-c3cccc(Cl)c3)c2)n1,16.941074346097416
Cc1nnn(C(=O)CSc2nc3c(c(Nc4ccc(Cl)cc4)n2)CCCC3)c1C,16.941074346097416
Cn1cc(COc2ccc(C(=O)O)cc2)c2nc(Sc3cccc(C(F)(F)F)c3)nnc21,17.0
COc1cc(OC)cc(-n2cc(C(=O)O)c(=O)n2-c2cccc3sc4ccccc4c23)c1,17.0
Cn1c(-c2nc3c(O)nc(SCc4ccccc4)nc3n2C)nc2ccc(Cl)cc21,17.029386365926403
Clc1ccc(-c2nc(SCc3nnn[nH]3)n(CC3CCCCC3)n2)c(Cl)c1,17.029386365926403
Cc1cc(Cl)ccc1Oc1cccc(Cn2nnc3c2cnn3-c2ccc(O)cc2)c1,17.05872210923198
COc1ccc(-c2nnc(Cn3ccc(Cl)c(-c4ccc(C(=O)O)cc4)c3=O)s2)cc1,17.05872210923198
Cc1nc(Nc2ccc3c(c2)OCCO3)sc1C(=O)c1cc(-c2ccccc2)n(C)n1,17.05872210923198
Cc1cnc(SCc2cn(-c3ccccc3)c(C(=O)O)n2)n1-c1ccc(Cl)cn1,17.05872210923198
COc1cccc(-c2c(C#N)nc(S)n2C(=O)OCc2cccc(C(F)(F)F)c2)c1,17.08800749063506
Cc1cccc(Oc2cccc(-n3c(C)cc4c(N5CCC(C(=O)O)CC5)ncnc43)n2)c1,17.08800749063506
Cn1c(CNc2ncnn2Cc2cccc(F)c2)nnc1-c1ccc(Cl)c(Cl)c1,17.08800749063506
Cc1ccc2c(c1)nc(-c1cccc(-c3ccn(CC(=O)O)n3)c1)n2Cc1cscn1,17.11724276862369
Cn1c(COc2ccc(Cl)c(Cl)c2)nc2c1c(S)nn2-c1ccc(C(=O)O)cc1,17.146428199482248
OC(=S)n1c(COc2ccc(Cl)cc2)nnc1SCc1ccc2c(c1)OCO2,17.146428199482248
Nc1nc(C(=O)COc2cc(Cl)c(Cl)cn2)c(-c2cc3c(s2)COC3)s1,17.146428199482248
Cc1ccc(-c2csc(NC(=O)c3cccc(Sc4nncn4C)c3Cl)n2)cn1,17.175564037317667
CSc1cccc2ncn(Cc3cc(-c4nc(C(=O)O)cs4)cc(C)c3F)c(=O)c12,17.204650534085253
Cc1nc(-c2cn(-c3ccc(O)cc3)nn2)sc1COc1ccc(Cl)c(Cl)c1,17.320508075688775
COc1ccc(-c2nc(Sc3nccc(C(F)(F)F)n3)n(-c3ccc(O)cc3)n2)cc1,17.320508075688775
COc1ccc(-c2sc(SCc3cnc4cc(Cl)ccc4c3)nc2C(=O)O)cn1,17.320508075688775
Cn1c(SCc2ccc(C(=O)O)cc2)nc(-c2ccccc2)c(-c2nccs2)c1=O,17.320508075688775
Cc1cc(N)nc(-n2nc(SCc3cccc(C(F)(F)F)c3)nc2-c2cccs2)n1,17.378147196982766
COc1cc(OC)c(Oc2cccc(Cl)n2)c(-n2c(=S)[nH]c3ncccc3c2=O)c1,17.378147196982766
Oc1ccc(-c2cccc(-n3nnnc3SCc3ccc(Cl)c(Cl)c3)n2)cc1,17.406895185529212
Cn1ccc(-c2nnc(SCc3ccc(Cl)c(Cl)c3)n2-c2cccc(N)c2)n1,17.406895185529212
COc1ccc(-c2nn(CC(=O)O)c(=O)c3ccc(Cl)cc23)c(Sc2cccs2)c1,17.406895185529212
COc1ccc(-c2nc(Sc3ccc(C(=O)O)cc3)n(-c3ccccc3Cl)n2)cc1,17.406895185529212
COc1ccc(-c2nc(O)c3nc(F)n(Cc4ccc(-c5nccs5)cc4)c3n2)cc1,17.406895185529212
COc1ccc(-c2nn(CC(=O)O)c(=O)c3sc(-c4ccccc4)c(C)c23)c(Cl)c1,17.435595774162696
Cn1c(CSc2nnc(Sc3cc(F)cc(F)c3)cc2O)nc2ccccc2c1=O,17.435595774162696
COc1ccc(-c2cc(C(=O)O)c(Sc3nc(C)cn3C(F)(F)F)c(=O)s2)cc1,17.435595774162696
Cc1ncc(-c2ccc3c(c2)ncn3C)n1Cc1cc(-n2cc(C(=O)O)cn2)ccc1Cl,17.435595774162696
O=C(O)Cn1nc(-c2cncnc2)nc1SCc1cccc(-c2ccc(Cl)cc2)c1,17.435595774162696
COc1cc(-c2nnc(SCc3cc(Cl)cc(C(F)(F)F)c3)s2)cnc1N,17.46424919657298
COc1ccc(-n2nc(C(=O)O)cc2-c2nc3ccccn3c2-c2cccs2)c(C)c1,17.46424919657298
Cc1sc(-c2c(C(=O)O)cnn2C)cc1Cn1c(-c2ccc(F)cc2)nc2ncccc21,17.46424919657298
Cc1ncc2c(CC(=O)O)c(-c3ccccc3)nc(SCc3ccc4c(c3)OCO4)n12,17.46424919657298
CSc1nc2cc(Cl)cc(-n3nc(C(=O)Nc4ccc(C)nn4)cc3C)c2s1,17.52141546793523
Oc1ccc(-n2cc(CSc3ncnn3Cc3ccc(Cl)c(Cl)c3)nn2)cc1,17.52141546793523
COc1ccc(Cl)c(C)c1-c1csc2c(=O)n(-c3nccs3)c(CC(=O)O)cc12,17.549928774784245
Cc1cc(Sc2c(C(F)(F)F)nc(C)c3cc(-n4cc(C(=O)O)cn4)ccc23)n(C)n1,17.549928774784245
COc1cc(OCC(F)(F)F)cc(-c2nn(-c3nc4ccccc4s3)cc2C(=O)O)c1,17.549928774784245
COc1ccc(-n2cc(Oc3ccc4c(c3)ncn4C)c(C(=O)O)c2Cl)cc1Cl,17.578395831246947
CSc1nc(-c2ccccc2)n(-c2cc(F)cc(Oc3cc(C(=O)O)cnc3F)c2)n1,17.578395831246947
Clc1ccc(-n2cc(-c3c[nH]cn3)nc2SCc2cn(-c3ccccc3)nn2)cc1,17.60681686165901
Oc1cc(CSc2nnnn2C(c2ccccc2)C2CCC2)nc2ccc(Cl)cc12,17.60681686165901
COc1ccc(Cn2nc(-c3ccc(Cl)cc3)nc2-c2nnc(N)s2)cc1Cl,17.60681686165901
O=C(Nc1nc(SCc2ccc3c(c2)OCO3)nc(-c2cccs2)n1)C1CCCC1,17.60681686165901
COc1ccc(-c2c(-c3ccc(F)c(Cl)c3)c(C)nn2-c2nc(C(=O)O)cs2)nc1,17.635192088548397
Cc1ccc(-c2nn(CC(=O)O)c(Sc3ccc(Cl)cc3)c2-c2cccnc2)cn1,17.635192088548397
Cn1nc(SCc2cn(-c3ccc(Cl)cc3)nn2)nc1-c1ccc(Cl)c(O)c1,17.635192088548397
O=C(O)c1ccc(-c2nnc(CSc3ncc(Cl)s3)n2Cc2ccccc2)cc1,17.635192088548397
O=C(Cn1cc(CSc2ncco2)cn1)Nc1nc(-c2cc(Cl)cc(Cl)c2)cs1,17.635192088548397
O=C(O)c1ccc(-c2ccc(CN3CCC(c4ncnc(-c5nccs5)n4)C3)cc2)cc1,17.663521732655695
COc1ccc(-c2cc(-c3cnc4cc(C)n(C(F)(F)F)c4c3)n(CC(=O)O)n2)cc1,17.69180601295413
Cn1c(SCc2ccc(C(F)(F)F)c3cccn23)nnc1-c1cccc(C(=O)O)c1,17.69180601295413
Cc1cc(C)n(-c2nnn(-c3ccc(Cl)c(Cl)c3)c2C(=O)c2ccccc2)c1NN,17.69180601295413
Cc1c(C)c(-c2cccc(-n3cnc(C(F)(F)F)n3)n2)n(-c2ccc(C(=O)O)s2)c1C,17.69180601295413
Cc1cc2cc(-c3cc(C(=O)O)nn3C)ncc2n1Cc1ccc(-c2nccs2)cc1,17.69180601295413
Cc1c(-c2cccs2)nc(Cn2c(-c3cc(O)ccn3)nc3cc(Cl)ccc32)n1C,17.72004514666935
Cc1ccc(-n2c(Sc3c(C)cc(Cl)cc3Cl)nnc2-c2nc(N)nn2C)cc1,17.72004514666935
COc1cccc2c1c(O)nn2-c1nc2ccc(OCc3cccc(Cl)c3)nc2s1,17.72004514666935
O=C(O)c1csc(-c2nnc(SCc3ccccc3)n2Cc2ccc(Cl)cc2)n1,17.74823934929885
O=C(O)Cn1nc(-c2ccc(Cl)cc2)cc1Sc1ccc2c(c1)OCO2,17.74823934929885
Oc1cc(-c2nnc(SCc3cccc(Cl)c3)n2-c2ccc(Cl)cc2)ncn1,17.74823934929885
Cc1nnc(CSc2nc3ccc(Cl)cc3n2Cc2cccc(C(=O)O)c2)s1,17.74823934929885
Cc1cc(-c2cn(-c3ccccc3)nn2)cc2cnc(NCc3ccc4c(c3)OCO4)nc12,17.776388834631177
Cn1cc(-c2nc(Sc3ccc(Cl)cc3)n(C)c2-c2ccc(C(=O)O)cc2)cn1,17.776388834631177
O=C(O)c1ccc(-n2nnnc2SCc2cccc(Cl)c2)cc1SC(F)(F)F,17.776388834631177
Cn1c(COc2cc(O)c(Cl)c(Cl)c2)nnc1SCc1ccc2c(c1)OCO2,17.776388834631177
COc1cc(OC)nc(-c2ccc3c(c2)c(C(F)(F)F)c(C(=O)O)n3-c2nccs2)c1,17.776388834631177
COc1cc(-c2nc(SC(C)(C)C)n(C(=O)Nc3ccc(Cl)cc3)n2)cnc1OC,17.832554500127006
COc1ccc(-c2cc(Nc3nc4ccccc4s3)nn(Cc3cccnc3)c2=O)cc1,17.86057109949175
Clc1cnc(OCc2nnc(SCc3nnc(-c4ccccc4)[nH]3)s2)c(Cl)c1,17.86057109949175
COc1cccc(-c2nnc(-c3cc(Cl)cc(Cl)c3Cn3ccc(O)n3)s2)n1,17.86057109949175
CSc1nc2c(n1Cc1ccc(-c3nc(C(=O)O)c(C)o3)cc1Cl)CCOCC2,17.86057109949175
O=C(O)c1ccc(OC(Cn2nc(-c3nccs3)c3ccccc32)c2ccccn2)cc1,17.88854381999832
Cc1ccc(-n2c(CSc3ccnc(Nc4ccccn4)n3)nc3ccccc3c2=O)cc1,17.88854381999832
Cc1nn(-c2cc(Nc3nc(-c4cccc5c4ccc(=O)n5C)cs3)ccn2)c(C)c1C,17.88854381999832
COc1cc(OC)c(Cl)c(-c2nc(-c3ccc(C(=O)O)s3)n3c2CCCC3)c1,17.88854381999832
CNCc1cnc(-c2nc(-c3nc4ccccc4s3)n(Cc3ccc(Cl)cc3)n2)nc1,17.944358444926362
CSc1ccc(-c2cn(-c3ccc(Cl)c(Cl)c3)c(SCc3nnn[nH]3)n2)o1,17.944358444926362
CCn1c(SCc2nc(O)c3ccccc3n2)nnc1-c1ccc(Cl)cc1Cl,17.97220075561143
COc1cccc(Sc2nc(-c3nccc(N)n3)n(-c3ccc(Cl)c(Cl)c3)n2)c1,17.97220075561143
CCn1c(SCc2cn(-c3ccc(C(=O)O)cc3F)nn2)nc2ccc(Cl)cc21,17.97220075561143
CCn1c(Sc2ccc3c(c2)OCO3)nc2c(Sc3ccc(N)cc3)cccc2c1=O,17.97220075561143
COc1ccc(-c2nn(CC(=O)O)c(=O)c3c(C)csc23)cc1-c1sccc1Cl,18.0
COc1cc(Cl)cnc1-n1c(SCc2cccc(C(=O)O)c2)nnc1C(F)(F)F,18.0
Cc1ccnn1-c1ccc(SCc2nc3cc(C(=O)O)cc(-c4ccccc4)n3n2)cc1,18.0
COc1ccc(-c2nn(-c3ccc(Cl)c(Cl)c3)c(SCC(=O)O)c2C#N)cc1,18.0
Cc1cc(Cl)cc(Cl)c1Oc1cc(N2CCCC2)nn1-c1cc(C(=O)O)ccn1,18.0
Cn1cc(-c2ccc(OCc3ncn(-c4ccc(Cl)c(Cl)c4)c3C(=O)O)s2)cn1,18.027756377319946
COc1ccc(Cl)cc1Cn1nc(-c2ccccn2)c2c(-c3ccnc(O)n3)csc21,18.05547008526779
COc1cc(Cl)c(C)cc1Oc1c(-c2nccs2)[nH]c(=S)n1-c1ccccn1,18.05547008526779
Cc1cc(Cl)ccc1-n1c(SCc2cccc(-c3nccs3)c2)nnc1C(=O)O,18.083141320025124
COc1ccc(-n2nc3ccccc3c2Sc2ccc3c(c2)CCNC3=O)cc1OC,18.083141320025124
Cc1cc(Cl)cc(Cl)c1-c1nnc(SCc2cn(-c3ccc(O)cc3)nn2)n1C,18.083141320025124
Oc1nnc(-c2nnc(SCc3cccc(C(F)(F)F)c3)n2Cc2ccccc2)o1,18.083141320025124
COc1cccc2c1cnn2Cc1ccc(-n2c(O)nc3c(-c4cccs4)ccnc32)cc1,18.110770276274835
Cn1cc(-c2nn(-c3cc(Cl)cc(COc4ccc(Cl)c(F)c4)c3)cc2O)nn1,18.110770276274835
Cc1cc2cc(-c3nnc(NCc4cccnc4)s3)ccc2n1CC(=O)OC(C)(C)C,18.110770276274835
O=C(O)Cn1cnc2c(=O)n(-c3ccccc3)nc(-c3ccc(Sc4ccccc4)cc3)c21,18.110770276274835
Oc1cc(-c2ccccc2)ccc1OCc1nc(-c2nccs2)n(-c2ccccc2)n1,18.110770276274835
COc1ccc(C(=O)n2c(SCc3cc(O)c4ccccc4n3)nc3ncccc32)cc1,18.110770276274835
Cc1cc(Cl)ccc1SCc1cn(-c2ccc(C(=O)O)cc2)c(-n2ccnc2)n1,18.110770276274835
COc1ccc(Cl)cc1-c1cc(CSc2nnc3ccc(Cl)cc3n2)n(C)n1,18.138357147217054
Cc1cc(C)c2c(-n3ccnc3)nn(Cc3cccc(-c4ccc(C(=O)O)cc4)n3)c2c1,18.138357147217054
CC1CCCCN1c1ccc(-c2nc(N)nc(SCc3ccc4c(c3)OCO4)n2)cc1,18.138357147217054
COc1ccc(-c2ccc(Sc3nc(O)c(=O)n(-c4ccccc4Cl)n3)cc2)cc1,18.16590212458495
Cc1cc(Oc2cccc3c2CC(C(=O)O)CCO3)n(-c2ccc(-n3cccn3)cc2C)n1,18.193405398660254
O=C(O)c1cccc(-c2cc(CSc3nnc(Cl)n3-c3ccccc3)ccn2)c1,18.193405398660254
Cc1csc(C(=O)Nc2cccc(-n3nnnc3SCc3cccc(Cl)c3)c2)n1,18.193405398660254
O=C(O)Cn1nc(-c2ccc(Cl)cc2)nc1SCc1ccccc1-c1cccnc1,18.193405398660254
Cc1csc(-c2nn(-c3ccc(Cl)cc3Cl)nc2Cn2cc(C)c(=O)c(O)c2)n1,18.2208671582886
COc1cc(O)nc(-c2ccc(Cl)cc2)c1Sc1nnnn1-c1ccc(Cl)cc1,18.2208671582886
COc1cccc(-n2c(SCc3ccc(C(F)(F)F)cc3)nnc2C(=O)O)c1,18.2208671582886
O=C(O)c1cn(Cc2ccc(Cl)cc2OCc2ccccc2)nc1-c1nccs1,18.2208671582886
CN(Cc1cccc2c1nnn2Cc1cccc(C(=O)O)c1)c1nc2ccccc2s1,18.2208671582886
CC(c1cc(Cl)cc(Cl)c1)n1cnc2sc(-c3cnn(C)c3)c(OCC(=O)O)c21,18.24828759089466
COc1ccc(-n2cc(C(=O)O)c(-c3cccc(Sc4ccccc4)c3)n2)cc1F,18.24828759089466
COc1cc2n(C)c(Sc3cc4c(cc3Cl)[nH]c(=O)c3ccsc34)nn2c1OC,18.275666882497067
COC(=O)c1c(Sc2c(F)c(-c3ccc(Cl)cc3)nn2C)sc(C(=O)O)c1C,18.275666882497067
Cc1cc(SCc2cn(-c3cccc(Cl)c3)nn2)n(-c2ccc(C(=O)O)c(F)c2)n1,18.303005217723125
Cn1c(SCc2cn(-c3ccc(Cl)cc3Cl)nn2)nnc1-c1ccc(O)cc1,18.303005217723125
COc1ccc(Cl)c(-c2nn(CC(=O)O)c(=S)cc2-c2ccc3nc(C)oc3c2)c1,18.303005217723125
COc1ccc(-c2ncc(NC(=O)c3nn(Cc4nccs4)c4ccccc34)s2)cc1,18.303005217723125
Cn1nc(-c2ccc(Cl)cc2)cc1SCc1nnc(-c2ccc(C(=O)O)cc2)s1,18.303005217723125
COc1cccc(-c2nnc(Sc3ncc(O)n3-c3ccc(Cl)c(Cl)c3)n2C)c1,18.303005217723125
Cc1ccc(Cn2c(=O)n(-c3nc(C(=O)O)cs3)c3ccccc32)c(OC2CCC2)c1,18.33030277982336
CSc1nc2nc(SCc3cnc4ccccc4c3)n(CC(=O)O)c2cc1Cl,18.33030277982336
Oc1ccc(-n2nnc(CSc3nccc(-c4ccc(Cl)cc4)n3)n2)cc1Cl,18.33030277982336
Cc1cc(C)c(O)c(C(=O)Oc2ccc(-c3nnc(C(F)(F)F)s3)n3cccc23)n1,18.33030277982336
O=C(O)Cn1nc(-c2cccc(OCc3cccc4c3OCO4)c2)cc1-c1cccs1,18.33030277982336
O=C(O)c1nc(-c2cn(Cc3ccc(Cl)cc3Cl)nn2)cn1Cc1cccs1,18.35755975068582
O=C(O)Cn1nc(-c2ccc(OCc3ccc(C4CC4)cc3)cc2)c2ccsc2c1=O,18.35755975068582
Cc1cc(C)c(-n2c(=O)n(-c3nc4ccc(C(=O)O)cc4s3)c3nc(C)ccc32)c(C)c1,18.35755975068582
Cc1csc(-c2cn(CCc3cc(N)no3)nc2-c2ccc(Br)s2)n1,18.35755975068582
Cc1cnc(-c2cnn(CC(c3ccc(Cl)c(Cl)c3)n3cnc(C(=O)O)c3)c2)s1,18.35755975068582
Clc1ccc(CSc2nnc(-c3ccc(CNc4ccnc5ccnn45)cc3)o2)cc1,18.384776310850235
CCn1c(-c2ccc3c(c2)OCO3)nc(CSc2nnn[nH]2)c1-c1ccc(Cl)cc1,18.384776310850235
COc1ccc(-c2nnc(Sc3nnn[nH]3)n2Cc2ccc(C(F)(F)F)cc2)cc1,18.411952639521967
COc1ccc(-c2nc(Cc3ccccc3Cl)n(-c3nc(C(=O)O)cs3)n2)cc1,18.411952639521967
COc1ccc(-c2nnc(Nc3cc(C(F)(F)F)cc4c3OCCCO4)o2)cc1OC,18.411952639521967
Cn1cc(N)nc1-c1nnc(SCc2cccc(C(F)(F)F)c2)n1-c1ccccc1,18.411952639521967
COc1cccc(Sc2ccc3c4cc(Cl)sc4c(=O)n(CC(=O)O)c3c2)c1,18.439088914585774
O=C(O)Cn1nc(-c2ccc(Cl)cc2)n2nc(SCc3cccc(Cl)c3)nc12,18.439088914585774
Cc1nc(O)c2ccc(-c3nnc(SCc4cccc(OC(F)(F)F)c4)s3)cc2n1,18.439088914585774
COc1ccc(-n2ncnc2SCc2ccc3c(n2)c(O)nc2ccccc23)cc1F,18.439088914585774
Cc1ncc(-c2ccc(Oc3nnn(-c4ccc(Cl)c(Cl)c4)c3C(=O)O)cc2)n1C,18.439088914585774
Cn1cc(-c2ccc(OCc3nc(-c4ccc5c(c4)CCO5)ns3)cc2)cc1C(=O)O,18.439088914585774
COc1cc(F)cc(-n2c(Sc3cccs3)nnc2-c2ccc(C(=O)O)cc2)c1,18.439088914585774
O=C(O)c1ccc(-n2nnnc2SCc2ccccc2)cc1Sc1ccc(F)cc1,18.466185312619388
Cn1ncc2c1nc(SCc1cccc(C(=O)O)c1)n2-c1cc(Cl)cc(Cl)c1,18.466185312619388
Cc1nc(-c2ccc(Cn3c(=O)n(-c4ccc(C(=O)O)cc4)c4ncccc43)cc2)cs1,18.466185312619388
COc1c(OCc2cccc(C(F)(F)F)c2)cccc1-n1c(F)nc2c(N)ncnc21,18.49324200890693
COc1ccc(-c2cc(Sc3nnn[nH]3)n(Cc3cccc(C(F)(F)F)c3)n2)cc1,18.49324200890693
Cc1ncc(CNc2nnc(-c3ccc4c(c3)cc(Cl)n4Cc3ccccc3)nn2)s1,18.49324200890693
COc1ccc(CSc2nnc(-c3ccc(C(=O)O)cc3)c3cccn23)cc1Cl,18.520259177452136
COc1ccc(-c2nn(Cc3cc(Cl)cs3)c(=O)c3c(CC(=O)O)csc23)cc1,18.547236990991408
O=C(O)c1ccc(-c2nnc(COc3ccc(Cl)cc3)n2Cc2cccs2)cc1,18.547236990991408
Cc1cc(SCc2ccc(-c3cccc(F)c3)nn2)n(-c2cccc(C(=O)O)c2F)n1,18.547236990991408
Cn1c(COc2cc(Cl)cc(Cl)c2O)nnc1SCc1ccc2c(c1)OCO2,18.547236990991408
Cc1cnc(-n2nc(-c3ccccc3)cc2SCc2ccc3c(c2)OCO3)cc1C(=O)O,18.57417562100671
Cn1cncc1-c1nc(SCc2ccccc2)n(-c2ccc(C(=O)O)cc2Cl)n1,18.627936010197157
COc1cc(Cl)c(Cl)cc1-c1nc2c(NCc3ccc(Cl)nn3)ncnc2n1C,18.627936010197157
COC(c1nnc(SCc2nc3ccccc3[nH]2)s1)c1cc(Cl)ccc1Cl,18.627936010197157
COc1ccc(-c2nc(Sc3ccc(Cl)c(Cl)c3Cl)n(CC(=O)O)n2)cn1,18.65475810617763
COc1ccc(-n2c(Sc3cccc(Cl)c3Cl)nnc2-c2cc(O)ncn2)cc1,18.65475810617763
Cc1nc2c(s1)n(-c1ccccc1OC(=O)Nc1ccc(Cl)cc1)c(=O)n2C(C)C,18.65475810617763
COC(=O)Cn1nc(-c2cc(Cl)cc(Cl)c2Cl)c(O)c1-c1nc(C)cs1,18.65475810617763
COc1cc(C)c2c(Oc3cc(F)cc(F)c3F)nn(-c3nc(C(=O)O)cs3)c2c1,18.65475810617763
CSc1ccc(C(=O)n2nc(-c3ncccn3)nc2NCc2cccc(Cl)c2)cc1,18.734993995195193
NCc1csc(-c2nc(SCc3ccc(Cl)cc3)n(-c3cccc(Cl)c3)n2)n1,18.734993995195193
COc1ccc(-n2nc(-c3cnc(O)s3)nc2Oc2cc(Cl)cc(Cl)c2)cc1,18.734993995195193
COc1ccc(C(=O)n2c(SCC(=O)O)nc3cc(Cl)ccc32)c2sccc12,18.734993995195193
COc1ccc(-c2ccc(Sc3nn4c(=O)c(C(=O)O)cn4cc3C)c(Cl)c2)cc1,18.734993995195193
COc1ccc(-c2nc(Sc3ccccc3Cl)n(-c3ccc(C(=O)O)cc3)n2)cc1,18.734993995195193
COc1ccc(-n2cc(-c3ccc4nc(O)c(=O)oc4c3)nc2Sc2ccccc2)cc1,18.734993995195193
O=C(Cn1nc(-c2ccccc2)nc1-c1cncs1)c1cccc(Nc2ccccn2)c1,18.734993995195193
Cn1c(Sc2cc(-c3ccc(N4CCC4)cc3)ccn2)nnc1-c1ccc(C(=O)O)cc1,18.76166303929372
O=C(O)c1ccc(-n2nccc2SCc2cn(-c3ccc(Cl)c(Cl)c3)nn2)cc1,18.76166303929372
COc1cccc(Cn2nc(-c3ccc(Cl)cc3)c3c(c(C(=O)O)cn3C)c2=O)c1,18.76166303929372
COc1cccc(-c2ccn(CC(F)(F)F)c2-c2cn(-c3cccc(C(=O)O)c3)nn2)c1,18.788294228055936
FC(F)(F)Oc1cccc(CSc2nnc(-c3cnccn3)n2-c2ccccc2)c1,18.788294228055936
Cc1c(C)n(-c2ccc(C(=O)O)s2)c(=O)c2c(Cc3cccc4ncccc34)nn(C)c12,18.788294228055936
O=C(O)c1cccc(-n2nc(SCc3ccccc3)nc2-c2ccc3c(c2)OCO3)c1,18.788294228055936
Cc1nsc2ccc(-c3nc(SCc4ccccc4Cl)n(CC(=O)O)n3)cc12,18.841443681416774
Cn1cc(Sc2nnc(N)n2Cc2ccccc2)c(-c2ccc(Cl)c(Cl)c2)n1,18.841443681416774
CC(C)n1c(Sc2nc3ccccc3n2CC(=O)Nc2ccncc2)nc2ccccc21,18.841443681416774
COc1ccc(Cl)c(C(C)(C)O)c1-c1nnc(Sc2ccc3c(c2)OCO3)n1C,18.841443681416774
O=C(O)Cn1nc(-c2ccc(Cl)cc2)nc1SCc1ccc(-c2ccccc2)nc1,18.841443681416774
O=c1c(-c2nccs2)cc(O)nn1Cc1ccc(OCc2ccc3ccccc3c2)cn1,18.841443681416774
Cc1cc(Oc2cccc(C(F)(F)F)c2)n(-c2cc(-n3cc(O)c(=O)cn3)sc2C)n1,18.867962264113206
COc1ccnc(-c2ccc(Cn3ncn(-c4ccc(C(=O)O)cc4)c3=S)cc2F)c1,18.867962264113206
Cc1c(C)n(CC(=O)O)c2cccc(-c3nc4nnn(-c5ccccc5F)c4s3)c12,18.894443627691185
Cc1ccc(-n2c(CSc3ncc(-c4ccccc4)c(N)n3)nc3ccsc3c2=O)cc1,18.920887928424502
Cc1cc(Oc2c(Cl)cc(Cl)cc2Cl)cn1-c1nc2c(CN)cnnc2n1C,18.920887928424502
COc1nc(Oc2cc(C)cc3c2n(-c2ncco2)c(=S)n3C)ccc1C(F)(F)F,18.920887928424502
Cc1cc(C)c2c(C)nn(-c3cc(Cl)cc(Sc4cncc(C(=O)O)c4)c3)c2n1,18.947295321496416
Cc1nc(-c2nc(-c3ccc(Cl)cc3)n(C)n2)sc1CN1CCC(C(=O)O)CC1,18.947295321496416
CCc1c(Cn2cc(C(=O)O)c(=O)c3ccsc32)nn(-c2ccccc2Cl)c1C,18.947295321496416
Cn1nc(-c2ccc(Cl)cc2)nc1SCc1ccc2oc(=S)n(CC(=O)O)c2c1,18.947295321496416
COc1cc(Cl)cc(Cl)c1-c1nnc(SCc2nc(O)c3ccccc3n2)s1,18.973665961010276
Cc1cc(SCc2cnc(-c3ccc(F)cc3F)cn2)n(-c2cccc(C(=O)O)c2)n1,18.973665961010276
Cc1cc(-n2cc(CSc3nnc(-c4ccc(Cl)cc4)c(O)n3)nn2)ccc1Cl,18.973665961010276
Cc1c(-c2ccc3c(c2)cc(C)n3Cc2ccccc2F)nnn1-c1nc(C(=O)O)cs1,19.0
COc1cccc(-c2nc3c(C(=O)O)nsc3n2Cc2ccc(C(C)(C)C)cc2)c1,19.0
COc1ccc(-c2nnc(Sc3ccc(C(=O)O)c(-c4ccc(F)cn4)c3)s2)cc1,19.0
COc1ccc(-n2c(=O)n(C(=O)O)c3cccc(-c4cccc5ccccc45)c32)c(OC)c1,19.0
COC(c1ccc(-c2nnc(SC3CCCNC3)o2)cc1)c1ccc(Cl)cc1C#N,19.026297590440446
COc1ccc(-c2nc3scc(Cc4cccc(-n5ccnn5)c4Cl)c3nc2O)cc1,19.026297590440446
COc1nnc(Sc2cc(Cl)cc(Cl)c2C(=O)Nc2ncc(C)cn2)s1,19.05255888325765
Cn1cc(-c2nnc(SCc3cccc(Cl)c3)n2-c2ccc(C(=O)O)cc2F)cn1,19.05255888325765
Cc1cccc2nc(CSc3nc(-c4ccc(Cl)cc4)nn3CC(=O)O)sc12,19.05255888325765
O=C(O)Cn1nc(-c2ccc(Cl)cc2)nc1SCc1nc(-c2ccccc2)cs1,19.05255888325765
COc1ccc(-c2nc(-c3cnc(-c4ccccc4)s3)n(CC(=O)O)n2)cc1Cl,19.05255888325765
O=C(O)c1ccc(-c2cn(-c3ncccn3)c(SCc3cccc(Cl)c3)n2)cc1,19.05255888325765
O=C(O)c1csc(-n2nc(-c3ccc(Cl)cc3)cc2OCc2ccccc2F)n1,19.078784028338912
OCCn1cc(-c2c(Cl)cc(Cl)cc2OCc2nc3ccccc3s2)nn1,19.078784028338912
Cc1cc(Cl)cc(Cl)c1Oc1nn(-c2nc(C(=O)O)cs2)c(C)c1C1COC1,19.078784028338912
COc1ccc(C(=O)O)cc1-n1cc(Cn2ccnc2)c(-c2cc(Cl)cc(Cl)c2)n1,19.1049731745428
O=C(O)CCn1c(SCc2ccc3c(c2)OCO3)nnc1-c1ccc(Cl)c(Cl)c1,19.1049731745428
COc1cc(Cn2ccnc2)cc2c1nc(-c1ccsc1)n2-c1ccc(C(=O)O)cc1,19.1049731745428
COc1ccc(-n2nc(-n3c(Cl)ccc3Cl)cc2Oc2ccccc2C(=O)O)cc1,19.1049731745428
COc1ccnc(-n2cc(Cn3c(-c4cccs4)nc4ccccc43)cc2C(=O)O)c1,19.1049731745428
CNc1nn(Cc2cccc(Oc3nnnn3-c3ccc(Cl)cc3)c2)c2ccccc12,19.131126469708992
Cc1nc(-c2csc(-c3nc(C)c(C(=O)c4cc(Cl)cc(Cl)n4)s3)c2)n(C)n1,19.131126469708992
CSc1nc(-c2ccccn2)nn1C(Cc1nnc[nH]1)c1ccc(Cl)c(Cl)c1,19.131126469708992
COc1cccc(CSc2nnc(-c3ccc4c(c3)c3ccccc3n4C(N)=O)s2)c1,19.131126469708992
Cc1c(Cn2cnc3ccncc32)c(-c2nccs2)nn1Cc1ccc(O)c(Cl)c1,19.157244060668017
CC(C)(C)c1c(O)cccc1C(=O)Cn1nnc(Sc2cccc(Cl)c2Cl)n1,19.157244060668017
COc1cc(-n2c(=O)n(Cc3nc(C(=O)O)c(C)s3)c3ccccc32)ccc1Cl,19.183326093250876
OCc1nnc(SCc2cc(-c3cccc(Cl)c3)nnn2)n1-c1ccc(Cl)cc1,19.183326093250876
CCOc1nn2nc(-c3cccs3)c(=O)n(Cc3ccc(Cl)c(Cl)c3)c2c1O,19.183326093250876
COC(=O)Cn1c(-c2ccc3ccccc3c2)cc2c(Cn3cc(C(=O)O)cn3)cccc21,19.183326093250876
O=C(O)c1nccn1Cc1nc(Sc2ccccc2)n(-c2ccc(Cl)cc2Cl)n1,19.183326093250876
Cc1nc(-c2ccc(OCc3cccc(Br)c3)nc2S)sc1C(=O)O,19.209372712298546
CC(=O)c1ccc2c(Sc3cccc(Cl)c3)nn(-c3nc(C)cs3)c(=O)c2c1N,19.209372712298546
C#CCn1cc(-c2ccc(F)cc2)nc1Sc1cc(C(=O)O)cnc1-c1ccccc1,19.209372712298546
CCn1nc(-c2ccc3oc(C)nc3n2)nc1N1CCC(Nc2ccc(Cl)cc2)CC1,19.235384061671343
Cc1nnc(SCc2ccn(-c3ccc(O)cc3)n2)n1-c1cc(Cl)cc(Cl)n1,19.261360284258224
COc1cc(C)c2cnn(C(=O)Nc3ccc(SCc4ccccc4Cl)nn3)c2c1,19.261360284258224
COc1ccc(CSc2nnnn2-c2ccc(Cl)c3nc(O)c4c(c23)CCC4)cc1,19.261360284258224
COc1cccc(-c2nnc(NC(=O)c3cccc(Oc4ccccc4)c3)s2)c1F,19.261360284258224
COc1cccc(Cn2nc(-c3ccc(Cl)cc3)cc2SC2=N/C(=C\C#N)C(=O)N2)c1,19.261360284258224
COc1c(O)c(Sc2nnn(-c3cc(Cl)ccc3Cl)c2C)nc2ccccc12,19.261360284258224
Cn1ncnc1-c1c(Cl)cc(Cl)cc1OCc1nc(-c2cccc(O)c2)ns1,19.261360284258224
COC(=O)c1nc(SCc2cc(-c3cccc(Cl)c3Cl)nn3cccc23)oc1O,19.28730152198591
Cc1nc2cc(-c3nnc(NCc4ccccc4C#N)s3)ccc2n1Cc1ccccc1,19.28730152198591
COc1c(C(=O)O)c(Sc2ccccc2)nn(Cc2ccc(Cl)c(Cl)c2)c1=O,19.28730152198591
O=C(O)c1ccc(-n2cc(CSc3nc(-c4ccc(F)cc4)cn3C3CC3)nn2)cc1,19.28730152198591
COc1ccc(-n2c(SCc3ccc(C(F)(F)F)cc3)nnc2C(=O)O)c2cccn12,19.28730152198591
COc1ccc(-n2c(SCc3cccc(C(F)(F)F)c3)nnc2C(=O)O)cc1,19.28730152198591
Cc1ccc(Sc2nnc(-c3ccc(F)cc3)n2-c2ccc(C(=O)O)cc2)n(C)c1=S,19.28730152198591
Cc1cccc(Cn2c(Sc3cccc(Cl)c3)nnc2-c2ccc(C(=O)O)cn2)n1,19.28730152198591
COc1cc(Cl)cc(Cl)c1-c1nn(CC(=O)O)c(=S)cc1-c1ccc(C)nn1,19.313207915827967
COc1cccc2c(-c3nc4c(s3)CCN(c3ccc(C(=O)O)cc3)C4)nc(C)nc12,19.313207915827967
Cc1c(-c2ccc(Cl)c(Cl)c2)nn(-c2scnc2C(=O)O)c1OCC(F)F,19.313207915827967
COc1cccc(CSc2nnc(-c3ncn[nH]3)n2-c2cc(Cl)ccc2Cl)c1,19.339079605813716
Oc1ccc(Cn2cnc(Sc3ccc(-c4nnnn4-c4ccccc4)cc3)c2)cc1,19.364916731037084
Cc1nc(-c2cccc(OCc3nc4ccccc4s3)n2)nn1-c1ccc(O)c(F)c1,19.364916731037084
COc1ccc(-c2nc(Sc3ccccc3Cl)nc(N3CCC(C(=O)O)C3)n2)cc1,19.364916731037084
O=C(O)c1ccc(-n2cc(CSc3ccnn3-c3ccc(Cl)c(Cl)c3)nn2)cc1,19.390719429665317
COc1ncc(O)cc1-c1nc(-c2ccc(Cl)cc2)nn1Cc1ccc(Cl)s1,19.390719429665317
COc1cccc(Sc2c(-c3nc(C(=O)O)cs3)c3cc(Cl)ccc3n2C)c1,19.390719429665317
COc1ccc(-n2nnc(-c3ccc(C(=O)O)cc3)c2Sc2ccc(Cl)cc2)cn1,19.390719429665317
O=C(O)c1ccc(-c2nnc(SCc3cc(Cl)c(Cl)cn3)n2CC2CC2)cc1,19.390719429665317
O=C(O)Cn1nc(-c2ccc(Cl)cc2)nc1SCc1nc2cc(Cl)ccc2o1,19.390719429665317
COc1ccc(-c2cc(OC(=O)Nc3nc(C)cs3)ccc2N2CCOCC2)cc1,19.4164878389476
Cn1cnc(-c2c(Cc3ccccc3)nc(-c3cccs3)n2-c2ccc(C(=O)O)cc2)n1,19.4164878389476
COc1cccc(-n2c(SCC(=O)Nc3ccc(Cl)s3)nc3cnccc32)c1,19.44222209522358
Oc1ccc(F)cc1Sc1nnnn1Cc1cccc(Oc2ccc(Cl)cc2)c1,19.44222209522358
O=C(O)c1ccc(OCc2nc(-c3nccs3)n(-c3cccc(Cl)c3F)n2)cc1,19.467922333931785
O=C(O)c1ccc(-c2cccc(Cn3nnnc3SCc3cccc(Cl)c3)c2)cc1,19.467922333931785
COc1cc(Cl)cc(-c2cc(OCc3ccccc3)n(-c3nc(C(=O)O)cs3)n2)c1,19.467922333931785
Oc1cc(-c2cc(Cl)cc(Cl)c2)nc(SCc2cn(-c3ccccc3)nn2)n1,19.467922333931785
Cc1cccc(-c2nnnn2O)c1CSc1ccnn1-c1ccc(Cl)c(Cl)c1,19.467922333931785
Cc1cc(-c2csc3c2nc(SCC(=O)O)n3Cc2ccc(Cl)cn2)ccn1,19.467922333931785
COc1cc2c(-c3ccc(Cl)cc3)nn(-c3ccc(C(=O)O)s3)c(=O)c2cc1OC,19.467922333931785
Cc1nnc(CSc2c(Cl)c(-c3ccc(Cl)cc3Cl)nn2CC(=O)O)s1,19.467922333931785
COc1cccc(-c2nn(-c3nc4ccc(Cl)cc4s3)c(OCC(=O)O)c2F)c1,19.467922333931785
COc1cccc(-n2nnc(-c3cc(C(=O)O)ccn3)c2Sc2ccc(Cl)cc2)c1,19.493588689617926
COc1cc(C(F)(F)F)ccc1OCc1nc(-c2cccs2)nc2c(O)ncnc12,19.493588689617926
Cc1nc(O)c2ncn(Cc3cc(Oc4c(Cl)cc(Cl)cc4Cl)nn3C)c2n1,19.544820285692065
COc1ccc(-c2cccc(-n3c(SCC(=O)O)nc4ccc(Cl)cc43)n2)cc1,19.570385790780925
O=C(O)Cn1nc(-c2ccc(Cl)cc2)nc1SCc1ccc(-c2nccs2)cc1,19.570385790780925
CSc1c(O)nc(SCc2cccc(Cl)c2)nc1-c1cnc2ccccc2n1,19.570385790780925
Cc1cc(-n2cncn2)cc(=S)n1-c1ccc(C(=O)O)cc1OCc1ccc(Cl)cc1,19.570385790780925
COc1cccc2nc(Sc3ocnc3O)n(-c3ccc(Cl)c(Cl)c3)c(=O)c12,19.570385790780925
O=C(O)c1ccc(-n2cnc3c(OCc4cccc(N5CCCCC5)c4)ccnc32)cc1,19.570385790780925
Cc1ccc(Cl)c2nc(SCC(=O)O)n(Cc3cc(-c4ccccn4)sn3)c12,19.570385790780925
O=C(O)c1cc(Cl)cc(OCc2nc(Sc3nccs3)c3ccccc3n2)c1,19.595917942265423
COc1cccc(CSc2nnc(-c3cc(Cl)cc(Cl)c3O)c3ncnn23)c1,19.595917942265423
COc1cc(C(=O)O)ccc1Cn1nc(-c2cccs2)nc1-c1ccc(Cl)cc1,19.595917942265423
O=C(O)c1ccc(-c2nnc(SCc3cc(Cl)cc(Cl)n3)n2CC2CC2)cc1,19.595917942265423
Cc1nc(NC(=O)CSc2nnnn2-c2cc(Cl)ccc2Cl)sc1C1CC1,19.595917942265423
COC(Cn1c(=O)c(-c2cccs2)nc2scc(C(=O)O)c21)c1ccc(Cl)cc1,19.595917942265423
COc1cc(=O)n(-c2ncc(C(=O)O)s2)c(C)c1Sc1cc(Cl)cc(Cl)c1,19.595917942265423
O=C(O)CSc1nc2cccc(OC3CCOCC3)c2n1C(=O)c1cccc(Cl)c1,19.595917942265423
O=C(O)Cn1nc(-c2ccc(Cl)cc2Cl)nc1SCc1ccc2c(c1)OCO2,19.621416870348583
Cc1c(-n2ccnc2)c(COc2cc(Cl)cc(Cl)c2)nn1-c1ccc(C(=O)O)s1,19.621416870348583
COc1cccc(-c2nn(S(=O)(=O)c3cc(O)cc(Cl)c3)c3sc(C)cc23)c1,19.672315572906
COc1cc(C(=O)O)ccc1-c1cc(N2CCCCC2)n(C(=O)c2ccc(Cl)cc2)n1,19.672315572906
O=C(O)c1ccc(-n2cc(SCc3csc(-c4ccc(Cl)cc4)n3)nn2)cc1,19.672315572906
O=C(O)Cn1nc(-c2ccc(Cl)cc2)c(-n2nccn2)c1Sc1ccc(Cl)cc1,19.697715603592208
O=C(O)c1ccc(-n2nc(C(F)(F)F)cc2CSc2nnc(-c3ccccc3)o2)cc1,19.697715603592208
CSc1nc2cc(-n3nc(C(=O)O)cc3Oc3ccc(Cl)cc3Cl)ccc2n1C,19.697715603592208
Cc1cc(C)n(-c2ccc(Cl)c(Oc3ccnn3-c3ccc(C(=O)O)cc3)c2F)n1,19.697715603592208
COc1cc(Cl)cc(Cl)c1-c1cc(C)n(CC(=O)O)c(=O)c1-c1nccs1,19.72308292331602
COc1cccc(-n2nc(C(=O)O)cc2-c2cccc(Cn3cnc4ccsc43)c2)c1,19.72308292331602
COc1ccc(Cl)c(-c2nc(SCc3cccc4c3OCO4)n(-c3ccn[nH]3)n2)c1,19.748417658131498
Cc1ccn(-c2nc(Nc3ccc(Cl)cc3)nc(OCc3cc(F)cc(F)c3)n2)n1,19.748417658131498
O=C(O)CSc1nc2cccnc2n1-c1ccc(OCc2ccc(Cl)cc2)s1,19.77371993328519
O=Cc1c(-c2nccs2)nc(SCc2ccccc2F)n1-c1ccc(C(=O)O)cc1,19.79898987322333
Cc1cc(-n2nc(-c3nccs3)cc2CCc2ccc3c(c2)OCO3)ccc1C(=O)O,19.79898987322333
COc1ccc(-n2nnnc2Sc2ccccc2Cl)cc1-c1ccc(C(=O)O)cc1,19.79898987322333
COc1cccc2sc(-c3cn(-c4ccc(C(=O)O)c(N5CCCC5)c4)nc3C)nc12,19.79898987322333
O=C(O)c1ccc(Cn2nc(SCc3cscn3)nc2-c2ccc(F)cc2)cc1,19.79898987322333
COc1ccc(-c2nnc(Sc3cc(Cl)ccc3Cl)n2-c2ccc(O)nn2)cc1,19.79898987322333
Cn1nc(-c2ccc(Cl)cc2)nc1Sc1cc(OC2CCOCC2)cc(C(=O)O)c1,19.79898987322333
COc1cc(Cl)cc(Oc2cc(C(=O)O)nc(N3CCC(c4ccccc4)OC3)c2)c1,19.79898987322333
O=C(O)c1cc2c(Oc3ccc(Cl)c(Cl)c3)cc(SCC3CCCO3)nn2n1,19.82422760159901
Nc1nc(-c2scc(Cn3ccnn3)c2F)ncc1SCc1ccc(Cl)cc1,19.82422760159901
[C-]#[N+]c1ccc(NCc2ccc3c(cnn3CC(F)(F)F)c2)nc1-c1nccc(OC)n1,19.82422760159901
Nc1ncnc2c1nc(-c1ccc(Cl)cc1)n2Cc1cccc(Oc2ccccc2)c1,19.849433241279208
Cn1c(-c2ccc(Cl)cc2)cc(-c2cnc(-c3ccccc3)nn2)c1SCC(=O)O,19.87460691435179
COc1cccc(-c2nn(-c3ccc(Cl)cc3Cl)c(SCC(=O)O)c2C#N)c1,19.8997487421324
Oc1nc(SCc2ccccc2)nc2c1nnn2C(c1ccccc1)c1ncccc1F,19.8997487421324
COc1ccc(-c2nnc(Sc3ccc(Cl)cc3Cl)n2-c2ccc(O)nn2)cc1,19.8997487421324
COc1ccc(-n2c(Sc3cccc(Cl)c3Cl)nnc2-c2ccnc(O)n2)cc1,19.8997487421324
COc1ccc(-c2nn(C(=O)c3ccc(Cl)cc3)c(SCC(=O)O)c2Cl)cc1,19.8997487421324
COc1cc(-c2cn(CC(=O)O)c3nc(-c4ccc(Cl)cc4Cl)nn23)sc1C,19.924858845171276
COc1cccc(C2=Nn3c(nc(C)c3C(=O)O)Sc3nc(C(F)(F)F)c(C)cc32)c1,19.924858845171276
Cc1cn(-c2cncc(C(=O)O)c2)c(SCc2nc(-c3cccc(Cl)c3)cs2)n1,19.974984355438178
COc1ccccc1-c1cc(F)cc(Cn2cnc3c(O)nc(-c4nccs4)nc32)c1,19.974984355438178
Cc1nc(SCC(=O)O)n(-c2ccc(Oc3ccc(Cl)cc3Cl)c(F)c2)n1,20.0
Cc1cc2c(cc1-c1cnco1)n(Cc1sc3ccccc3c1C)c(=O)n2CC(=O)O,20.0
O=Cc1c(Cl)cc(Cl)cc1OCCn1nc(-c2ccc(C(=O)O)cc2)sc1=S,20.0
Cc1nc(-c2ccncc2)c(O)cc1-n1nnnc1SCc1cccc(C(F)(F)F)c1,20.0
O=c1oc(SCc2ccc3c(c2)OCO3)nnc1NCc1ccc(Cl)cc1Cl,20.0
COc1cc(Sc2nc(-c3ccc(F)cc3Cl)nn2CC(=O)O)c2cccnc2c1,20.0
COc1ccc(-c2cc(C(=O)O)c(Sc3nnnn3-c3ccc(F)cc3)cc2F)cc1,20.024984394500787
Cc1csc(-c2nn(-c3ccccc3)c(-c3ccc4c(cnn4C)c3)c2CC(=O)O)n1,20.024984394500787
COc1ccc(-c2nn(-c3nc(C(F)(F)F)cs3)cc2Oc2cccc(N)n2)cc1,20.049937655763422
Nc1ncnc2c1ncn2Cc1ccc(SCc2ccc(Cl)cc2Cl)cn1,20.049937655763422
COc1ccc(-c2cc(C(=O)O)nn2-c2ccc(Cl)c(Cl)c2)c(C(C)(C)O)c1OC,20.049937655763422
Cc1cc(-c2nnc(Sc3ccc4c(c3)CC(C(=O)O)CC4)o2)cc(N2CCC2)c1C,20.074859899884732
COc1cc(OC)cc(-c2sc(N3CCc4cccc(C(=O)O)c4C3)nc2Cl)c1,20.074859899884732
COc1ccc(-c2nnc(SCc3sc(Br)cc3Cl)nc2N)nc1,20.074859899884732
Cn1c(O)nc2c(OCc3cc(-c4ccccc4)n(-c4ccccc4Cl)n3)nccc21,20.074859899884732
COc1ccc(-n2nnnc2SCc2ccc(C(F)(F)F)cc2)c2ccc(O)nc12,20.09975124224178
COc1cc(Cl)c(Cl)cc1-c1ncc(SCc2nc3ccccc3n2O)nn1,20.09975124224178
Cc1cc(-n2nnnc2SCc2cc(O)cc(C(F)(F)F)c2)c2c(c1C)OCCO2,20.09975124224178
COc1ccc(-c2nnc(Sc3cccc(Cl)c3)o2)c(N2CCC(C(=O)O)CC2)c1,20.09975124224178
O=C(O)c1ccc(Cn2ccc3cc(-n4nnnc4SCc4ccccc4)ccc32)cc1,20.09975124224178
Cc1ccc(-n2c(C)c(-c3nc(C(=O)O)cs3)c(=O)n2Cc2cc(F)ccc2F)o1,20.09975124224178
COc1cc(Sc2nc(-c3ccc(F)cc3)cs2)c2ccc(=O)n(CC(=O)O)c2c1,20.09975124224178
Cc1csc2nc(Sc3cc(C(=O)O)ccc3Cl)n(Cc3ccccc3)c(=O)c12,20.09975124224178
Cc1nn(-c2ccc(C(=O)O)s2)c(=O)n1Cc1cccc(Oc2ccc(Cl)cc2)c1,20.09975124224178
O=C(O)c1nn(Cc2ccc3c(c2)OCO3)c2cccc(OCc3ccc(Cl)cc3)c12,20.174241001832016
Cc1cccc2c(Sc3nncn3C)cc(-c3cc(O)n(-c4ccc(F)cc4)n3)nc12,20.174241001832016
CCn1nc(-c2ccc(Cl)cc2Cl)cc1Sc1nnnn1-c1ccc(O)cc1,20.174241001832016
COc1ccc(-c2cc(C(=O)O)c(Sc3ccc4c(c3)OCCO4)c(Cl)n2)cc1,20.199009876724155
COC(=O)c1ccn(C2CCN(Cc3ccc(-c4nc(O)c5ccccc5n4)cc3)CC2)c1,20.199009876724155
COc1ccc(-c2ccc(Cn3cc(C(=O)O)nc3-c3ccc4scnc4c3)cc2)nc1,20.199009876724155
O=C(O)CSc1nccc(-c2cc(COc3cc(F)c(Cl)c(Cl)c3)ns2)n1,20.223748416156685
Cc1csc(Cn2c(Cl)nc3c(N)nc(SCc4ccc(Cl)cc4)nc32)n1,20.248456731316587
Nc1nnc(SCc2cc(Cl)cc(Cl)c2)cc1-c1cn(-c2ccccc2)nn1,20.248456731316587
COc1cc(OC)cc(-c2nsc(Sc3cc4c(cc3Cl)OCC(=O)N4)n2)c1,20.248456731316587
O=C(O)CSc1nnc(-c2nc(Cl)cs2)n1CCc1cccc(Cl)c1Cl,20.273134932713294
Cc1cnc(-n2nnc(Sc3cc(C(=O)O)c(Cl)c(C(F)(F)F)c3)c2C)s1,20.273134932713294
Cc1cnc(COC(=O)c2c(O)nsc2-c2c(Cl)cc(Cl)cc2Cl)cn1,20.273134932713294
O=C(O)c1ccc(CCn2cc(-c3ccccc3)nc2Sc2ccc3c(c2)OCO3)o1,20.29778313018444
COc1ccc(Cl)cc1-c1cc(Sc2ccccc2)n(-c2nccc(C(=O)O)n2)n1,20.29778313018444
Cc1c(-c2ccc(Cl)cc2)nc(OCc2ccccc2)n1-c1nc(C(=O)O)cs1,20.29778313018444
Cn1c(CSc2nc(-c3ccc(Cl)c(Cl)c3)nn2CC(=O)O)nc2ccccc21,20.29778313018444
CCOC(=O)c1cc(Cn2c(-c3cc(Cl)cc(Cl)c3)nc3cccnc32)c(O)s1,20.322401432901575
COc1ccc2cc(-n3nnnc3SCc3ccc(Cl)c(Cl)c3)ccc2n1,20.322401432901575
Cc1cc(=O)n2c(SCc3ccc(C(=O)O)cc3)nc(-c3ccsc3)c2n1C1CC1,20.322401432901575
CSc1nc(-c2cc(Cl)ccc2C(=O)Oc2ccc(C)cc2)nn1-c1nccs1,20.322401432901575
Nc1cccc(COc2cccc(-n3nnnc3Sc3cccc(Cl)c3Cl)c2)c1,20.346989949375804
Cn1ccnc1Sc1sc(-c2ccc(Cl)cn2)nc1NC(=O)Cc1ccccn1,20.37154878746336
Cc1sc(-c2cccc(-n3cnnn3)c2O)cc1COc1cc(Cl)cc(Cl)n1,20.37154878746336
Cc1ccc(-c2nnc(SCc3ccc(C(=O)O)cc3)n2-c2ccc(Cl)cc2)cn1,20.37154878746336
O=C(O)c1cc2cccnc2n1-c1cc(Oc2ccc(CN3CCCCC3)cc2)sn1,20.37154878746336
Cn1nc(-c2ccc(C(=O)O)cc2)cc1SCc1cnnc(-c2ccc(Cl)cc2)c1,20.37154878746336
COc1cc(Sc2cn(-c3cccc(Cl)c3Cl)c(=O)c3ccc(O)nc23)ncn1,20.396078054371138
CC(OCc1csc2c(=O)n(CC(=O)O)cnc12)c1ccc(-c2ccc(Cl)cc2)cc1,20.396078054371138
Cc1c(C(=O)O)cc(COc2ccc(Cl)cc2Cl)cc1-n1ncn(C)c1=S,20.42057785666214
Cc1c(C(F)(F)F)c(-c2nc(-c3ccccc3)n(-c3nc(C(=O)O)cs3)c2C)nn1C,20.42057785666214
Cc1c(-c2ccc(OC(F)(F)F)cc2Cn2c(C(=O)O)nc3ccccc32)cnn1C,20.42057785666214
O=C(O)c1ccc(C(S)Cn2nc(-c3ccc(Cl)cc3)c(-c3ccco3)n2)cc1,20.445048300260872
Cn1c(SCc2ccc(C(F)(F)F)cc2)nnc1-c1ccc(-c2nnc(N)s2)cc1,20.445048300260872
Cc1cc(COc2nc3ccsc3c(=O)n2-c2c(Cl)cc(Cl)cc2Cl)cnc1N,20.445048300260872
CSc1cccc(-c2nnc(NCc3ccc4c(c3)OCO4)n2CC(C)=O)c1Cl,20.46948949045872
Cn1nc(Sc2cccc(Cl)c2)c2sc(OC(C(=O)O)c3ccccc3)nc21,20.46948949045872
O=C(O)c1cccc(CSc2nnnn2-c2cccc(Cl)c2Cn2cccc2)c1,20.46948949045872
CC(C)Nc1cnc(-n2nc(C(C)(C)C)cc2Oc2cc(Cl)cc(Cl)c2)nn1,20.46948949045872
Oc1ccc(-n2ncnc2OCc2ccnc(Oc3cc(Cl)cc(Cl)c3)c2)cc1,20.46948949045872
COc1cc(OC)cc(-c2ccc3c(c2)nc(C(F)(F)F)n3-c2nc(C(=O)O)cs2)c1,20.493901531919196
Cn1ncc2cc(Sc3nnc(-c4ccc(C(=O)O)cc4)n3Cc3ccccc3)ccc21,20.493901531919196
COc1ccc(-n2c(Sc3cccc(Cl)c3)nnc2-c2cc(C(=O)O)ccn2)cc1,20.493901531919196
COc1ccc2nc(-c3cccc(-c4coc(SC(F)(F)F)n4)c3)n(CC(=O)O)c2c1,20.493901531919196
COc1ccc(-c2cc(C(=O)O)c(-c3nc4cc(Cl)ccc4s3)nn2)cc1OC,20.493901531919196
COc1ccc(-c2cc(Cl)c(-c3ccc4c(c3)OCO4)c(SCC(=O)O)n2)cc1,20.493901531919196
Cc1cc(-n2cc(Oc3cc(Cl)ccc3Cl)cc2C(=O)O)cc(-n2nccn2)c1C,20.518284528683193
O=C(O)c1ccc(-c2nnc(SCc3ccccc3)n2-c2ccc3c(c2)OCO3)cc1,20.518284528683193
COc1ccc(-c2nc(C)nn2-c2c(Cl)ccc3nc(SC)nc(Cl)c23)cc1,20.518284528683193
Cc1cnn(-c2cc(-c3cc(Cl)cc(Cl)c3)nn2Cc2ccc(C(=O)O)s2)n1,20.518284528683193
COc1cccc(-c2nsc(NC(=O)c3cn(Cc4cscn4)c4ccccc34)n2)c1,20.566963801203133
COc1ccc(-c2nnn(-c3ccc(Cl)c4ccccc34)c2SCC(=O)O)cc1,20.566963801203133
COc1ccc(-n2cc(CSc3cc(Cl)cc(Cl)c3-c3nnn[nH]3)nn2)cc1,20.566963801203133
Oc1ccc(-n2nc(-c3cccc(-n4ccnc4)n3)nc2SCc2ccccc2)cc1,20.566963801203133
OCc1cc(Cl)ccc1-n1nnnc1SCc1ncc(-c2ccc(Cl)cc2)o1,20.566963801203133
COc1cc(OC)nc(-n2c(-c3cccc(Cl)c3)cc3scc(C(=O)O)c3c2=O)c1,20.566963801203133
CN(c1ccc(-n2nc(-c3ccccn3)nc2SCC(=O)O)cc1)C(C)(C)C(C)(C)C,20.591260281974
Cc1cccc(OC(=O)Nc2ccc(Sc3nn4ccc(C)c4c(=O)n3C)cc2)c1,20.591260281974
Oc1ccc(-c2ccc(-n3nnnc3SCc3ccc(OC(F)(F)F)cc3)cc2)cn1,20.591260281974
COc1cc(CSc2nnc(-c3ccc(C(=O)O)cc3)s2)c(Cl)cc1Cl,20.591260281974
COc1ccc(-c2cc(C(=O)O)nc(C3CCc4cccc(Cl)c4S3)n2)c(OC)c1,20.591260281974
Cn1c(C(=O)O)nc2nc(CCc3ccccc3)n(-c3cccc(Oc4ccccc4)c3)c21,20.615528128088304
COc1ccc(-c2nc3ccccc3n2CC(=O)O)c(-c2nc3ccccc3s2)c1C,20.615528128088304
Cn1c(OCc2cc(Sc3cc(Cl)ccc3Cl)nc(N)n2)nc2ccccc21,20.639767440550294
Cn1c(COc2cc(Cl)c(C(=O)O)cc2Cl)nnc1Sc1ccc(Cl)cc1,20.663978319771825
COc1cccc(-c2nn(-c3cc(Cl)cc4ccccc34)nc2SCC(=O)O)c1,20.663978319771825
OCc1nnc(-n2c(SCc3cc(Cl)cc(Cl)c3)nnc2C2CCCCC2)o1,20.663978319771825
O=C(O)c1csc(-n2nc(C(=O)c3ccccc3)cc2Sc2cccc(Cl)c2)n1,20.663978319771825
CSc1cc(-c2nc(NCc3cccc4c3OCO4)nc(-c3ccccn3)n2)ccc1F,20.663978319771825
Cc1sc(SCc2nc3ccccc3c(=O)n2C)nc1-c1ccc(C(=O)O)cc1,20.688160865577203
O=C(O)c1cc(Cl)ccc1-n1nnnc1SCc1cccc(OC(F)(F)F)c1,20.688160865577203
CSc1cc(Cl)ccc1OCc1ccc2c(c1)c1sccc1c(=O)n2CC(=O)O,20.688160865577203
CSc1c(F)cc(F)cc1OCc1cnn(-c2cccc3nc(C(=O)O)sc23)c1C,20.688160865577203
Cc1nnc2nc(SCc3cccc(C(F)(F)F)c3)n(-c3ccc(C(=O)O)cc3)n12,20.688160865577203
COc1ccc(Cl)c(-c2nc(Cn3c(Cl)nc4c(O)cccc43)n(C(F)F)n2)c1,20.688160865577203
COc1cc(OC)c2c3sc(-c4ccc(Cl)cc4)cc3c(=O)n(CC(=O)O)c2c1,20.688160865577203
O=C(O)c1cccc(-n2nc(-c3ccc4c(c3)OCO4)nc2SCc2ccccc2)c1,20.71231517720798
Cn1c(OCCn2cnc3ccc(-c4nc(C(=O)O)cs4)cc32)cc(Cl)c1Cl,20.71231517720798
O=C(O)c1ccc(-n2nc(SCc3ccc4c(c3)OCO4)nc2-c2ccc(F)cc2)cc1,20.71231517720798
Cc1c(C)n(Cc2cccc(C(=O)O)c2)c2sc(-c3ccnc(N4CCCC4)n3)cc12,20.71231517720798
COC(c1ccc(Cl)cc1)c1nc(-c2ccc(F)cc2)n(-c2nc(C(=O)O)cs2)n1,20.760539492026695
Cc1nc(-c2cccc(Oc3ccc(Cl)cc3)c2)n(-c2nc(C(=O)O)cs2)c1C,20.784609690826528
Cc1cc(Cl)ccc1-n1nc(C)n(Cc2csc(-c3ccc(C(=O)O)cc3)n2)c1=O,20.784609690826528
Cc1nc2ccc(-n3c(Cc4ccc(Cl)cc4Cl)nnc3SCC(=O)O)cc2o1,20.784609690826528
COc1cc(-c2cc(C(=O)O)ccn2)c(Cn2scc(-c3cccs3)c2=O)cc1Cl,20.784609690826528
COc1ccc2c(C)c(-c3nc(-c4ccc(Cl)s4)cs3)c(=O)n(CC(=O)O)c2c1,20.784609690826528
O=C(O)c1cccc(CSc2nnnn2-c2ccc(Cl)c(Sc3ccccc3)c2)c1,20.784609690826528
Cc1c(-c2ccccc2)nc(SCc2cccc(F)c2)n1-c1nc(C(=O)O)cs1,20.808652046684813
O=C(O)c1csc(-c2cc(COc3cc(Cl)ccc3Cl)nn2CC(F)F)n1,20.808652046684813
Cc1cc(-c2c(Cl)cc(Cl)cc2Cn2c(=O)n(CC(=O)O)c3ccccc32)nc(C)n1,20.808652046684813
COc1cccc(Cn2cc(-c3cc(C(=O)O)c4ccsc4n3)c3ccccc3c2=O)c1,20.808652046684813
COC(=O)c1nc2cccc(OCc3cn(CC(=O)O)c4cc(Cl)ccc34)c2s1,20.83266665599966
CC(C)(C)OC(=O)Cn1c(-c2cc3ccccc3s2)nc2cc(OCC(=O)O)ccc21,20.85665361461421
Cc1cc(F)nc(Nc2cccc(-n3nnnc3SCc3ccccc3)c2Cl)n1,20.85665361461421
COc1ccc(Cl)nc1OCc1ccc(-n2nc3ncnc-3[nH]c2=S)c(Cl)c1,20.85665361461421
OCc1nnc(SCc2nc(-c3ccc(F)cc3)no2)n1-c1cc(Cl)cc(Cl)c1,20.85665361461421
Cn1c(=O)n(Cc2ccc(C(C)(C)C)cc2)c2ccc(Sc3nccc(C(=O)O)n3)cc21,20.8806130178211
COc1cc(Cl)c(-c2nnc(N3CCCCC3)c3sc(C(=O)O)cc23)cc1OC,20.8806130178211
O=Cn1c(-c2cccc(Cl)c2)nc(SCC(=O)O)c1Sc1cccc(Cl)c1,20.8806130178211
COc1ccc(-n2nnnc2Sc2cccc(-c3ccc(C(=O)O)cc3F)c2)c(F)c1,20.904544960366874
Cc1nc2nccc(-c3cnc(SCc4cccc(C(F)(F)F)c4)c(N)n3)c2s1,20.92844953645635
COc1cc2nc(C(=O)Nc3nc4ccccc4s3)c(-c3ccccc3)n2cc1OC,20.952326839756964
Oc1cccc(-c2ccc(-n3nnnc3SCc3ccc(C(F)(F)F)cc3)cn2)c1,20.952326839756964
Oc1c(Cl)ccc(-n2nnnc2SCc2cccc(-c3ccccc3)n2)c1Cl,20.952326839756964
Cn1cc(-c2cccnc2)nc1-n1nc(Oc2c(Cl)cc(Cl)cc2Cl)cc1CO,20.952326839756964
COc1ccc(-n2c(SCc3ccc(Cl)cc3)nc(C(=O)O)c2C(C)(C)C)cc1,20.97617696340303
CSc1nnc(SCC(=O)Nc2ccc(C#N)cc2)n1-c1ccc(Cl)c(Cl)c1,20.97617696340303
Cn1c(Sc2cc(Cl)cc(COc3cccc(C(=O)O)c3)c2)nnc1-c1ccncc1,20.97617696340303
O=C(O)c1cccc(Oc2cccc3c4c(c(=O)n(CC(=O)c5cccs5)c23)CCC4)c1,20.97617696340303
O=C(Cn1c(Sc2nnc(O)o2)cc2ccccc21)OCc1cc(Cl)cc(Cl)c1,20.97617696340303
COc1ccc(-n2nnnc2SCc2ccc3c(c2)C(=O)c2ccccc2-3)c(Cl)c1,20.97617696340303
Cn1c(SCc2ccc(C(=O)O)cc2)nnc1-c1ccc(-c2ccccc2)cc1Cl,20.97617696340303
Cc1cn(-c2nc(C(=O)O)cs2)c2nc(COc3ccc(Cl)c(Cl)c3)n(C)c12,21.0
O=C(O)c1cccc(-c2cccc(CSc3nnnn3-c3cccc4c3CCC4)c2)c1,21.047565179849187
CCn1c(=S)n(C)c2cc(OC(C(=O)O)c3cc(Cl)c(Cl)nc3Cl)cnc21,21.047565179849187
COc1cc(C)nc(-n2nc(C(=O)O)cc2Oc2c(Cl)cc(Cl)cc2Cl)c1,21.047565179849187
Cc1cc(Oc2ccc(Cl)cc2Cl)n(-c2nc(-c3ncc(O)cn3)c(C)s2)n1,21.047565179849187
COc1ccc(-n2cc(C(=O)O)c(Cl)c2Sc2ccc3c(c2)OCO3)cc1OC,21.071307505705477
COc1ccc(-c2nnn(-c3ccc(C(=O)O)nc3)c2Sc2ccc(Cl)cc2)cc1,21.071307505705477
COc1ccc(-c2nc(Sc3cccc(Cl)c3)nn2-c2ccc(C(=O)O)cc2)nc1,21.071307505705477
O=C(O)c1ccc(-c2nnc(SCc3cccc(OC(F)(F)F)c3)o2)cc1Cl,21.142374511865974
O=C(O)c1cccc(-n2nc(-c3ccncc3)nc2SCc2cccc(Cl)c2)c1,21.142374511865974
Cc1cc(C)nc(-n2nc(-c3nccs3)c(O)c2Oc2ccc(Cl)cc2Cl)n1,21.142374511865974
O=C(O)c1ccc(-c2cccc(CSc3nnnn3-c3ccccc3Cl)c2)cc1,21.142374511865974
O=C(O)c1ccc(-c2nc(SCc3ccccc3)n(-c3nc4ccccc4s3)n2)cc1,21.166010488516726
COc1cc(OC)nc(-c2ccc(N3CCc4nc(C(C)(C)C)cc(C(=O)O)c4C3)s2)c1,21.18962010041709
COc1cc(C(=O)O)cc(-c2ccc(OC)cc2-n2cc3sc4ccccc4n3c2=O)c1,21.18962010041709
COc1ccc(C(=O)O)cc1-n1cc(-c2ccc3c(c2)OCO3)nc1Sc1ccccc1,21.18962010041709
Cc1ccc(C(=O)Nc2cc(Cl)ccc2-n2nnnc2SCc2ccccc2)s1,21.213203435596427
O=C(O)c1ccc(-n2nnnc2SCc2ccc(-c3ccccc3)c(Cl)c2)c(F)c1,21.236760581595302
Cn1nc(-c2ccc(C(=O)O)cc2)nc1SCc1cc(-c2cccc(Cl)c2)ns1,21.236760581595302
Cc1cccn2nc(-c3cn(-c4ccccc4)c(SCc4ccc(C(=O)O)cc4)n3)nc12,21.2602916254693
Cc1cnc2c(CSc3nccn3-c3cccc(C(=O)O)c3)cc(-c3ccccc3)nn12,21.2602916254693
COc1cc2c3nc(-c4cc5ccccc5s4)ccc3c(=O)n(CC(=O)O)c2cc1OC,21.2602916254693
COc1ccc(-n2nnc(-c3cccc(C(=O)O)c3)c2Sc2ccc(Cl)cc2)cn1,21.2602916254693
O=C(O)c1cccc(OCc2nnc(Sc3cc(Cl)cc(Cl)c3)n2C2CC2)c1,21.2602916254693
O=C(O)Cn1nc(-c2cc(Cl)cc(Cl)c2)cc1SCc1ccccc1-n1ccnn1,21.2602916254693
Cc1cc(C)cc(-n2nnc(-c3ccc(C(=O)O)cc3)c2Sc2ccc3c(c2)OCO3)c1,21.283796653792763
Cc1csc(CNc2nnc(-c3ccc4c(c3)cc(Cl)n4Cc3ccccc3)nn2)n1,21.307275752662516
O=C(O)c1ccc(-c2nc(SCc3ccccc3)n(Cc3ccc(Cl)s3)n2)cn1,21.330729007701542
COc1ccc(-c2ccc(-c3cnn(S(=O)(=S)c4ccc(C(=O)O)cc4)c3)s2)cc1,21.354156504062622
O=C(O)c1ccc(-c2csn(CCOC(=O)c3cccc(Cl)c3Cl)c2=O)cc1,21.354156504062622
COC(=O)c1nc2c(cc(C)n2-c2ccc(NCc3ccccn3)cc2)n1-c1ccccc1,21.37755832643195
Nc1ncc(-c2nnc(SCc3ccccc3)n2Cc2cc(Cl)cc(Cl)c2)cn1,21.400934559032695
Cn1c(SCC(=O)Nc2cc(-c3nccs3)nn2-c2ccccc2)nc2ccccc21,21.42428528562855
Cn1cnc2cc(-c3nc(SCc4ccccc4)n(-c4cccc(C(=O)O)c4)n3)ccc21,21.447610589527216
Cc1csc(-c2c(Cl)cc(Cl)cc2C(C)n2c(=O)n(CC(=O)O)c3ccccc32)n1,21.447610589527216
O=C(O)c1cc(-n2ncnc2OC(c2ccc(Cl)cc2)c2cscn2)ccc1Cl,21.447610589527216
COc1ccc(-c2ccc(Cl)cc2Cl)nc1Sc1nnnn1-c1ccc(O)cc1,21.447610589527216
O=C(O)c1cc(OCc2cccs2)n(-c2cc(OC(F)(F)F)ccc2Cl)n1,21.447610589527216
Cc1ccc(CSc2nc(=O)c(-c3ccc(Cl)cc3Cl)nn2CC(=O)O)s1,21.447610589527216
COc1ccc(-n2nccc2Cn2c(-c3cccs3)nc3ccccc32)c(C(=O)O)c1,21.470910553583888
COc1cc(C)c2nc(Sc3ncc(N)nn3)n(-c3cc(Cl)cc(Cl)c3)c2c1,21.517434791350013
COC(c1cc(Cl)ccc1Cl)c1nn(-c2ccc(Cl)c(Cl)c2)c(O)c1C=O,21.517434791350013
COc1cc(-c2nnc(SCc3cc(C(F)(F)F)no3)n2O)c(Cl)cc1Cl,21.517434791350013
Cc1nc(Oc2ccc(-n3c(SCC(=O)O)nc4ccccc43)cc2)ccc1Cl,21.517434791350013
Cn1c(-c2cccc(Cl)c2)c(Cn2c(SCC(=O)O)nc3ccccc32)oc1=O,21.540659228538015
O=C(O)c1ccc(-n2ncnc2SCc2cc(-c3ccccc3)nc3c2CCCO3)cc1,21.540659228538015
O=C(O)c1ccc(-c2nnc(SCc3ccc(-c4ccccc4)cc3)n2C2COC2)cn1,21.563858652847824
COc1ccc(-n2c(SCc3cccc(C(F)(F)F)c3)nc(C(=O)O)c2C)cc1,21.563858652847824
Cc1cc(-n2nc(C(=O)O)cc2Oc2cc(Cl)ccc2Cl)ccc1Cn1ccnc1,21.563858652847824
COc1cccc(-n2nnnc2Sc2cc(Cl)c(Cl)c(C(C)O)c2Cl)c1,21.587033144922902
Clc1ccc(CSc2nnnn2-c2ccc(Cl)cc2OCc2cc[nH]n2)cc1,21.587033144922902
Cn1cc(CSc2c(N)c(-c3ccccc3)nn2-c2cccc(Cl)c2Cl)nn1,21.61018278497431
O=C(O)c1ccc(Cn2c(-n3cccc3)nc3c(SCc4ccccc4)ncnc32)cc1,21.633307652783937
COc1cccc(-c2nn(-c3cc(Cl)cc(Cl)c3)c(SCC(=O)O)c2C#N)c1,21.633307652783937
COc1ccc(-n2nc(C(=O)O)cc2-c2cccc(-c3cn(C4CCOCC4)cn3)c2)cc1,21.633307652783937
O=C(CSc1nnc(-c2ccc(Cl)cc2Cl)s1)Oc1ccc(C(=O)O)cc1,21.633307652783937
CCn1c(=O)n(-c2c(Cl)cc(Cl)cc2Cl)c2cccc(OCc3coc(O)n3)c21,21.6794833886788
O=C(O)Cn1nc(-c2ccc(Cl)cn2)nc1SCc1ccc(-c2ccccc2)cc1,21.702534414210707
Cc1ccc(Cn2c(C)nc(-c3nccs3)cc2=O)cc1OC(=O)Nc1cccs1,21.72556098240043
Cc1nsc2c1nc(SCc1cccc(Cl)c1)n2Cc1cc(C(=O)O)ccn1,21.79449471770337
Cc1cc(Cl)cc(-n2nnnc2SCc2cc(Cl)cc(Cl)c2)c1C(=O)O,21.79449471770337
O=C(O)c1ccc(F)c(Cn2nnnc2SCc2ccc(-c3ccc(F)cc3)cc2)c1,21.817424229271428
COc1ccc2c(COc3ccc(Cl)cc3Cl)nn(-c3nc(C(=O)O)cs3)c2c1,21.817424229271428
Cn1ccc2c(-n3nnnc3SCc3ccc(-c4ccccc4)cc3)ccc(C(=O)O)c21,21.817424229271428
Cc1csc(-n2c(=O)n(CC(=O)O)c3ccc(CSc4ccccc4Cl)cc32)n1,21.817424229271428
Cc1ccc(-n2nnnc2SCc2cccc(C(F)(F)F)c2)c2ccc(C(=O)O)n12,21.817424229271428
O=Cc1nnc(SCc2ccc(C(=O)O)cc2)n1Cc1sc(Cl)cc1Cl,21.817424229271428
CSc1nc(Cl)nc2c1nc(SCC(=O)O)n2C(C)c1ccc(Cl)cc1,21.840329667841555
Fc1ccccc1CSc1nc(NCc2nccnn2)nc(-c2cccc(Cl)c2)n1,21.863211109075447
CSc1n[n+]([O-])c(SCc2ccc(C(=O)O)cc2)n1-c1cc(Cl)ccc1Cl,21.863211109075447
Nn1c(COc2ccc(Cl)cc2Cl)nnc1SCc1nc2ccccc2s1,21.863211109075447
COC(=O)c1ccnc(-n2c(Sc3cn(C)c4ccccc34)nc3ccccc32)c1N,21.88606862823929
CC(C)(C)OC(=O)Cn1cc(-c2cc(C(=O)O)cs2)nc1SCc1ccccc1,21.88606862823929
COc1ccc(-c2nn(CC(=O)O)c(Sc3cccc(Cl)c3Cl)c2Cl)nc1,21.88606862823929
CSc1nnc(NC(=O)c2cc(Oc3cc(Cl)cc(Cl)c3)ncc2C)s1,21.908902300206645
Cc1csc(-c2nc(=O)n(-c3ccc(Cl)cc3Cl)c(SCC(=O)O)c2C)n1,21.908902300206645
Cc1cc(Sc2nc3ccccc3n2CC(=O)O)ccc1-c1cccc(-n2ccnn2)c1,21.908902300206645
O=C(O)CSc1nnc(-c2cc(Cl)cc(Cl)c2OCc2ccc(F)cn2)s1,21.93171219946131
CC(C)n1nc(-c2c(Cl)cc(Cl)cc2Cl)c2c(Cn3ccnc3)nn(O)c2c1=O,21.97726097583591
O=C(O)n1c(COc2c(Cl)cc(Cl)cc2Cl)nnc1SCc1cccs1,21.97726097583591
CSc1nnc(SCc2cccc(C(=O)O)c2)n1-c1cc(Cl)cc(Cl)c1C,22.0
CSc1nnc(SCc2cccc(C(=O)O)c2)n1-c1cc(Cl)cc(Cl)c1,22.0
COc1cc(Sc2nc3ccccc3c(=O)n2CC(=O)O)ccc1-c1cccs1,22.0
Cc1nc(NCc2sc(=O)n(-c3ccc(Cl)cc3Cl)c2C)nc(-c2ccncc2)n1,22.06807649071391
COc1ccc(Cl)cc1-n1c(SCc2ccc(C(=O)O)cc2)nnc1C(F)(F)F,22.06807649071391
Cc1cc(Sc2cc(Cl)cc(Cl)c2)c2nc(-c3nncn3C)n(CC(=O)O)c2c1,22.090722034374522
COc1ccc(-c2ccc(/C=C3/SC(=S)N(C)C3=O)c(SCC(=O)O)n2)cc1,22.11334438749598
CCOC(=O)c1cc(Oc2c(Cl)cc(Cl)cc2Cl)n(-c2nccs2)n1,22.135943621178654
COc1cc(-n2cc(C)c(=O)c3ccsc32)cc(-c2ccc(-c3nnn[nH]3)cc2)c1S,22.135943621178654
Cc1c(Cl)cc(C(=O)O)cc1-n1nc(-c2ccsn2)nc1SCc1ccccc1,22.15851980616034
O=C(O)c1ccc(CSc2nc(-c3ccc4c(c3)OCC4)n(-c3ccccc3)n2)cc1,22.181073012818835
Cc1nc2ccc(-c3cnn(-c4cc(Cl)cc(Cl)c4)c3SCC(=O)O)nc2n1C,22.181073012818835
COc1cc(-n2nnnc2SCc2cccc(C(F)(F)F)c2)c2nc(O)ccc2c1,22.181073012818835
COC(=O)c1ccc(Cl)cc1-n1nnnc1SCc1ccc(C(F)(F)F)cc1,22.20360331117452
Cc1ccn(Cc2c(Cl)cccc2-n2nnnc2C(O)c2cc(Cl)cc(Cl)c2)n1,22.24859546128699
Cn1ccc2cc(OCCn3nc(-c4cc(Cl)cc(Cl)c4)c4c(N)ncnc43)ccc21,22.24859546128699
COc1ccc(Cl)cc1-c1nc(SCC(=O)O)nn1-c1ccc2ncccc2c1,22.271057451320086
O=C(O)c1ccc(CSc2nnnn2C(c2ccc(Cl)c(Cl)c2)C2CC2)cc1,22.271057451320086
O=C(O)n1c(COc2cnc(Cl)c(Cl)c2)nnc1SCc1cccc(Cl)c1,22.271057451320086
COc1ccc(-c2nc(SCC(=O)O)nc3sc4ccc(Cl)cc4c23)cc1OC,22.271057451320086
Cc1c(OCc2ccc(Cl)cn2)cccc1-c1nnc(S[C@@H]2CCCNC2)nn1,22.315913604421397
COc1ccc2nc(Sc3cccnc3N)n(-c3cccc(Cl)c3Cl)c(=O)c2c1,22.315913604421397
COc1cccc(-c2cc(Cl)cc(Cn3c(SCC(=O)O)nc4scnc43)c2)c1,22.338307903688676
O=C(O)CSc1nc2sc(Cl)cc2c(=O)n1-c1ccc(OCc2ccccc2)cc1,22.338307903688676
COc1cc(C(F)(F)F)ccc1CSc1nnnn1-c1ccc(C(=O)O)c(Cl)c1,22.360679774997898
CSc1cccnc1-c1cc(Cl)cc(Sc2nc3ccccc3n2CC(=O)O)n1,22.360679774997898
Cc1cc(Cl)ccc1-n1nc(-c2cc(C(=O)O)ncn2)nc1SCc1ccccc1,22.360679774997898
Cn1nc(Sc2cccc(Cl)c2)c2nc(OCc3cccc(Cl)c3)nc(N)c21,22.40535650240808
COc1cc(OC)c(=O)c2c(c1)n(CC(=O)O)c(=S)n2-c1ccc(Cl)c(Cl)c1,22.44994432064365
CSc1cc(Sc2cccc(C(=O)O)c2)nc(Cn2cnc3cccc(Cl)c32)n1,22.44994432064365
COc1ccc(-c2cc(Sc3nnnn3-c3ccc(Cl)cc3)cc(C(=O)O)c2)cc1,22.44994432064365
Cc1nn(O)c(-c2ccc(Sc3nnnn3-c3cccc(Cl)c3Cl)cc2)c1C,22.516660498395403
CSc1nnc(SCc2ccc(C(=O)O)cc2)n1-c1ccc(Cl)c(Cl)c1,22.538855339169288
CCOc1c(-n2nnnc2Sc2cccc(C(=O)O)c2)ccc(C(F)(F)F)c1Cl,22.538855339169288
COc1ccc(-n2nnnc2SCc2ccc(C(F)(F)F)cc2)c(C(=O)O)c1,22.561028345356956
COc1ccc(-c2c(C(F)(F)F)nc(Sc3ccc(Cl)nn3)n2CC(=O)O)cc1,22.627416997969522
Cc1ncc(Sc2nc(-c3ccc(Cl)cc3)c(C(F)(F)F)s2)n1CC(=O)O,22.627416997969522
Cn1c(=O)ccc2cc(Sc3nc4ccccc4n3Cc3ccc(C(=O)O)cc3)ccc21,22.64950330581225
Cc1nc(CSc2nnnn2-c2ccc(Cl)cc2N)cn1-c1ccc(Cl)cc1,22.67156809750927
COc1ccc(-n2nnc(-c3cccc(C(=O)O)n3)c2Sc2ccc(Cl)cc2)cc1,22.715633383201094
COc1ccc(-n2nnc(-c3cccc(C(=O)O)c3)c2Sc2cccc(Cl)c2)nc1,22.715633383201094
COc1ccc(-c2nc3ccccc3n2CC(=O)Oc2cc(Cl)c(Cl)cc2N)cc1,22.715633383201094
Cc1ccc2c(c1)nc(Sc1ccc(-n3nnc(C)c3Cl)c(Cl)c1)n2CC(=O)O,22.80350850198276
O=C(COc1ccccc1Cl)Oc1cccc2c1nc(C(=O)O)n2Cc1cccs1,22.847319317591726
O=C(O)c1nc(SCc2ccc3ccccc3c2)n(-c2ccccc2Cc2ccncc2)n1,22.891046284519195
O=C(O)c1ccc(CSc2nnnn2-c2ccc(Sc3ccccc3F)cc2)cc1,22.9128784747792
Cc1nc(O)cc(-c2nc(Sc3cccc(Cl)c3)n(Cc3cccc(Cl)c3)n2)n1,22.956480566497994
O=C(O)c1ccc(-n2nnnc2SCc2cccc(-c3ccccc3)c2)c2c1CCC2,23.043437243605826
Cc1nc(CSc2nc(-c3c(Cl)cc(Cl)cc3Cl)nn2CC(=O)O)cs1,23.043437243605826
O=C(O)c1ccc(-n2nnnc2SCc2ccc(-c3ccccc3)cc2)c2c1CCC2,23.043437243605826
Cc1ccc(Sc2nnc(SCC(=O)O)n2-c2ccc(Cl)c(Cl)c2)nc1,23.08679276123039
O=C(O)CC1CSc2nnn(Cc3cccc(Oc4cccc(Cl)c4Cl)c3)c2O1,23.08679276123039
CSc1cc(C(=O)O)ccc1-n1nnnc1SCc1ccc(Cl)c(Cl)c1,23.173260452512935
CCCNC(=O)c1nnn(-c2cscn2)c1Oc1c(Cl)cc(Cl)cc1Cl,23.194827009486403
Cc1ncc(Cn2c(SCC(=O)O)nnc2-c2c(Cl)cc(Cl)cc2Cl)s1,23.302360395462088
Cn1ccc2c(C(=O)O)cc(-n3nnnc3SCc3ccc(Cl)c(Cl)c3)cc21,23.323807579381203
COc1ccc(-c2cc(C(=O)O)nn2-c2cccc(Cl)c2Cl)c(SC(C)=O)c1,23.323807579381203
Cc1nc(O)c(Cl)cc1-n1c(C=O)nnc1SCc1ccc(Cl)cc1Cl,23.366642891095847
Cc1ccc(Cl)cc1C(=O)OCC(=O)n1c(=S)n(CC(=O)O)c2ccccc21,23.366642891095847
O=C(O)c1cc(Cl)ccc1Cn1nnnc1SCc1ccc(-c2ccccc2)cc1,23.388031127053
COc1ccc(-c2nc(SCC(=O)O)nc3c2ncn3-c2ccccc2)cc1Cl,23.40939982143925
O=C(O)c1ccc(-n2nnnc2SCc2ccc(F)cc2)c(Sc2ccccc2)c1,23.430749027719962
O=C(O)c1ccc(-n2nnnc2SCc2ccccc2)c(Oc2cc(F)cc(F)c2)c1,23.430749027719962
Clc1ccc(COc2nnnn2-c2cccnc2NCc2ccccc2)c(Cl)c1,23.473389188611005
COC(=O)Cn1nc(Oc2ccc(Cl)cc2Cl)c2cc(C(=O)O)ccc2c1=S,23.49468024894146
COc1cc(CC(=O)O)ccc1-n1c(SC(C)(C)C)nnc1-c1ccc(Cl)s1,23.558437978779494
O=C(O)c1cccc(-n2nnnc2SCc2ccc(-c3ccc(Cl)cc3)cc2)c1,23.558437978779494
Oc1nc(-c2ccccc2)ccc1CSc1nnnn1-c1c(Cl)cccc1Cl,23.558437978779494
Oc1nccnc1Sc1nnc(OCc2ccccc2)n1-c1ccc(Cl)c(Cl)c1,23.57965224510319
CN(C)c1ccc(-c2nnc(COc3c(Cl)cc(Cl)cc3Cl)c(C(=O)O)n2)cc1,23.57965224510319
O=C(O)Cn1c(SCc2ccc(OC(F)(F)F)cc2)nnc1-c1ccc(F)cc1,23.57965224510319
COc1cc(Cl)cc(Cl)c1-c1nnc(SCC(=O)O)n1-c1ccc(Cl)s1,23.643180835073778
CSc1cc(COC(=O)c2cc(Cl)c(Cl)s2)cn1-c1cc(C(=O)O)ccn1,23.643180835073778
COc1cc(Cl)cc(CSc2nnnn2-c2ccc(Cl)c(Cl)c2C(=O)O)c1,23.664319132398465
COc1cccc(CSc2nnnn2-c2cc(Cl)c(Cl)cc2C(=O)O)c1,23.68543856465402
COC(=O)c1sc2cc(-n3nnnc3SCc3ccc(Cl)cc3)ccc2c1C,23.68543856465402
COC(=O)c1c(Sc2nc3ccccc3n2CC(=O)O)n(C)c2ccc(Cl)c(C)c12,23.706539182259394
O=C(O)c1cccc(-n2nnnc2SCc2cccc(-c3ccccc3Cl)c2)c1,23.727621035409346
Cc1cc(Oc2cc(Cl)c(Cl)cc2F)nn1-c1ncnc(NCc2ccccn2)n1,23.748684174075834
CN(c1ccccc1)c1cc(C(=O)O)nc(-n2ccc(Sc3cccc(Cl)c3)n2)n1,23.748684174075834
COc1cc(C(=O)O)cc(-n2nnnc2Sc2ccc(Cl)cc2)c1-c1ccccc1,23.748684174075834
Cn1cnc2cc(-c3nnc(SCC(=O)O)n3Cc3cc(Cl)cc(Cl)c3)ccc21,23.748684174075834
CC(=O)c1cc(Cl)c(Cl)cc1-c1nc(SCc2ccccc2)n(CC(=O)O)n1,23.748684174075834
COc1ccc(-n2nnnc2SCc2ccc(C(F)(F)F)cc2)c2sc(N)cc12,23.790754506740637
COC1CCN(c2nc(C(=O)O)c(Oc3c(Cl)cc(Cl)cc3Cl)s2)CC1,23.811761799581316
O=C(O)c1cc(-c2ccc(OCc3ccccc3)cc2N2CCCC2)c(-n2ccnn2)s1,23.83275057562597
O=C(O)c1cccc(-n2c(Cc3ccccc3)nnc2SCc2ccc3c(c2)OCO3)n1,23.83275057562597
Cc1cc(CSc2nc(C(=O)O)nn2-c2cc(Cl)cc(Cl)c2)c2ccccc2n1,23.916521486202797
Cc1c(C)n(-c2ccc(F)cc2Cl)n2nc(Sc3ccc(O)c(C(=O)O)c3)nc12,23.93741840717165
O=C(O)CSc1nc(-c2ccc3c(c2)OCCC3)sc1C(=O)OCc1ccccc1,23.979157616563597
Cc1cc2c(C(=O)O)cc(-n3nnnc3SCc3ccc(Cl)cc3Cl)cc2n1C,24.0
CSc1nc(C(=O)O)cn1-c1c(Cl)cc(Cl)cc1OCc1cnn2ccccc12,24.0
Cc1csc2c(Cn3nnnc3SCc3ccc(Cl)cc3)ccc(C(=O)O)c12,24.06241883103193
Cc1cc(Cl)c(Sc2nnnn2CC(=O)O)c(-c2ccc(Cl)c(Cl)c2)c1,24.06241883103193
COC(=O)c1c(-c2cccs2)nn(-c2c(Cl)cccc2Cl)c1SCC(=O)O,24.06241883103193
Cc1csc(-n2nc(Sc3ccc(Cl)cc3Cl)c(C(=O)OC(N)=O)c2C)n1,24.06241883103193
COc1ccc(-n2nnnc2Sc2ccc(Cl)cc2Cl)c(Cl)c1C(C)O,24.124676163629637
Cc1nc(-c2cccc(Oc3ccccc3)c2)n(-c2nc(C(=O)O)cs2)c1N1CCC1,24.145392935299274
COc1c(SCc2nnn(-c3ccc(C(=O)O)cc3Cl)n2)ccc(Cl)c1Cl,24.166091947189145
CCSc1cc(Sc2nnnn2-c2cccc(Cl)c2Cl)cc(C(=O)O)c1,24.186773244895647
O=C(O)Cc1ccc(-n2nnnc2SCc2ccc(C(F)(F)F)cc2)c2ccccc12,24.24871130596428
O=C(O)c1ccc(-n2nnnc2SCc2ccc(Cl)cc2Cl)c(OC(F)F)c1,24.269322199023193
O=C(O)c1ccc(Cn2c(SCc3ccncc3)nnc2-c2ccc(Cl)s2)cc1,24.310491562286437
O=C(O)c1ccc(-n2nnnc2SCc2ccccc2)c(OC(F)(F)F)c1Cl,24.331050121192877
Cc1cccc(-n2nc(C(=O)O)cc2Oc2c(Cl)cc(C)c(C)c2C(=O)OC(C)(C)C)c1,24.372115213907882
Cc1ncnn2c(SCc3ccc(C(F)(F)F)cc3)nc(-c3ccc(C(=O)O)cc3)c12,24.413111231467404
O=C(O)c1cc(-c2ccc3c(c2)CCC3)cc(-n2nnnc2SCc2ccccc2)c1,24.474476501040833
O=C(O)Cn1c(SCc2cc(Cl)cc(Cl)c2)nc2sc(C3CC3)nc2c1=O,24.49489742783178
COC(=O)c1cc(-n2sc3ccccc3c2=O)cc(-c2cc(C)c(C(=O)O)s2)c1C,24.576411454889016
COc1nccc(-c2cnn(-c3c(Cl)cc(Cl)cc3Cl)c2SCC(=O)O)n1,24.576411454889016
COC(=O)c1nc(-n2ccc(O)n2)c(Oc2c(Cl)cc(Cl)cc2Cl)cc1C,24.63736998950984
Cc1cc(-n2cccn2)c2nc(Sc3cc(Cl)cc(Cl)c3)n(CC(=O)O)c2n1,24.657656011875904
Cn1c(SCc2cccc(O)c2)nc2c(c(-c3ccccc3)nn2C2CCCC2)c1=O,24.657656011875904
CSc1c(Cl)cc(Cl)cc1-n1nnnc1SCc1ccc(C(=O)O)cc1,24.677925358506133
COC(=O)Cn1nc(-c2cc(Cl)cc(Cl)c2)cc1Sc1cccc(C(=O)O)c1,24.71841418861655
COC(=O)c1ccc(CSc2nnnn2-c2c(Cl)cc(Cl)cc2Cl)cc1O,24.73863375370596
O=C(O)Cn1c(SCc2ccc(Cl)c(Cl)c2)nnc1-c1ccc(Cl)s1,24.819347291981714
O=C(O)CSc1nnc(-c2cc(Cl)cc(Cl)c2O)nc1Sc1ccccc1,24.859605789312106
O=C(O)c1cccc(-n2c(SCc3cccc(Cl)c3)nnc2-c2ccncc2)c1,24.879710609249457
COc1ccc(-n2c(SCC(=O)O)nnc2-c2ccc(Cl)cc2Cl)cc1Cl,24.95996794869737
COc1ccc(Cl)nc1-c1nc(Sc2ccc(Cl)c(Cl)c2)n(CC(=O)O)n1,25.13961017995307
Cc1cccc(-n2nnc3c2nc(Sc2ccc(Cl)c(Cl)c2)n3CC(=O)O)c1,25.13961017995307
CSc1ccc(-n2nnnc2SCc2ccc(Cl)c(Cl)c2)cc1C(=O)O,25.15949125081825
O=C(CSc1cc(C(=O)O)nn1-c1ccc(Cl)c(Cl)c1)Oc1ccccc1,25.199206336708304
O=C(CSc1nnnn1-c1ccc(Cl)cc1C(=O)O)c1ccc(Cl)c(Cl)c1,25.219040425836983
COc1ccc(-c2nc3c(N4CCCCC4)ncc(N)n3c2Sc2ccccc2)cn1,25.337718918639855
Cc1csc(-c2cccc(Sc3nnc(-c4ccc(Cl)cc4)n3CC(=O)O)c2)n1,25.357444666211933
COC(=O)Cn1c(Sc2ccccc2Cl)nc(Cl)c1-c1csc(C(=O)O)c1,25.514701644346147
O=C(O)CSc1nnc(-c2cc(OC(F)F)ccn2)n1-c1cc(Cl)cc(Cl)c1,25.553864678361276
COc1cc(OC)cc(-c2nc(SC3CCc4ccccc4C3)n3ncnc(N)c23)c1,25.65151067676132
O=C(O)c1cc(Cl)cc(Cl)c1-n1c(SCc2ccccc2)nc2c(O)ncnc21,25.67099530598687
COc1ccc(-c2nnc(Sc3cc(Cl)ccc3Cl)n2CC(=O)O)cc1Cl,25.67099530598687
O=C(O)c1cc(-n2nnnc2SCc2ccccc2Cl)ccc1OC(F)(F)F,25.69046515733026
O=C(O)c1ccc(-c2nc(SCc3ccc(Cl)cc3)nc(N3CCCC3)n2)cc1,25.768197453450252
Cc1cc(Sc2nnnn2-c2ccc(Cl)c(Cl)c2)cc(OCC(=O)O)c1Cl,25.92296279363144
O=C(O)CSc1nc(SCc2ccccc2)nc(-c2ccc(Cl)cc2Cl)n1,25.942243542145693
O=C(O)c1ccc(F)c(-n2c(SCc3ccc(-c4cccs4)cc3)ncnc2=O)c1,26.0
C[SH]1CCC(n2cc(C(=O)OC(C)(C)C)c(COc3cccc(C(=O)O)c3)n2)CC1,26.038433132583073
COc1ccc(Sc2nc(N3CCC(C(=O)O)CC3)nc3nc(C)ccc23)cc1Cl,26.13426869074396
O=C(O)Cn1nc(-c2cc(Cl)cc(Cl)n2)nc1SCc1cccc(Cl)c1,26.43860813280457
On1cnc(-c2nc(SCc3ccccc3)nc(N3CCC(c4ccccc4)CC3)n2)c1,26.5329983228432
Cc1cccnc1Cn1cnc2c1nc(Sc1cccc(Cl)c1Cl)n2CC(=O)O,26.5329983228432
Cc1cc(C(=O)O)cc(Sc2cc3cc(F)ccc3n2CC(=O)OC(C)(C)C)n1,26.664583251946766
Cc1cc(CSc2nnnn2-c2cc3c(c(C(=O)O)c2)CSC3)cc(C)c1Cl,27.202941017470888
O=C(CSc1nnc(-c2c(Cl)cc(Cl)cc2Cl)n1O)OCc1ccccc1,27.258026340878022
CSc1nnc(SCc2ccc(Cl)c(Cl)c2)n1-c1cccc(C(=O)O)n1,27.294688127912362
O=C(O)Cn1c(SCc2cccc(F)c2)nnc1Sc1ccc(Cl)cc1Cl,27.349588662354687
CSc1nc2cccnc2n1-c1cc(COc2ccc(F)cn2)c(Cl)c(C(=O)O)c1,27.422618401604176
Cn1cc(COc2cc(C(=O)O)c(-c3nccc(N4CCCCC4)n3)cn2)c2ccccc21,27.568097504180443
CSc1nnc(SCc2cc(Cl)cc(Cl)c2)n1-c1cc(C(=O)O)ccn1,27.730849247724095
COC(=O)CSc1nc(C(=O)O)c(-c2c(Cl)cc(Cl)cc2Cl)c2cccn12,27.820855486487112
COc1ccc(-n2nnnc2Sc2c(C)cc(Cl)cc2Cl)c(Cl)c1C(=O)O,28.42534080710379
COc1ccc(-n2nnnc2Sc2ccc(Cl)c(Cl)c2)c(Cl)c1C(=O)O,28.77498913987632
COc1cc(C)cc(Cl)c1-c1nc(SCC(=O)O)nn2cc(Cl)c(Cl)c12,28.89636655359978
CCOC(=O)CSc1nc(C(=O)O)c(-c2c(Cl)cc(Cl)cc2Cl)s1,29.359836511806396
O=C(O)CSc1nc(Oc2c(Cl)cc(Cl)cc2Cl)nc(-n2cccc2)n1,30.59411708155671
O=C(O)c1ccc(-c2nc(SCc3ccc(F)cc3)nc(SC3CCCC3)n2)cc1,31.701734968294716
