SMILES,cats_euclidean_dist
Cc1nc(-c2cccnc2Oc2ccnc(NC3CCN(C)CC3)c2)c2ccsc2n1,9.38083151964686
COc1ccc(-c2nc3ccccc3n2-c2cc(Nc3ccc(F)cn3)nc(C)n2)cc1,11.269427669584644
Cc1nccc(Nc2nc(=O)n(Cc3ccsc3)c3nc(-c4ccccc4)c(C)cc23)n1,11.269427669584644
Cc1cc(-c2cc3c(C#N)ncn3c(NC3CCN(C)CC3)n2)ccc1Oc1ccccc1,11.269427669584644
COc1nc2ncnc(Nc3ccc(Cl)cc3)c2cc1-c1cccc2c1c(C)nn2C,11.40175425099138
CCn1c(=O)nc(Nc2ccc3c(c2)ncn3C)c2ccc(-c3ccc(C)nc3Cl)cc21,11.958260743101398
CNc1ncc(-c2nc3cc(C)ccc3c(=O)n2Cc2cccc(-c3nccs3)c2)cn1,11.958260743101398
Cc1nc(-n2c(NC3CC3)nc3cc(-c4c(C)c(F)nn4C)ccc32)c2ccccc2n1,12.0
CN1c2nc(Nc3ccc(C#N)cc3)c3sc(-c4cnn(C)c4)nc3c2CCC1(C)C,12.083045973594572
Cc1nc(-n2c(N)nc3ccc(Cc4ccccc4)cc32)c2sc(CN3CCCC3)nc2n1,12.083045973594572
Cc1csc(Sc2nc(N)cc3nc(-c4cnn(Cc5ccccc5)c4)ccc23)n1,12.083045973594572
COc1ccc(-c2nc(Sc3ccncn3)c3cc(-c4ccc(C)nc4)[nH]c3n2)cc1,12.12435565298214
COc1ccc(-n2ncc3cc(-c4cccnc4O)nc(Sc4ccccc4)c32)cc1,12.12435565298214
CNc1ncc(-c2nc3c(-c4ccc(C(C)=O)cc4F)cccc3n2-c2nccs2)cn1,12.12435565298214
COc1cccc(Nc2nc(-c3c4n(c5c(C)cccc35)CC(C)O4)nc3c2CCC3)c1,12.12435565298214
CC(C)n1nc(Nc2ccc(Cl)cn2)c2c(-c3cnn(-c4ccccc4)c3)ncnc21,12.24744871391589
Cc1cc2ncn(C(C)C)c2cc1-c1cc2c(NC3CCOCC3)ncnc2c2cncn12,12.449899597988733
CCn1c(=O)c(-c2ccccc2)c(C)c2c(Sc3ccc4c(c3)OCO4)nc(O)nc21,12.489995996796797
COc1cccc(-c2cnc3c(c2)nc(Nc2ccc(F)cc2)n3-c2ccnc(C)n2)c1,12.609520212918492
CSc1cccc(-c2cc3c(-c4ccc(OC5CCNCC5)nc4)noc3c(C)c2C)n1,12.609520212918492
Cc1ccc(-n2ncc3c(Nc4cc(-c5cnn(C)c5)c(Cl)cn4)ncnc32)c(C)c1,12.727922061357855
C#CCn1c(O)nc2cc(Sc3nc(-c4ccc(OC)cc4)nc4ccccc34)ccc21,12.767145334803704
CCn1c(-c2cc3c(s2)CCCC3)nc(SC)c1-c1cc(-n2ccnc2)nc(=O)[nH]1,12.767145334803704
COc1ccc2ncnc(Nc3ccc(-c4nsc(C)c4C)c4c3COCCO4)c2c1,12.806248474865697
CN(C)c1nc2c(nc(Sc3cccc(Cl)c3)n2-c2cccc(O)c2)c(=O)o1,12.884098726725126
CSc1nc2c3c(ncc2c(=O)n1-c1ccc(C)cc1)NC=CC(c1onc(C)c1C)=C3,12.922847983320086
Cn1cncc1CNc1ncc(-c2nc3ccc(F)cc3n2Cc2ccc(C#N)cc2)cn1,12.922847983320086
CNc1ncnc(-c2c(Oc3ccccc3)cn3nc(-c4ccc(N5CCC5)cc4)ccc23)n1,13.076696830622021
COc1cc(O)c(-c2ccc3c(c2)nc(C)n3-c2nc(C(F)(F)F)cs2)c(OC)n1,13.076696830622021
COc1cc2nccc(Nc3ncnc4cnn(-c5ccc(F)cc5F)c34)c2cc1OC,13.114877048604
CCn1c(=O)nc(Nc2ccc(C#N)cc2)c2cc(-c3nc4ccc(C)cc4n3C)ccc21,13.2664991614216
COc1ccc(-c2cc3c4c(nc(Nc5ccc(Cn6cncn6)cc5)c3cn2)OC4)cc1,13.2664991614216
COc1ccc(-c2nc3n(c2-c2ccnc(Nc4ccc(Cl)cn4)c2)CCCC3)cn1,13.341664064126334
CCn1cncc1-c1ccc2c(Nc3ccccn3)nc(=O)n(CC3CCCCC3)c2c1,13.379088160259652
Cc1nc2cc(-c3nnc(Sc4cccc(Cl)c4)n3-c3cc(O)ccn3)ccc2n1C,13.490737563232042
Cc1ccc2nc(-c3ccccc3)n(-c3nc(Nc4ccco4)cc(N4CCOCC4)n3)c2c1,13.527749258468683
COc1cncc(-c2cc(NC3CC4(CC4)CS3)c3cc(-c4nc(C)no4)ccc3n2)c1,13.564659966250536
COC(=O)c1sc2ncnc(N3CCC(CO)C3)c2c1-c1ccc(-c2ccccc2)cc1,13.674794331177344
CNc1ncnc(-c2c(-c3c(Cl)ccc4c3OCO4)c(C)nn2Cc2ccccc2)n1,13.674794331177344
COc1ccc2c(=O)n(-c3ccc4c(c3)OC(O)C4)c(Sc3ccccc3C)nc2c1,13.674794331177344
Cc1nn(-c2ccc(O)cc2)c2c1CCc1nc(-c3cncnc3OCC3CC3)sc1-2,13.784048752090222
COCC1CCN(c2ccc(-c3nc(Nc4ccc(C#N)cc4)nc4c3CCC4)cn2)CC1,13.820274961085254
Cc1onc(-c2ccc3c(c2)CCCN3c2nc(Cl)nc(NC3CCOCC3)n2)c1C,13.820274961085254
COc1cc(Oc2nc3ccccc3c3ncccc23)ccc1-c1cn(CC2CCCN2)nn1,13.856406460551018
COc1ccc(-c2nc(Nc3cc(-n4cnnn4)c(F)cc3F)c3cc(C)ccc3n2)cc1,13.856406460551018
COc1ccc2c(=O)n(-c3cccc(Cl)c3)c(Sc3ccc(C(=O)O)cc3)nc2c1,13.96424004376894
Cc1nnc(-c2ccc(CNc3ncc(C#N)n4nc(-c5ccccc5)c(C)c34)cc2)s1,13.96424004376894
Cc1ccc(CN2CCC(Nc3ncnc4ccc(-c5nc(C)no5)cc34)CC2)cc1,13.96424004376894
Cc1csc(-c2nc(N3CCC(Nc4nc(C)cc5ncccc45)CC3)ccc2C#N)n1,14.0
COCc1ncc(-c2ccc3c(c2)SC(=O)NC2N=CC2=C2C=CC=CN2N=C3)s1,14.071247279470288
CCn1c(=O)n(C)c(=O)c2c(Nc3ccccc3C)nc(-c3csc4ccoc34)cc21,14.106735979665885
N#Cc1ccc(CCNc2nc(Sc3ccc4c(c3)OCO4)nc3ccccc23)cc1,14.142135623730951
Nc1csc(SCCn2nc(-c3ccc4ccccc4c3)nc2-c2ccccn2)n1,14.212670403551895
CCSc1nn(Cc2cc(-c3nc(C(F)(F)F)no3)nc(O)c2F)c2ccccc12,14.247806848775006
Cc1nc(-c2ccc3c(Nc4ccc(C#N)cc4)ncnc3c2)sc1CN1CCCC1,14.247806848775006
CCn1nc2ccccc2c1-c1nc(C)nc2cc(-c3c(NC)nc4ccccn34)ccc12,14.2828568570857
Cc1cc(-c2ccc3c(c2)c(C)nn3CC2CC2)nc(Nc2ccc3c(c2)OCCO3)n1,14.352700094407323
COc1ccc(-c2ccc(-c3c(C)sc4nc(-c5ccc(O)nc5)nn4c3=O)cc2)cc1,14.38749456993816
COc1ccc(Nc2nc(-c3cccc4cccn34)nc3c2ccc(=O)n3C)cc1Cl,14.38749456993816
COc1ccc(-c2nc(NC3CCCCC3)c3c(n2)nc2ccc(Cl)cn23)cc1OC,14.491376746189438
CNc1ncc(-n2nc(OC)c3c(-c4ccc5c(c4)OCCO5)nc(C)cc32)cc1Cl,14.52583904633395
COC(=O)c1cc(-c2ccc3sc(-n4ccnc4-c4cccnc4)nc3c2)c(C)cc1O,14.560219778561036
COc1ccc(Cn2nnc(-c3cccc(F)c3)c2-c2nc(N)nc3sccc23)cc1,14.628738838327793
Cc1noc(-c2cc(SCc3ccc(N4CCC(F)(F)C4)cc3)c(C(=O)O)s2)n1,14.66287829861518
CCn1nc(-c2ccc3c(c2)OCO3)c2ccc(Cn3c(OC)nc4cc(O)ccc43)cc21,14.66287829861518
Cc1nc(Oc2ccc3nc(-c4cnc(Nc5ccccc5)nc4)n(C)c3c2)ccc1F,14.66287829861518
COc1ccc(-c2nc(-c3cnn(C4CCC4)c3)sc2/C=C2\SC(=O)NC2=O)cc1,14.696938456699069
CCOc1cc(-n2ncc3c(NC)nc4c(c32)COC4)ncc1-c1ccc2ncccc2c1,14.696938456699069
COc1ccc2c(=O)n(Cc3ccsc3)c3cc(-c4cnn(C5CC5)c4)nc(O)c3c2c1,14.696938456699069
COc1cc(-n2c(C)nc(-c3ccc4scnc4c3)c2-c2ccccc2)ncc1C(=O)O,14.696938456699069
CN(C)c1cc(Oc2ncc(C(=O)O)cc2-c2ccc3nccnc3c2)c2ccsc2c1,14.730919862656235
CCn1ncc2ccc(Nc3nc(=O)n(CC)c4nc(-c5ccccc5Cl)ccc34)cc21,14.798648586948742
CN1CCC(Oc2ccc(-c3nn(CCC4CCCC4)c4ncnc(N)c34)cc2)CC1,14.866068747318506
CNc1ncnc2c3ncnc-3c(Cc3ccc(-c4cnn(C)c4)cc3)c(-c3ccccc3)n12,14.933184523068078
CCn1c(-c2cccc3ccccc23)nc2c(Sc3ccc(CO)cn3)nsc2c1=O,14.933184523068078
CNc1ncc(-c2nnc(Sc3ccccc3Cl)n2-c2ccc(C#N)c(C)c2)cn1,14.933184523068078
Cn1cnc(-c2c(-c3ccccc3)nn3c(NCc4ccc5ccccc5c4)ncnc23)c1,14.966629547095765
CCn1c(-c2c(-c3ccc(O)cc3)nnn2Cc2ccccc2)nc2sccc2c1=O,14.966629547095765
COc1ccc(-c2nc(C)nn2-c2nc(Nc3ccc(Cl)cn3)n3ccccc23)cc1,15.033296378372908
Cc1nc(-n2cc(C)c3c(N(C)c4ncnc5ccccc45)cccc32)ccc1C(=O)O,15.0996688705415
CCn1cc(-c2cc(Nc3ccc4c(c3)OCO4)nc(C)n2)cc1-c1ccc2c(c1)OCO2,15.0996688705415
COc1ccc(-c2ccc3c(O)nc(Sc4ccc(-n5ccnc5)cc4)nc3c2)cn1,15.0996688705415
COc1nc(Nc2ccc(Cn3ccnc3)cc2)nc(-c2cc3cccc(Cl)c3n2C)n1,15.165750888103101
Cc1nnn(-c2ccc(-c3nc4ccccc4s3)c(N3CCC(C(=O)O)C3)c2C)c1C,15.198684153570664
Cc1ccc2c(c1)c(C)nc(=O)n2-c1ccc2c(c1)nc(Nc1c(C)cncc1Cl)n2C,15.198684153570664
COc1ccc(-c2nc(NCc3cnn4c(C5CC5)csc34)c3ccccc3n2)cc1,15.231546211727817
COc1ccc(-n2nc(C(C)(C)C)nc2-c2cnc(NC(=O)c3cccs3)s2)cc1,15.329709716755891
COc1cccc(Sc2ccc3c(c2)nc(O)n3-c2ccc3c(C#N)cc(C)nc3c2)c1,15.329709716755891
C#CCSc1nc(Nc2cc(Cl)cc3c2cnn3C)nc(-c2ccnc(C=C)c2)n1,15.329709716755891
O=C(O)CC1CCN(c2ncc3n(CC4CCCCC4)cnc(-c4cccnc4)c2-3)CC1,15.362291495737216
Cc1cccc(Sc2nc3cc(-c4cnn(C)c4)ccc3n2-c2ccc(C(=O)O)cn2)c1,15.362291495737216
O=C(O)c1ccc(Oc2cc(-c3cccc(CN4CCOCC4)c3)c3cncnc3c2)cc1,15.394804318340652
COc1ccc(-n2ncc3c(-c4ccc(Nc5ncc(Cl)n5C)nc4)ccnc32)cc1,15.427248620541512
COc1ccc(-c2ccc3c(Nc4cc(-c5cn(C)nn5)ccc4F)ncnc3c2)cc1,15.459624833740307
COc1nc(-c2csc3c(-c4ccc5c(c4)OCC5CO)c(C)nn23)c2ccccc2n1,15.459624833740307
CN(C)c1cc(-n2c(Sc3cccc(Cl)c3)nc3cc(C(=O)O)ccc32)ncn1,15.491933384829668
CSc1nc(-c2ccc(F)cc2)nn1-c1ccc(Nc2ncnc3ccc(C)cc23)nc1,15.491933384829668
CCc1nn(-c2ccc(NC)nc2)c(-c2ccc(F)s2)c1-c1nc(C(F)(F)F)no1,15.491933384829668
COc1ccc(-c2nc3ccccc3c(=S)n2-c2ccc3ncn(CCC(=O)O)c3c2)cc1,15.588457268119896
Cc1c(-c2ccc3c(Oc4ccc(Cl)cc4)ncnc3n2)c(N2CCC(O)C2)nn1C,15.588457268119896
Cc1csc(-n2nc(Cn3cnc4ccnc(N)c43)c3cc(-c4ccccc4C)ccc32)n1,15.588457268119896
CC(C)n1cc2ccc(C(=O)Nc3nc(-c4cn(C)nc4C(F)(F)F)cs3)cc2n1,15.620499351813308
CCn1cnc2cc(-c3c(-c4ccccc4F)nc(NC4CC4)n4nc(C)nc34)ccc21,15.620499351813308
COC(=NO)Sc1nc2cccc(OCc3ccccc3)c2c(=O)n1-c1ccccc1,15.620499351813308
Cc1cccc(CSc2nc(O)nc(-n3c(-c4ccc(F)cc4)nc4ccccc43)n2)n1,15.620499351813308
Cc1ccc(Oc2ncnc3c2c(-c2cnn(-c4ccc(Cl)cn4)c2)cn3C)c(C)c1,15.652475842498529
COc1ccc(N2CCC(C(=O)Nc3sc(-c4nc(C)no4)c4ccccc34)C2)cc1,15.684387141358123
CCn1cc(-c2cc(C#N)c3c(-c4csc(NC5CCOCC5)n4)cc(C)cc3c2)nn1,15.716233645501712
CNc1ccc2c(Oc3ccc(-n4cc5ccc(Cl)nn5c4=O)cc3C)ccnc2c1,15.716233645501712
Cc1ccnc(Nc2nc(=O)oc3cc(-c4nc(C)c(CN5CCCC5)s4)ccc23)c1,15.716233645501712
CC1=C(CN2C(C)=C(C)C(=O)C2c2ccc(C)nn2)c2cccnc2-c2scnc2N1,15.716233645501712
CSc1ccc(-c2cc3ncnc(Nc4cccc5c4cnn5C)c3n(C)c2=O)cc1,15.716233645501712
CNc1ccc(-c2nc3nc(C)nc(-n4ccc5cc(-c6ccn(C)c6)ccc54)n3n2)cc1,15.748015748023622
COC(=O)c1ccc(Nc2nc3cc(OC)cc(-c4ccc5c(c4)OCO5)c3s2)cc1,15.7797338380595
COc1ccc(-c2cc(SCc3nc4ccccc4c(=O)[nH]3)n(-c3cccnc3)n2)cc1,15.811388300841896
COc1ccc(-c2nc3ccc(-c4c(O)nc(=O)n(C)c4-c4cccnc4)cc3s2)cc1,15.84297951775486
Cc1noc(-c2c(N3CCC(Nc4nccs4)CC3)ncc(-c3ccccc3)c2C)n1,15.84297951775486
CSc1cccc(-c2ccc3nc(C)n(-c4ccc5nc(NC(C)=O)sc5c4)c3c2)n1,15.84297951775486
Cc1nc(N2CCN(C)C2)ncc1-c1ccc2oc(Nc3ncnc4ccccc34)cc2c1,15.874507866387544
COc1ccc(-c2c(-c3ccc(O)c(Cl)c3)nc3c4ccsc4ncn23)nc1OC,15.937377450509228
C#CCCSc1nc(-c2ccc3c4c(sc3c2)COCC4)c(-c2nc(C)no2)[nH]1,15.937377450509228
CCn1c(-c2ccc(-c3ccccc3)cc2)c(C(C)(C)[O-])c(O)c(-c2nc(C)ns2)c1=O,15.937377450509228
Cc1nc(NCC2(C)CO2)c(-c2nc3ccccc3s2)cc1-c1ccc2c(c1)OCO2,15.968719422671311
Cn1cc(-c2cnc3c(O)nc4c(nc(Oc5ccccc5)n4Cc4ccccc4)c3c2)cn1,15.968719422671311
Cc1nc(-c2ccc(Sc3nc4ccccc4n3C3CCN(C)CC3)cc2)c(C(=O)O)o1,16.0
C=Cc1ccc(-c2cc3c(O)nc(-c4ccc(OC)cc4)nc3n2C2CCOCC2)s1,16.0
Cn1cc(-c2cc(-c3csc4ccccc34)cc(-c3cn(CC4CC4)nc3N)n2)cn1,16.0312195418814
CCCn1cc(-c2cccc3c(C)n4nc(C)cc(Nc5ccc6c(c5)OCO6)c4c23)nn1,16.06237840420901
CC(=O)Nc1nc2ccc(Sc3cn(-c4ccc(C)c(Cl)c4)nc3C)cc2s1,16.09347693943108
COC(=O)c1cc2c(-n3c(C)c(C)c4ccc(-c5ccc(O)cc5)nc43)ncnc2s1,16.1245154965971
CCN1CCOc2cc(-c3cc4c(NCc5cccc6c5OCO6)nc(C)nc4o3)ccc21,16.1245154965971
CCn1nc2c(Nc3cnn(C)c3)ncnc2c1-c1ccnc(-c2ccccc2Cl)c1,16.186414056238647
Cc1ncc(-c2nnc(-c3ccc(N4CCCCC4)cc3)n2Cc2ccccc2)c(O)n1,16.186414056238647
Cc1nsc(-c2c(-c3cnc(-n4ccnc4)nc3O)c3cc(Cl)ccc3n2C)c1C,16.217274740226856
Cn1cnc(-c2ccc3nc(-c4cccc(F)c4)nc(O)c3c2)c1Sc1ccncc1,16.217274740226856
Cc1c(N2CCC(Nc3nccs3)CC2)nnc(-c2ccco2)c1Oc1ccccc1,16.217274740226856
COc1ccc(-n2c3cccc(-c4nc(C)c(C)s4)c3c3c(N)ncnc32)cc1,16.217274740226856
CCn1c(=O)nc(Sc2ccc3c(c2)OCO3)c2ccc(-c3cccc(C)c3O)cc21,16.217274740226856
Cc1cc2ccccc2c(-c2cccc3c2c(NCc2c(C)ncn2C)nc2ncnn23)n1,16.217274740226856
Cc1cccc(-c2ccc(Cn3c(C)cc4c(Nc5ccsc5)nc(=O)oc43)cn2)c1,16.217274740226856
Cc1ncc(-n2c(-c3ccc(NCc4cnn(C)c4)cc3Cl)nc3ncccc32)cn1,16.30950643030009
COc1ccc(-c2nc3c(n2-c2nc(C)nc(N)n2)CCC(C)S3)cc1C(F)(F)F,16.30950643030009
COc1ccc(-c2noc(-c3cc4sc(NC5CCN(C)CC5)nc4cc3F)n2)cc1,16.34013463836819
COc1cc(Nc2ccc3c(c2)ncn3C)c2nc(-c3ccc4c(c3)OCO4)n(C)c2c1,16.34013463836819
CNc1ccc(-c2nc3c(ncn3C3CCCO3)c3c(-c4ccc(C)cc4C)cnn23)cn1,16.34013463836819
COc1ccc2c(=O)n(-c3cc(-c4nc5ccccc5s4)ccc3OC)c(O)nc2c1,16.34013463836819
COc1ccc(-c2nc(N3CCC(C(=O)O)CC3)c3sc4c(c3n2)CC(C)(C)C4)cn1,16.3707055437449
COC(=O)c1cc2ccc3c(-c4cccs4)nn(-c4cccc(O)c4)c3c2nc1OC,16.3707055437449
Cn1ncnc1-c1ccc2c(c1)nc(Sc1ccc(C(=O)O)cc1)n2Cc1ccccc1,16.3707055437449
COCCNc1ncc(-c2ncnc3cc(-c4nccs4)ccc23)c(C(F)(F)F)n1,16.3707055437449
Cc1cc(-c2ccc(-c3ncn(C)c3Sc3ccc4c(c3)OCO4)cc2)ncc1C(=O)O,16.401219466856727
Oc1nc(-c2ccc(OCC3CCC3)c(N3CCCCC3)c2)nc2c1nc1ccccn12,16.431676725154983
Cc1noc(-c2cnn(Cc3ccc(Cl)cc3)c2NCc2ccc3c(c2)OCO3)n1,16.431676725154983
CC(=O)OCc1c(N)nc2ccc(-n3cccn3)cc2c1Sc1ccccc1Cl,16.431676725154983
CNc1cc(-n2nc(Cl)c3cc(F)c(-c4cn(-c5cccnc5)nc4C)cc32)nc(C)n1,16.431676725154983
Cc1nc(-c2ccc(NCc3cn(C)c4ccccc34)cc2)nc2c1-n1c(C)nnc1CO2,16.46207763315433
COc1ccc(-c2csc3c(NCc4cc(F)cc5c4OCO5)nc(C)nc23)cc1,16.46207763315433
CCn1c(=O)n(CC)c2cc(Nc3nccc(-c4cc5ccc(F)cc5s4)n3)ccc21,16.46207763315433
CCOc1nc(F)ccc1-c1nc(Nc2ccc(C(=O)OC)cc2)nc2c1CCCS2,16.46207763315433
COc1ccc(-c2c(C)sc3c(-c4ccc(N5CCOCC5)cc4O)ncnc23)cn1,16.492422502470642
CSc1ccc(-c2nc3c(-c4cn(Cc5ccccc5)nn4)ccc(O)c3s2)cc1,16.492422502470642
Cc1cc(-n2c(=O)n(-c3cccc(O)c3)c3ccc(-c4nc(C)c(C)s4)cc32)ncn1,16.492422502470642
Cc1nc2ccc(-n3c(NC(C)C)nc(=O)n(-c4ccc(C(C)(C)C)cc4)c3=O)cc2s1,16.492422502470642
Cc1nc(-c2ccc3c(c2)c(C)nc(=O)n3-c2ccc3c(c2)c(C)cn3C)sc1C(=O)O,16.522711641858304
COc1ccc(Nc2ncnc3ccc(-c4cn(C)c5ncn(C)c(=O)c45)cc23)cc1Cl,16.55294535724685
Cc1ccc(-c2c(C)nc(Sc3ccc4c(c3)OCO4)n2Cc2ccccc2)nc1N,16.55294535724685
Cc1nc2cc(Nc3ncc(-c4cnn(C)c4)c4ccccc34)ccc2n1Cc1cnccn1,16.583123951777
Cc1ccc(-c2cc(Nc3nn(C)c4c(Cn5cnnn5)cccc34)c3ccccc3n2)cc1,16.583123951777
COCCc1nc2snc(-c3ccc(Nc4ccnn4C)cc3)c2c(=O)c2ccccc12,16.583123951777
CCn1c(-c2nc(Oc3ccccc3C(=O)O)cs2)nc2cc(Br)cn21,16.61324772583615
COc1ccc(-c2nc3n(c2C(=O)O)-c2sc(-c4cccnc4)c(OC)c2CC3)cc1,16.61324772583615
Cc1nc2cc(-c3cc(OCF)c(C(=O)O)s3)ccc2n1Cc1ccc2c(c1)OCO2,16.61324772583615
Cc1ccc(Cn2c(-c3ccc(C(=O)O)cc3)cnc2Sc2ccc3c(c2)OCO3)cn1,16.64331697709324
CC(C)n1ncc(C#N)c1-c1nc(-c2ccc(N3CCN(C)CC3)cc2)c2ccccc2n1,16.64331697709324
Cc1ncc(Nc2nc(=O)n(CCC3CCCO3)c3ncc(-c4ccccc4)cc23)s1,16.673332000533065
Cc1ccc(-c2c(Cl)nc3c(nc(SCc4ccc5c(c4)OCO5)n3C)c2O)cc1,16.673332000533065
CCn1nc2c(NCc3ccc(C(F)(F)F)nn3)ccnc2c1-c1ccc2ocnc2c1,16.703293088490067
Cc1nn(C)c(C)c1-c1ccc2cn3nc(-c4ccsc4)c4c3c(c2c1)N(C)N=C4N,16.703293088490067
COc1cccc(-n2c(-c3cccc(-c4cnc(N)s4)c3)nc3scc(C)c3c2=O)c1,16.703293088490067
Cc1ccc(-c2ncn(C)c2-c2ccc3c(c2)nc(O)n3Cc2ccc3c(c2)OCO3)cn1,16.703293088490067
COc1ccc(-c2c(C)c(O)nc3c2C=CN2COc4cc(-c5cnn(C)c5)cc-3c42)cc1,16.703293088490067
COc1ccc(-c2cnc3c(c2)nc(-c2cc(F)c(O)nn2)n3Cc2ccsc2)cc1,16.703293088490067
Cc1ccc2c(C)c3nc(-c4cc5cccc(O)c5o4)nc-3n(CCN3CCOCC3)c2c1,16.73320053068151
COc1ccc(-n2c(Nc3ccnc(C)n3)nc3cc(-c4ccc5c(c4)OCO5)ccc32)cc1,16.73320053068151
COc1ccccc1-n1nc(C(C)(C)C)c(-c2cncs2)c1/C=C1\SC(=O)NC1=O,16.73320053068151
COc1ccc(-c2ccc(-c3c(C)sc4c(-c5nccs5)nc(N)n4c3=O)cc2)cc1,16.822603841260722
CCn1ncc2cc(CNc3ncc(-c4cnn(-c5ccccn5)c4)c4ncccc34)ccc21,16.822603841260722
COc1cccc2nc(Nc3c(Cl)cc(-n4nccc4C)cc3Cl)n(C)c(=O)c12,16.852299546352718
Cn1c(-c2cc(C(=O)O)cs2)nc2cc(CCOc3ccc4c(c3)OCCO4)ccc21,16.852299546352718
CSc1nn(-c2cccc(C(=O)O)c2)c2ccc(-c3ccc(Cn4ccnn4)cc3)cc12,16.852299546352718
CCSc1nc(-c2ccc(N3CCOCC3)cc2)c(-c2nc(C)no2)c2ccccc12,16.881943016134134
COc1ccc(-c2ncc(Cn3sc4c(NC(=O)OC(C)(C)C)nccc43)c(C)n2)cc1,16.881943016134134
COc1cc(-c2cc(-c3ccccc3)c3nnn(CC(F)(F)F)c3c2)nc2c1cnn2C,16.911534525287763
Cc1cc2c(NC3CC3)nc(=O)n(CC3CCCCC3)c2nc1-c1ccc2c(c1)nnn2C,16.911534525287763
Cc1noc(-c2ccc3c(c2)c(NCc2ccc4c(c2)OCO4)nn3CC(F)(F)F)n1,16.941074346097416
COc1ccc(-c2ccc(-c3nc(C(C)(C)C)nn3-c3ccc(O)cc3)c3ncnn23)cc1,16.941074346097416
COc1cc2c(cc1O)OCCc1c-2nc(-c2nccs2)n1-c1ccc(C(C)(C)C)cn1,16.941074346097416
COc1ccc(-c2nn(CC3COC3)c3c(Nc4ccnc5ccccc45)ncnc23)cc1,16.941074346097416
COc1ccc(-n2ncnc2-c2ccc(F)cc2Nc2nccc(-c3ccccc3)n2)cc1,16.941074346097416
Cc1ncnnc1-c1ccc(Cn2c(Sc3ccccc3)nc3cc(O)ccc32)cc1,16.941074346097416
CCNc1c(-c2cc(-c3ccc4c(c3)OCO4)nc3scc(C)c23)c(C#N)cc(=O)n1C,16.941074346097416
Cc1noc(-c2cc(-c3ccc(F)cn3)sc2NCc2cnn(CC(F)(F)F)c2)n1,16.97056274847714
CSc1cc2cc(Sc3cccc(C)c3)n(-c3ccc(C(=O)O)cc3)c(=O)c2nn1,17.0
Cn1c(=O)n(-c2nccs2)c2ccc(-c3ccc(Oc4ccc(C(=O)O)cc4)cc3)cc21,17.0
CCCn1ncc2c(-n3c(=S)[nH]c4c(=O)ccc(-c5nc(C)cs5)cc43)cccc21,17.0
Cn1nnc(-c2c(Oc3ccc(-c4cnn(CC5CCCC5)c4)cc3)[nH]c3ccccc23)n1,17.029386365926403
COc1cc(-c2ccc3c(c2)c(O)nn3CC2CCOCC2)ccc1-c1nccs1,17.05872210923198
COc1ccc(-c2cc3c(-c4csc(C)n4)ncnc3n(-c3cccc(O)c3)c2=O)cc1,17.05872210923198
Cc1nc(-c2cc3c(F)cc(-c4ccc5c(c4)n(C)c(=O)n5C)cc3nc2O)sc1C,17.05872210923198
Cc1nc(NCc2cnco2)c(-n2c(C)nc3ccccc32)cc1-c1ccc2c(c1)OCO2,17.05872210923198
COc1ccc(-n2ncc3c(-c4ccc(Oc5cccnc5)cc4)nc(S)nc32)cc1,17.08800749063506
CN(C)c1ccc(-c2cnc3c(c2)c(Nc2ccc4c(ccn4C)c2)nc2ccnnc23)cn1,17.08800749063506
CCn1c(=O)n(CC)c2cc(-c3c(Nc4ccccn4)nnn3-c3ccc(F)cc3)ccc21,17.08800749063506
Cc1ccnc(N2Cc3cc(Sc4cnn(-c5ccccc5)c4C(=O)O)ccc3C2C)n1,17.11724276862369
CCn1[nH]c2nc(-c3cc(F)cnc3C)ccc2sc2ccc(-c3nc(C)no3)cc21,17.146428199482248
Cc1c(-c2ccc3nc(Sc4ccncc4)n(C)c3c2)nnn1-c1ccc(O)c(Cl)c1,17.146428199482248
Cc1ccc2c(-c3nc(C)no3)c(-c3ccc(OC4CCNCC4)c(Cl)c3)n(C)c2n1,17.175564037317667
CCn1c(-c2nc3ccccc3nc2Nc2ccc3c(c2)CCC(=O)C3=O)cnc1SC,17.175564037317667
Cc1csc(-c2nc3ccc(-c4ccnc(NC5CC5)c4)cc3n2-c2cnc(C)nc2)n1,17.175564037317667
COc1cc2nc(-c3ccc4nc(C)n(-c5ccc(CO)cc5Cl)c4c3)cnc2s1,17.175564037317667
CNc1nnc(-n2nc(C)nc2-c2ccc(-n3c4c(c5ccccc53)CCCC4)cc2)c(C)n1,17.175564037317667
COc1ccc(-c2nnn(-c3ccc(F)cc3O)c2/C=C/c2ccc3c(c2)OCO3)cc1,17.175564037317667
CCOc1nc(Sc2c(C)ccc3ccc(=O)n(CC(=O)O)c23)sc1C(C)(C)C,17.204650534085253
COc1cccc(-n2ncc3ccc(-c4ccc(Nc5nccc(=O)n5C)cc4)cc32)c1,17.204650534085253
COc1ccc(Cn2cnc(-c3ccc(=N)c4nc(-c5cnn(C)c5)sc4c3)c2)cc1,17.204650534085253
Cc1ccc2c(-c3cnn(CC(=O)O)c3)csc2c1-c1cn(Cc2ccccc2)nn1,17.233687939614086
Cc1c(-c2ccc(-c3ccccc3)cc2)nn(CC2CCSS2)c1-c1ncnn1C,17.233687939614086
CCn1c(-c2ccccc2)nc2cc(-c3cnn(Cc4ccc(C(=O)O)cc4)c3)sc2c1=O,17.233687939614086
COCc1ncn(-c2cc(Cl)cc3c(Nc4cccc5ncccc45)ncnc23)c1C,17.26267650163207
CSc1nc(-c2ccn3ccnc3c2)c(-c2cc(O)ncn2)n1Cc1cccc(Cl)c1,17.26267650163207
COc1nc2ccc(-c3noc4cc(-c5nc(C)cs5)ccc34)cc2n1CC1CCNC1,17.291616465790582
CCn1c2ccc(-c3c(C)noc3C)cc2c2c3ccc(O)nc3nc(N3CCOCC3)c21,17.291616465790582
CC(=O)Nc1nc2ccc(-c3c4c(nn3-c3nccs3)CC(C)(C)CC4)cc2s1,17.291616465790582
COc1cc(O)cc2ccn(Cc3noc(C)c3-c3ccc4nc5ccccc5n4c3)c12,17.291616465790582
Cc1cc(-n2c(Sc3ccc4c(c3)OCO4)nc(C)c2C)c(C(F)(F)F)cc1C(=O)O,17.320508075688775
CN(C)c1ccc(-c2ncn(-c3ccc(C(=O)O)cc3)c2-c2ccc3ncnn3c2)cc1F,17.320508075688775
Cc1cc(-c2nc3ccccc3n2Cc2cccc(-c3nccs3)c2)c(NC2CC2)nn1,17.320508075688775
Cc1nc(NCc2ccc3c(c2)OCO3)c2cc(-c3ccc4ncn(C)c4c3)cnc2n1,17.320508075688775
CCn1c(-c2ccc3c(c2)OCO3)nc2cc(OCc3ccc4nc(O)cnc4c3)ccc21,17.320508075688775
COc1ccc(-c2nn(C3CCN(CC4CCCCC4)C(=O)C3)c3snc(N)c23)cc1,17.349351572897472
CCn1ncc2cc(-c3nn(-c4cc(C(=O)O)ns4)c(C)c3C(F)(F)F)ccc21,17.349351572897472
Cc1nc(NCc2ccncc2)c2nc(-c3ccc(-c4cccc(Cl)c4)cc3)nn2n1,17.378147196982766
C=CCCn1cnc(-c2nc(NCc3ccc4c(c3)OCO4)c3cc(Cl)ccc3n2)c1,17.378147196982766
CSc1nc(NCC2CC2)c2scc(-c3ccc(-c4ccncc4)c(C#N)c3)c2n1,17.378147196982766
CCn1c(-c2ccc3c(c2)ncn3-c2ccc(OC)cc2)nc2c3c(N)ncnc3ccc21,17.378147196982766
COc1ccc(Cl)c(-n2cnc3cc(-c4cnc(NCc5ccncc5)nc4)ccc32)c1,17.378147196982766
Cc1c(Cn2cncn2)cnc2c(Sc3ccc(-c4ccccc4)nc3O)cccc12,17.406895185529212
CSc1nc(NCc2cnc(Cl)c(Cl)c2)c(C=O)c(-c2ccc3c(c2)OCO3)n1,17.406895185529212
CC(=O)Nc1nc2c3ccc(-c4nc(C)ns4)cc3n(CCc3ccccc3)c2s1,17.435595774162696
COC(=O)c1ccc(Nc2ncc(-n3c(C)nc4cc(-c5ccccc5)ccc43)cn2)cc1,17.435595774162696
Cc1ccccc1-c1ccc2c(-c3cc(C(=O)O)cn(C)c3=O)nn(-c3nccs3)c2c1,17.46424919657298
CCn1c(=O)nc(NC2CCOCC2)c2ccc(-c3cc4sccc4cc3O[O-])cc21,17.46424919657298
OCc1ccc(Sc2nnc(-c3ccc4c(c3)OCO4)n2CC2CCCCCC2)cc1,17.4928556845359
Cc1nc(-c2cc(N3CCc4cc(-c5cn(C)nc5C5CC5)ccc43)nc(O)n2)cs1,17.52141546793523
CSc1nc(-c2ccn(CCC(=O)O)c2)c2c(-c3ccc4ncccc4c3)csc2n1,17.52141546793523
CCn1c(Sc2cc(F)c3oc(=O)n(C)c3c2)nnc1-c1cc(O)c(Cl)cc1F,17.52141546793523
Cc1cc(OCc2nc3ccccc3s2)c2nc(C)c(-c3cccc4c3C(=O)CN4)n2n1,17.52141546793523
CCn1c2ccc(-c3cc(=O)sc(NC4CCOCC4)n3)cc2c2c(OC)nc(C)cc21,17.52141546793523
COc1ccc(-c2sn3c(-c4ccc5nc(NC(C)=O)sc5c4)c(C)cnc23)cc1,17.549928774784245
Cc1cnc(OCc2ccccc2)c(-c2cc3c(NC4CCOCC4)ncnc3s2)n1,17.549928774784245
COc1ccc(-c2cc(-c3csc(C(=O)O)c3)nn2-c2ccc3c(c2)OCO3)c(C)c1,17.549928774784245
COc1ccc(-c2nnc(NCc3ccccc3)c3nc(-c4ccncc4)sc23)cn1,17.549928774784245
Cc1ccc(Oc2ccc(-c3c(-c4ncns4)cnn3CC3CCCC3)cc2N)cn1,17.578395831246947
Cc1cc(-c2nc(-c3csc(C(=O)O)c3)c(-c3ccn4ncnc4c3)n2C)ccc1F,17.578395831246947
Cc1nc(N)sc1-c1nc2cccc(C)c2c(=O)n1Cc1ccc(-c2ccsc2)cc1,17.60681686165901
CCCC(O)c1nc(-c2nc(C(F)(F)F)ns2)c(-c2ccc3c(c2)OCO3)s1,17.635192088548397
COC(=O)c1ccc2ccsc2c1Oc1cccc(-c2cn(CC3CCNCC3)nn2)c1,17.635192088548397
COc1ccc(-c2nc(Nc3ccc(C(F)(F)F)nn3)c3c(C)c(C)sn3c2=O)cc1,17.635192088548397
CSc1nnc(-c2ccc(-c3ccc4oc(=O)n(CCC(F)(F)F)c4c3)cc2O)s1,17.635192088548397
Cc1nsc(C2NC(=O)C(=O)c3c2c(C)c(C)n3-c2ccc(Oc3ccccc3)cc2)n1,17.635192088548397
CN(C)c1ccc(-c2cc(=O)n3c(Nc4cccnc4)nc4cc(C#N)ccc4c3c2)cc1,17.635192088548397
CN1CCC[C@H](Nc2nc(-c3cscn3)cc(-c3cccnc3Oc3ccccc3)n2)C1,17.663521732655695
COc1ccc(-c2cc3c(s2)c(-c2ccc4nc(NC(C)=O)sc4c2)cn3C)cn1,17.663521732655695
CCn1c(-c2cnc3c(c2)c(-c2cccs2)cc(=O)n3CC2CCCCC2)cnc1O,17.72004514666935
COCn1cc(-c2ccc3c(c2)nc(-c2ccc(O)cc2)n3C2CCC3(C2)OCCO3)o1,17.74823934929885
COc1ccc(-c2nc(SC)nn2-c2cccc3cc(C(F)(F)F)nc(O)c23)cc1,17.74823934929885
COc1ccc(CNc2nc(-c3cccc(-n4c(=O)oc5ccccc54)c3)cs2)cc1,17.74823934929885
COc1ccc(-n2c(=O)nc(Nc3ccc(C)nc3)c3ccc(-c4cccnc4)cc32)cc1,17.74823934929885
COc1ccc(-c2ccccc2N2CCC(C(=O)O)O2)c2nc(-c3sccc3C)oc12,17.74823934929885
CCn1c(-c2ccc(-c3cnc(NC4CC4)n4ncnc34)c(OC)c2)nc2ccccc21,17.74823934929885
O=C(O)c1ccc(SCCn2c(-c3ccc4c(c3)OCCO4)nc3ccccc32)cc1,17.776388834631177
Cc1cccc(-c2ccnc3c2n(CC(=O)O)c(=O)n3Cc2csc3ccccc23)c1C,17.776388834631177
CCn1c(=O)n(-c2nc3ccc(C(=O)O)cc3s2)c2cc(-c3ccccc3C)ccc21,17.776388834631177
Cc1cc(C)c2nnc(NCc3c(Cl)cc(-c4ccc(C(C)(C)C)nn4)nc3C)n2c1,17.832554500127006
COc1cc(Cn2cnc(-c3cnc4c(c3)OCO4)c2)ccc1Nc1ncccc1Cl,17.86057109949175
Cc1nn(-c2ccccc2)cc1-c1ccc2nc(O)cc(Sc3cccnc3C=O)c2c1,17.86057109949175
Cc1c(F)cccc1-c1nc(C)n(-c2nnc(Nc3ccc(F)cc3)n3ncnc23)c1C,17.86057109949175
Cc1noc(-c2ccc3nc(Nc4ccc(F)cc4)n(CCC4CCOCC4)c3c2)n1,17.86057109949175
COC(=O)c1cccc(-n2nccc2-c2ccc3nc(NCc4ccccn4)sc3c2)c1,17.88854381999832
CCn1c(=O)n(-c2cccc3c2ccn3C)c2ccc(-c3nc(C)c(C(=O)O)s3)cc21,17.88854381999832
Cn1ccc(C#COC(c2ccccc2)c2cccc(-c3cn(-c4ccc(O)cc4)nn3)c2)n1,17.88854381999832
CCn1c(=O)c2sc3ccc(-c4ncnn4C)c(OCC(C)(C)O)c3c2c2ccccc21,17.88854381999832
Cc1ccc2c(Sc3nnn[nH]3)nc(=O)n(CCC3CCCC3)c2c1-c1cccs1,17.916472867168917
CCn1c(=O)c2c(N3CCC(CC(=O)O)C3)nc(-c3ccc(O)cc3)cc2c2ccccc21,17.916472867168917
Cc1nn(C)cc1-n1c(=O)n(-c2cccc(Oc3ccc(C(=O)O)cc3)c2)c2ccccc21,17.916472867168917
Cc1ccc(Sc2cc(-c3ccc(Cl)cc3C)nn2-c2ccnc(N)n2)c(F)n1,17.916472867168917
Cc1nc2ccc(SC3CCOC(N)=N3)nc2n1-c1ccc(Oc2ccccc2)cc1,17.944358444926362
Cc1noc(-c2ccc3c(-c4ccc(F)cc4)nnc(NCC4CCN(C)CC4)c3c2)n1,17.944358444926362
Cc1nn(-c2ccc(C3CC3)nc2)cc1-c1ccc2c(c1)nc(O)n2Cc1ccsc1,17.97220075561143
Cc1cn(C)c(NCc2cccc(Cl)c2)c1-c1nc(-c2ccc3c(c2)OCO3)no1,17.97220075561143
COc1cc(-c2nc(C)cs2)ccc1-n1ncc(=O)c2cc(-c3ccc(O)cc3)ncc21,17.97220075561143
CNc1ccc(-n2nnnc2-c2ccc(-c3ccc4nc(C)ccc4c3)c(SC)c2)cn1,18.0
COc1ccc(-c2cc(Cn3ncc4c(N=S)cccc43)nn2-c2ccccc2C)cn1,18.027756377319946
COc1ccc2cc(-c3c(-n4ncnn4)[nH]c(=S)n3CCC3CCCCC3)ccc2n1,18.027756377319946
Oc1nn(CCC2CCOCC2)c2ccc(-c3nc(C4CC4)oc3-c3ccccc3)cc12,18.05547008526779
CCn1c(=O)n(CC)c2cc(-c3sc4nc(=S)[nH]c-4nc3-c3ccccc3)ccc21,18.05547008526779
COc1ccc(-c2ccc3nccc(Nc4ccc(Cn5cnnn5)c(Cl)c4)c3c2)cc1,18.05547008526779
Cc1c(-c2ncn(C)c2-c2ccnc(Nc3ccc(N4CCC4)nc3)c2)oc2ccccc12,18.083141320025124
CC(C)Nc1nc(-n2ccc3ccccc32)nnc1-c1ccc2cnn(-c3cccnc3)c2c1,18.083141320025124
CCn1c(=O)c2c(O)cc(Cl)cc2c2ccc(-c3nnnn3Cc3ccc(C)cc3)cc21,18.083141320025124
Cc1ccc(-n2ncc3cc(-c4sc(Cn5nccn5)c(O)c4C)cnc32)cc1Cl,18.083141320025124
Cn1c(=O)n(Cc2ccco2)c2cc(-c3ccc(O)cc3)nc(Sc3ccccc3)c21,18.083141320025124
COc1cccc(-c2c(-c3ccc4nc(-c5ccn(C)c5)nc-4o3)ncn2C2CCNCC2)c1,18.110770276274835
Cc1nc(Nc2ccc(F)c(C)n2)n(-c2ccc(-c3cn4nccc4cc3C)c(F)c2)n1,18.110770276274835
COc1ccc(-c2nc3ccc4c(N)nsc4c3n2-c2ccnc(Cl)c2)cc1OC,18.138357147217054
Cc1cc(Sc2nc(O)ncc2/C=C/C(=O)OC2CCCOC2)c2ccccc2c1,18.138357147217054
COc1nc(SCc2ccc3ccccc3c2)nc2c1cnn2-c1ccc(C(=O)O)cc1,18.138357147217054
Cn1cnc2ccc(Sc3cc(-c4cnn(CC5CCCCC5)c4)cnc3O)cc2c1=O,18.16590212458495
CCn1nnc2cc(-c3nc(SC)sc3-c3ccc(OC(F)(F)F)c(=O)[nH]3)ccc21,18.16590212458495
COc1ccccc1Nc1cc(-n2cnc3cc(-c4cnn(C)c4)ccc32)c(Cl)nn1,18.16590212458495
COc1cccc(-n2c(SC)nc3cc(-c4nc(N)nn4-c4ccccc4)ccc32)c1,18.16590212458495
CNc1nc2c(OCc3ccc(-c4cccc(Cl)n4)nc3C)cc3c(c2s1)OCO3,18.193405398660254
CCNc1ncc2nc(-c3ccc4c(ccn4C)c3)c(-c3cn(C4CCOCC4)cn3)cc2n1,18.193405398660254
CC#Cc1ccc(-c2nc3c(Nc4ccc(Cn5ccnn5)cc4)ncnc3cc2C)cc1,18.193405398660254
CSc1ncc2cc(Cn3nnc(-c4cc(C)c(O)c(C(C)(C)C)c4)c3F)ccc2n1,18.193405398660254
COc1ccc(Sc2ccc(-n3cnc4c(NC5CC5)ncnc43)cc2Cl)c(C#N)c1,18.193405398660254
Cc1cc2nc(O)c(-n3cc(-c4ccc5c(c4)N(C)OCCS5)nn3)c(C)c2cc1C,18.2208671582886
CSc1nc(-c2ccc3c(c2)CCN3C)c2cc(C)n(-c3ccc(C(=O)O)cc3)c2n1,18.2208671582886
Cc1nc2c(s1)c1ccc(-c3sc(C(=O)O)cc3C)cc1c(=O)n2CC1CCOC1,18.2208671582886
COc1ccc(-c2nn3c(NCc4ccccc4)ncnc3c2-c2ccc3c(c2)OCO3)cc1,18.2208671582886
Cn1cc(-c2cc3cc(Sc4ccccc4C(=O)O)ccc3nc2-c2cnn(C)c2)cn1,18.2208671582886
COc1ccc(-c2ccc3c(-c4nncs4)nc(=O)n(CC4CCCCC4)c3c2)cc1,18.24828759089466
Cc1nc2ccc(C)c(-c3csc(NC(=O)CCc4ccc5c(c4)OCO5)n3)c2s1,18.275666882497067
Cc1ccc(-n2c(SCC(=O)Nc3nc4cccnc4s3)nc3ccccc32)c(C)c1,18.303005217723125
COc1ccc(-n2nc(SC)nc2-c2cc3c(c4ccccc24)OCCCO3)cc1O,18.303005217723125
CCn1c(=O)n(-c2ccccc2)c2cc(-c3c(O)nc4nc(C5CC5)sc4c3C)ccc21,18.303005217723125
CCOc1ccc(Cl)cc1-c1cccn1-c1nccc(-c2ccn3ncnc3c2)c1O,18.303005217723125
CC(C)c1nnn(-c2ccc(O)cc2Cl)c1-n1cc(-c2ccc3ccccc3c2)nn1,18.303005217723125
Cn1c2ccccc2c2cc(-c3nc(O)nc(SCC(=O)c4ccccc4)n3)ccc21,18.303005217723125
CCn1cc(-c2ccnc3c2c(-c2ccc(C(=O)O)s2)cn3Cc2ccccc2)cn1,18.33030277982336
O=C(OCc1ccc(F)cc1)SCC(=O)n1cnc2cc(-c3ccccc3)cc(O)c21,18.33030277982336
CSc1cc2nc(CNc3nc(-c4ccncc4)nc4ccccc34)ccc2nc1C,18.33030277982336
Cc1cc(-c2ccccc2S(C)(=O)=O)ccc1Nc1nc(-c2nccs2)cs1,18.33030277982336
COCc1ccc(-c2ccc3nc(Sc4ccc(-n5ccnc5)cc4)nc(O)c3n2)cc1,18.33030277982336
Cc1cc(-c2ccc(-c3nc(SCC(=O)O)n4ccccc34)cn2)n(-c2ccccc2)n1,18.33030277982336
COc1ccc(-c2ccc(Sc3nnc(-c4ncn[nH]4)n3CC(C)(C)C)cc2)cc1,18.35755975068582
Cn1c(Sc2ccc(-c3ccc(C(=O)O)cc3)cc2)nnc1-c1ccc2c(c1)OCO2,18.35755975068582
Cc1cncc(-c2ccc3c(c2)n(CC2CC2)c(=O)n3-c2ccc3nc(N)sc3c2)c1C,18.35755975068582
CCc1nn(-c2ccc3c(c2)CCC32CCOC2)c(-c2cccs2)c1-c1nc(C)no1,18.35755975068582
CCOC(=O)c1cncc(-c2ccc3nc(Nc4ccc(N5CCOCC5)cc4)oc3c2)c1,18.35755975068582
COc1ccc(-n2c(=O)c3nc(-c4cn(CC5CC5)nc4N)ccc3c3ccccc32)cc1,18.384776310850235
COc1ccc(-c2cnc3c(c2)c2c(NC4COC4)ncnc2n3CC2CCCCC2)cc1,18.384776310850235
CCn1cc(-c2ccc3ncnc(Nc4ccc5c(c4)n(C)c(=O)n5C4CCC4)c3c2)cn1,18.411952639521967
COc1ccc(NCc2cnc3c(-c4ccoc4)cnn3c2-c2ccc3c(c2)OCO3)cc1,18.411952639521967
Cc1noc(C)c1-c1ccc2nc(NCc3ccncc3)n(-c3ccc4c(c3)OCO4)c2c1,18.411952639521967
COc1cccc(-n2c(Sc3ccc4c(ccn4CC(=O)O)c3)[n+]([O-])c3ccccc32)c1,18.411952639521967
COc1ccc(Cn2cnc(-c3cccc(O)c3)c2-c2nc(C(F)(F)F)ns2)cc1,18.439088914585774
COc1ccc(-c2cc3sc(Nc4ccccc4F)nc3c(-c3cnn(C)c3)n2)cc1,18.439088914585774
Cc1cc(-c2cncnc2)ccc1-c1cnn2c(NCc3ccc4c(c3)OCO4)nccc12,18.439088914585774
CCn1cc(-c2c(C(=O)O)sc3nc(-c4ccc(N5CCOCC5)cc4)cc(C)c23)cn1,18.439088914585774
Cc1ccc(C)c(-c2cc(-c3cn(Cc4ccccc4)nn3)cc3nsnc23)c1C(=O)O,18.439088914585774
CCn1c(=O)n(-c2ccc(OC)cc2)c2ccc(-c3nc4ccc(C(=O)O)cc4s3)cc21,18.466185312619388
Cc1nc(Cn2c(-c3cn(-c4ccc(C(=O)O)cc4)c(C)n3)nc3ccccc32)cs1,18.466185312619388
COc1ccc(-c2nc3c(Nc4cccnc4F)ncnc3n2CC2CCCC2)cc1,18.49324200890693
CCOc1ccc(-n2c(/C=C3\SC(=O)NC3=NOC)cc3ccc(Cl)cc32)cc1,18.49324200890693
CC(=O)c1cc(NCc2ccc3c(c2)OCO3)ccc1-c1cn(-c2nccs2)nc1C,18.520259177452136
Cc1c2cccc(-c3nc4ccc(-c5cn(C)cn5)cc4nc3O)c2nn1CC1CCC1,18.520259177452136
Cc1ccc(Cn2cc(-c3ccc4c(c3)ncn4-c3ccc(C4(O)CCC4)nn3)cn2)cc1,18.520259177452136
CCNc1nc(=O)n(CC)c2cc(-c3sc4c(c3-c3ccncn3)COCC4)ccc12,18.520259177452136
CN(C)c1ccc(Oc2cccc3c(=O)n(O)c(-c4cc(C(C)(C)C)ns4)nc23)cc1,18.520259177452136
CCn1c(=O)c2cc(-c3nc4ccc(-c5ccsc5)cc4nc3O)ccc2n(CC)c1=O,18.547236990991408
COc1ccc(-c2ccc(-c3ccc4c5ccc(SC)cc5n(C(=O)O)n4c3=O)cc2)cn1,18.547236990991408
COc1ccc(-c2ccc3c(C)cn(-c4nc(C(=O)O)c(N5CCCC5)s4)c3n2)cc1,18.547236990991408
Cc1ncsc1-c1nn(-c2ccc(O)cc2)c(=O)n1-c1ccc(Oc2ccccc2)cc1,18.547236990991408
COc1ccc(-c2cc(-c3ccc4c(c3)CN(C)C4)n(-c3nc(C(=O)O)cs3)n2)cc1,18.547236990991408
CCn1c(=O)c2cc(-c3nc4cc(-c5cccs5)ccc4nc3O)ccc2n(CC)c1=O,18.547236990991408
COC(=O)c1cc2ccc(Nc3nc(-c4ccc(OC)cc4)nc4cnccc34)cc2s1,18.57417562100671
C#Cc1ccc(-c2c(-c3ccc(OC)nc3)nnn2-c2sc(C(=O)O)cc2Cl)cc1,18.627936010197157
Cc1nc2ccc(-c3ncc(-c4ccc5ncn(C)c5c4)n3Cc3ccccc3)cc2n1O,18.627936010197157
Cc1noc(C)c1-c1ccc2nc(-c3cccnc3N3CCC(CO)CC3)sc2c1,18.627936010197157
Cc1nc(C)c(-c2ccc3c(c2)nc(O)c2nn(Cc4ccc5c(c4)OCO5)c(C)c23)s1,18.627936010197157
Cc1cc(-c2cc(-c3cnn(C)c3)c3ncc(Sc4ccc(C(=O)O)cc4)n3c2)ccn1,18.65475810617763
Cc1snc(-c2ccc(-c3c(C(=O)O)cnn3-c3ccc4c(c3)OCCO4)cc2)c1C,18.65475810617763
COc1cc(-c2c(-c3nnc(SCC(=O)O)s3)ccc(F)c2F)c2cccnc2c1,18.681541692269406
COc1ccc(/C=C2\C(=O)N(CSc3nc(C(=O)O)cs3)c3ccccc32)cc1,18.681541692269406
COc1ccc(-c2nc(N3CCC([O-])(Nc4nc(C)cs4)C3)c3ccccc3n2)cc1,18.681541692269406
CCn1c(-c2ccc3c(c2)OCO3)nc2c(Nc3ccc(C(=O)OC)cc3)ncc(F)c21,18.681541692269406
COc1ccc(-c2cn(-c3nccs3)c3ccc(-c4cccnc4)nc23)cc1OC,18.708286933869708
CCn1c(-c2ccccc(=O)c2Oc2ccc(Nc3nncn3C)cc2)nc2ccccc21,18.734993995195193
Cc1noc(-c2cccc3ccnc(Nc4ccc5cc(C(=O)N(C)C)sc5c4)c23)n1,18.734993995195193
COc1ccc(Nc2nc(C)nc3c4c(c(-n5ccnc5C)cc23)OCCO4)cc1Cl,18.734993995195193
CCn1c(-c2cnc(NC3CCCC3)nc2Oc2ccccc2)nc2ccc(F)cc2c1=O,18.734993995195193
Cc1c(C(=O)O)sc2c1C(C)C(C)(C)CC(C)n1nc(-c3ccc4c(c3)OCO4)nc1-2,18.734993995195193
CNc1ncnc2ccc(-c3nc4c(N5CCC(C)C5)ncnc4n3CC3CCCC3)cc12,18.76166303929372
COc1ccc(-n2c(Sc3ccc4c(ccn4CC(=O)O)c3)nc3cccnc32)cc1,18.76166303929372
Cc1c(-c2nc(Oc3ccc(Nc4ccccn4)cc3)c3ccn(C)c3n2)ccc2c1OCO2,18.76166303929372
CCn1c(=O)n(-c2ccc(O)cc2)c2cccc(-c3nc(C)cnc3-c3nccs3)c21,18.76166303929372
CCNc1nc2ccc(-c3c(-c4nc(C)no4)ccc(=O)n3CC(F)(F)F)cc2s1,18.76166303929372
Cc1ccc(Cn2nnnc2-c2ccc(Nc3nc(-c4ccccc4)cs3)cc2)cc1,18.76166303929372
COc1ccc(-c2nnn(C3=Nc4cn(C)c5ccc(O)c(c45)C=C3)c2-c2ccccc2)cc1,18.76166303929372
CCn1cc2nc(-c3cc(-c4ccc(N5CCOCC5)cc4)c(C(=O)O)s3)ccc2n1,18.76166303929372
COc1cc2c(cc1-c1nc(C(=O)O)cn1C)c1ccccc1c(=O)n2Cc1cccs1,18.788294228055936
O=C(O)c1cc(-c2ccc3c(c2)ncn3Cc2ccc(-c3cnn(CCF)c3)cc2)sn1,18.788294228055936
COc1ccc(C(F)(F)F)cc1-c1ccc(-c2nnc(SCC(=O)O)s2)cn1,18.788294228055936
CCn1cnc(Sc2ccc(-c3ccc(O)cc3)nc2)c1-c1ccc2c(c1)OCCO2,18.841443681416774
Cc1ccc2c(cnn2-c2ccnc(Nc3ncnn3C)c2)c1-c1cccc(OC(F)F)c1,18.841443681416774
COc1cc(-c2nc3ncc(-c4cnn(C)c4)c(Cl)c3n2C2CCCCC2)ccc1O,18.841443681416774
COc1ccc(-c2ccc3nnn(-c4ccc(NCc5ccccc5F)nc4)c3c2)cn1,18.841443681416774
COc1ccc(Cl)cc1Sc1nc2ccc(-c3cncc(O)c3C)cc2c2ncnn12,18.841443681416774
O=C(O)CSc1nnc(-c2ccc(Oc3ccccc3F)cc2)n1-c1ccc(F)cc1,18.867962264113206
COc1cc(-c2cn(-c3ccc(C(=O)O)cc3)c(SC)n2)cc2c1OCn1cccc1-2,18.867962264113206
COC(=O)c1ccc(CNc2nc(Sc3ccc4c(c3)OCO4)nc3ccccc23)cc1,18.867962264113206
CCc1ccc(-n2c(=O)n(-c3ccc(C(=O)O)cc3)c3ccc(-c4cnn(C)c4)cc32)s1,18.867962264113206
O=C(O)CSc1nnc(-c2ccc3c(cnn3-c3ccccc3)c2)n1Cc1ccccc1,18.867962264113206
CCCn1nc(Sc2ccc(-c3cccnc3)cc2)nc1-c1ccc2c(c1)OCO2,18.867962264113206
CN(C)c1cccc(Sn2c(Cl)cc3cc(-c4ccccc4C(=O)O)cnc32)c1,18.867962264113206
COc1ccc(-c2c(-c3cn(C4CCSC4)cn3)cnn2-c2ccc(C(=O)O)cc2)cc1,18.867962264113206
COc1cc2nc(-c3ccc4c(cnn4-c4ccc(C(=O)O)cc4)c3)sc2cc1OC,18.867962264113206
COc1ccc(-c2ccc(C(=O)O)cc2)cc1Oc1ccc2nc(-n3ccnc3)sc2c1,18.867962264113206
COc1cc(-n2ncc(-c3nc(C)nn3-c3cccs3)c2-c2ccccc2)ccc1Cl,18.867962264113206
COC(=O)c1cc(-n2c(=O)n(C)c3ccc(-c4cn(C)c5oc(F)cc45)cc32)ccc1O,18.867962264113206
COC(=O)c1cc2ccc(-c3cc(OCCN4CCCC4)c4ccccc4n3)cc2c(O)n1,18.894443627691185
Nc1nsc2cc(-c3nc4ccc5ncn(CCCF)c5c4n3CC3CCC3)ccc12,18.894443627691185
COc1cc(-n2nc(Sc3ccc4c(c3)OCO4)c3ccc(C)cc32)ccc1C(=O)O,18.894443627691185
Cc1cc(C(=O)O)ccc1-n1cc(-c2ncc(Cn3c(C)nc4ccccc43)s2)cn1,18.894443627691185
COc1ccc(-c2c(C)sc3nc(Nc4ccc(-c5cccnc5)cc4)nn3c2=O)cc1,18.947295321496416
Cc1cc(CNc2cccc(-c3nc4ccccc4n3-c3ccnc4c3cnn4C)c2)on1,18.973665961010276
O=c1ccc2ccccc2n1CCOc1ccc(-c2cc(O)nc(-c3nccs3)c2)cc1,18.973665961010276
Cc1cccc(-c2cn(-c3ccccc3)c3ncnc(Nc4cnn(CC(F)F)c4)c23)n1,18.973665961010276
Cc1nc(Nc2c(Cl)cncc2Cl)c2n(C)c(=O)c3ccc(-c4cnn(C)c4)cc3n12,18.973665961010276
CCn1c(=O)n(-c2ccc(C(=O)O)cc2)c2ccc(-c3cc(-c4cn(C)nc4C)cs3)cc21,18.973665961010276
CCn1c(=O)n(-c2ccc(C(=O)O)cc2C(C)(C)C)c2ccc(-c3ccc(OC)cc3)cc21,18.973665961010276
Cn1c(SCC(=O)O)nc(-c2ccc(OC(F)(F)F)cc2)c1-c1ccc2c(c1)OCO2,19.0
CN(C)c1ccc(-c2nc3scc(-c4ccc5c(c4)OCCO5)c3nc2C(=O)O)cc1,19.0
CCCn1cc(-c2ccc(S(C)(=O)=O)s2)c(-c2cnc3[nH]c(=S)sc3c2)n1,19.026297590440446
CC(C)n1nc(N)nc1-c1nc2ccc(-c3ccc(N4CCOCC4)cc3)cc2s1,19.026297590440446
CSc1nnc(-c2ccc3c(c2)nc(N)n3Cc2ccc(OC(F)(F)F)cc2)s1,19.026297590440446
CCOc1nc(NCc2ccnc(Cl)c2)c2cc(-c3ccc4c(c3)OCO4)ccc2n1,19.05255888325765
COc1cc(OC)c2ncc(C#N)c(-c3cn(C4CCNCCC4=O)c4ccccc34)c2c1,19.05255888325765
CCCc1c(Sc2ccc3c(c2)OCO3)sc2nc3c(c(O)c12)C(=O)C=C(C)C3=O,19.05255888325765
COc1ccc(-n2c(-c3cc(O)nc(-c4cccs4)n3)nc3ccc(F)cc3c2=O)cc1,19.05255888325765
Cc1nc(-c2ccc(F)cc2)nn1-c1cccc(OCc2csc3nc(N)ccc23)c1,19.05255888325765
COc1ccc(-c2nc3sc4c(cnn4CC4CC4)c3cc2-c2cccnc2O)cc1,19.05255888325765
COc1ccc(Sc2nc3ccccc3c(=O)n2-c2ccc(-c3cnn(O)c3)cc2)cc1,19.05255888325765
COc1ccc(-n2c(Sc3ccc4c(c3)OCCO4)c(C(=O)O)c3ccccc32)cc1,19.078784028338912
CCn1c(=O)n(-c2ccc(C(=O)O)cc2)c2ccc(-c3nn4c(C)ccc4cc3C)cc21,19.078784028338912
CCc1cccc2c1c(Nc1ccc3ncsc3c1)nc(=O)n2-c1ccc(OC)cc1,19.078784028338912
COc1ccc(-n2c(-c3ccc(-c4nccn4C)s3)nc3ccc(O)cc3c2=O)cc1,19.078784028338912
CCn1c2ccoc2c2c(-c3nccnc3OC)cc(-c3cn(C4CCNCC4)cn3)cc21,19.078784028338912
Cc1nn(C)c2c1ccc1nc(Nc3ccnn3C)c(-c3ccc4c(c3)c(C#N)cn4C)cc12,19.078784028338912
Cc1nnc(SCc2nc(-c3ccc(F)cc3F)cn2-c2ccc(C(=O)O)cc2)s1,19.078784028338912
CCn1cnc(-c2ccc3nc(C(=O)OC)[nH]c3c2)c1Sc1ccc2c(c1)OCO2,19.078784028338912
C#CCn1c(-n2cccn2)nc2cc(Oc3ccc(-c4ccc(C(=O)O)cc4)cc3)ccc21,19.1049731745428
Cc1cccc(-c2nc3ccccc3n2CC2CCCO2)c1-c1nc(C(=O)O)cs1,19.1049731745428
Cc1noc(-c2ccc3nc(Nc4ccc(N5CCOCC5)cc4Cl)n(C)c3c2C)n1,19.131126469708992
Cc1cc(Sc2nc3ccccc3c(=O)n2-c2ccccc2)ccc1-c1cnc(N)nc1,19.131126469708992
COc1ccc(-c2c(C)sc3nc(C4CC4)nc(N4CCC(C(=O)O)CC4)c23)cc1,19.157244060668017
COc1ccc(-c2ccc3c(c2)c(Sc2ccncc2)nn3-c2cccc(O)c2)cn1,19.157244060668017
COc1ccc(Nc2nc3sc(C)c(-c4ccc(-c5cccnc5)cc4)c(=O)n3n2)cc1,19.157244060668017
Cn1cc(-c2ccc3c(-c4nccs4)nc(=O)n(CCC4CCCCC4)c3c2)c(O)n1,19.157244060668017
CCn1c(=O)c2cc(-c3nc(C)ns3)ccc2c2ccc(-c3ccsc3CO)cc21,19.157244060668017
COCCn1nc(-c2ccc3ncsc3c2)c2c1-c1sc(C(=O)O)cc1CCC2,19.183326093250876
CCOC(=O)c1ccc(-c2cc(N3CCOC3)c3nc(Sc4ccccc4)ccc3n2)[nH]1,19.183326093250876
COc1cccc(-n2c(=O)n(CC3CCC3)c3ccc(-c4csc(C(=O)O)n4)cc32)c1,19.183326093250876
Cc1nccc(-n2ncc3cc(-c4c(C)ccnc4NCc4ccc5c(c4)OCO5)ccc32)n1,19.183326093250876
CN1CCCc2cc(-c3nc(SCC(=O)O)nc4c3cc(-c3cccnc3)n4C)ccc21,19.183326093250876
CSc1cc(-c2nc(CSc3ccccc3)no2)ccc1N1CCC(C(=O)O)CC1,19.183326093250876
COc1ccc(-c2c(Nc3ccc4cc(C#N)n(C)c4c3)nc3c(C)cccn3c2=O)cc1,19.183326093250876
CCn1c(SCC(=O)O)nnc1-c1ccc2c(c1)CCc1c(C(F)(F)F)nsc1-2,19.183326093250876
CC(C)c1c(O)cc(Sc2ccc3c(c2)OCO3)c2ncn(-c3ccccn3)c(=O)c12,19.183326093250876
COc1ccc(-n2c(=O)n(-c3ccc4ccccc4n3)c3scc(/C=C/C(=O)O)c32)cc1,19.209372712298546
Cc1nn(-c2nc(C(=O)O)cs2)c(-c2ccc(Cn3cnc4ccccc43)cc2)c1C,19.209372712298546
O=C(O)Cn1cnc2cc(Oc3cc(F)ccc3-c3ccnn3-c3ccccc3)ccc21,19.209372712298546
CCn1cnc(-c2ccc3c(c2)CC(C(=O)O)O3)c1-c1cc(-c2cnn(C3CC3)c2)cs1,19.209372712298546
COc1cc2c(-c3nc(O)c4cc(Cl)ccc4n3)cn(C3CCN(C)CC3)c2nc1O,19.209372712298546
Cc1nc2ccc(-c3ccnc4cc(N(C)C)ccc34)cc2n1-c1cnn2c(N)nccc12,19.235384061671343
CCOc1cc(-c2ccccc2)nc2c(Nc3cc(C#CC4CCC4)nn3C)ncnc12,19.235384061671343
c1ccc2c(NCCN3CCCCC3)nc(Oc3ccc(-c4nncs4)cc3)nc2c1,19.261360284258224
Cc1nn(C)c2ccc(-c3ccnc4c(NCc5ccnc6ccccc56)ncnc34)cc12,19.261360284258224
Cn1c(-c2ccc(Nc3nccs3)cc2)c(/C=C/c2ccccc2)c(=O)n(C2CC2)c1=O,19.261360284258224
Cc1ccc(-c2nc(SCC(=O)O)c(C)c(-c3cnc4ccccn34)n2)c(Cl)c1,19.261360284258224
CCn1c(SCC(=O)O)nnc1-c1ccc2c(c1)-c1cnc(-c3ccccc3)n1CC2,19.28730152198591
Cc1nn(C)c2cc(Sc3cccc(-c4cn(-c5ccc(C(=O)O)cc5)nn4)c3)ccc12,19.28730152198591
CCOC(=O)c1cccc(-c2ccc3nc(CSc4ccc5c(c4)OCO5)[nH]c3n2)c1,19.28730152198591
COc1ccc(-c2cc3nc(Sc4ccc5c(c4)OCCO5)ccc3nc2C(=O)O)cc1,19.28730152198591
COc1ccc(-n2c(=O)c3ccc(O)cc3c3ccc(-c4nccs4)cc32)cc1OC,19.28730152198591
CCn1c(=O)cc(-c2ccc(F)cc2)c2ccc(-c3nnc(SCC(=O)O)s3)cc21,19.28730152198591
COc1cc(-c2c(C)ccc3ccccc23)c2c(c1)nc(SCC(=O)O)n1ncnc21,19.313207915827967
CCCn1c(Sc2ccc3c(c2)OCO3)c(-c2cccnc2)c(=O)c2cc(O)ccc21,19.339079605813716
Cn1cncc1-c1nc2c(Oc3ccc(N4CCC(C)(O)CC4)cc3)nccc2s1,19.364916731037084
CSc1nc2c(Nc3ccnc4ccccc34)ncc(-c3cnccn3)c2n1CC1CC1,19.364916731037084
CCn1nnc(-c2ccc3nc(Sc4cc(F)c(O)c(C(C)(C)C)c4)n(C)c3c2)n1,19.364916731037084
O=C(O)CSc1nnc(-c2ccc3c(c2)CC[C@@H]3OCc2ccccc2Cl)s1,19.364916731037084
COc1cc(OC)cc(-c2cccc3c2ccc2nc(-c4ccc5ncnn5c4)n(O)c23)c1,19.364916731037084
O=C(O)c1ccc(-c2ncnc3cc(OCCN4CCC(c5ccccc5)=N4)sc23)cc1,19.390719429665317
COc1ccc(-n2c(=S)n(-c3ccc(O)nc3)c3cc(-c4c(C)noc4C)ccc32)cc1,19.390719429665317
Cc1noc(-c2nc(C)n(-c3ccc(O)c(Cl)c3)c2Sc2cccc(Cl)c2)n1,19.390719429665317
CCn1cnnc1-c1cnc2c(c1)c1cccc(Cl)c1n2Cc1ccc(C(=O)O)cc1,19.390719429665317
Cc1nc(C)c(-c2cccc3c2nc(-c2cnc(C)n2-c2ccsc2)c(=O)n3C)s1,19.4164878389476
Cn1cnc2oc(-c3ccc(-c4cn(CCSc5ccc6c(c5)CCC6)nn4)cc3)nc21,19.4164878389476
COc1ccc(-n2c(=O)n(CC(C)(C)C)c(=O)c3cc(-c4csc(N)c4)c(C)cc32)cc1,19.4164878389476
COc1ccc(-n2c(-c3ccccc3)nc3c(Nc4ccnn4C)ncnc32)cc1Cl,19.44222209522358
Cc1cc(C)c2nc(Sc3ccc4c(c3)nc(C)n4C)c(-c3ccc(N)nc3)c(=O)n2c1,19.44222209522358
C#CCOc1cccc2c1C(=O)/C(=C/c1ccc(Nc3nc4ccccc4n3C)s1)C2=O,19.467922333931785
CCn1nnc2cc(-c3nn(-c4ccccc4Cl)cc3-c3cnc(CO)s3)ccc21,19.467922333931785
COc1ccc(-n2ncnc2-c2c[n+]([O-])c(Nc3ccccc3C(F)(F)F)s2)cc1,19.467922333931785
CCNc1nn(CC(F)(F)F)c2ccc(-c3sc(-c4nc(C)no4)cc3F)cc12,19.467922333931785
CCn1c(-c2sc(-c3nc(C)cn4c(C5CCC5)nnc34)cc2O)nc2ccccc21,19.467922333931785
Cc1sc(-c2cccc3c2c(OCC(=O)O)nn3Cc2ccc3c(c2)OCO3)cc1F,19.493588689617926
O=C(O)CSc1nc(-c2ccc3c(c2)OCO3)c(C=C2CCOCC2)n1CC1CCC1,19.493588689617926
CCn1c(C)nc2ccc(-c3nc(-c4ccc(Cn5cnc6ccccc65)cc4)no3)cc21,19.519221295943137
Cc1cc(-c2nn(-c3nc(C(=O)O)cs3)cc2-c2cnn(C)c2)c2c(C)cccc2c1,19.519221295943137
CCn1c(=O)n(-c2ccc(O)cc2)c2cc(C)c(-c3ccc(C(=O)OC(C)(C)C)cc3)nc21,19.519221295943137
CCn1c(=O)n(-c2cc3ccc(C(=O)O)cc3s2)c2ccc(-c3ccc(OC)nc3)cc21,19.519221295943137
COc1ccc(-n2nc(Sc3ccc(O)c(Cl)c3)nc2-c2cccc(=O)cc2)cc1,19.544820285692065
C=CCCn1c(SCC(=O)O)nnc1-c1cccc2c1-c1cc(Cl)ccc1CO2,19.570385790780925
COC(=O)CSc1nnc(-c2ccc3[nH]c(N4CCCC4)c(-c4ccco4)c3c2)s1,19.570385790780925
CCOc1nn2c(-c3ccc(C(=O)O)cc3)cnc2cc1-c1ccc2c(c1)CCCN2C,19.570385790780925
COc1ccc2nc(N)nc(Sc3ccc(-c4ccc(N5CCCC5)nc4)cc3)c2c1,19.570385790780925
Cc1cc(-c2cnn3c(Sc4ccc(-c5ccc(=O)n(C)c5)cc4)ccc3c2O)on1,19.595917942265423
CCn1c(=O)ccc2c1c(-c1ccccc1)c(C(=O)O)n2-c1ccc2nc(C)sc2c1,19.595917942265423
CCn1c(=O)n(-c2ccc(Nc3ncccn3)cc2)c2c(C)c(-c3ccccn3)ccc21,19.595917942265423
COc1ccc(Nc2nc3c(C)c(-c4ccccc4F)sc3n3ccnc23)c(C)n1,19.595917942265423
Cc1nc(C)c(-c2ccccc2-c2nc3c(=O)n(C)cnc3n2-c2ccc(O)cc2)s1,19.595917942265423
CCOC(=O)CSc1nnc(-c2ccc(Cl)c(-c3ccc4c(c3)NCO4)c2)s1,19.595917942265423
Cc1onc(-c2ccc(N3CCOCC3)nc2Oc2ccc(Nc3ccccn3)cc2)c1C,19.595917942265423
COc1ccc2nc(Sc3ccccc3O)n(-c3ccc(-c4ccccc4)o3)c(=O)c2c1,19.595917942265423
COc1ccc(-c2ccc(-c3ncccc3Cn3nnc4cc(C(=O)O)sc43)cc2)cc1,19.595917942265423
Cc1cc(-c2cn(Cc3ccccc3)nn2)c(-c2cc(C(=O)O)nn2-c2ccccc2)s1,19.621416870348583
COc1ccc(-c2c(C(=O)O)nc(Sc3ccc4c(c3)OCO4)n2CC(F)(F)F)cc1,19.621416870348583
COc1cccc(-n2nc(Oc3cccnc3)c3scc(-c4cccc(O)c4)c3c2=O)c1,19.672315572906
COc1ccc(-c2c3nc(N)sc3nn2-c2cccc3c4ccccc4n(C)c23)c(C)n1,19.672315572906
CCC1(O)CCc2nc(Sc3cc(C)cc4ncn(-c5cccnc5)c(=O)c34)sc21,19.672315572906
N#Cc1ccc(-n2cc(CSc3nccnc3O)nc2Sc2cccc(Cl)c2)cc1,19.672315572906
Cc1nn(C)cc1-c1c(Cn2ncc3c(NC4CCCC4)ncnc32)cnc2ccccc12,19.672315572906
Cn1cnc(-c2ccc(C(=O)O)nc2)c1-c1ccc(-c2ccnn2CC2CCCCC2)s1,19.697715603592208
CCn1c2ccc(-c3cccnc3Oc3ccc4c(c3)N(C)CCO4)nc2c2ccnc(O)c21,19.697715603592208
COC(=O)c1ccc(Nc2nccc(-c3c(C)on3C3CCN(C(C)(C)C)CC3)n2)cc1,19.697715603592208
Cc1cc(-n2ccnc2)ncc1-c1cc(Sc2cc(C(=O)O)c3ccccc3n2)cn1C,19.697715603592208
CCn1c(SCC(=O)O)nnc1-c1ccc(-c2cccc(Cl)c2C(F)(F)F)cc1,19.697715603592208
Cc1sc(-c2cn(C)c3ccccc23)nc1-c1ncn(C)c1-c1ccc(C(=O)O)cc1,19.697715603592208
Nc1ncnc2c1c(-c1ccc(-c3cn(CC4CC4)nc3Cl)s1)cn2CC1CC1,19.72308292331602
Cc1nc(N2CCCCC2)c2c(-c3ccc(Sc4nnn[nH]4)cc3)cn(C)c2c1C,19.72308292331602
COc1cccc(Cn2cc(-c3cc4ccc(-c5nc(C(=O)O)cs5)cc4s3)cn2)c1,19.72308292331602
COc1ccc(Nc2nc(C)c3cnn(-c4ccc5c(cnn5C)c4)c3n2)c(F)c1Cl,19.748417658131498
COc1nc(-c2c(C)sc3c(Cl)cnc(N)c23)cc2c1ncn2Cc1ccccc1,19.748417658131498
Cc1c(-c2ccccc2)nc2ccc(CNc3nn(-c4ncccn4)c4ccccc34)nn12,19.77371993328519
CCCn1c(=O)nc(NC2CCOCC2)c2ccc(-c3ccc4oc(C5CC5)nc4c3)cc21,19.77371993328519
COc1ccc(-n2c(C)nc3cc(-c4nc(-c5cnn(O)c5)cs4)c4c(c32)CCC4)cc1,19.77371993328519
CSc1ccc2c(-c3ccc(Oc4ccncc4)cn3)cn(-c3ccc(O)cc3)c(=O)n12,19.77371993328519
CCn1nc(-c2ccc(-c3ccc(-n4ccc(C)n4)cc3O)cc2)c2ccsc2c1=O,19.77371993328519
CCCCn1c2cc(-c3cscn3)ccc2c2c(N3CCC(C(=O)O)CC3)ncnc21,19.77371993328519
Cn1c(Sc2ccc(-c3ccc(C(=O)O)cc3)cc2Cl)nnc1SC1CCC1=O,19.79898987322333
Cc1nc2ccc(-c3nc(N4CCC(CC(=O)O)C4)sc3-c3ccccc3)cc2s1,19.79898987322333
CN(C)c1ccc(-c2cccc3nc(C4CC4)n(-c4ccc(C(=O)O)s4)c(=O)c23)cn1,19.79898987322333
Cn1cc(-c2csc3c2c(Sc2cccc(C(=O)O)c2)cn3C(=O)CC2CC2)cn1,19.79898987322333
CSc1ccc(-n2cc(-c3cc(C(C)(C)C)nn3-c3ccc(C(=O)O)cc3)cn2)cc1,19.82422760159901
Cc1nc2c(-c3cn(C)s3)ncnc2n1Cc1ccc(-c2ccc(C(=O)O)cc2)cc1,19.82422760159901
Cc1nc(C(=O)O)ccc1COc1ccc(-c2nn3sc4c(c3c2C)CCCC4)cc1,19.82422760159901
COc1cc(-n2c(-c3ccc(C#N)c(OC)c3)nc3cc4c(cc32)OCC4O)ccc1Cl,19.849433241279208
Cc1cc(-c2nc(Sc3ccc4c(c3)OCO4)nc3cc(CO)ccc23)c(Cl)n1C,19.849433241279208
Cn1ccnc1SCCNc1ncnc2ccc(-c3cc(Cl)cc4ocnc34)cc12,19.849433241279208
Nc1ncnc2c1c(-c1ccc3c(c1)ncn3C1CC1)nn2CCSc1ccccc1,19.849433241279208
COc1cc(OC)c2c(-c3cc(-c4ccnnc4)nc4c3NC(=O)CS4)csc2c1,19.87460691435179
O=C(O)CCc1ccnc(-n2nc(-c3cccs3)cc2-c2ccc3c(c2)OCCO3)c1,19.87460691435179
CSc1nnc2c(NC3CC3)nc(-c3ccc(Cl)cc3Oc3ccc(F)cc3)nn12,19.87460691435179
Cc1cc(O)nc(C)c1-c1ccc2nnc(Sc3ccc(N4CCOCC4)cc3)nc2c1,19.87460691435179
CCn1c(SC)nnc1-c1nc2ccccc2c(F)c1-c1ccc(-c2nnn[nH]2)cc1,19.87460691435179
Cc1nc2ccc(-n3cc(-c4cccc(OCCOC(C)(C)C)c4)nc(O)c3=O)cc2s1,19.87460691435179
COC(=O)CCNc1cccc2nc(-c3ccc4nc(C)sc4c3)n(C3CCOCC3)c12,19.87460691435179
COc1cccc(-c2ccc(-n3cnc4sc(Cc5ccc(O)cc5)nc4c3=O)cc2)c1,19.8997487421324
Cc1ncc(-c2cnc3c(c2)nc(SCC(F)(F)F)n3-c2ccc(C(=O)O)cc2)n1C,19.8997487421324
COc1ccc(-c2c(C(=O)O)cn3c2sc2c(N4CCC(OC)CC4)nccc23)cc1,19.8997487421324
CCSc1nn(-c2ccc(C(=O)O)nc2C)c2ccc(-c3ccc4c(c3)OCO4)cc12,19.924858845171276
COc1ccc(-c2ccc(C(F)(F)F)nc2F)cc1-c1nnc(SCC(=O)O)s1,19.924858845171276
COc1ccc(-n2c(Sc3nnnn3-c3ccc(Cl)cc3)c(N)c3ccccc32)cc1,19.924858845171276
O=C(CSc1nnc(-c2nccs2)n1-c1ccccc1Cl)OCc1ccccc1,19.924858845171276
O=c1nccc(-c2nc3ccc(-c4cncs4)cc3n2CC2CCCCC2)n1CCO,19.974984355438178
CCn1c(=O)n(-c2ccc(C(=O)O)cc2Cl)c2ccc(-c3sc(C)nc3C)cc21,19.974984355438178
COC(=O)CSc1nnc(-c2ccc(-c3ccc4c(c3)OCO4)cc2SC2CC2)[nH]1,19.974984355438178
COCOC(=O)Nc1ccc2nc(Sc3ccc(Cl)cc3)n(-c3cccnc3)c2n1,19.974984355438178
COc1ccc2cc(-n3c(SCC(=O)O)nnc3-c3ccc(Cl)cc3)ccc2c1,19.974984355438178
Cc1cc2nc(-c3cn(Cc4ccco4)nc3C)oc2cc1-c1cnn(C2CCNCC2)c1,19.974984355438178
COc1c(-c2cccs2)nnn1-c1ccc2ncnc(NCc3ccc(F)cc3)c2c1,19.974984355438178
CCCn1c(=O)n(-c2ccc(O)nc2)c2ccc(-c3ccc(-c4nnc(C)s4)cc3)cc21,19.974984355438178
COc1ccc(-c2nnc(SCc3ccc4c(c3)OCCO4)nc2NC(C)(C)C)cc1,19.974984355438178
Cc1cc2c(cc1-c1cnn(C3CCNCC3)c1)nc(-c1ccccn1)n2CCCC#N,20.0
COc1ccc(-c2nc(Sc3cccnc3)c3ccc(-c4cn(O)cn4)cc3n2)cc1,20.0
CCn1c(CN2CCOC(C(=O)O)C2)nc(-c2ccccc2)c1-c1ccc2ncsc2c1,20.0
CCn1cnc(-c2cccnc2)c1-c1ccc(Nc2cn(C)c(=O)c3ccccc23)nc1,20.0
CCn1c(-c2csc(Cn3c(C)nc4cc(C(=O)O)ccc43)c2)cc(C(C)(C)C)nc1=O,20.024984394500787
COc1cccc(-n2cc(C(=O)O)c3cc(-c4cn(Cc5ccsc5)nn4)ccc32)c1,20.024984394500787
COc1ccc(-c2c(C)sc3nc4c(cc(-c5ccc(C(=O)O)cc5)n4C)n3c2=O)cc1,20.024984394500787
Cc1csc2c(N3CCCC3)nc(-c3ccnc(OCc4ccc(O)cc4)c3)nc12,20.074859899884732
CCCn1c(-c2cccnc2)nc2c(Nc3ccc(F)c(Cl)c3)nc3cn(C)nc3c21,20.074859899884732
Cc1onc(C(C)(C)C)c1-c1cnc2c(c1)c1cc(-c3cnn(C)c3)ccc1n2CCO,20.074859899884732
CCCc1ccc(C(=O)O)cc1-c1nnc(-c2ccsc2)n1-c1ccc2c(c1)OCO2,20.074859899884732
CCn1c(-c2ccc(Cl)s2)nn(Cc2ccc(-c3ccc(C(=O)O)s3)cc2)c1=O,20.074859899884732
COC(=O)CSc1nc(-c2ccc3c(c2)oc2ccccc23)nn1-c1ccc(O)cc1,20.09975124224178
COc1cc(-c2ccc(C(=O)O)cc2)ccc1-n1nnnc1Sc1ccc(Cl)cc1,20.09975124224178
O=C(O)c1ccc(-c2nc(SCc3ccccc3)nn2-c2ccc3c(c2)OCO3)cc1,20.12461179749811
Cc1sc2cc(-c3cn(-c4cccc(C(=O)O)c4)cn3)cn2c(=O)c1Cc1ccncc1,20.12461179749811
COC(=O)c1cc2nc(NCc3ccc4c(c3)OCO4)nc(-c3ccccc3C)c2s1,20.12461179749811
Cc1nc(-c2ccc(-c3cn(C)c4ncccc34)cc2-c2cncs2)c(F)n1CC(=O)O,20.12461179749811
COc1ccc(Nc2nc3cnccc3c3cc(-c4ncnn4C)cc(C)c23)cc1Cl,20.149441679609886
Cn1cnc(C#CC(C)(C)O)c1-c1ccc2nc(Sc3cccc(Cl)c3)nnc2c1,20.149441679609886
COc1cc(C)c2nc(-c3nccs3)n(Cc3ccc(-c4ccc(=O)[nH]n4)s3)c2c1,20.174241001832016
O=c1ccc(-c2nc(SCc3ccccc3)nc(Sc3ccc(Cl)cc3)n2)cn1O,20.174241001832016
Cc1ccc(-c2nc(SCC(=O)O)n(-c3ccc(OC(F)(F)F)cc3)n2)cc1Cl,20.174241001832016
COc1ccc(-c2cc3c(Cl)cnn3c(O)n2)cc1Oc1ccc(N2CCOCC2)cc1,20.174241001832016
O=c1cnc(-c2ccc(O)cc2)cn1Cc1csc(-c2cnnn2CC2CCCCC2)c1,20.174241001832016
COC(=O)NCCn1c(Sc2ccc(-c3ccc(Cl)cc3)cc2)nc2ncccc21,20.174241001832016
COc1ccc(-n2c3c4c(cc(C(=O)O)nn4c2=O)C=CC(c2nc(C)c(C)s2)=C3)cc1,20.199009876724155
O=C(O)CSc1nc2ccccc2n1CCn1cnc2ncc(-c3ccccc3)cc21,20.199009876724155
O=C(O)CSc1nnc(Sc2ccc(Cl)c(-c3ccncc3)c2)n1-c1ccccc1,20.199009876724155
CC(C)(C)C1CCC(OCc2ccc(-c3ccc4sc(=O)n(CC(=O)O)c4c3)cc2)CO1,20.199009876724155
CCn1c(Cc2ccccn2)c(-c2nccs2)c2c(C)nn(-c3ccc(C(=O)O)cc3)c21,20.223748416156685
Cc1cccc(-c2nc(Oc3cccc(N4CCOCC4)c3)c3ccccc3n2)c1C(=O)O,20.223748416156685
COc1cc(-c2ccc3nnc(N)n3n2)ccc1-c1nc2ccccc2n1Cc1ccccc1,20.248456731316587
COc1ccc(Nc2ncnc3cc(C)c(-c4ccc5c(c4)OCC4(CCO4)O5)nc23)cc1,20.248456731316587
CCn1nc(-c2ccc3c(C)c(N)sc3c2OCC(F)(F)F)c2ccsc2c1=O,20.248456731316587
CCn1cnc(-c2nc(C)cs2)c1-c1ccc2c(cnn2-c2cc(O)cc(Cl)c2)c1,20.248456731316587
CCn1c(=O)n(-c2ccc(O)c(-c3cccnc3)c2)c2ccc(-c3nc(C)cs3)cc21,20.273134932713294
COc1nc(Nc2ccc(-c3ccnc(CN4CCCCC4)n3)cc2)cnc1C(C)(C)C,20.273134932713294
O=C(O)CSc1nnc(-c2ccc(-c3cccnc3)s2)n1Cc1cccc(Cl)c1,20.273134932713294
Cc1ccc(-c2ccc(-c3cnn4c(SCC(=O)O)nc5ccccc5c34)cc2)cn1,20.29778313018444
CCCn1c(-c2ccc3c(c2)CCCO3)cc2cnc3c(nnn3-c3ccc(O)cc3)c21,20.29778313018444
CN(C)c1ncc(-c2ccc(F)cc2)cc1Nc1cnc(-c2ccc3c(c2)OCO3)cn1,20.29778313018444
COc1cccc(-n2c(C(=O)O)nc3cc(-c4cnn(Cc5ccccc5)c4)ccc32)c1,20.322401432901575
COc1ccc(-n2ncc3ccc(-c4c(C)c(C(=O)O)nn4-c4cccs4)cc32)cc1,20.322401432901575
Cc1ccc(C)c(-n2nc(C(=O)O)c3cc(-c4cn(-c5nccs5)nc4C)ccc32)c1,20.322401432901575
CCn1c(=O)n(-c2ccc(Nc3nccs3)cc2)c2ccc(-c3ccc[n+]([O-])c3C)cc21,20.346989949375804
COc1ccc(-c2cccc3c2n(-c2nc(C)cs2)c(=O)n3-c2ccc(O)cc2)cc1,20.37154878746336
COc1ccc(-c2ccc(-c3nnnn3-c3ccc(O)c(C(C)(C)C)c3Cl)cc2)cc1,20.37154878746336
COc1ccc(-c2ccc3ncnc(Nc4cnc(N5CCCC5)c(Cl)c4)c3n2)cc1,20.37154878746336
Cc1cc2cc(-c3cnn(C)c3)ccc2n1Cc1csc(-c2ccc(C(=O)O)cc2)n1,20.396078054371138
Cc1ccc2nc(-c3ccc(-n4c(=O)n(CCCC(=O)O)c5ccccc54)cc3)sc2c1,20.396078054371138
Cc1cn2c(C3CC3)nnc2nc1-c1ccc(OCc2ccc3c(c2)CC[SH]3(=O)O)cc1,20.396078054371138
CCn1c(=O)n(C)c2ccc(C)c(-c3csc(-c4ccnc(C(=O)O)c4)c3)c21,20.396078054371138
Cn1cc(-c2cccc3nc(Sc4ccccc4)nc(OCC(=O)O)c23)c(Cl)n1,20.396078054371138
Cc1ccc(-n2c(SCc3ccc(C(=O)O)cc3)nnc2-c2ccc3c(c2)OCO3)cc1,20.42057785666214
CCn1ncc2cc(-c3ccc(SCC(=O)O)nc3-c3ccc4c(c3)OCO4)ccc21,20.42057785666214
CCn1c(=O)n(-c2ccc(OC)cc2)c2cc(-c3ccc4nc(C(=O)O)sc4c3)ccc21,20.42057785666214
CCOc1ccc2nc(-c3ccc4c(-c5cnccn5)nn(CC5CC5N)c4c3)sc2c1,20.42057785666214
COc1ccc2nc(-c3ccc4c(n3)c(SC)cn4-c3ccc(C(=O)O)cc3)cnc2c1,20.42057785666214
CCn1c(=O)n(-c2ccc(OC)cc2)c2ccc(-c3ccc4nc(C(=O)O)sc4c3)cc21,20.42057785666214
COc1ccc(-c2cc(-c3ccc4nc(C)ccc4c3)n(C)c2-n2cnnn2)cc1,20.445048300260872
CCn1c(=O)n(CCC(F)(F)F)c2cc(-c3noc(Nc4ccc(F)cc4)n3)ccc21,20.445048300260872
COc1ccc(-n2c(-c3cccs3)nc3c(NCc4ccccc4)nc(C#N)nc32)cc1,20.46948949045872
Nc1ccc(Cn2nnc(-c3ccc4c(c3)c3ccccc3n4Cc3nccs3)n2)cc1,20.46948949045872
COc1ccc(-n2c(SC(C)=O)nc3c(Nc4ccc(F)c(Cl)c4)ncnc32)cc1,20.46948949045872
COc1ccc(-c2cc(N3CCCCC3)nc3c2cnn3-c2ccc(C(=O)O)cc2)cc1,20.46948949045872
CCn1c(=O)n(C)c2ccc(C3=NC4=CC=C(c5ccc(C(=O)O)cc5)S4=C3C)cc21,20.493901531919196
COc1ccc(-n2cc(-c3nc(C)c(C)s3)c3ccc4c(c32)C(NN)CCC4=O)cc1,20.518284528683193
Cc1cc(-c2nnc(SCc3ccccc3)n2-c2ccc3c(c2)OCO3)ccc1C(=O)O,20.518284528683193
Cc1noc(C)c1-c1ccc(Oc2nc3ccccc3nc2N2CCC3(CC2)CNC3)cc1,20.54263858417414
CCCn1c(=O)n(C)c2cc(-n3c(=S)n(N)c4ccc(-c5ccccc5)cc43)ccc21,20.54263858417414
Cc1noc(C)c1-c1cccc2c1n(-c1cncs1)c(=O)n2Cc1ccc(C2CC2)cc1,20.54263858417414
COc1ccc(-c2c(C)nc(Sc3ccc4c(c3)OCO4)n2-c2ccc(N)nc2)cc1,20.566963801203133
COc1ccc(-c2cn(-c3cc(Cl)c(O)c(Cl)c3)nn2)c2cnc(SC)nc12,20.591260281974
Cn1cc(-c2ccc3nc(SCC(=O)O)n(-c4ccc(-c5cccnc5)cc4)c3c2)cn1,20.591260281974
COC(=O)CSc1nc(O)c2ccc(-c3sc4c(c3C)COCC43CCC3)cc2n1,20.591260281974
COc1ccc(-c2nc3c(N4CCC(C(=O)O)CC4)nc4nc(C)ccc4c3s2)cc1,20.591260281974
CCn1ncc2cc(-c3nnn(-c4ccc(C(=O)O)cc4Cl)c3-c3ccccc3)ccc21,20.591260281974
Cc1ccc2sc(C(=O)O)nc2c1-c1cccc2ncn(CCC3CCOCCO3)c12,20.591260281974
COC(=O)CNc1nc2ccc(-n3nc(-c4ccc(OC)cc4)c4c3CCCC4)cc2s1,20.591260281974
COc1nc(-c2nc3ccccc3n2CC2=CSCC(=O)N2)ccc1Oc1ccccc1,20.591260281974
CCSc1nn(C)cc1-c1ccc2ncc3nc(-c4ccc(C(=O)O)cc4)cn3c2c1,20.591260281974
Cn1ncc2cc(-n3c(SCC(=O)O)nnc3-c3ccc(-c4ccccc4)cc3)ccc21,20.591260281974
COc1ccc(-c2cc(C(=O)OC(C)(C)C)nn2-c2cccc3c(O)nsc23)cc1C,20.591260281974
Cc1cc(-c2ccc3nc(-c4ccc(C(=O)O)cc4)n(Cc4cccs4)c3n2)n(C)n1,20.615528128088304
Cn1nccc1-c1ccc2c(c1)n(CC(=O)O)c(=O)n2-c1ccc(Oc2ccccc2)cc1,20.615528128088304
CNc1ncc(F)nc1-c1cnc(Oc2ccccc2)c(-c2ccnc(N3CCCC3)n2)c1,20.663978319771825
O=C(O)CSc1nc(-c2ccc(Cl)cc2)c2c(ncn2CCc2cccs2)n1,20.663978319771825
CCCn1c(=O)c(O)c(C)c2cc(-c3nnnn3-c3ccc(Cl)c(Cl)c3)ccc21,20.688160865577203
COc1ccccc1-c1cnc2c(c1)c1sc(C(=O)O)cc1c(=O)n2CC1CCCO1,20.688160865577203
CSc1nn(-c2ccc(C(=O)O)cc2)c2ccc(-c3nncn3-c3ccccc3C)cc12,20.688160865577203
COc1ccc(-n2nc(C(=O)O)c3c(Oc4ccccc4C(F)(F)F)nsc32)cc1,20.688160865577203
CSc1nc(Oc2ccccc2)c(F)c(-c2cc(C(=O)O)ccc2N2CCOCC2)n1,20.688160865577203
CSc1nc(N)nc(N2CCCc3cc(-c4cc(-c5ccccc5)nnc4C)ccc32)n1,20.71231517720798
Cn1cc(-c2ccc3c(ccc4nc(SCC(=O)O)n(Cc5ccccc5)c43)c2)cn1,20.71231517720798
COc1ccc(-n2c(Sc3ccc(F)cc3)nc3ccc(-c4nnnn4C)cc32)cc1,20.71231517720798
CSc1c(-c2ccc(C(C)(C)C)nn2)nc(SCC(=O)O)n1Cc1ccc(F)cc1,20.71231517720798
Cc1c(-c2ccccc2)nsc1NC(=O)CSc1nnnn1-c1ccccc1Cl,20.760539492026695
CCn1c(=O)n(C)c2ccc(-c3c(-c4cnc(C5CC5)cn4)sc4ccc(O)cc34)cc21,20.760539492026695
COc1ccc(-n2c(SCC(=O)O)nnc2-c2cccc(C(F)(F)F)c2)c(Cl)c1,20.760539492026695
CSc1ncc(-c2c(-c3ccc4c(c3)OCC(C)N4)nnn2CC2CCCCC2)cn1,20.760539492026695
CCn1c(-c2ccc3c4c(cccc24)COC3)nc(Sc2nc(C(=O)O)cs2)c1C,20.784609690826528
CCCn1c2ccc(-c3cn(C)nc3-c3ccnc(F)c3)cc2c2sc(C(=O)O)nc21,20.784609690826528
Cc1ccc(-n2nc(-c3nccs3)n(-c3ccc(Oc4ccc(O)cc4)cc3)c2=O)cc1,20.784609690826528
COC(=O)CNc1ccc(-n2cnc(-c3nc(C)cs3)c2-c2ccc3ccccc3c2)nc1,20.784609690826528
Cc1csc(-c2nc(SCC(=O)O)n(-c3ccc(F)cc3)c2-c2ccccc2)n1,20.808652046684813
COC(=O)c1cccc(Nc2nc3ccc(-c4cccc5c4ccc(=O)n5C)cc3n2C)c1,20.808652046684813
Cc1ccccc1-c1ccc(-c2nnc(SCC(=O)O)n2-c2ccc3c(c2)OCO3)cc1,20.808652046684813
CCCn1c(-c2nc3cccc(C)c3o2)nc2ccc(-c3cnn(C4CCNCC4)c3)cc21,20.83266665599966
CN(C)c1ccc(Oc2nc(-c3ccnn4cc(Cl)c(O)c34)nc3ccccc23)cc1,20.83266665599966
Cc1csc(-c2nc(SCC(=O)Nc3cccnc3)sc2-c2ccccc2)n1,20.85665361461421
CCCNc1ncc(-c2ccc3nc(C)n(-c4c(Cl)ncnc4Cl)c(=O)c3c2)s1,20.85665361461421
CN(C)c1c(-c2ncnn2-c2ccc3ncsc3c2)ccc(/C=C/C(=O)O)c1Cl,20.85665361461421
CCn1c(SC)nnc1-c1cc2c3ccccc3c(=O)n(CC(=O)O)c2c2ccccc12,20.8806130178211
CNc1nc2ccc(-c3cnn(C)c3)cc2c2c(-c3ccc(OC)cc3)c(C(C)(C)C)nn12,20.8806130178211
Cc1nnn(C)c1-c1cccc2nnc(Sc3ccc(-c4ccc(O)cc4)cc3)nc12,20.8806130178211
Cc1ccncc1-c1nc(SCC(=O)O)nc2c(-c3ccc4c(ccn4C)c3)csc12,20.8806130178211
CN(C)c1ccc(-c2ccc3nc(-c4csc5ncccc45)n(CC(=O)O)c3c2)cn1,20.8806130178211
O=C(O)c1ccc(-n2c(SCc3ccc4c(c3)COC4)nnc2-c2ccccc2)cc1,20.8806130178211
CCn1c(=O)n(-c2ccc(C(=O)O)cc2Cl)c2c(OC)c(-c3cccnc3)sc21,20.8806130178211
O=C(O)CSc1nc(-c2ccc3cnn(Cc4ccccc4)c3c2)c2ccsc2n1,20.8806130178211
COc1ccc(-c2ccc3nc(SCC(=O)O)n(-c4ccc5c(c4)OCO5)c3c2)cc1,20.904544960366874
COc1cccc(-c2nnc(SCC(=O)O)n2-c2ccc(Cl)c(C(F)(F)F)c2)c1,20.952326839756964
CN(C)c1ccc(-c2nc3ccc(-c4cncnc4NC4CCCC4)cc3s2)cn1,20.952326839756964
Cc1cccc(Cn2cnc3cc(-c4nnc(SCC(=O)O)s4)c(Cl)cc32)c1,20.952326839756964
Cc1cc2nccc(Nc3ncnc4c3ncn4CCOC(=O)c3ccccc3F)c2s1,21.0
Cc1cc(N)nc(SCc2nc(-c3ccccc3Cl)n(-c3cccc(Cl)c3)n2)n1,21.02379604162864
Cc1cc(-c2nc(SCC(=O)O)nn2-c2ccccc2)cc2c1ncn2CC(C)(C)C,21.047565179849187
C#CCSc1nc(-c2cccc(C(=O)O)n2)c2cnn(Cc3ccc(Cl)cc3)c2n1,21.071307505705477
COc1ccc(-c2cnc3nn(-c4ccccc4)c(SC4CCOCC4)c3n2)cc1O,21.071307505705477
Cc1cc(C)c2cc(-n3c(SCC(=O)O)nc(=O)n3-c3ccccc3Cl)ccc2c1,21.071307505705477
CCn1c(Sc2ccc3c(c2)OCO3)c(-c2cccnc2)c(=O)c2ccc(C(=O)O)cc21,21.095023109728988
O=C(CSc1nc(-c2cccs2)n(-c2ccc(O)cc2)c(=O)n1)c1ccc(Cl)cc1,21.118712081942874
CCn1ncc2c(-c3csc(Nc4ccc5c(c4)S(=O)(=O)C(C)(C)C5)n3)cccc21,21.166010488516726
COC(=O)c1cn(C)c(-c2c(C)n(-c3ccc(O)c(Cl)c3Cl)c(=O)c3sccc23)n1,21.18962010041709
O=C(O)CSc1nc(-c2ccc(OCC#CC3CC3)cc2)c2c(Cl)csc2n1,21.236760581595302
Cc1cc(C)c2nc(C)c(Sc3nc4ccccc4n3-c3ccc(O)cc3)[n+]([O-])c2c1C,21.236760581595302
COc1cc(-n2ncc(OC(F)(F)F)c2-c2nccs2)ccc1C(=O)O,21.2602916254693
CCCn1c(-c2cc(-c3cnn(C4CCOCC4)c3)cs2)nc2cc(C(=O)O)ccc21,21.2602916254693
O=C(O)CSc1nnc(-c2ccc(CC3CCC3)cc2)n1-c1ccc2c(c1)OCCO2,21.2602916254693
COc1ccc(C(=O)O)cc1-c1ccc2nc(Sc3ccccc3Cl)nnc2c1,21.2602916254693
CCn1c(=O)ccc2c(-n3cc(-c4ccc5nc(C(=O)O)sc5c4)c(C)n3)cccc21,21.283796653792763
Cn1cc(-n2c(SCc3ccc(C(=O)O)cc3)nnc2-c2ccc(F)c(Cl)c2)cn1,21.330729007701542
CC1(C)CCN(c2nc(SCC(=O)O)nc3sc(-c4ccccc4F)cc23)CO1,21.354156504062622
CN(C)c1ccc(-c2cc3nc(SCC(=O)O)nc(-c4cccc(F)c4)c3s2)cn1,21.37755832643195
Cc1cc2nc(SCC(=O)O)nc(-c3ccc4c(c3)CCO4)c2cc1-c1cnn(C)c1,21.37755832643195
Cc1ccc(-c2ccc3c(C)c(Sc4ccc5c(c4)OCO5)n(CC(=O)O)c3c2)nn1,21.37755832643195
Cc1c(N)nc(-c2csc(N3CCCCC3)n2)n1-c1ccc(Oc2ccccc2)cc1,21.400934559032695
Cn1nnc(/C=C/c2cn(-c3ccc(C(=O)O)cc3)nc2Sc2ccccc2)c1Cl,21.42428528562855
COc1ccc(Nc2nc(-c3ccccn3)nc3c2ncn3Cc2ccncc2)cc1Cl,21.42428528562855
CCc1c(C(=O)NCc2ccc3c(c2)OCO3)sc2nc(-c3cncs3)c(C)nc12,21.447610589527216
COc1ccc(-c2ncn(C3CCN(C)CC3)c2-c2cccc3sccc23)nc1C(=O)O,21.447610589527216
Cc1nn(C)c2nc(SCC(=O)O)nc(Sc3ccc(-c4ccc(F)cc4)cc3)c12,21.470910553583888
Cc1ncc(F)c(-n2nc(Nc3ccc4c(c3)c(C)nn4C)c3ncnc(C)c32)c1Cl,21.494185260204677
CNC(=O)c1ccc(-c2nc(SC)nc3c(-c4ccc5c(c4)OCO5)csc23)cn1,21.517434791350013
CCOC(=O)c1ccc2c(c1)C(=O)c1ccc(-c3cncs3)cc1C2Nc1nccs1,21.540659228538015
O=C(O)CSc1nc2cc(-c3ccncc3)ccc2n1Cc1cccc(-c2cncs2)c1,21.540659228538015
Cc1ccc(-n2c(=O)nc(Sc3ccc(NCc4ccccc4)nc3)c3cccnc32)cn1,21.540659228538015
COc1ccc2c(c1)c(/C=C1\SC(=O)NC1=O)c(-c1cccs1)n2COC(C)=O,21.563858652847824
Cc1nc2ccc(-c3ccc(SCCF)cc3)cc2c(=O)n1-c1ccc(C(=O)O)s1,21.563858652847824
Cc1ccccc1-c1cc(-c2nc(C(C)(C)C)cc3c2sc(=O)n3CC(=O)O)n(C)n1,21.563858652847824
Cc1nccn2c(-c3ccc(NCc4ccc5ccccc5n4)nc3)c(-c3cnn(C)c3)nc12,21.61018278497431
CSc1nnnn1-c1c(C)c(-c2ccc(Cl)cc2)cn1-c1ccc(C(=O)O)cc1,21.61018278497431
COc1ccc(-c2c(Sc3ccc(C(=O)O)s3)nc3c(C)cccn3c2=O)cc1,21.633307652783937
CSc1nc(-c2ccc(CCC(=O)O)cc2)c2cnn(-c3ccc4c(c3)CCC4)c2n1,21.633307652783937
O=C(O)CSc1nc(-c2ccccc2)c2c(n1)nc(-c1ccco1)n2CC(F)(F)F,21.633307652783937
COc1ccc(-c2nnn(-c3ccc(O)cc3)c2Sc2ccc3c(c2)OCCO3)cc1,21.633307652783937
Cc1noc(C)c1-c1cnc2nc(C3CC3)nc(Nc3ccc(N4CCOCC4)cc3)c2c1,21.633307652783937
COc1ccc(-c2nc(SCC(=O)O)nc3c2cnn3-c2ccc3ccccc3c2)cc1,21.656407827707714
COc1ccc(-c2ccc3c(n2)nc(NC2CCCCC2)n3-c2cc(C)c(F)cn2)cn1,21.6794833886788
COc1ccc(-c2nnc(SCC(=O)O)n2-c2cc(Cl)c(Cl)cc2Cl)cc1,21.702534414210707
CC(C)(C)N1CCC(COc2ncccc2-c2ccnn2-c2ccc(C(=O)O)cc2)CC1,21.702534414210707
CC(=O)Nc1ccc(Oc2cc3snnc3cc2-c2cnn(C3CCN(C)CC3)c2)cc1,21.72556098240043
CN(C)c1ccc(-c2nnc(Nc3c4cccc(-c5cncnc5)c4nn3C)cc2F)cc1,21.72556098240043
CC(=O)Nc1nc(SCc2ccc3c(c2)OCO3)nnc1Sc1ccc(F)cc1,21.72556098240043
O=C(O)c1ccc(-c2ccc3nc(Sc4ccccc4)n(CCN4CCCC4)c3c2)o1,21.748563170931547
COC(=O)c1sccc1-c1cnc2c(Nc3ccc(OC)c(C(F)(F)F)c3)ncnc2c1,21.748563170931547
O=C(O)CSc1nc(SCc2ccc(F)cc2)nc(-c2ccc3c(c2)CCCO3)n1,21.79449471770337
COc1cc2nc(-c3ccc4c(c3)OCO4)nc(NC3CCCCOCC3)c2cc1OC,21.79449471770337
COc1ccc(-n2nnc(-c3ccc4c(c3)OCCO4)c2Sc2ccccc2)cc1O,21.817424229271428
COc1ccc(Cn2cc(-c3cnc4nc(-c5ccc(C(=O)O)cc5)sc4c3)cn2)cc1,21.817424229271428
C#CCSc1nn(-c2ccc(C(=O)O)cc2)cc1-c1ccc(-c2c(Cl)ncn2C)cc1,21.817424229271428
Cc1ccc(-c2nnc(SCc3ccc4c(c3)OCO4)n2-c2ccc(C(=O)O)cc2)cc1,21.840329667841555
CC(=O)OCc1ccc(-c2ncn(-c3ccc(F)cc3)c2-c2nc(C(=O)O)cs2)cc1,21.88606862823929
CSc1nc(-c2ccc3c(c2)N(C)CC(C)C3)c2cnn(-c3ccc(C(=O)O)cc3)c2n1,21.908902300206645
CSc1ccc(-c2nc(SCC(=O)O)nc3c2cnn3-c2ccc(Cl)cc2)cc1,22.0
Cc1c(Sc2ccc3c(c2)OCCO3)nc(SCC(=O)O)nc1-c1ccc(F)cc1,22.0
CCn1c(=N)n(C)c2cc(Cl)c(Sc3nnnn3-c3ccc(C)c(Cl)c3)cc21,22.0
COc1ccc2ccccc2c1-c1nc(SCc2ccnc(C3CCNCC3)n2)no1,22.0
Cc1nn(-c2ccc3ccccc3c2)c2nc(SCC(=O)O)nc(-c3ccccc3)c12,22.0
COc1ccc(-n2nc(C(=O)O)c(C)c2-c2ccc3cnn(C)c3c2)cc1C(F)(F)F,22.02271554554524
CCn1nnc2ccc(-c3c(-c4ccccc4)nn4c(NCc5ccccc5)ncnc34)cc21,22.06807649071391
CN(C)c1ccc(-c2nc(C(=O)O)ncc2-c2ccc3sc4c(c3c2)OCCC4)cn1,22.090722034374522
COC1CCN(c2nc(C(=O)O)ccc2-c2ccnc3ccc(-c4cncs4)cc23)C1,22.090722034374522
COc1ccc(-c2ccc(-c3nc(SCC(=O)OC(C)(C)C)sc3C(=O)O)cc2)cc1,22.090722034374522
Cc1c(C(=O)O)cn(Cc2ccncc2)c1-c1ccc(Sc2ccc3c(c2)OCO3)nc1,22.11334438749598
Nc1cc(N2CCCCC2)nc(SCc2nc(-c3cccc(C(F)F)n3)cs2)n1,22.135943621178654
CCNc1ncccc1Oc1nc2c(=O)n(-c3ccc(Cl)s3)cnc2c(Cl)c1C,22.24859546128699
Cn1nnc(-c2ccc3scnc3c2)c1-c1ccc2c(c1)c(N)nn2CCCC(F)(F)F,22.24859546128699
COC(=O)c1ccc(-c2ccc3nc(SCC(=O)O)n(-c4ccc(C)cc4)c3c2)s1,22.24859546128699
Cc1ccc(-c2nc(SCC(=O)O)nc3cc(-c4ccc5c(c4)OCO5)n(C)c23)cc1,22.293496809607955
COC(=O)c1ccc(Sc2cccc3c(S)nn(-c4ccc(C(=O)O)cc4)c23)cc1,22.315913604421397
CCn1c(=O)n(C)c2ccc(-c3c(-c4ccc(C#N)cc4)nsc3NC3CCCC3)cc21,22.338307903688676
Cn1nc(Sc2ccccc2)c2nc(-c3ccc(C(=O)O)nc3)n(Cc3ccccc3)c21,22.360679774997898
COc1ccc2c(-c3ccccc3C(=O)O)nc(SCc3ccc4c(c3)OCO4)n2c1,22.38302928559939
CCOC(=O)Cn1c(=O)nc(Sc2ccc(Cl)cc2)c2cc(-c3ccn[nH]3)ccc21,22.40535650240808
CNc1ncnc2ccc(-c3sc(COc4cccc5c4CCC(=O)C5)nc3OC)cc12,22.427661492005804
O=C1Oc2c1cc(-c1ccccn1)n(CCCO)c1ccc(-c3cncs3)cc1c1c2OC1,22.427661492005804
COc1cc2c(-c3ccccc3)c(C(=O)O)nc(SCc3ccc4c(c3)OCO4)n2c1,22.47220505424423
Cc1nccc(-n2nc(NCc3ccncc3)c3cc(-c4cn(C)nc4Cl)ccc32)n1,22.494443758403985
COc1cccc(-n2ncc3ccc(-c4sc(N5CCCCC5)nc4C(=O)O)cc32)c1,22.516660498395403
CNc1cc(C)cn2c(Sc3ccc4c(c3)OCO4)nc(-c3ccc(C(=O)O)cc3)c12,22.60530911091463
COC(=O)CSc1nc(-c2ccc(C(=O)O)cc2)c(C(C)(C)C)n1-c1ccccc1,22.60530911091463
CCOC(=O)c1cc2c(s1)-c1c(c(C(C)(C)C)nn1-c1ccc(C(=O)O)cc1)CC2,22.627416997969522
O=C(O)c1ccc2c(Cn3ccnn3)c(-c3cccnc3)n(-c3cc(C4CC4)cs3)c2c1,22.64950330581225
COc1ccc(-n2c(Sc3ccc(Cl)cc3)nc3cc(-n4ncc(N)n4)ccc32)cc1,22.64950330581225
O=C(O)C1(OCCn2ccnc2)CCN(c2nc(-c3ccccc3)nc3ccccc23)CC1,22.64950330581225
O=C(O)CSc1nc(-c2ccc(Cl)cc2)c2ncn(-c3ccc(C4CC4)cc3)c2n1,22.693611435820433
CSc1nnc(-c2c(C)n(Cc3ccccc3)c3ccccc23)n1-c1ccc(N)nc1,22.693611435820433
O=C(O)CSc1nc(-c2ccc(-c3ccccc3)s2)c2cnn(CC3CC3)c2n1,22.693611435820433
CCn1c2ccc(-c3ccc(OC)nc3C(=O)O)cc2c2c(N3CCCCC3)nccc21,22.693611435820433
CSc1nc(C(=O)O)c(-c2ccc(-c3cccnc3N3CCC3)cc2)n1-c1cccnc1,22.715633383201094
CCn1nc(-c2ccc(Oc3ccccc3)cc2)c2ncnc(N3CCC(C(=O)O)CC3)c21,22.715633383201094
Nc1nc(Sc2ccc3c(c2)OCO3)c2ncn(Cc3ccccc3)c2c1OC1CCC1,22.759613353482084
C#CCSc1nc(OC)c(-c2ccc(C(=O)O)c(F)c2)c(-c2ccc3c(c2)OCO3)n1,22.80350850198276
C#Cc1nc2c(-c3cccs3)nc(SCC(=O)O)nc2n1-c1ccc(C2CC2)cc1,22.80350850198276
COc1ccc2c(c1)sc(=O)n2-c1ccc(-c2c(C)c(C(=O)O)nn2C2CCC2)cc1,22.80350850198276
Cc1nc2c(-c3ccccc3F)nc(SCC(=O)O)nc2n1-c1ccc(C2CC2)cc1,22.80350850198276
Cc1cc(C)cc(Sc2nc3c(N4CCCC4)nncc3n2-c2ccc(C(=O)O)cc2)c1,22.825424421026653
O=C(O)CSc1nc(SCc2ccc(F)cc2)nc(-c2ccc3ncccc3c2)n1,22.891046284519195
COC(=O)c1ccc2nc(-c3ccc(CO)c(OC(C)=O)c3N3CCCCC3)sc2c1,22.956480566497994
Cc1cnc(N2CCC(CC(=O)O)C2)nc1-c1ccc2cc(-c3cnn(C)c3)sc2c1,22.956480566497994
COc1ccc(-c2cccc(Sc3nnnn3C3CCCOc4ccc(O)cc43)c2)cc1,22.978250586152114
COC(=O)CSc1nc(Sc2ccc(Cl)cc2)cc(-c2cccc(C(=O)O)c2)n1,23.021728866442675
Cc1nc(Sc2ccc(Cl)cc2)nnc1-c1ccc(N2CCC(C(=O)O)CC2)nc1,23.043437243605826
Cc1cc(-c2nc(SCC(=O)O)nc3c2ncn3C)sc1-c1ccc(F)c(Cl)c1,23.043437243605826
CN(C)c1ncnc2nc(N3CCC(c4ccccc4)C3)c(-c3ccc(C(=O)O)s3)cc12,23.15167380558045
COc1cccc(-c2cc(C)nc3c(-c4ccc5nc(C(=O)O)sc5c4)c(C)nn23)c1,23.15167380558045
Cc1ccnc(C)c1-c1ccc2nc(Sc3ccc4c(c3)OCO4)n(CC(=O)O)c2c1,23.173260452512935
Cc1cccc2c(-c3cn(-c4ccc(C(=O)O)cc4)nc3SC3CCCC3)n(C)nc12,23.173260452512935
CN(C)c1ccc(-c2ccc3nc(-n4cc(C#N)cn4)nc(NC4CCCCC4)c3c2)cc1,23.194827009486403
COc1ccc(Sc2nc(O)c3ccc(-c4nc5cccnc5n4C)cc3n2)c(Cl)c1,23.2163735324878
COc1cc(Cn2cccc2C(=O)O)c(-n2nnnc2-c2cccc(Cl)c2)cc1Cl,23.2379000772445
C#CCSc1nc(Sc2ccc(-c3ccc(O)cc3)cc2)nc(-c2ccncn2)n1,23.302360395462088
Cc1nc2c(-c3ccc4sccc4c3)nc(SCC(=O)O)nc2n1Cc1ccccc1,23.40939982143925
CCn1c(=O)cc(-c2ccc(-c3nc(C)no3)cc2)c2c1ccn2C1CCCC(O)CC1,23.45207879911715
COc1cc(OC)cc(-c2cccc3nc(-c4ccc(N5CCCCC5)nc4)c(N)n23)c1,23.515952032609693
Cc1nnc(Nc2cn(C)c3ncccc23)c2c1n(-c1ccccc1)c(=O)n2C1(C)CCC1,23.558437978779494
O=C(O)CSc1nnc2cc(-c3cccc(OC(F)F)c3N3CCCC3)ccc2n1,23.57965224510319
C=CCS/C=C/c1ccccc1-c1ccc2nc(C(=O)O)nc(N3CCOCC3)c2c1,23.600847442411894
CCO[C@H]1CC[C@H](n2nc(-c3ccc(Oc4ccccc4)cc3)c3c2CN=C(N)O3)CC1,23.62202362203543
O=C(O)CSc1nc(-c2ccc(F)cc2)c2cccc(Sc3cccnc3)c2n1,23.769728648009426
CSc1ccc2c(-c3ccc4c(c3)oc(=O)n4CCO)n(C3CCCCC3)nc2c1,23.874672772626646
COc1cc2c(=O)n(-c3ccc(C(C)(C)C)s3)c(SCC(=O)O)nc2cc1C1CC1,23.916521486202797
C=CCNc1ccc2nc(SCC(=O)OC(C)(C)C)n(-c3ccccn3)c(=O)c2c1,23.93741840717165
O=C(O)CSc1nc(SCc2cccc(Cl)c2)cc(-c2ccc3c(c2)OCO3)n1,23.979157616563597
COC(=O)c1c(-c2ccc(OC)cc2)c2sc(Cl)cc2n1-c1ccc(C(=O)O)nc1,24.041630560342615
c1ccc(COc2ccc(-c3nnc(SC4CCCC4)n3-c3cccnc3)nc2)cc1,24.186773244895647
Cc1cccc(-c2nnc(SCc3ccc4c(c3)OCO4)n2-c2cccc(C(=O)O)c2)c1,24.43358344574123
Cc1ccc(-c2nnc(SCc3ccc4c(c3)OCO4)n2-c2cccc(C(=O)O)c2)cc1,24.43358344574123
COc1ccc(-n2c(=O)n(-c3ccc(C)cc3)c3c(NC4CCCCC4)ncnc32)cc1,24.55605831561735
COc1ccc(-c2ncoc2-c2ccc3nc(C4CC4)nc(NC4CCOCC4)c3n2)cc1,24.576411454889016
Cc1ccc2c(-c3nc(SCC(=O)O)nc(Sc4ccc(F)cc4)n3)cn(C)c2c1,24.596747752497688
CSc1nc2c(OC3CCOCC3)nc(C3CC3)cc2n1-c1ccc(C(=O)O)cc1,24.596747752497688
CNc1ncnc2c1n(-c1ccc(C3CCCCC3)cc1)c(=O)n2-c1cccc(OC)c1,24.63736998950984
COC(=O)c1ncc(CNc2nc(C(F)F)c(F)c3c2ncn3C2CCCCC2)s1,24.71841418861655
CC1(C)CCN(c2cc(Cl)cc3cc(-c4ncnc(SCC(=O)O)n4)ccc23)CC1,24.819347291981714
CCOc1ccc(Nc2nccc(-c3cn(C4COC4=O)c4cccc(Cl)c34)n2)cc1,24.879710609249457
COC(=O)C1c2ccccc2Oc2nc(NCc3ccccc3)nc(Oc3ccccc3)c21,25.079872407968907
Cc1nc(-c2ccc3c(c2)CCC32CCCC2)n(-c2cccc3nc(CCCO)nnc23)n1,25.11971337416094
O=C(O)CSc1nc(-c2ccc(-c3ccccc3)cc2)c2cnn(C3CCOCC3)c2n1,25.475478405713993
Cc1snc(-c2cccc(-c3ncn(C4CCN(C5CCCC5)CC4)n3)c2O)c1C,25.612496949731394
CCn1c(=O)n(C2CCCC2)c(=O)c2cc(-c3c(Nc4ccccc4)noc3C)ccc21,25.748786379167466
Cc1cccc(-c2nc(SCC(=O)Nc3ccc4ncsc4c3)nn2C2CCC2)n1,25.826343140289914
Cc1c(-c2cc3nc(-c4ccc(N5CCCCC5)cc4)c(O)n3nc2OC2CC2)cnn1C,26.038433132583073
O=C(O)COC(=O)c1nc(Sc2ccc(Cl)cc2)n(-c2cccc3ccccc23)n1,26.13426869074396
CN1CCCCC1OC(=O)CSc1nc(Nc2cccnc2)c2ccc(Cl)cc2n1,27.184554438136374
Cc1ccc(-c2cc3c(N4CCC5(CCCO5)CC4)nc(SCC(=O)O)nc3o2)cc1,27.367864366808018
Cc1nc(-c2ccc3c(c2)C(C)(C)N(c2nc(N)ncc2F)N3C2CCCCC2)cs1,27.440845468024488
CSc1nc(-c2ccc(S(=O)(=O)NC(C)(C)C)cc2)c2cnn(CC3CC3)c2n1,27.622454633866266
COc1ccc(C2C(N)=Nc3c2c(-c2ccc4c(c2)OCO4)nn3C2CCCCC2)cc1,27.874719729532707
Cc1ccccc1-n1c(=O)n(C)c2ccc(-c3nc(C(=O)O)c(C)n3C3CCCCC3)cc21,28.053520278211074
O=C(O)CSc1nc2cc(-c3cn(Cc4ccccc4)nn3)ccc2n1C1CCCC1,28.142494558940577
CCn1c(=O)n(-c2ccc(C)cc2)c2cc(-c3ncc(C(=O)O)n3C3CCCCC3)ccc21,28.337254630609507
Cc1cnc(N2CCOCC2)c2c1nc(Sc1ccc(C(=O)O)cc1)n2C1CCCCC1,29.0516780926679
COc1ccc(-c2nc3c(Nc4ccc(F)cn4)nc(=O)n(C)c3n2C2CCCCC2)cc1,29.427877939124322
COc1csc(-c2nc3c(NCc4ccccc4)nccc3n2C2CCCCC2)n1,29.512709126747414
Cc1cc2c(NCc3ccccc3)nc(=O)n(C3CCCC3)c2nc1-c1cn(C2CC2)nn1,29.715315916207253
CN(C)c1ccc(-c2ccc3c(-c4ccnc(N5CCCC5)n4)c(C(=O)O)sc3n2)cc1,29.748949561287034
O=C(O)CSc1nnc(-c2ccc(-c3ccccc3)cc2)n1C1CCC2(CCCO2)C1,30.83828789021855
COC(=O)CSc1nc(N2CCCCCC2)c2cc(-c3ccccc3O)ccc2n1,31.064449134018133
COc1nnc(SC2CCCCC2)cc1-c1nc(C)nn1-c1ccc2c(c1)CCC2,31.064449134018133
CN(C)c1nnc2n(C3CCCCC3)cc(-c3cnc(NCc4cccnc4)nc3)cc1-2,32.046840717924134
CS(=O)(=O)Nc1cccc2c1nc(Sc1ccc3c(c1)OCO3)n2C1CCCCC1,32.66496594212215
COc1ncc2cnccc2c1-c1cc(SC2CCCCC2)n(CC2CCC(=O)N2)n1,32.90896534380867
COc1ccc(-c2ccc3c(c2)CCCN3c2nc(O)nc(SC3CCCC3)n2)cn1,35.91656999213594
O=S(=O)(NC1CCC1)c1nc(Oc2cccs2)c(-c2cnn(C3CCCC3)c2)s1,36.851051545376556
COc1cc(C)c2c(c1)nc(-c1cc(SC3CCCCC3)nnn1)n2C1CCOCC1,39.05124837953327
