SMILES,cats_euclidean_dist
O=c1nc(OCc2c(O)cccc2-c2ccc(Oc3ccccc3)cc2)nc2sccn12,12.12435565298214
Cc1cc(-c2cc(C(F)(F)F)c(Oc3cccc(N4CC(C(=O)O)C4)n3)nn2)sc1C,12.165525060596439
O=C(O)C1CN(Cc2ccc(-c3ncnc(-c4ccccc4Oc4ccccc4)n3)s2)C1,12.489995996796797
O=C(O)C1CN(c2nc(-c3cncs3)ncc2-c2ccc(Oc3ccccc3)cc2)C1,12.649110640673518
COc1cccc(-c2ccc(-c3csc4ncnc(N5CCC[C@H](C(=O)O)C5)c34)cc2)c1,12.767145334803704
COc1ccc(-c2nc(-c3c(C)sc4c3CCCC4)cc(N3CCC3)n2)cc1C(=O)O,12.922847983320086
COc1ccc(-c2cc(C(C)(C)C)nc(N3CC(C(=O)O)C3)c2-c2nccs2)cc1,12.922847983320086
Cc1nc(N2CCC(C(=O)O)C2)c2cc(-c3cccc(Oc4ccccc4)c3)n(C)c2n1,12.922847983320086
COc1ccc(-c2nc(-c3ccccc3)sc2-c2ncnc(N3CCC(O)CC3)n2)cc1,12.96148139681572
O=C(O)C1CN(c2cc(Oc3ccc(-c4ccccc4)cc3)nc(-c3cccs3)n2)C1,13.076696830622021
O=c1cc(O)n(-c2nsc(-c3ccccc3OCc3ccc(-c4ccccc4)cc3)n2)cn1,13.076696830622021
COc1ccccc1-c1ccc(-c2csc(N3CCC[C@H](C(=O)O)C3)n2)c(-n2ccnc2)c1,13.228756555322953
Cc1ccccc1-c1nc(-c2ccc3c(c2)CN(c2nc(CC(=O)O)cs2)CC3)no1,13.416407864998739
Nc1cc(N2CCc3ccc(-c4noc(-c5ccccc5)n4)cc3C2)nc(-c2ccccc2)n1,13.490737563232042
Cc1nc(Oc2cccc(-c3ccccc3)n2)c2sc(CN3CC(C(=O)O)C3)cc2n1,13.711309200802088
COc1cc(N2Cc3ccc(-c4nsc(-c5cc[nH]c5)n4)cc3C2)nc(-c2ccccc2)n1,13.784048752090222
Cn1c(N2CCC[C@@H](C(=O)O)C2)nc(-c2ccc(Oc3ccccc3)cc2)c1-n1cccn1,13.820274961085254
Cc1nc(OC(C)(C)C)ccc1-c1nc(-c2cccc(CN3CC(C(=O)O)C3)c2)ns1,13.856406460551018
O=C(O)C1CN(c2ccnc(Oc3ccc(-c4cccc(CN5CCCCC5)c4)cc3)n2)C1,13.856406460551018
COc1cccc(-c2sc(N3CC[C@H](C(=O)O)C3)nc2-c2ccc3ncn(C)c3c2)c1,13.96424004376894
O=C(O)CCN1CCc2nc(-c3ccc(Oc4cccc(-n5ccnc5)c4)cc3)sc2C1,13.96424004376894
O=C(O)C1CN(Cc2ccc(-c3csc(-c4ccc(Oc5ccccn5)cc4)n3)s2)C1,14.106735979665885
Cn1cc(N2CCC(C(=O)O)C2)nc1-c1ccc(OCc2nc3ccccc3s2)cc1,14.106735979665885
Cc1nc(-c2ncc(-c3ccc(C(C)(C)C)cc3)s2)sc1CN1CC(C(=O)O)C1,14.142135623730951
O=C(O)C1CCN(Cc2ccc(-c3noc(-c4ccccc4OC(F)(F)F)n3)s2)C1,14.247806848775006
Cc1c(-c2noc(-c3ccc(-c4ccccn4)cc3)n2)csc1CN1CCC(C(=O)O)C1,14.247806848775006
COc1ccc(-c2nc(C3CCN(c4ccnc(-c5ccccc5)n4)C3)no2)cc1Cl,14.2828568570857
O=C(O)CCN1CCc2cc(-c3noc(-c4ccc(Oc5ccccc5)cc4)n3)sc2C1,14.52583904633395
O=C(O)C1CN(Cc2cc(-c3noc(-c4cccc(Oc5ccccc5)c4)n3)cs2)C1,14.52583904633395
O=Cc1nn(-c2ccc(OCc3cccc(-c4nc(C(F)(F)F)cs4)c3)cc2)nc1O,14.52583904633395
O=C(O)C1CN(Cc2cccc(-c3noc(-c4ccc(Oc5cccs5)cc4)n3)c2)C1,14.52583904633395
Nc1nc(Oc2ccc(N3CCOCC3)cc2)c(-c2ccccc2)c(-c2cncs2)n1,14.52583904633395
CC(C)(C)Oc1ccc(-c2nc(-c3cccc(CN4CC(C(=O)O)C4)c3)nn2C2CC2)cc1,14.52583904633395
O=C(O)C1CN(Cc2cccc(-c3nsc(-c4ccc(Oc5ccccc5)cc4)n3)c2)C1,14.52583904633395
O=C(O)CCN1CCc2c(cccc2-c2nsc(-c3cccc(Oc4ccccc4)c3)n2)C1,14.52583904633395
Cc1nc(-c2ccc(-c3ccc4c(c3)OCO4)cc2)sc1CSc1nccc(N)n1,14.52583904633395
COc1ccc(-c2nc(-c3cc(CN4CCC(C(=O)O)C4)cs3)no2)cc1C(C)(C)C,14.52583904633395
Cc1oncc1-c1ccc(COc2ccc3nc(N4CC(C(=O)O)C4)sc3c2)c(Cl)c1,14.52583904633395
COc1ccc(-c2nc(NCCF)nc(-c3ccc4c(c3)COc3ccccc3C4)n2)cc1,14.52583904633395
O=C(O)[C@H]1CCN(c2nc(-c3ccc(Oc4ccccc4)cc3)nc(-c3cccs3)n2)C1,14.560219778561036
COc1cccc(C2=CC(C(F)(F)F)=C(Oc3ccccc3)N(c3nccs3)N2N)c1,14.594519519326424
Cc1sc(N2CCN(c3ccc(-c4ccc(Oc5ccccc5)cc4)cc3)C2=O)nc1N,14.628738838327793
CC(C)Oc1cccc(-c2n[nH]c(-c3nc4c(s3)CN(c3nccs3)CC4)n2)c1,14.628738838327793
CC[C@@H]1[C@H](C(=O)O)CCCN1c1nc(-c2ccc(-c3cn(C(F)F)nn3)cc2)cs1,14.66287829861518
Cc1ccc(-c2nnc(N3CCC[C@@H](C(=O)O)C3)s2)c(OC2CC2)c1-c1ccccc1,14.66287829861518
CC1(C)OCc2ccc(OCc3nc(-c4ccccc4)cs3)cc2[C@@]2(C[C@@H]2C(=O)O)O1,14.66287829861518
O=C(O)c1nc(Cc2ccc(-c3nc(-c4cccc(CN5CCCC5)c4)cs3)cc2)no1,14.696938456699069
Cc1c(-c2cccc(COc3ccc4c(c3)OCCO4)c2)nsc1-c1ccnc(O)n1,14.696938456699069
O=C(O)C1CN(Cc2sc(-c3ccc(Oc4ccccc4)cc3)nc2-c2ccccc2)C1,14.696938456699069
Cc1sc(SCc2cnc(-c3cccc[n+]3[O-])s2)nc1-c1cccc(C(=O)O)c1,14.7648230602334
Cc1c(-c2ccc(Oc3ccc(N4CC(C(=O)O)C4)s3)cc2)nnn1C1CCCC1,14.798648586948742
O=C(O)C1CCN(Cc2ccc(-c3noc(-c4ccc(-c5ccccc5)cc4)n3)s2)C1,14.832396974191326
Cc1c(-c2ccc(OC3CCOCC3)cc2)nn(-c2ccc(O)cc2)c1-c1nccs1,14.832396974191326
O=C(O)Cc1ccnc(N2Cc3cc(-c4ccc(Oc5ccccc5)cc4)sc3C2)n1,14.832396974191326
Cc1cc(CN2CC(C(=O)O)C2)sc1-c1noc(-c2cccc(-c3cccs3)c2)n1,14.832396974191326
Cc1scc(-c2cc(CN3CC(C(=O)O)C3)cc(-c3noc(C(F)(F)F)n3)c2)c1C,14.832396974191326
Cn1nc(-c2cc3c(s2)CCN(CCC(=O)O)C3)nc1-c1ccccc1-c1ccccc1,14.832396974191326
Cc1nc(-c2ccc(CC(=O)O)nc2)sc1C1CCCN1c1nc2ccccc2s1,14.966629547095765
Cn1cccc1-c1ccc(-c2ncnc(N3CCC(C(=O)O)C3)c2Oc2ccccc2)cc1,15.066519173319364
COc1ccc(-c2nc(-c3ccccc3)no2)cc1CN1CCC(=NNc2ccccn2)C1,15.066519173319364
COc1ccc(-c2sc3c(c2C#N)C(C(=O)O)CN(c2ncc(CC4CC4)s2)C3)cc1,15.066519173319364
COc1ccccc1-n1nc(-c2cccc(-c3cnn(C)c3)c2)cc1/C=C1\SC(=O)NC1=O,15.0996688705415
CNc1cc(-c2cnn(CC3CCc4ccc(Oc5ccccc5)cc4S3)n2)ccn1,15.165750888103101
Cc1sc(N2CCN(c3ccccc3-c3ccc(Oc4ccccc4)cc3)C2=O)nc1N,15.165750888103101
OC1CCN(C[C@@H]2CCCCC2c2nc(-c3ccc(Oc4nccs4)cc3)no2)CC1,15.165750888103101
COc1ccc(-c2csc(-c3cccc(Cn4cc(C#N)c(=O)[nH]c4=S)c3)n2)cc1,15.198684153570664
COc1cc(-c2nc(-c3cccc(CO)c3)no2)ccc1C1CCCN1c1nccs1,15.198684153570664
Cc1nc(C2Cc3cc(-c4nc(C)c(CN5CCCC5)s4)ccc3O2)ncc1C(=O)O,15.264337522473747
COc1ccnc(-n2cc(-c3cccc(Oc4ccccc4)c3)nc2-c2cccs2)n1,15.297058540778355
COc1ccccc1-c1nc(-c2ccc(Oc3ccccc3)cc2)nc(N2CCOCC2)n1,15.297058540778355
CC(=O)Nc1nnc(SCc2nnn(-c3cccc(Cl)c3)c2-c2ccccc2)s1,15.329709716755891
COc1ccc(C(=O)O)cc1-c1ccc(C2CCCN2c2nc3ccccc3s2)c(C)n1,15.362291495737216
Cc1nc(-c2cccc(-c3ccccc3-c3nccs3)c2)sc1CN1CC(C(=O)O)C1,15.362291495737216
Cc1noc(-c2ccc(Oc3ccccc3)c(N3CCN(c4cc(O)ccn4)CC3)c2)n1,15.362291495737216
O=C(O)C1CN(Cc2ccc(-c3nncc(-c4cccc(Oc5ccccc5)c4)n3)s2)C1,15.491933384829668
Cc1noc(-c2cccc(CN3CCC(c4ccc(-c5nccc(O)n5)s4)CC3)c2)n1,15.588457268119896
COc1cccc(-c2cccc(-c3nc(-c4ccc5c(c4)CNCCO5)nn3CC#N)c2)c1,15.588457268119896
O=C(O)C[C@@H]1Cc2c(sc3cc(OCc4nnc(-c5ccccc5)s4)ccc23)O1,15.588457268119896
Cc1csc2nc(OCc3nc(C(=O)O)cnc3-c3ccc(-c4ccccc4)cc3)cn12,15.620499351813308
COc1ccc(Oc2cc(-c3ccc4c(c3)CNCC4)nc(-c3nnc(C)s3)n2)cc1,15.620499351813308
O=c1c(CO)cnc(-c2ccc(OCc3nc4ccccc4s3)cc2)n1-c1ccccc1,15.620499351813308
COc1cccc(-c2ccc3c(c2)CCc2c(c(-c4nc(C)c(C(=O)O)s4)nn2C)O3)c1,15.620499351813308
COc1ccc(-n2nc(-c3ccc(SC)cc3)cc2/C=C2\SC(=O)NC2=O)cc1,15.620499351813308
CN(C)c1nc(N)cc(-n2nc(-c3ccc(-c4ccccc4)s3)nc2-c2ccccc2)n1,15.684387141358123
CN(CC(=O)O)c1cccc(-n2nc(C(C)(C)C)cc2-c2cc(C(C)(C)C)on2)c1S,15.684387141358123
Cc1scc(-c2nc(-c3ccccc3)n(/C=C3\SC(=O)NC3=O)c2-c2cnn(C)c2)c1C,15.716233645501712
COc1ccc(-c2nc(CC(=O)O)sc2-c2ccc3sc(N4CCC4)nc3c2)cc1,15.716233645501712
Cc1ccc(-c2ccccc2)cc1COc1cc(C#N)nc(-c2nc3c(s2)CNCC3)n1,15.716233645501712
O=C(O)C1CCN(Cc2cccc(-n3cc(-c4cccc(Oc5ccccc5)c4)nn3)c2)C1,15.716233645501712
Cc1ccc(-c2nc(-c3ccc(N4CCN(c5ccccn5)C4)cc3)sc2C(=O)O)o1,15.748015748023622
Cc1ccc(-c2c(N)nc(N3CCOCC3)nc2-c2ccc(Oc3ccccc3)cc2)cc1,15.811388300841896
Nc1cc(-c2ccc(Oc3ccccc3)cc2)nc(N2CCN(Cc3ccsc3)CC2)n1,15.811388300841896
CCOc1ccc(-c2noc(-c3ccc4sc(N5CCC(O)CC5)nc4c3)n2)cc1F,15.84297951775486
Cc1nc(-c2ccc(Oc3ccc(N4CCOCC4)c(Cl)n3)cc2)sc1C(=O)O,15.874507866387544
O=C1CSC(c2ccc(Oc3cccc(-c4nnnn4Cc4ccccc4)c3)cc2)N1,15.874507866387544
COc1ccc(-c2nc(-c3ccccc3)c(C(=O)O)n2C)nc1N1CCCc2ccccc21,15.968719422671311
O=C1NC(=O)/C(=C/c2nc(-c3ccc(OCC4CCC4)cc3)cn2-c2ccccc2)S1,15.968719422671311
O=C(O)C1CN(Cc2ccc(-c3nnc(-c4ccc(Oc5ccccc5)cc4)o3)s2)C1,15.968719422671311
O=C(O)C1CCN(Cc2cccc(-c3cn(-c4ccc(Oc5ccccc5)cc4)nn3)c2)C1,15.968719422671311
Cn1cnc(-c2ccccc2)c1COc1ccc(-c2nc3ccc(C(=O)O)cc3s2)cn1,16.0
O=C(O)C1CN(Cc2cc3c(s2)c(-c2ccc(-c4ccon4)cc2)nn3C2CCCC2)C1,16.0
O=c1n(-c2cc(O)ccn2)nc(-c2ccc(Oc3ccccc3)cc2)n1-c1ccccc1,16.0
CN(C)c1ccc(-c2nncc(Oc3ccc(-n4cnc5cc(O)ccc54)cc3F)n2)cc1,16.0
Cc1nc(-c2cccc(OCc3cnc(N4CCC(F)(F)C4)s3)c2)sc1C(=O)O,16.09347693943108
COc1cccc(-c2cc(-c3noc(CN4CC(C(=O)O)C4)n3)sc2C(F)(F)F)c1,16.09347693943108
COc1ccc(-c2ccc(N3C(=O)N(c4nsc(N)n4)CC3c3ccccc3)cc2)cc1,16.09347693943108
Cc1nsc(C2C(=O)NCN2Cc2ccc(-c3cnc(-c4ccccc4C)s3)cc2)n1,16.09347693943108
Cc1sc2nc(OCc3nc(-c4ccccc4)nn3C)ccc2c1-c1ccccc1N,16.09347693943108
COc1ccc(-c2nnc(-c3ccc(CN4CC(C(=O)O)C4)cc3)s2)cc1OC(C)(C)C,16.1245154965971
Cc1ccc(-c2cnnc(N3CCC(C)(O)CC3)c2-c2nc3ccccc3s2)cc1C,16.1245154965971
COc1ccnc(N[C@@H]2COc3ccc(-c4nc(-c5ccc(F)c(C)c5)ns4)cc32)n1,16.1245154965971
Cc1nc(-c2ccc(CN3CC(C(=O)O)C3)cc2)nc(-c2ccccc2OC(C)(C)C)n1,16.1245154965971
COc1ccc(-c2c(/C=C3\SC(=O)NC3=O)cnn2-c2ccc3nc(C)sc3c2)cc1,16.1245154965971
COc1ccc(-c2cc(-n3cccn3)nc(N3CCC[C@@H](C(=O)O)[C@H]3C)n2)cc1C(C)(C)C,16.1245154965971
Cc1nc(-c2ccc(Cn3ccnn3)cc2)sc1C1CCCN1c1ccc(C(=O)O)cc1,16.1245154965971
O=C(O)c1ccccc1Oc1ccc(-c2nnc(N3CCN(Cc4ccccc4)CC3)o2)cc1,16.15549442140351
COc1ccc(-c2nc(-c3ccccc3)sc2-c2ccc(N3CC(C(=O)O)O3)nc2)cc1,16.15549442140351
COc1ccc(-c2nc(-c3cc4c(s3)CN(C)CCO4)nc(N)c2-c2ccccc2)cc1,16.186414056238647
O=C(O)C1CN(Cc2ccc(-c3nnc(-c4cccc(Oc5ccccc5)c4)o3)cc2)C1,16.217274740226856
O=C(O)c1nc(-c2ccccc2)c(COc2ccc3c(c2)OCC(Cn2cccn2)C3)s1,16.217274740226856
Oc1ccc(N2CCOCC2)cc1-c1noc(-c2ccc(OCc3ccccc3)cc2)n1,16.217274740226856
O=C(O)[C@H]1C[C@@H]1c1ccc(OC2CCN(c3nc(-c4ccc(Cl)cc4)no3)CC2)cc1,16.217274740226856
COc1ccc(-c2nc(N3CCC(O)CC3)sc2-c2ccc(-c3nnco3)cc2)cc1,16.217274740226856
Cn1nc(C(=O)O)cc1-c1nc(N2CCCC2)sc1Oc1cccc(-c2ccccc2)c1,16.24807680927192
Cc1nc(-c2ccc(CN3CC(C(=O)O)C3)cc2-c2cscn2)oc1C1CCCC1,16.24807680927192
Cc1cc(-c2ccc3c(c2)nc2n3[C@@H](O)[C@@H](Cn3cccn3)O2)ccc1Oc1ccccc1,16.24807680927192
COc1ccc(-c2nc(-c3ccc(OC)c(C(F)(F)F)c3)ns2)cc1C(=O)O,16.24807680927192
CCOc1nc2ccc(-c3cc(/C=C4\SC(=O)NC4=O)n(-c4ccccc4)n3)cc2s1,16.24807680927192
Cc1nc(-c2onc(CN3CC(C(=O)O)C3)c2C)sc1-c1ccc(C(C)(C)C)cc1,16.24807680927192
O=C(O)C1CN(c2cccc(COc3ccccc3-c3ccc(-c4csnn4)cc3)n2)C1,16.24807680927192
Cc1ccccc1O[C@@H]1CCN(c2ccnc(-c3cc(-c4ccc(N)cc4)ns3)n2)C1,16.278820596099706
CC(C)(C)c1ccc(-c2nc(-c3ccc4c(c3)OCO4)n(CCOc3ccncc3)n2)cc1,16.278820596099706
O=C(O)C1CN(c2nc(-c3ccc(-c4cccc(Oc5ccccc5)c4)cc3)ns2)C1,16.34013463836819
Cn1c(-c2ccc(C(C)(C)C)cc2)cc2c1CN(c1ncnc(-c3ccc(CN)o3)n1)CC2,16.34013463836819
COc1ccccc1-c1ccc(-c2nc(N3CCC[C@H](C(=O)O)C3)nc3scnc23)cc1,16.3707055437449
O=C(O)C1CCN(Cc2nnc(-c3ccc(Oc4cccc(-c5ccccc5)n4)cc3)s2)C1,16.3707055437449
O=C(O)CCN1Cc2c(nc(-c3ccc(-c4ccccc4)s3)n2-c2ccccc2)C1=O,16.3707055437449
Nc1cc(-c2nc(-c3ccc4c(c3)CCN4CCCn3cnc4ccccc43)ns2)ccn1,16.401219466856727
O=C(O)C[C@@H]1COc2cc(OCc3sc(-c4nccs4)nc3-c3ccccc3)ccc21,16.46207763315433
O=C(O)C1CN(Cc2cc(OC(F)(F)F)cc(-c3nc(-c4cccs4)no3)c2)C1,16.46207763315433
Oc1nn(CCOc2ccc(-c3nc(-c4ccccc4)no3)cc2Cl)c2ccsc12,16.46207763315433
O=C(O)c1cnn(-c2ccccc2)c1-c1ccc(N2CCC(Oc3ccccn3)CC2)cc1,16.492422502470642
Cc1cc(CN2CC(C(=O)O)C2c2cccs2)ccc1-c1nc(C2CCCCC2)no1,16.492422502470642
Cc1nc(-c2ccc3c(c2)CN(c2nc(-c4ccccc4)c(C)n2C)C3)sc1C(=O)O,16.522711641858304
Cc1c(-c2ccc3c(c2)CCCO3)nsc1COc1ccc2c(c1)ncn2CC(=O)O,16.583123951777
Cc1nc(-c2ccc(OCc3nc4c(s3)CN(C3CCC3)CC4)cc2)sc1C(=O)O,16.583123951777
COc1ccc(-c2nc(-c3cccs3)nn2-c2ccc(O)c(C=O)n2)cc1C(F)(F)F,16.583123951777
COc1ccc(-c2cc(-c3ncnn3-c3cccc(N4CCC4)c3)sc2C(=O)O)cc1,16.583123951777
Cn1c(-c2ccccc2)c(-c2ccncc2)c2ccc(OCc3nnc(C(=O)O)s3)cc21,16.61324772583615
Cc1ccc2c(c1)nc(-c1ccc(Oc3cc(-c4nc5c(n4C)CNCC5)no3)cc1)n2C,16.61324772583615
Cc1nc(-c2ccc3c(c2)nc(N2CCC2)n3Cc2ccccc2Cl)sc1C(=O)O,16.61324772583615
COc1ccc(Oc2ccc(-c3nc(/C=C4\SC(=O)NC4=O)cs3)cc2)cc1F,16.61324772583615
Cc1c(C(=O)O)ccc(-c2nc(-c3ccc(CN4CCC(F)(F)CC4)s3)no2)c1C,16.64331697709324
O=C(O)c1cnc(N2CCC(c3cccc(OCc4ncoc4-c4ccccc4)c3)C2)s1,16.703293088490067
Cc1c(-c2ccc(OCc3cccc(N4CCCOCC4)c3)cc2)nsc1C(=O)O,16.703293088490067
CCN1CCOc2ccc(-c3noc(-c4ccc(Oc5ccccc5)c(CO)c4)n3)cc21,16.703293088490067
CN1C/C(=C/c2cn(-c3ccc(O)cc3)nc2-c2cc(-c3ccccc3)n(C)n2)SC1=O,16.703293088490067
O=C(O)c1ccc(OCCn2ncc3c2-c2cc(Oc4ccccc4)ccc2OCC3)cc1,16.73320053068151
Clc1cccc(-c2ccc(-c3noc(CSc4ccnc(N5CCCC5)n4)n3)cc2)c1,16.73320053068151
COc1cccc2nc(-n3ccc(-c4ccc(OC(=O)NC(C)(C)C)cc4C)n3)sc12,16.73320053068151
O=C(O)CN1CCOc2ccc(-c3nc(-c4ccc(Oc5ccccc5)nc4)cs3)cc21,16.76305461424021
Cc1nc(-c2nnc(CC3COC3=O)s2)sc1COc1ccc2c(c1)C1(CC2)CC1,16.76305461424021
O=C(O)c1c(-c2ccc(Oc3ccccc3)cc2)cc(-n2nccn2)n1-c1ccccc1,16.76305461424021
CC1CN(c2cccc(Oc3ccc(-c4nc5ccccc5o4)cc3)n2)CCN1CC(=O)O,16.76305461424021
Cc1csc(-c2noc(-c3ccc(-c4ccccc4)c(C)c3N3CC(C(=O)O)C3)n2)n1,16.822603841260722
COc1cccc(-c2nc(-c3ccc(Oc4ccccc4)cc3)c3c(n2)sc(=O)n3O)c1,16.822603841260722
O=C(O)C1CN(Cc2nc(-c3ncc(-c4ccc(Oc5ccccc5)cc4)s3)ns2)C1,16.852299546352718
OC1CCN(c2cc(-c3nc(-c4ccc(Oc5ccccc5)cc4)ns3)cnn2)CC1,16.852299546352718
Cc1scc(-c2ccc(-c3nc(/C=C4\N=C(O)OC4=O)n(-c4ccccc4)n3)cc2)c1C,16.852299546352718
O=C(O)C1CN(c2ccc(OCc3ccc(-c4ccccc4)s3)cc2-c2ncco2)CO1,16.852299546352718
S=c1snc(OCc2nonc2-c2ccc(-c3ccccc3)cc2)n1-c1ccccc1,16.911534525287763
O=C(O)C1CCN(Cc2cc(-n3nccc3-c3ccc(Oc4ccccc4)cc3)sn2)C1,16.941074346097416
CC1CCC(C(=O)O)CN1Cc1ccc(-c2nc(-c3ccc4scnc4c3)no2)cc1,16.941074346097416
CC(=O)Nc1nnc(SCc2nc(-c3ccc(C)c(C(F)(F)F)c3)cs2)s1,16.941074346097416
COc1ccc(-c2csc(-c3ccc4c(c3)C3(CC4)OC(C(=O)O)C(C)(C)O3)n2)cc1,16.941074346097416
Oc1ccc(-c2nnc(CSc3nc(-c4ccc(C(F)(F)F)cc4)cs3)o2)cn1,16.941074346097416
Cc1c(-c2ccc(C3CCCCC3)cc2)cc(-n2cncn2)nc1CN1CC(C(=O)O)C1,16.941074346097416
O=C(O)O[C@@H]1COc2cc(OCc3cnn(-c4ccsc4)c3-c3ccccc3)ccc21,16.97056274847714
Cc1cncc(OC(C)(C)C)c1-c1ccc(-c2nsc(CN3CC(C(=O)O)C3)n2)cc1,16.97056274847714
O=C(O)Oc1cc(Oc2ccc(-c3csc(C(F)(F)F)n3)cc2)nn1-c1ccccc1,16.97056274847714
Cc1nc(-c2ccc(Oc3ccccc3CN3CCC4(CCO4)C3)cc2)sc1C(=O)O,16.97056274847714
Cc1nc(-c2ccc(OCc3cccc(N4CCOCC4)c3C#N)cc2)sc1C(=O)O,17.0
Nc1ccc(-c2nsc(-c3cc(F)c4nc(COCC5CC5)sc4c3)n2)cc1F,17.029386365926403
CN1CCc2sc(-c3nc(N)nc(-c4cccc(OCc5ccccc5)c4)n3)cc2C1,17.029386365926403
COc1ccc(-c2nc(SC)nc(-c3ccc4c(c3)OCCO4)n2)cc1C(F)(F)F,17.029386365926403
Cc1nc(-c2cccnc2)ccc1CSc1nnc(-c2ccc3c(c2)OCCO3)s1,17.029386365926403
Cc1nc(-c2ccc3ncn(Cc4ccc5c(c4)OCCO5)c3c2)sc1CCC(=O)O,17.05872210923198
Cc1cc(-c2nc(N)nc(N3CCN(c4ccccc4)CC3)n2)ccc1Oc1ccccc1,17.05872210923198
Cc1nc(N2CCc3nc(-c4ccc(Oc5ccccc5)cc4)sc3C2)oc1CC(=O)O,17.08800749063506
O=C(O)Cc1nc(-c2ccc(C3CCN(c4nc(-c5ccccc5)cs4)CC3)nc2)co1,17.08800749063506
Cc1nc(OC2CCN(c3nc(-c4ccc(O)cn4)cs3)CC2)cc(-c2ccccc2)n1,17.08800749063506
O=C(O)COc1ccc(-c2nc(-c3ccc(Oc4ccccc4)cc3)c3n2CSC3)cc1,17.08800749063506
CSC1C(C(=O)O)CC1(c1ccccc1)c1ccc(-c2nc(N3CCCC3)no2)cc1,17.08800749063506
Cn1cc(COc2ccc3c(c2)sc2nc(CC(=O)O)cn23)nc1-c1ccc(F)cc1,17.11724276862369
Cc1c(C(Oc2ccccc2)C2CNC2)noc1-c1ccc(-c2nnsn2)c(Cl)c1,17.146428199482248
COc1ccc(-c2sc(C(C)(C)C)nc2-c2ccc3c(c2)CN(C)C(N)=N3)cc1OC,17.146428199482248
Nc1nc(OC2CN(c3ccc(-c4cccc(Oc5ccccc5)c4)cc3)C2)ncc1F,17.146428199482248
Cc1cc(-c2ccc(C)s2)nc(-c2ccc(N3CCN(c4nccc(N)n4)CC3)cc2)n1,17.175564037317667
CSc1cc(-c2ccc(C(C)(C)C)cc2)nc(-c2ccc(CN3CC(C(=O)O)C3)cc2)n1,17.175564037317667
CCc1ccc(-c2nc(N3CCN(c4ccccc4)CC3)sc2-c2coc(N)n2)cc1,17.175564037317667
Cc1c(COc2cc3scc(C(=O)O)n3c2)cnnc1-c1ccc(OC(C)(C)C)cc1,17.204650534085253
O=C(O)C[C@@H]1COc2cc(OCc3cn(-c4cccs4)nc3-c3ccccc3)ccc21,17.204650534085253
O=C(O)Cc1csc(-c2ccccc2)c1COc1ccc(-c2nc3sccn3n2)cc1,17.233687939614086
Cc1c(COc2ccc3c(ccn3CC(=O)O)c2)noc1-c1nc(C(F)(F)F)cs1,17.233687939614086
Cc1c(-c2ccccc2)nsc1-c1nc(-c2ccc(CN3CC(C(=O)O)C3)cc2)ns1,17.291616465790582
COCc1oc(-c2cccc(N3CCNCC3)n2)nc1-c1ccc(Oc2ccccc2)cc1,17.291616465790582
Cn1c(-c2ccc(Oc3ccccc3)cc2)cc2cc(CN3CCC(C(=O)O)C3)sc21,17.291616465790582
Cc1c(-c2nc(-c3ccc(N)cc3)no2)ncn1C1CCN(Cc2cccs2)CC1,17.291616465790582
O=C(O)C1CN(Cc2ccc(-c3cccnc3Oc3ccccc3)cc2-c2nccs2)C1,17.291616465790582
CC(C)(C)c1ccc(-c2c(COc3ccc(-c4ccnc(N5CCC5)n4)cc3)nnn2O)cc1,17.291616465790582
CN1C(=O)S/C1=C\c1ccc(-c2ccc(O)cc2OCc2nc3ccccc3s2)nn1,17.291616465790582
Cc1cn(-c2cccc(Oc3ccc(N4CC(C(=O)O)C4)cc3)c2)c(-c2ccsc2)n1,17.320508075688775
COC(=O)[C@@H]1CC(CN2Cc3cccc(Oc4ccc(-c5ccccc5C)cn4)c3C2)=NN1,17.320508075688775
Cc1nc(-c2ccc(C(=O)O)cn2)sc1C1CCCCN1Cc1ccc2c(c1)OCO2,17.320508075688775
CC(C)(C)Oc1ccc(-c2nc(-c3ccc4c(c3)N(CCC(=O)O)CCO4)cs2)cn1,17.320508075688775
O=C(O)Cc1cn2c(n1)sc1cc(OCc3cccc(-c4ccn(C5CC5)n4)c3)ccc12,17.349351572897472
O=C(O)CCCn1nccc1-c1cn(-c2ccccc2)c(-c2ccc3scnc3c2)n1,17.349351572897472
Cc1nc(-c2ccc(-c3ccccc3)cc2)oc1CSc1nnc(N2CC(=O)C2)s1,17.349351572897472
Cc1noc(C2=NC(c3nccs3)(c3ccc(-c4csc(C)c4C)cc3F)CO2)n1,17.378147196982766
COc1cc(Oc2csc3c2CCCN(c2ccc(C)cn2)C3)ccc1-c1nnn[nH]1,17.378147196982766
COc1ccc(-c2cc(-c3ncnn3-c3ccccc3N3CCC3)sc2C(=O)O)cc1,17.406895185529212
COc1ccc(-c2nc(-c3ccc(CN4CC(C(=O)O)C4)nc3)sc2C(C)(C)C)cc1,17.406895185529212
Cn1cc(-c2ccccc2)cc1-c1nsc(-c2ccc3c(c2)N(CCC(=O)O)CCO3)n1,17.406895185529212
Cc1ccc(-c2nsc(-c3cccc(N4CCN(c5nccc(N)n5)CC4)c3)n2)c(C)c1,17.406895185529212
Cc1cc(N2CCCC2)c2c(n1)c(-c1ccc(-c3ccc(-c4cccn4O)nc3)o1)nn2C,17.435595774162696
CNC(=O)Oc1cccc(OCc2ccc3c(n2)sc2cc(-c4ccccc4)nn23)c1,17.435595774162696
Cc1c(-c2cnnnc2N2CCC3(CC3)C2)csc1COc1ccc(C(=O)O)cc1,17.435595774162696
c1ccc(-c2nc(-c3cccs3)n(CC3CN(c4cnon4)N3)c2-c2ccccc2)cc1,17.435595774162696
O=C1NCC(COc2cccc(-c3nc(-c4ccc(Oc5ccccc5)cc4)ns3)c2)O1,17.46424919657298
CN1CCc2c(-c3nc(-c4ccc(Oc5ccccc5)cc4)nn3-c3ncco3)cccc21,17.4928556845359
O=C(O)c1ccc(OCC2CCCN(c3scc(-c4cccc(Cl)c4)[n+]3[O-])C2)cc1,17.4928556845359
COc1ccc(-c2cc(-c3cccc(CN4CCC(F)CC4)c3)n3ncnc(N)c23)cc1,17.52141546793523
O=C(O)C1CN(Cc2ccc(-c3nsc(-c4ccc(Oc5ccccc5)cc4)n3)cc2)C1,17.52141546793523
Cc1nc(-c2ccc(N)cc2)ccc1CSc1nnc(-c2ccc3c(c2)OCCO3)s1,17.52141546793523
O=C(O)C[C@@H]1OCc2ccc(OCc3cccc(-c4csc(-n5cccn5)n4)c3)cc21,17.52141546793523
COc1cc(CN2CCC(C(=O)O)C2)ccc1-c1nc(-c2ccc3c(c2)OCO3)cs1,17.549928774784245
CCn1nc(-c2ccccc2)nc1-c1ccc2c(c1)CN(c1ncc(CC(=O)O)s1)C2,17.549928774784245
O=C1NC(=O)/C(=C/c2ccc(-c3cccc(-c4nccs4)c3)n2-c2ccccc2)S1,17.549928774784245
Cn1c(Oc2ccc(-c3cn(-c4ccccc4)c(-c4cccs4)n3)cc2)ncc(O)c1=O,17.549928774784245
COc1cccc(-c2nc(/C=C3\SC(=O)NC3=O)cn2-c2ccc3nc(C)sc3c2)c1,17.549928774784245
Cc1ccc(-c2cnnc(COc3ccc(-c4nc(O)c5ncsc5n4)cc3)c2)cc1,17.549928774784245
Cc1c(-c2ccc(OCc3cn(-c4ccccc4)c4c3COC4)cc2)nsc1C(=O)O,17.578395831246947
O=C(O)c1cc(CN2CCC(n3ncc(-c4ccccc4)c3-c3ccccc3)CC2)on1,17.578395831246947
O=C(O)Oc1cccc(OCc2nc(-c3ccccc3)sc2-c2ccc(N3CC3)nc2)c1,17.578395831246947
C=Cn1c(COc2ccc(-c3nc(C)c(C(=O)O)s3)cc2)c(C(F)(F)F)sc1=O,17.578395831246947
O=C(O)CN1CCOc2ccc(-c3csc(-c4ccc(Oc5ccccn5)cc4)n3)cc21,17.578395831246947
CC(C)(C)c1ccc(-c2cc(SCc3cn(C(=O)O)nn3)n(CC3CC3)n2)cc1F,17.635192088548397
Cc1cc(-c2csc(N3CCOC[C@H]3C)n2)ccc1Oc1ccc(-c2nnn[nH]2)cc1,17.635192088548397
Cc1nc(-c2ccc3c(c2)-c2ccc(NC(=O)CCCn4cncn4)cc2OC3)cs1,17.635192088548397
Nc1ccn(-c2cc(-c3csc(-c4ccccc4)c3)ccc2OCc2nccs2)c(=O)n1,17.635192088548397
Cn1cc(-c2ccc(-c3nc(-c4ccc5c(c4)N(CCC(=O)O)CCO5)cs3)cc2)cn1,17.635192088548397
CCn1c(-c2ccccc2)nc2cc(Oc3ncc(N4CCC(C(=O)O)CC4)cn3)ccc21,17.663521732655695
O=C(O)c1cccc(OCc2cccc3nc(-c4ccc(N5CCCC5)nc4)sc23)c1,17.663521732655695
Cc1c(-c2ccccc2)noc1-c1ccc(CN2CC(C(=O)O)C2)c(-c2cscn2)c1,17.663521732655695
CC1CN(c2nc(-c3ccc(Oc4ccccc4)cc3)c(C(=O)O)s2)CC(C)O1,17.663521732655695
Cc1cc(CN2CCN(c3ccc(-c4nc(-c5ccccc5)c(C(=O)O)s4)cc3)CC2)on1,17.663521732655695
COc1ccc(-c2c(C(=O)O)sc3c(C)c(-c4ccc(N5CCCC5)cc4)nn23)cc1,17.69180601295413
Cc1c(-c2ccc(CC(=O)O)nc2)nc(-c2cccs2)n1C(=O)OCc1ccccc1,17.74823934929885
Cc1c(-c2ccc3c(c2)OCO3)csc1COc1ccc2c(c1)OC[C@H]2CC(=O)O,17.74823934929885
Cc1noc(C)c1-c1ccc(OCC2CN(c3ncc(C(=O)O)s3)C2)c(C(C)(C)C)c1,17.74823934929885
Cn1cnnc1-c1cc(-c2ccc(Oc3ccccc3)cc2)c(N2CC(C(=O)O)C2)s1,17.74823934929885
Cc1c(-c2ccc3c(c2)CC/C3=N\OCC(=O)O)nn(-c2ccccc2)c1-c1nccs1,17.74823934929885
O=C(O)C[C@@H]1COc2cc(OCc3csc(-c4ccc(-n5cncn5)cc4)c3)ccc21,17.74823934929885
CCn1cnc2c(N3CCCC3)ncc(-c3cccc(-c4cnc(CC(=O)O)s4)c3)c21,17.776388834631177
COC(=O)c1csc(-c2ccc(COc3ccc4c(c3)-c3ccc(O)cc3OC4)cc2)n1,17.776388834631177
Cc1sc(-c2nc(-c3ccc(CN4CC(C(=O)O)C4)cc3)no2)cc1-c1ccccc1,17.776388834631177
CN1CCOc2ccc(-c3nc(-c4cccc(CCC(=O)O)c4)c(-c4ccco4)s3)cc21,17.776388834631177
Cc1nc(C2CCCCC2)oc1-c1ccc(-c2cscn2)c(CN2CC(C(=O)O)C2)c1,17.776388834631177
O=C(O)c1c(-c2ccc3c(c2)OCO3)nc(SCc2ccccc2)n1-c1ccccc1,17.776388834631177
Cc1cc(CC(=O)O)ccc1-c1cc(CC2CCN(c3nc4ccccc4s3)C2)on1,17.776388834631177
O=C(O)c1nc(-c2ccc(OCc3cccc(-c4ccc5c(c4)CCO5)c3)cc2)ns1,17.776388834631177
COc1ccc(-c2cc3c(s2)-c2ccc(Cn4ccnc4)cc2OC[C@H]3C(=O)O)cc1,17.804493814764857
Cc1nc(-c2ccc(OCc3ccccc3N3CCC4(CCO4)O3)cc2)sc1C(=O)O,17.804493814764857
CC1(C)CCN(c2ncnc3c2nc(-c2ccccc2)n3C(=O)OCc2ccccc2)CC1,17.804493814764857
Cc1ccc(-c2nc(-c3ccc(CN4CCC(=O)CC4C)cc3)sc2C(=O)O)s1,17.804493814764857
O=C(O)CCc1cccc(-c2nsc(-c3ccc(N4CCOCC4C4CC4)cc3)n2)c1,17.86057109949175
Cc1cc(-c2c(C(F)(F)F)sc3nc(-c4cc(CCC(=O)O)cs4)nn23)ccn1,17.88854381999832
CC(C)(C)Oc1nc(N2CCOCC2)ccc1-c1nc2cc(CCC(=O)O)ccc2s1,17.88854381999832
O=C(O)c1cnc(COc2cccc(-c3cccc(CN4CCCCCC4=O)c3)c2)s1,17.88854381999832
Cc1cc(-c2cccc(-c3nnn(CC(=O)O)c3-c3ccccc3)c2)n(-c2ccccc2)n1,17.916472867168917
O=C(O)c1cccc(OCc2cccc(-c3cccc(N4CCC5(CC4)OCO5)n3)c2)c1,17.916472867168917
O=C(O)c1ccc(OC2CN(c3nc(-c4ccc(Oc5ccccc5)cc4)ns3)C2)cc1,17.916472867168917
Cc1nc(-c2ccccc2)sc1COc1ccc2sn(-c3ccnc(N)c3)c(=O)c2c1,17.97220075561143
Oc1cc(-n2ccc(-c3onc(-c4ccc(CCC5CC5)s4)c3C(F)(F)F)n2)ncn1,17.97220075561143
N#Cc1ccc(COc2ccc(-c3csc(CN4CCC(C(=O)O)CC4)n3)cc2)s1,17.97220075561143
CC(C)(C)C1ON(Cc2ccc(-c3noc(CC4CCCCC4)n3)cc2)CCC1C(=O)O,17.97220075561143
O=C(O)C[C@@H]1CCc2nc(-c3ccc(OCc4nsnc4-c4ccccc4)cc3)cn21,18.0
COc1ccc(-c2csc(NC3(c4ccccc4)CCN(c4ncncn4)CC3)n2)cc1,18.0
COc1ccc(-c2ccncc2-c2ccc3c(c2)CCN3c2ncc(CC(=O)O)s2)cc1,18.0
Cn1cc(-c2ccc3c(c2)N(CC(=O)O)CCO3)nc1-c1ccc(Oc2ccccc2)cc1,18.0
COC1CCN(c2nnnc(-c3ccc(-c4csc(C(=O)O)c4C)cc3)c2C)CC1,18.027756377319946
CN1CCc2ccc(-c3ccc(COc4ccc(-c5ncc(C(=O)O)s5)cc4)nn3)cc21,18.027756377319946
O=C(O)c1ccc(CN2CCC(n3nnc(-c4ccccc4)c3-c3ccccc3)CC2)o1,18.027756377319946
COc1c(Oc2ccc(-c3nc(C)c(C(=O)O)s3)cc2)cccc1N1CCOCC1,18.027756377319946
Cc1nc(-c2c[nH]cn2)ccc1CSc1nnc(-c2ccc3c(c2)N(C)CC3)s1,18.05547008526779
COC(=O)C1CCCN(c2cccc(Oc3ccc(-c4nc(C(=O)O)cs4)cc3)c2)C1,18.083141320025124
COc1cc2nc(N3CCC(c4ccc(-c5cccnc5)s4)CC3)nc(N)c2cc1OC,18.083141320025124
CC(C)(C)Oc1ccccc1C1=NC(c2ccc(CC3CCCCC3)c(S(=O)(=O)O)c2)=N1,18.083141320025124
O=C(O)C1CCN(Cc2coc(-c3ccc(OCc4nc5ccccc5s4)cc3)n2)C1,18.083141320025124
Oc1cccc(-n2nnc(-c3ccc(OCc4ccc(-c5ccccc5)s4)cc3)n2)c1,18.110770276274835
Cc1nc(C2(c3ccccc3)CC2)sc1-c1ccc(-c2nnsn2)c(CC(=O)O)c1,18.110770276274835
O=C(O)C1CN(c2ccc(-c3cccc(Oc4ccccc4)c3)cc2)C1Cn1cnnn1,18.110770276274835
Cc1nc(-c2ccc(C3(c4nc(-c5ccc(C)c(Cl)c5C)co4)COC3)cc2)ns1,18.110770276274835
CC(C)Oc1ccc(-c2c(-c3ccccc3)nc3n2OCc2cc(C(=O)O)sc2-3)cc1,18.138357147217054
COc1csc(-c2ccnc3c(-c4c[nH]c(=O)n4C)cn(CC4CCCCC4)c23)n1,18.138357147217054
O=C(O)Cc1csc2cc(OCc3nnn(-c4ccccc4)c3-c3cccs3)ccc12,18.138357147217054
COC(=O)C1CCN(Cc2ccc(-c3nc(-c4ccc(C)s4)c(C(=O)O)s3)cc2)C1,18.16590212458495
Cc1cc(-c2nc(CC3CCN(c4nnc(-c5ccccc5)s4)CC3)no2)ccc1O,18.16590212458495
Cc1noc(C)c1-c1ccc(-c2nc3ccc(N4CCOC4)nn3c2-c2ccccc2)cc1,18.16590212458495
c1ccc(Oc2ccc(CN3CCC(Oc4ncnc(-c5nccs5)n4)CC3)cc2)cc1,18.16590212458495
Cn1c(/C=C2\SC(=O)N(Cc3cccs3)C2=O)ccc1-c1ccc2oc(O)nc2c1,18.193405398660254
NCc1cccc(-c2nsc(-c3ccc(OCc4nc5c(s4)CCCC5)cc3)n2)c1F,18.193405398660254
Cc1nc(-c2ncc(-c3ccnc(C4CC4)c3)s2)sc1CN1CCC(C(=O)O)CC1,18.193405398660254
Cc1sc2c(c1-c1cccc([C@@H]3C[C@@H]3C(=O)O)c1)COc1ccc(Cn3cnnn3)cc1-2,18.193405398660254
Cn1c(Oc2cccc(-c3cccnc3CN3CCC(C(=O)O)CC3)c2)nc2ccccc21,18.193405398660254
Cc1nc(Cl)oc1COc1ccc(-c2csc(N3CCC(C(=O)O)CC3)n2)cc1,18.193405398660254
O=C(O)COc1ccccc1-c1nc(-c2ccc(Oc3ccccc3)cc2)c2n1CSC2,18.2208671582886
O=C(O)COCc1nc(-c2ccc3c(c2)OCO3)c(-c2ccsc2)n1-c1ccccc1,18.2208671582886
O=C(O)C[C@@H]1COc2cc(OCc3cc(-c4ccnc(-c5ccncc5)n4)cs3)ccc21,18.2208671582886
O=C(O)COc1cccc(OC2CCN(c3nc(-c4ccnc(Cl)c4)cs3)CC2)c1,18.2208671582886
COc1cccc(-c2cc3c(s2)Cn2cc(-c4nnc(NC(C)=O)s4)cc2CC3)c1,18.2208671582886
CN1CCCC1Cn1nnc2c(-c3ccc(Oc4ccccc4)cc3)c(C(=O)O)sc21,18.2208671582886
Cc1ccc(OCc2nc3ccccc3s2)cc1-c1nc(C2(O)CCOCC2)cs1,18.2208671582886
Cc1ccccc1-c1csc(-c2ccc(Oc3cccn(-c4cn(O)cn4)c3=O)cc2)n1,18.2208671582886
Cn1ncnc1N1CCc2sc(C(=O)O)c(-c3ccc(Oc4ccccc4)cc3)c2C1,18.2208671582886
Cc1ccc(-c2nc(-c3ccc4c(c3)C3[C@H](CO4)CO[C@@H]3CC(=O)O)sc2C)s1,18.2208671582886
O=C(O)COc1cccn2nc(-c3ccc(OCc4ccsc4)c(C(F)(F)F)c3)nc12,18.2208671582886
C#Cc1ccc(-c2cn(-c3cccs3)c(-c3ccc4c(c3)N(CCC(=O)O)CCO4)n2)o1,18.2208671582886
CC1(C)CCc2sc(COc3ccc(-c4nnsc4-c4ccccc4)cn3)nc2C1,18.24828759089466
COc1cccc(-c2ccc(CSc3nnc(C(F)(F)F)s3)n3ncc(C#N)c23)c1,18.24828759089466
Cc1c(COc2ccc3c(c2)sc(=O)n3CC(=O)O)cccc1-c1ccc2ccsc2n1,18.24828759089466
COc1ccc(-c2noc(-c3ccc4c(c3)N(Cc3ncc(C)s3)CCO4)n2)cc1F,18.24828759089466
O=C(O)c1cc(-c2nc(-c3ccccc3)c(COc3ccc4c(c3)OCCO4)s2)ccn1,18.24828759089466
ON=C1CN(/N=C/c2cc(-c3ccc(F)cc3)c(-c3ccccc3)n2-c2ccc(O)cc2)O1,18.24828759089466
COc1cccc(-c2csc(N3CCCC(c4noc(-c5ccc(O)cc5)n4)C3)n2)c1,18.303005217723125
Cc1nsc(-c2nc(-c3cc[nH]c(=O)c3)cn2-c2ccc(Oc3ccccc3)cc2)n1,18.303005217723125
O=C(O)c1ccc(OCc2cccc(-c3nnc(-c4ccc5c(c4)NCCO5)s3)c2)cc1,18.303005217723125
OC1CN(c2nc(-c3ccccc3-c3ccc(OCc4nc5ccccc5s4)cc3)no2)C1,18.303005217723125
CN1CCc2nc(-c3ccc(OCc4nc(C(=O)O)oc4-c4ccccc4)cc3)sc2C1,18.33030277982336
Cc1noc(C)c1-c1cccc(CN2CC(C(=O)O)C2c2nc3ccccc3s2)c1,18.33030277982336
Cc1noc(C)c1-c1ccc2sc3c(c2c1)N(Cc1ccco1)C[C@@H](CC(=O)O)OC3,18.33030277982336
Cn1cc(COc2c(=O)ncnc3c(-c4ccc(Oc5ccccc5)cc4)csc23)cn1,18.35755975068582
CC(=O)Nc1nc(SCc2nnc(S)c(-c3cccc(C(F)(F)F)c3)n2)cs1,18.35755975068582
CCC(c1ccc(-c2nnn[nH]2)cc1)N1CCN(c2nc(-c3ccccc3)cs2)CC1,18.35755975068582
Cc1cc(-c2cc3c(c(O)n2)CN(C)C3)sc1OC(=O)c1cccc(-c2cccnn2)c1C,18.35755975068582
O=C(O)C[C@@H]1CCc2cc(OCc3cn(-c4cccc(-c5cccs5)c4)nn3)ccc21,18.35755975068582
Cc1ccc(-c2nc(-c3ccc4ncn(Cc5cc(C(=O)O)ns5)c4c3)cs2)c(C)c1,18.35755975068582
Cc1nc(-c2cnc(CN)cn2)sc1CN1CCC(c2nc3ccccc3s2)CC1,18.384776310850235
Cc1scc(-c2nc(-c3ccc(CN4CCC(C(=O)O)CC4)cc3)n3ncncc23)c1C,18.411952639521967
COc1cccc(C2=CC(C(C)(C)C)=S(c3nnn(-c4ccc(O)c(F)c4)n3)C=C2)c1,18.411952639521967
Cn1cccc1-c1nc(-c2cccc(Oc3ccc(N4CC(C(=O)O)C4)c(F)c3)n2)cs1,18.411952639521967
Cc1nc(-c2ccc(-c3ncn(CC4CCN(C(C)(C)C)CC4)n3)cc2)sc1C(=O)O,18.411952639521967
Cc1scc(-c2ccc(-c3scc(Cn4nnc5c(N)ncnc54)c3C)cc2F)c1C,18.411952639521967
COc1nc(-c2nc(-c3ccccc3)c(C)c(N3CCC4(CCC(C(=O)O)C4)C3)n2)cs1,18.439088914585774
Cc1c(-c2ccc3c(c2)OCCO3)nsc1COc1ccc2ccn(CC(=O)O)c2c1,18.439088914585774
Cc1oc(-c2nc(-c3ccc4c(c3)N(CC(=O)O)CCO4)ns2)cc1-c1ccccc1,18.439088914585774
COc1ccc(-c2c(C(=O)O)sc3c2c(-c2cccs2)nc(=O)n3CC2CC2)cc1,18.439088914585774
O/N=C/c1ccccc1-c1cc(OCc2nc3ccccc3s2)n(-c2ccccc2)n1,18.439088914585774
Cc1ccc(-c2snc(-c3cc(C4(NC(=O)c5nccs5)CC4)no3)c2C)s1,18.439088914585774
O=C(O)CN1CCN(c2ccc(Oc3cccc(-c4nc(-c5ccccc5)no4)c3)cc2)CC1,18.466185312619388
CSc1sc(N2CCCC2c2cc(Cl)nc(-c3ccccn3)c2C)nc1N,18.466185312619388
c1ccc(-c2oc(-c3nc(N4CCC4)cs3)nc2COc2ccc3ccccc3n2)cc1,18.466185312619388
Cc1cnc(-c2nc(-c3ccc4c(c3)COC4)c(-c3csc(CC(=O)O)c3)n2C)s1,18.466185312619388
Cc1sc(N2CCN(c3nccc(N)n3)CC2)nc1-c1ccc(Oc2ccccc2)cc1,18.520259177452136
O=C(O)CCc1ccc(-c2nc(-c3ccc4c(c3)N(Cc3ccsc3)CCO4)no2)cc1,18.520259177452136
CCCc1cccc(-c2noc(-c3cc(-c4cccc(N5CCNCC5)n4)cs3)n2)c1,18.520259177452136
Cc1csc(-n2nc(-c3ccc4c(c3)OCCO4)nc2-c2ccc(CCC(=O)O)cc2)c1,18.520259177452136
Cc1sc(COc2ccc3c(c2)OC[C@H]3CC(=O)O)nc1-c1ccc2c(c1)OCCO2,18.547236990991408
Cc1cc(-c2csc(CC(=O)O)c2C)ccc1-c1cnc(N2CCCC2)n2ncnc12,18.547236990991408
Cc1sc(-c2ccc3c(c2)OCCO3)nc1COc1ccc2c(c1)OCC2CC(=O)O,18.547236990991408
Cc1ccc(-c2ccn(-c3nc4cc(CCC(=O)O)cnc4s3)n2)cc1C(F)(F)F,18.547236990991408
Cc1ccccc1-c1cc(-c2ncc(-c3ncnn3CC(=O)O)s2)sc1C(F)(F)F,18.57417562100671
Cn1cnc(-c2nc(COc3ccc4c(ccn4CC(=O)O)c3)c(-c3ccccc3)s2)c1,18.57417562100671
Cn1nc(-c2ccc(-c3ccccc3)cc2)c2cccc(OCc3nccn3C(=O)O)c21,18.57417562100671
COc1cccc(-n2nc(-c3cccc(Oc4ccccc4)c3)nc2-c2nccs2)c1,18.601075237738275
COc1ccc(-c2oc(-c3sc(Cn4ccnc4)cc3O)nc2C(F)(F)F)cc1,18.627936010197157
Cc1c(-c2ccc(CN3C(=O)CCCC3=O)cc2)csc1-c1nc(CC(=O)O)cs1,18.627936010197157
Cc1nc(-c2ccc(C3CCN(c4nnn[nH]4)C3)cc2)sc1C(=O)OCc1ccccc1,18.627936010197157
Cn1ccc(-c2ccc(-c3sc(C(=O)O)nc3COc3ccc4c(c3)CCO4)cc2)n1,18.65475810617763
Cc1cc(OCc2nc(N3CCOCC3)sc2-c2ccccc2)ccc1C(=O)O,18.65475810617763
Cc1sc2cc(-c3nsc(CN4CCC(C(=O)O)CC4)n3)ccc2c1-c1ccn(C)c1,18.65475810617763
COc1cccc(N2CCCC(c3cc(-c4nc(C(=O)O)cs4)ncc3Cl)C2)n1,18.65475810617763
Cn1c(Oc2cccc(-c3nc4ccccc4s3)c2)ccc2cc(CN3CC(O)C3)nc1-2,18.65475810617763
O=C(O)CN1CCOc2ccc(-c3noc(-c4ccc(Sc5ccccc5)cc4)n3)cc21,18.681541692269406
O=C(O)Cc1nc2cc(-c3ccc(Oc4ccccc4)cc3)nc(N3CCOCC3)c2s1,18.681541692269406
Cc1sc(-c2ccc3c(c2)CN(c2ncccn2)C3)nc1COc1cccc(C(=O)O)c1,18.681541692269406
COc1cccc(-n2nnc(Oc3ccccc3)c2-c2ccc(-c3ccccc3)cc2)n1,18.708286933869708
Nc1nccnc1-c1ccc(CCC2CCN(c3nc(-c4ccccc4)cs3)CC2)nn1,18.708286933869708
Cc1nc(-c2ccc(C(N)=O)c(F)c2)sc1CSc1nnc(-c2ccccc2)s1,18.708286933869708
COc1cc(-n2nccn2)ccc1Oc1ccc(-c2nc(C)c(C(F)(F)F)s2)cc1,18.708286933869708
Cn1c(-c2cccnc2)nc2cc(OCc3cccc(OC(=O)OC(C)(C)C)c3)ccc21,18.708286933869708
Cc1ccc(-c2csc(-c3ccc(N4CCN(c5nc(C)nc(N)n5)CC4)cc3)n2)cc1,18.734993995195193
Cc1c(-c2nc(CN3CCCCC3)cs2)noc1-c1ccc(Cn2ccc(=N)nc2)cc1,18.734993995195193
O=C(O)COc1ccc(-c2ccc(-c3nc4ccc(Cn5ccnc5)cc4s3)cc2)nc1,18.76166303929372
CCN1C[C@H](O)c2ccc(-c3nc(-c4ccc(-c5ccccc5)c(C)c4)ns3)cc2C1=O,18.76166303929372
O=C(O)Cn1cnc2cc(OCc3csc(-c4ccc(C(F)(F)F)cc4)n3)ccc21,18.788294228055936
Cc1ccc2nc(-c3ccc(-c4cn(Cc5cscc5C(=O)O)nn4)cc3)n(C)c2c1,18.788294228055936
COc1ccc(-c2nc(-c3ccccc3)no2)cc1CN1CCC(C(C)(C)C)CC1=NN,18.788294228055936
COc1ccc(-c2cccc(-n3c4c(c(C(=O)O)c3Oc3ccccc3)COC4)c2)cc1,18.788294228055936
CC(C)Oc1ccc(-c2nnnc(-c3ccc(C(C)(C)C)s3)n2)cc1OC(C)(C)C,18.788294228055936
Cc1ccccc1-c1noc(-c2ccc(Oc3ccccc3N3CCN(C(=O)O)C3)cc2)n1,18.788294228055936
Cc1cc(N)nc(N2CCN(c3ncccc3-c3cccc(Oc4ccccc4)c3)CC2)n1,18.841443681416774
CNc1nnc(-c2ccccc2)c(-c2ccc(OCc3nc4c(s3)OCCC4)cc2)n1,18.841443681416774
Cc1nc(-c2ccc(-c3cccc4sc(CN5CCC(C(=O)O)CC5)nc34)cc2)n(C)n1,18.841443681416774
CSc1nc(N)nc(N2Cc3ccc(-c4nc(-c5ccc(C)cc5)cs4)cc3C2)n1,18.841443681416774
COc1nc(CN2CCOc3ccc(-c4cccc(-c5cccc(O)c5)n4)cc32)cs1,18.841443681416774
Cc1cc(CN2CCC(C(=O)O)CC2)sc1-c1noc(-c2ccc3c(ccn3C)c2)n1,18.867962264113206
Cc1c(-c2nc(CN3CCC(C(=O)O)CC3)cs2)noc1-c1ccc2c(ccn2C)c1,18.867962264113206
Cc1c(-c2nc(CN3CCC(C(=O)O)CC3)cs2)noc1-c1cc2ccccc2n1C,18.867962264113206
Cc1c(C2CCCCC2)noc1-c1ccnc(CN2CC3(CSC3)C[C@@H]2C(=O)O)c1,18.867962264113206
CC1CCN(c2ncc(-c3csc(-c4ccc(CCC(=O)O)cc4)n3)s2)CC1,18.867962264113206
Cn1cc(-c2cc3nc(COc4cccc(C(=O)O)c4)c(-c4ccccc4)nc3s2)cn1,18.867962264113206
COc1ccc(CN2CCc3cc(-c4cn(-c5ccc(C(=O)O)cc5)nn4)sc3C2)cc1,18.867962264113206
COc1cccc(-c2c(C(=O)O)sc3c2CN(c2nccc(-c4ccccc4)n2)C3)c1,18.867962264113206
Cc1c(-c2cccc(OCC(=O)O)c2-c2cc(N3CCOC3)ccn2)nsc1C(C)(C)C,18.894443627691185
COc1ccc(-c2sc3c(c2-c2cnnc(C)n2)CCN(c2ncc(C)s2)C3)cc1,18.894443627691185
OCc1ccc(-c2noc(CSc3nnc(-c4ccc(C(F)(F)F)cc4)s3)n2)cc1,18.947295321496416
O=C(O)C[C@@H]1CCCN(c2nc(-c3ccc(OCc4cccs4)cc3)ns2)C1,18.947295321496416
Cc1sc(-c2cc3cnnn3c(-c3ccc(CN4CCC(C(=O)O)CC4)cc3)n2)c(C)c1C,18.947295321496416
O=C(O)[C@@H]1CCCN1c1nnc(-c2cccc(-c3ccnn3CC3CCCCC3)c2)s1,18.947295321496416
O=C(O)C1CCN(C2(c3nnc(-c4ccc(Oc5ccccc5)cc4)s3)CCC2)CC1,18.947295321496416
CCOc1ccc(-c2csc(C3CCN(c4nc(O)c5ccccc5n4)CC3)n2)cc1,18.947295321496416
COC(=O)Cn1ccc2c(Cl)cc(-c3nc(-c4cccc(C(=O)O)c4)c(C)s3)cc21,18.947295321496416
Cc1c(C(=O)O)nc(-c2ncn(-c3ccc4ncn(C)c4c3)c2-c2ccc(Cl)cc2)n1C,18.973665961010276
O=C(O)C1CCN(Cc2ccccc2Oc2cccc(-c3ccccc3)c2)C(n2ncnn2)C1,18.973665961010276
O=C(O)c1ccc(-c2nnc(COc3ccc4c(c3)CCN4c3ccccc3)s2)cc1,18.973665961010276
Cn1c(-c2ccc(OCc3nc(C(=O)O)c(-c4ccccc4)s3)cc2)nc2ccccc21,19.0
Cn1cc(-c2ccc(C(=O)O)cc2)c2ccc(OCc3nnc(-c4ccccc4)s3)cc21,19.0
CN1C[C@@H]2[C@@H](C(=O)O)CC[C@H]2c2nc(OCc3cc(-c4ccccn4)ns3)ccc21,19.0
O=C(O)c1nnc(N2CC(Oc3ccccc3-c3ccc(Oc4ccccc4)cc3)C2)s1,19.0
COc1cccc(-c2ccc(C3N=C(N)N3c3ncnc(-c4cccs4)n3)cc2Cl)c1,19.026297590440446
OCC1CCN(c2ncccc2Oc2ccc(-c3nc(-c4cccs4)no3)cc2)CC1,19.026297590440446
CC1(C)Cc2ccc(-c3nc(-c4ccc(CN5CCC(C(=O)O)CC5)s4)no3)cc2O1,19.05255888325765
Cn1c(Oc2ccc(-c3ccccc3)cc2)nc2sc(CN3CCC(C(=O)O)C3)nc21,19.05255888325765
CC(C)(C)Oc1cccc(-c2nc(-c3ccc(CN4CCC(C(=O)O)CC4)s3)no2)c1,19.05255888325765
COc1cccc(-c2nc(-c3cccc(CN4CCC(C(=O)O)CC4)c3)no2)c1,19.05255888325765
COc1cc(-c2noc(C3CCN(c4cnc(-c5ccccc5)s4)CC3)n2)ccc1O,19.05255888325765
Cc1sc(-c2cc(-c3cccc(CN4CCCCC4)c3)nn2-c2ccccn2)nc1C(=O)O,19.05255888325765
O=C(O)CCCN1CCc2cc(-c3nsc(-c4cccc(-c5nccs5)c4)n3)ccc21,19.078784028338912
COc1ccc(-c2sc(-c3ccc(N4CCCCC4)c(C(F)F)c3)nc2C(=O)O)cc1,19.078784028338912
O=C(O)c1cccc(OCc2nc(-c3ccc4c(c3)OCO4)sc2-c2ccccc2)c1,19.078784028338912
Cc1nc(-c2ccc(CN3CCC(C(=O)O)CC3)cc2)sc1-c1cnc2cccnc2n1,19.078784028338912
Cn1cc(-c2ccc(-c3nn(C)c4c(-c5ccc(CCC(=O)O)cc5)csc34)cc2)nn1,19.078784028338912
Cc1ccc2c(c1)nc(Oc1cccc(-c3ccnnc3N3CCC(C(=O)O)CC3)c1)n2C,19.078784028338912
N#Cc1ccc(N2CCN(c3cc(-c4ccc(CCCC(=O)O)cc4)ns3)CC2)s1,19.078784028338912
Cc1c(-c2ccc(CC(=O)O)cc2)cccc1-c1nc2ccc(Cn3cnnn3)cc2s1,19.078784028338912
Cc1nc(-c2cccn2O)sc1C(=O)Oc1ccc(-c2cnn(-c3ccccc3)c2)cc1,19.1049731745428
Cc1csc(-c2cccc(CN3CCCc4c3sc(C)c4-c3cnnc(N)n3)c2)n1,19.1049731745428
Cc1ccc(-c2csc(-c3cccc(CN4CC(c5cncs5)C4C(=O)O)c3)n2)cc1,19.1049731745428
COc1cc(-c2nc(-c3ccc4c(c3)OCc3ccccc3O4)c(CN)s2)cc(C)n1,19.131126469708992
Cc1sc(-c2ccc(CN3CCC(c4nc(C(C)(C)C)no4)CC3)nn2)c(C)c1C,19.131126469708992
Cc1ccccc1-c1ccc(CN2CCC(c3nc(-c4nc(N)ns4)ns3)CC2)cc1,19.131126469708992
Cc1ccccc1-c1noc(N2CCN(c3ccc(-c4csc(C)c4C)cc3)N=C2N)n1,19.131126469708992
Cc1c(-c2ccc(CN3CCC(C(=O)O)CC3)s2)nn(C(C)(C)C)c1-c1cnccn1,19.157244060668017
COc1cccc(-c2nsc(-c3ncnn3-c3ccc4c(c3)CCC/C4=N\O)c2C)c1,19.157244060668017
Cc1nc(-c2ccc3c(c2)C(C)C(c2ncco2)O3)sc1CN1CCC(C(=O)O)CC1,19.157244060668017
CCOc1cc2cc(-c3nsc(N4CCC[C@H]4C(=O)O)n3)ccc2n1CC(C)(C)C,19.157244060668017
Cc1c(-c2ccc(-c3cn(CC4CCN(Cc5ncco5)C4)cn3)cc2)csc1C(=O)O,19.183326093250876
COc1ccc(Cl)cc1-c1csc(N2CCC(Oc3cc(C(=O)O)ccn3)CC2)n1,19.183326093250876
Cc1c(-c2cc(-c3ccc(-n4cccn4)cc3)ns2)ccc(O)c1Cn1ccnn1,19.183326093250876
CCOc1ccc(-c2nc(N3CCC(C(=O)O)CC3)sc2-c2ncncc2Cl)cc1,19.183326093250876
Clc1ccc(COc2ccn3ncnc3c2)cc1Oc1cccc(-c2nccs2)c1,19.209372712298546
O=C(O)CSc1nnc(-c2ncccc2-c2cccc(COc3ccccc3)c2)s1,19.209372712298546
Cc1sc(COc2ccc3c(c2)OC(C(=O)O)CO3)nc1-c1ccc(OC(C)(C)C)cc1,19.209372712298546
COc1cc(-c2csc(-c3c[nH]nn3)c2)nc2c1nc(-c1cccs1)n2CC1CC1,19.235384061671343
Cc1cc(OCc2nc3ccccc3s2)ccc1-c1ncsc1C1CC(C(=O)O)O1,19.261360284258224
Cn1cc(-c2onc(-c3ccc(CN4CCCCC4)s3)c2C(F)(F)F)cc1C(=O)O,19.261360284258224
CCn1ncc2cc(-c3nnc(-c4ccc(CN5CCC(C(=O)O)CC5)cc4)s3)ccc21,19.261360284258224
COc1cccc(-c2nsc(N3CC[C@H](C)c4ccc(-c5ccc(C(=O)O)o5)cc43)n2)c1,19.261360284258224
NCc1nc(-c2occc2-c2cccc(OCc3csc(C(F)(F)F)n3)c2)ns1,19.261360284258224
Cc1nc(-c2cc(-c3ccccc3C(F)F)on2)sc1CN1CCC(C(=O)O)CC1,19.28730152198591
Cc1c(-c2ncc(CN3CCC(C(=O)O)CC3)s2)noc1-c1ccc2ccn(C)c2c1,19.28730152198591
Cc1nc(-c2cc(-c3ccc4ccn(C)c4c3)on2)sc1CN1CCC(C(=O)O)CC1,19.28730152198591
CN1Cc2ccc(OCc3cc(-c4cccc(Oc5ccccc5)c4)ns3)cc2C1=N,19.28730152198591
Cc1ccccc1-c1ccc(CN2CCC(c3nc4cc(C(=O)O)ccc4s3)C2)nc1,19.28730152198591
O=C(O)c1cccc(-c2cc(COc3ccn4ncnc4n3)c(-c3ccccc3)s2)c1,19.28730152198591
Cc1cc(C)nc(N2CC[C@@H](c3nnc(-c4ccc(Cl)c(C(=O)O)c4)s3)[C@@H](C)C2)n1,19.28730152198591
Cc1cc(-c2coc(-c3sc(C)c4c3CCN(CC(=O)O)C4)n2)ccc1N1CCCCC1,19.28730152198591
O=C(O)Cc1nc(CO[C@@H]2COc3ccc(-c4cccnc4-c4ccccc4)cc32)cs1,19.28730152198591
O=C(O)Cn1c(=O)n(-c2cnc(-c3ccc(Oc4ccccc4)cc3)s2)c2ccccc21,19.313207915827967
C=CC(=O)N1CCN(c2nc3ccc(-c4nc(CCCC(=O)O)cs4)cc3s2)CC1,19.313207915827967
Cc1ccc(COc2cccc(-c3nc(C(=O)O)cs3)c2)nc1-c1cccc2c1OCO2,19.313207915827967
Cc1nc(-c2ccc(OCc3cn(-c4ccccc4)nc3C(=O)O)cc2)cc2sccc12,19.313207915827967
Cc1c(-c2nc(COc3ccc4c(c3)OCCC4)cs2)nsc1-c1ccc(N)nc1,19.313207915827967
Cc1ccc([C@@H]2CC3(CCN(c4nnc(-c5ccc(CC(=O)O)cc5)o4)CC3)CO2)s1,19.364916731037084
Cn1c(COc2ccc(-c3csc(N4CCC(C(=O)O)CC4)n3)cc2)nc2ccccc21,19.364916731037084
Nc1ccnc(OC2CCN(c3ncc(-c4cccc(Oc5ccccc5)c4)s3)CC2)n1,19.364916731037084
OC1CN(c2cc(-n3nc(-c4ccco4)cc3-c3ccc(Oc4ccccc4)cc3)ncn2)C1,19.364916731037084
CCN1CCOc2ccc(-c3nc(-c4ccc(C(O)c5ncsc5F)cc4)no3)cc21,19.364916731037084
COc1ccc(-c2nnc(-c3ccc(CN4CCC(C(=O)O)CC4)s3)s2)cc1F,19.364916731037084
Cc1nc(-c2cccc(C3CCN(CC#N)CC3)c2)sc1CN1CCC(C(=O)O)CC1,19.364916731037084
CCn1cc(-c2ccc(CN3CCC(C(=O)O)CC3)cc2)nc1-c1cccc2c1OCO2,19.364916731037084
Cn1cnc2sc(COc3cccc(-c4ccn(-c5ccc(O)c(Cl)c5)n4)c3)nc21,19.364916731037084
Cc1cccc(-c2cccc(COc3ccc(-c4nc(N5CCNCC5)no4)cc3)n2)c1,19.364916731037084
O=C(O)COc1cccc(-c2nc(-c3ccc(Oc4ccccc4)cc3)n(C(F)(F)F)n2)c1,19.390719429665317
Cc1cccc(-c2nc(-c3ccc4c(c3)N(Cc3ccc(CC(=O)O)s3)CCO4)no2)c1,19.390719429665317
Cc1nc(-c2ccc(C(=O)O)nc2)oc1C1CCCN1c1nc(-c2ccccc2)cs1,19.390719429665317
CN1Cc2cc(-c3nnc(-c4ccccc4)c(COc4cccc(C(=O)O)c4)n3)sc2C1,19.4164878389476
O=C(O)c1nnn(-c2ccc(N3CCOCC3)cc2)c1-c1ccc(Oc2ccccc2)cc1,19.4164878389476
c1ccc(C2(c3ncc(-c4ccc(Oc5ccccc5-n5cnnn5)cn4)s3)CC2)cc1,19.4164878389476
COc1ccc(-c2nc(-c3cccs3)n(-c3ccccc3)c2-c2cccc(=O)n2O)cc1,19.467922333931785
COc1ccc(-c2cnc(-c3ncc(CN4CCC(C(=O)O)CC4)s3)o2)cc1Cl,19.467922333931785
O=C(O)CSc1nnc(-c2ccc(-c3ncc(Cl)s3)cc2)n1Cc1ccccc1,19.467922333931785
Cc1c(-c2nc(CN3CCC(C(=O)O)CC3)cs2)noc1-c1cnc2ccccc2c1,19.467922333931785
Cc1sc(-c2cccc(-c3cn(-c4ccccc4)c(=O)n3CC3CC3)c2)nc1C(=O)O,19.467922333931785
Cn1c(-c2ccc3c(c2)CCN(CC(=O)O)C3)nnc1-c1ccc(Oc2ccccc2)s1,19.493588689617926
Cc1ccc(-c2noc(C3(c4ccc(-c5ccccc5)cc4)CCN(CC(=O)O)C3)n2)s1,19.493588689617926
O=C(O)c1ccc(-c2noc(-c3ccccc3)c2COc2ccc3c(c2)OCCO3)cc1,19.493588689617926
COc1ccc(-c2nc(N3CCC(C(=O)O)CC3)sc2-c2ccc3c(c2)OCO3)cc1,19.493588689617926
O=C(O)C1CCN(c2nnc(-c3ccc(Oc4ccccn4)cc3)n2-c2ccccc2)CC1,19.493588689617926
Cc1cc(-c2nonc2C)ccc1-c1c(C#N)c(OC2CCCNC2)cn1-c1ccccc1,19.493588689617926
Cc1ccc(-c2ccc(Oc3ccccc3)cc2)c(N2CCC(O)(c3nnns3)CC2)n1,19.493588689617926
Cc1c(-c2ccc(CN3CCC(C(=O)O)CC3)c(-n3cccn3)c2)noc1C1CCCC1,19.493588689617926
c1cc(COc2ccc(-c3nc4ccccc4s3)nc2)nc(-c2ccnc(N3CCC3)n2)c1,19.519221295943137
COc1ccc(CN2CCOc3ccc(-c4nc(-c5cccc(C(=O)O)n5)cs4)cc32)cc1,19.519221295943137
O=C(O)Cc1cc2c(N3CCOCC3)nc(-c3ccc(Oc4ccccc4)cc3)nc2s1,19.519221295943137
CSc1ccc(-c2nnc(-c3ccc(Cn4nnn5cccc5c4=O)cc3)s2)cc1C,19.519221295943137
Cc1c(Cc2csc(C(=O)O)n2)cccc1-c1ccc(N2CC(c3nccs3)C2)o1,19.519221295943137
O=C(O)Cc1cc2nc(-c3ccc(Oc4ccccc4)cc3)nc(N3CCOCC3)c2s1,19.519221295943137
Cc1c(-c2ccc(Cn3cnc(C(=O)O)c3)cc2)nn(-c2ccccc2)c1-c1nccs1,19.519221295943137
Cc1nc(N2CC(Oc3ccc(F)cn3)C2)oc1-c1cccc(Oc2ccccc2)c1,19.544820285692065
Cc1ccc(-c2oc(-c3cccc(CN4COC(=O)C4)c3)nc2-c2nc(C)cs2)cc1,19.570385790780925
O=C1ON=CC1Cc1ccc(-c2ncc(-c3cccc(OCc4cccs4)c3)s2)[nH]1,19.570385790780925
Cc1cc(-c2cc(O)ccc2-n2cnnn2)oc1Cc1cscc1-c1ccccc1,19.570385790780925
Cc1noc(-c2sc3nc(-c4ccc(CN5CCC(C(=O)O)CC5)cc4)ccc3c2C)n1,19.570385790780925
Cc1ccc(N2CC(C(=O)O)C2C=O)cc1-c1csc(-c2cccc(N3CCCC3)c2)n1,19.570385790780925
O=C(O)c1cccc(OCc2cccc(-c3nnc(-c4ccc5c(c4)CCO5)s3)c2)c1,19.595917942265423
CC1(C)CN(c2noc3c2cc(-c2cccc([C@H]4C[C@@H]4C(=O)O)c2)n3C2CCCCC2)O1,19.595917942265423
Cc1nc(-c2ccc(Oc3ccccc3)cc2)sc1CN1CCC(C(=O)O)CC1,19.595917942265423
Cc1nc(-c2cccc(-c3cn4ccccc4n3)c2)sc1CN1CCC(C(=O)O)CC1,19.595917942265423
O=C(O)c1cc2nc(OCc3ccccc3-c3ccc(-c4ccccc4)nc3)sn2n1,19.595917942265423
O=C(COc1ccc(-c2cccc(-c3cc4sc5ccccc5n4n3)n2)cc1)OCO,19.595917942265423
COc1cccc(-c2nnc(-c3ccccc3)c(COc3ccc4c(c3)OCCN4)n2)c1,19.595917942265423
O=C(O)c1ccc(Cn2cc(-c3ccc(OCc4nc5ccccc5s4)cc3)nn2)cc1,19.595917942265423
Oc1ccc(N2CCCCC2)cc1OCc1nnc(-c2cc(C(F)(F)F)no2)s1,19.6468827043885
COC(=O)C1CCN(Cc2ccc(-c3cc(-c4nc(C)cs4)c(C(=O)O)s3)cc2)C1,19.6468827043885
CC(Oc1ccc(-c2nsc(N3CCC4(CCC[C@H](C(=O)O)C4)CC3)n2)cc1)C1CC1,19.672315572906
CSc1ccc(-c2nnc(-c3ccc(CN4CCC(C(=O)O)CC4)cc3)o2)cc1Cl,19.672315572906
CSc1nc2n(CC3CCCCC3)c(-c3ccccc3)c(-c3ccc(C(=O)O)nc3)n2n1,19.672315572906
Cc1c(-c2cccc(OC(=O)O)c2)sc(-c2nc3cccc(N4CCCCC4)n3n2)c1C,19.672315572906
CNc1ncnn2c(-c3ccc(OCc4ccccc4)cc3)c(-c3cccc(C#N)c3)nc12,19.672315572906
Cc1sc2nc(-c3cccc(CCC(=O)O)c3)nn2c1-c1ccc(N2CCCC2)nc1,19.672315572906
COc1ccc(-c2ncnc(-c3nccs3)c2C)cc1C1CCc2cc(C(=O)O)ccc21,19.672315572906
Cc1sc(-c2cccc(-n3cncn3)c2)nc1COc1ccc2c(c1)C(C(=O)O)CCC2,19.697715603592208
Cc1scc(-c2nc(-c3ccc(CN4CCC(C(=O)O)CC4)cc3)nc3c2OCO3)c1C,19.697715603592208
Cc1cc(-c2ccccc2)ccc1-c1c(-c2ccc(OCC(=O)O)nn2)nc2ccccn12,19.697715603592208
Cc1scc(-c2cc(C(C)(C)C)nn2-c2cccc(OCC(=O)O)c2C(F)F)c1C,19.697715603592208
Oc1ncc(-c2nnnn2Cc2ccc(-c3ccccc3)cc2)c(Sc2ccccc2)n1,19.697715603592208
Cn1cc(CSc2nnc(-c3ccc(C(=O)O)cc3)s2)nc1-c1ccccc1F,19.697715603592208
Cc1snc(-c2ccc(CN3CCC(n4nnc5cc(C(=O)O)ccc54)CC3)cc2)c1C,19.697715603592208
Cc1c(-c2ccccc2)nsc1-c1ccc(N2CCC[C@@H](n3cnnc3C(=O)O)C2)cc1,19.697715603592208
Oc1noc(C2CCN(c3cc(-c4ccc(COc5ccccc5)cc4)cs3)CC2)n1,19.697715603592208
O=C(O)c1ncc(-n2cc3ccc(OCc4cccc(Oc5ccccc5)c4)cc3n2)cn1,19.72308292331602
O=C(O)c1cc(-c2ccc(COc3ccccc3)cc2)cn1-c1ccc2c(c1)OCCO2,19.72308292331602
Cn1c(-c2ccc(Oc3ccccc3)cc2)ccc1-c1cn(-c2ccc(C(=O)O)cc2)nn1,19.72308292331602
CSc1nccc(-c2cccc(-c3ccc(-c4nnnn4Cc4ccccc4)cc3)c2)n1,19.72308292331602
Cc1scc(-c2cccc(-c3coc(N4CCN(c5nccc(N)n5)CC4)n3)c2)c1C,19.748417658131498
Cc1scc(-c2ccc(-c3ncnc4sc(C5(O)CCN(CC#N)C5)nc34)cc2)c1C,19.748417658131498
CSc1noc(-c2cccc(-c3csc(CN4CCC(C(=O)O)CC4)c3)c2)n1,19.77371993328519
O=C(O)C[C@H]1CCCN1c1cccc(-n2cc(-c3cccc(Oc4ccccc4)c3)nn2)c1,19.77371993328519
COc1cc(-c2cccs2)nc(N2CCC(c3ccc(-c4nccnc4N)cc3)CC2)n1,19.77371993328519
Cc1cc(-c2nnc(N3CCC4(CC3)CO[C@@H]4C(=O)O)s2)ccc1Oc1ccccc1,19.79898987322333
O=C(O)c1ccc(-c2snc(-c3ccccc3)c2-c2ccc(Cn3ccnn3)cc2)cn1,19.79898987322333
Cn1ccc(COc2ccc(F)c(-c3nc(-c4c(F)c(O)cc5sccc45)no3)c2)n1,19.79898987322333
Cc1ccccc1-c1ccc(Oc2ccc(N3CCN(CC(=O)O)CC3)nc2)n2nccc12,19.82422760159901
Cn1c(-c2ccc(Oc3ccccc3)cc2)cc2cc(COc3nc4n(n3)CCC4)ncc21,19.82422760159901
CC(Oc1ccc(-c2ccnn2-c2cccc(-c3nccs3)c2)cc1C(F)(F)F)C(=O)O,19.82422760159901
Cc1ccc(N2CCN(c3nnc(-c4cccc(Oc5ccccc5N)c4)s3)CC2)o1,19.849433241279208
Cc1nc(N)nc(N2CCN(c3ccccc3-c3ccc(Oc4ccccc4)cc3)CC2)n1,19.87460691435179
CCn1ncc2cc(-c3nc(-c4ccc(CN5CCC(C(=O)O)CC5)cc4)ns3)ccc21,19.87460691435179
CC1(C)CCN(c2nc(C(=O)O)c(-c3ccc(Cn4cnc5ncccc54)cc3)s2)CC1,19.87460691435179
COc1ccc(-c2sc(N3CCC(C(=O)O)CC3)nc2C2CC2)nc1OC(C)(C)C,19.8997487421324
CCc1ccc(-c2nn3cccc3nc2Oc2ccnc(N3CCC(C(=O)O)CC3)c2)cc1,19.8997487421324
Cc1c(-c2ccc(-c3ccccc3CC(=O)O)cc2)nnn1C1(c2nccs2)CCCO1,19.8997487421324
COC(=O)OCCOc1ccc(-c2ccc(-c3nc4c(s3)COCC4)s2)c(F)c1,19.949937343260004
Cn1c(COc2ccc(-c3nnns3)cc2)nc(-c2ccccc2)c1-c1ccccc1,19.949937343260004
COc1ccc(-c2sc(C3C[C@@H]3C(=O)O)nc2-c2ccc(N3CCOCC3)cc2)cc1,19.974984355438178
Cc1cc(N)nc(N2CCN(c3ncc(-c4ccc(Oc5ccccc5)cc4)s3)CC2)n1,19.974984355438178
CCOC(=O)c1sc(N2CCC(C(=O)O)C2)nc1-c1ccc(Oc2ccccc2)cc1,19.974984355438178
Cc1nc(-c2ccc(Oc3ccccc3)cc2)oc1C1(N2CCC(C(=O)O)CC2)CCO1,19.974984355438178
Cc1c(-c2ccc(N3CCOCC3)c(C#N)c2)csc1COc1cccc(C(=O)O)c1,20.0
O=C(O)Cn1ccc2ccc(OCc3nc(-c4ccccc4)c(-c4ccnnc4)s3)cc21,20.0
O=C(O)C1CCN(Cc2ccc(-c3nsc(-c4ccnc(OC(F)F)c4)n3)cc2)CC1,20.0
COc1ccc(-c2c(C#N)c3sc(-c4ccc(C(F)(F)F)cc4)nn3c2O)cc1OC,20.0
COc1ccc(-c2cc3nc(CC(=O)O)sc3c(N3CCCC3)n2)cc1C(F)(F)F,20.0
N#Cc1nc2c(-c3cccc(Oc4ccccc4)c3)nsc2n1CCN1CCCCC1,20.024984394500787
O=C(O)Cn1c(=O)n(-c2ccc(-c3ccc(Oc4ccccn4)cc3)s2)c2ccccc21,20.024984394500787
O=C(O)c1ncc(-c2ccccc2)c(COc2ccc3nc(N4CCCC4)sc3c2)n1,20.024984394500787
Cc1cn2nc(-c3ccc(-c4ccc(=O)n(CC(=O)O)c4-c4ccccc4)cc3)nc2s1,20.024984394500787
Cc1c(-c2scnc2N)nnn1C1CCN(Cc2ccc(Oc3ccccc3)cc2)CC1,20.049937655763422
Cn1nnnc1-c1ccc(OCc2ccc3sc(-c4cc(O)ccc4F)nc3c2)cc1,20.074859899884732
NC1CN(c2nc(-c3nc(-c4ccc(-c5ccccc5)cc4)cn3Cc3cccs3)no2)C1,20.074859899884732
Cc1nc(OCc2csc(=S)[nH]2)c2c(-c3ccon3)c(-c3ccccc3)n(C)c2n1,20.074859899884732
O=C(COc1ccc(-c2nc(-c3cc4ccccc4s3)ns2)cc1)OCC(O)(F)F,20.09975124224178
Cc1c(-c2ccc3c(c2)OCO3)sc(COc2cccc(C(=O)O)n2)c1C(F)(F)F,20.09975124224178
O=C(O)c1csc(-n2ncc(-c3cccc(CN4CCCCC4)c3)c2-c2ccccc2)n1,20.09975124224178
O=C(O)c1nc(-c2ccc(OCc3cccc(-c4ccc5c(c4)CCO5)c3)nc2)cs1,20.09975124224178
O=C(O)C1CCN(Cc2cc(-c3cccc(-c4noc(C5CC5)n4)c3)cs2)CC1,20.09975124224178
COc1ccc(-c2cn3c(n2)sc2ccc(S(=O)(=O)O)cc23)cc1-c1ccccc1C,20.12461179749811
Cc1c(-c2ccc(CN3CC(C(=O)O)C3)c(-c3ncsn3)c2)cnn1C1CCCCC1,20.174241001832016
C=Cn1cc(-c2ccccc2)c(-c2nc3sc4cc(CCC(=O)O)ccc4c3n2C)n1,20.174241001832016
CC(=O)Oc1sc(-c2ccc(-c3csc(C(=O)O)c3C)cc2)cc1N1CCOCC1,20.174241001832016
Cc1c(-c2nc(CCC(=O)O)cs2)csc1-c1ccc(N2CCOCC2=O)cc1,20.174241001832016
Cc1c(-c2cccc(Oc3ccccc3)c2)ccnc1N1CCN(c2nnc(N)s2)CC1,20.174241001832016
CC(C)(C)Oc1ccc(-c2ccc(CSc3nnc(-c4ccccn4)n3O)cc2)cn1,20.199009876724155
Cc1c(COc2ccc3ccn(CC(=O)O)c3c2)nsc1-c1ccc2c(c1)OCCO2,20.199009876724155
Cc1sc(-c2cccc(C(=O)C(=O)O)c2F)cc1COc1ccc2c(c1)OCCO2,20.199009876724155
O=C(O)C[C@@H]1COc2cc(OCc3nocc3-c3cccc(N4CCCCC4)c3)ccc21,20.199009876724155
O=C(O)Cc1ccc(OCc2nc(-c3cccc(-c4cccc5ncnn45)c3)cs2)cc1,20.199009876724155
Cc1nc(-c2ccccn2)ccc1C1CCCN1c1nnc(-c2ccc(CC(=O)O)cc2)s1,20.223748416156685
O=C(O)COc1ccc(-c2csc(-c3ccc4c(c3)ncn4CC3CCNCC3)n2)cc1,20.223748416156685
Cc1nc(-c2ccncc2)ccc1C1CCCN1c1nnc(-c2ccc(CC(=O)O)cc2)s1,20.223748416156685
CN(Cc1ccc2c(n1)-c1sc(-c3ccc(Oc4ccccc4)cc3)nc1CO2)C(=O)O,20.223748416156685
O=C(O)c1cccc(-n2c(=O)sc3cc(OCc4cccc(-n5ccnc5)c4)ccc32)c1,20.223748416156685
O=C(O)COc1ccc(-c2nc3c(nc(-c4ccccc4)n3Cc3ccccc3)s2)cc1,20.223748416156685
COc1ncnc2c1c(-c1csc(-c3ccc(C(=O)O)cc3)n1)cn2CC1CCCCC1,20.273134932713294
c1ccc(-c2scnc2COc2ccc(-c3nc(O[C@@H]4CCCNC4)no3)cc2)cc1,20.273134932713294
COc1cccc(-c2cc(Oc3ccc(CN4CNC(=O)C4)o3)nc(C(C)(C)C)c2)c1,20.273134932713294
CC(=O)Oc1ccc(-c2nnc(-c3ccc(CN4CCC(C(=O)O)CC4)cc3)s2)cc1,20.273134932713294
COc1ccc(-c2nc3nc(C(=O)O)cn3cc2-c2ccc(N3CCCCC3)cc2)cc1,20.273134932713294
Cc1ccc2cc(-c3cccc(-c4nsc(N5CCC[C@@H](CC(=O)O)C5)n4)c3)n(C)c2n1,20.273134932713294
Nc1nc(OC2CCN(c3nsc(-c4ccccc4)c3Oc3ccccc3)CC2)ncc1F,20.273134932713294
COC(=O)N1CCN(c2ccc(-c3scc(-c4nc(C)c(C(=O)O)s4)c3C)cc2)CC1,20.29778313018444
Cc1nc(-c2ccc(-c3nc(-c4ccccc4)co3)cn2)sc1CN1CCC[C@H]1C(=O)O,20.29778313018444
O=C(O)Cn1c(=O)sc2cc(OCc3cc(-c4ccccc4)c(C(F)F)s3)oc21,20.29778313018444
Cc1noc(C)c1-c1ccc(-c2cc(N3CCN(c4ccccn4)C3)sc2C(=O)O)cc1,20.29778313018444
O=C(O)c1cccc(-c2nc(COc3ccc(-c4nc5ccccc5s4)cc3)ns2)c1,20.29778313018444
Cc1snc(-c2ccc(CN3CCC(c4noc5nc(C(=O)O)ccc45)CC3)cc2)c1C,20.29778313018444
Nc1c(-c2cc(-c3ccn(CC4CCN(Cc5ccoc5)C4)n3)no2)sc2ccccc12,20.322401432901575
Cn1cc(-c2cccc(Oc3ccccc3)c2)nc1-c1cc2c(s1)CCN(CC(=O)O)C2,20.322401432901575
COc1ccc(-c2oc(-c3cccc(N4CCn5cccc5C4)c3)nc2CC(=O)O)cc1,20.322401432901575
[C-]#[N+]c1ccc(-c2nsc(COc3ccc(-c4nc(C(=O)O)cs4)cc3)n2)cc1,20.322401432901575
Cc1cccc(O[C@H]2CCN(c3nc(-c4ccc(Oc5ccccn5)cn4)cs3)C2)n1,20.322401432901575
Cc1ccn2nc(-c3ccc(-c4ccnc(N5CC(N)C5)c4Oc4ccccc4)cc3)nc2c1,20.346989949375804
CNc1ncnc(N2CCC(n3cc(-c4ccccc4)nc3-c3ccc(C)cc3)CC2)n1,20.37154878746336
Cc1c(-c2ccccc2)nsc1-c1ccc(CN2CCC(C(=O)O)CC2)c(-n2nccn2)c1,20.37154878746336
Cc1ccnc(N2Cc3ccccc3OC(c3cccc(-c4nc(CO)c(C)s4)c3)C2)n1,20.37154878746336
Cc1ccc(Cn2cnnn2)cc1-c1nnc(-c2cccc(-c3ccccc3O)c2F)s1,20.37154878746336
Oc1c(-c2ccc(-c3ccccc3)cc2)nnn1C/C=C/c1ccc(-n2cncn2)cc1,20.396078054371138
O=C(O)CN1CCc2nc(COc3ccc(-c4nocc4-c4ccccc4)cc3)sc2C1,20.396078054371138
On1c(SCc2ccc(-c3ccccc3OC(F)(F)F)cn2)nnc1-c1ccccn1,20.396078054371138
O=C(O)C1CCN(Cc2ccc(-c3nc(OC4CCC4)nc(-c4ccccc4)n3)cc2)CC1,20.396078054371138
Cc1cc(N2CCC(Cn3nc(-c4ccccc4)nc3-c3cccs3)C2)oc1C(=O)O,20.396078054371138
O=C(O)CC1CCc2c(sc(-c3ccc(Cn4cnnn4)cc3)c2-c2ccccc2)C1,20.396078054371138
O=C(O)COc1cccc2c(-c3ccc(-c4ccccc4-n4cnnn4)cc3)csc12,20.396078054371138
COc1cccc(-c2ccc(-c3c(C)nc4n3Cc3cc(CC(=O)O)sc3-4)cc2)c1,20.396078054371138
Cc1c(-c2nc(C3CCCN3c3ccc(C(=O)O)cc3)ns2)ccnc1-c1ccn(C)c1,20.396078054371138
Cc1ccc(-c2nc(-c3ccc4c(c3)N(Cc3ccc(CC(=O)O)s3)CC4)no2)cc1,20.42057785666214
O=C(O)COc1ccc(-c2nc(N3CCOCC3)c3sccc3n2)cc1-c1ccccc1,20.42057785666214
Cc1ccc(-c2nsc(-c3ccc(CN4CCC(n5cnc6c(N)nccc65)C4)cc3)n2)cc1,20.42057785666214
Cc1cnc(N[C@@H]2CCN(c3noc(-c4ccc(Oc5ccccc5)c(F)c4)n3)C2)s1,20.445048300260872
c1ccc(Oc2cccc(-c3nc(C4(c5ccc(-n6nccn6)cc5)CC4)no3)c2)cc1,20.445048300260872
c1ccc(Oc2cccc(-c3nnc(C4(c5ccc(-n6nccn6)cc5)CC4)s3)c2)cc1,20.445048300260872
c1cc(-c2nccs2)nc(OC2(CCc3ccc(-c4c[nH]cn4)cc3)CCSC2)n1,20.445048300260872
Nc1ccc(Oc2cccc(-c3nc(N4CCN(Cc5ccccc5)CC4)no3)c2)cc1,20.445048300260872
O=C(O)c1ccc(-c2csc(-c3ccc(-c4ccccc4)s3)n2)c(OC2CCOC2)n1,20.46948949045872
OCc1ncc(-c2ccsc2OC2CCN(c3nccc(-c4ccccc4)n3)CC2)o1,20.46948949045872
O=C(O)[C@H]1C[C@@H]1c1ccc(-c2nsc(-c3cccnc3OCc3cccs3)n2)cc1,20.46948949045872
O=C(O)CCc1ccnc(N2CCc3nc(-c4ccc(-c5ccccc5)cc4)sc3C2)n1,20.46948949045872
Cc1cc(-c2nsc(-c3cn(C4CCOC4)c4ccccc34)n2)ccc1OCC(=O)O,20.46948949045872
Cc1sc2ncnc(N3CCC[C@H](CC(=O)O)C3)c2c1-c1ccc(-c2cncn2C)cc1,20.46948949045872
Cc1csc(-c2cccc(Oc3ccc(-c4nnnn4C[C@H]4CCCN4)c(F)c3)c2)n1,20.46948949045872
O=C(O)c1csc(-c2ccc(CN3CCC(n4ncnc4-c4ccccc4)CC3)cc2)n1,20.493901531919196
O=C(O)COc1ccc2sc(-n3ccc(-c4ccc(Oc5ccccc5)cc4)n3)nc2c1,20.493901531919196
Cc1sc(-c2ccc3c(c2)OCCO3)nc1COc1ccc2c(c1)[C@H](CC(=O)O)CO2,20.493901531919196
Cc1ccc(-c2nc(-c3ccc(C(=O)O)cc3)sc2-c2ccc(Cn3cnnn3)cc2)cc1,20.493901531919196
OCc1noc(C2CCN(Cc3ccc(-c4nc(-c5ccccc5)cs4)cc3)CC2)n1,20.493901531919196
Cc1cc(-c2nsc(-c3ccc4c(ccn4C4CCOCC4)c3)n2)ccc1OCC(=O)O,20.493901531919196
Cc1nc(-c2ccc(C(F)(F)F)cc2)sc1COc1ccc2c(c1)OC(C(=O)O)O2,20.493901531919196
Cc1cccc(N2CCN(c3nc(N)nc(-c4ccc(Oc5ccccc5)cc4)n3)CC2)n1,20.54263858417414
Cc1cccc(N2CCN(c3cc(Oc4cccc(-c5cccs5)c4)nc(N)n3)CC2)n1,20.566963801203133
CSc1cc(CN2CCC(C(=O)O)CC2)cc(-c2noc(-c3ccccc3C)n2)c1,20.566963801203133
O=C(O)c1c(-c2ccc(Oc3ccccc3)cc2)ccn1-c1cccc(N2CCOCC2)n1,20.591260281974
CCc1cc(-c2nc(C(=O)O)ns2)ccc1Oc1cccc2c1CCC1(C2)OCCO1,20.591260281974
O=C(O)COc1ccc(-c2nsnc2-c2ccc(Cn3cnc4ccccc43)cc2)cc1,20.591260281974
COc1cc2c(-c3ccc(C(=O)O)cc3)c(C)c(COc3ccc4ccsc4c3)cn2n1,20.615528128088304
Cn1c(-c2ccc(-c3cscc3COc3nc(C(=O)O)cs3)cc2F)cccc1=O,20.615528128088304
Cc1csc(-c2ccc(C3(c4nc(-c5ccc(CN6CC(O)=N6)cc5)no4)CCC3)cc2)n1,20.639767440550294
Cn1ccc(-c2cccc([C@H]3CN(c4nccc(-c5cccs5)n4)C[C@@H]3CC(=O)O)n2)c1,20.663978319771825
COc1cccc(-c2ccc([C@H]3CN(c4nc(-c5nccs5)co4)CC[C@@H]3C(=O)O)cc2)c1,20.663978319771825
CCOc1oc(-c2ccc3c(c2)OCc2ccccc2[C@@H]3C(=O)O)nc1CN1CCCCC1,20.663978319771825
O=C(O)C[C@@H]1COc2ccc(OCc3cccc(-c4ccccc4)c3)cc2Sc2ncnn21,20.688160865577203
COc1ccccc1Oc1cccc(Oc2nc3cc(C4CCNCC4)ncc3n2C)n1,20.688160865577203
O=C(O)c1csc(OC2CN(c3ccc(-c4cccc(Oc5ccccc5)c4)cc3)C2)n1,20.688160865577203
COc1cc(-c2nsc(-c3cc4n(c3)-c3ccccc3CC4)n2)ccc1CCC(=O)O,20.688160865577203
COC(=O)CNc1cc(-c2csc3c(-c4cccc(-c5ccccn5)c4)nn(C)c23)ccn1,20.688160865577203
COc1ccc(-c2c(-c3ccccc3)sc3c2COc2cc(C(=O)O)n(C)c(=O)c2-3)cc1,20.71231517720798
CC(C)(C)c1cc(-c2cn(-c3ccc(OCC(=O)O)cc3)c(=O)n2-c2ccccc2)ns1,20.71231517720798
N[C@H]1CCN(c2ccc3ncc(-c4ccccc4Oc4ccc(-c5cscn5)cc4)n3n2)C1,20.71231517720798
CCOC(=O)c1nc(-c2ccc(Oc3ccc(N4CC(O)C4)cc3Cl)cc2)cs1,20.760539492026695
COc1cccc(-c2ccc(C(Oc3ccc4c(c3)OCCO4)c3nsc(N)n3)cc2)c1,20.760539492026695
COC(=O)c1cc(-c2nc3sc(COc4cccc(C(=O)O)c4)cc3s2)ccc1F,20.760539492026695
O=C(O)C1CC2(CCN(c3nc(-c4ccc(OCc5ccccn5)cc4)cs3)CC2)C1,20.760539492026695
COC(=O)N[C@H]1CCN(c2nnc(-c3cccc(Oc4ccnc5ccccc45)c3)s2)C1,20.760539492026695
Cc1nc(N2CCC(n3cnc4c(NC(C)C)ncnc43)CC2)oc1-c1cccc(F)c1,20.760539492026695
O=C(O)c1csc(Cn2nc(-c3ccccn3)nc2-c2ccc(-c3ccccc3)cc2)n1,20.784609690826528
O=C(O)c1cccc(OC2CN(c3nc(-c4ccc(Oc5ccccc5)cc4)cs3)C2)n1,20.808652046684813
CN1CCC(n2nc(N)nc2-c2ncc(-c3cccc(Oc4ccccc4)c3)s2)CC1,20.83266665599966
Cc1csc(N2CCC(O)(c3noc(-c4cccc(-c5ccccn5)c4C)n3)CC2)n1,20.85665361461421
O=C(O)Cn1c(-c2ccc(Oc3cc(F)cc(N4CCC4)c3)cc2)nnc1-c1cccs1,20.85665361461421
Nc1ccnc(O[C@@H]2CCCN(c3nc(-c4ccc(Oc5ccccc5)cc4)cs3)C2)n1,20.85665361461421
Cc1c(-c2ccc(N3CCC(Cc4ccc5c(c4)OCO5)CC3)nc2)csc1C(=O)O,20.85665361461421
Cc1ccc(-c2nc(-c3ccc(CN4CCC(n5ncnc5N)CC4)cc3)cs2)cc1,20.85665361461421
Cc1c(C2CCN(c3nc(-c4ccccc4)cs3)CC2)noc1-c1ccc(CN)nc1,20.85665361461421
COc1ccc(-c2csc(N3CCC(c4noc(-c5ccc(O)cc5)n4)CC3)n2)cc1,20.85665361461421
O=C(O)c1csc(-c2ccc(OCc3cccc(-c4cnc(N5CCC5)nc4)c3)cc2)n1,20.8806130178211
COc1cccc(-c2cccc(-c3csc4cc(COc5cccc(C(=O)O)n5)nn34)c2)c1,20.8806130178211
COc1ccc(-n2nc(C(=O)O)c3c(-c4ccc(-c5cccnn5)cc4)c(C)sc32)cc1,20.8806130178211
O=C(O)c1csc(-c2ccc(OCc3ccccc3)c(N3CCCc4ncncc43)c2)n1,20.8806130178211
Cc1noc(C)c1-c1ccc([C@H]2CN(C(=O)O)C[C@@H]2c2ccc(-n3cccn3)s2)cc1,20.904544960366874
O=C(O)CN1CCN(c2cc(-c3ccc(Oc4ccccc4)cc3)c(C(=O)O)s2)CC1,20.92844953645635
COc1cccc(-c2sc(N3CCN(c4ccc([N+](=O)[O-])cc4)CC3)nc2C(=O)O)c1,20.92844953645635
COc1ccc(-c2csc(-c3ccc(C4CCN(c5ncnc(N)n5)CC4)cc3)n2)cc1,20.952326839756964
Cn1c(-c2ccc(Oc3ccccc3)cc2)cc2ncnc(N3C(C(=O)O)OC[C@@H]3C3CC3)c21,20.97617696340303
O=C(O)[C@@H]1CN(c2ccccn2)CC[C@@H]1c1nsc(-c2ccc(Oc3ccccc3)cc2)n1,20.97617696340303
Cc1ccc(-c2ccccc2)nc1COc1ccc(-c2nc3cc(C(=O)O)nn3s2)cc1,20.97617696340303
COc1cccc(-c2csc(-c3ccc(N4CCC(c5scnc5N)C4=O)cc3)n2)c1,21.0
COc1cccc(CN2CCC(c3ccc4nc(-c5csc(N)n5)sc4n3)CC2)c1,21.02379604162864
Cc1nc(-c2nc(-c3ccc(-c4ccccc4)cc3)nc(N3CCC(O)C3)n2)sc1C,21.02379604162864
O=C(O)C1CCN(Cc2ccc(-c3nc(Oc4ccccc4)c(-n4ccnc4)s3)cc2)CC1,21.047565179849187
C[C@@H]1CC2(CC[C@@H]1C(=O)O)CCN(c1nnc(-c3ccc(Oc4ccccc4)cc3)n1C)C2,21.047565179849187
Cc1ccc(-c2csc(-c3cccc(-c4cc(C(=O)O)nn4-c4ccccc4)c3)n2)cc1,21.071307505705477
Cc1ccnc(N2CCC(c3nnc(-c4cccc(Oc5ccccc5O)c4)s3)CC2)n1,21.071307505705477
Cc1cc(-c2nsc(-c3ccc4c(C5CC5)nsc4c3)n2)ccc1OCC(=O)O,21.071307505705477
Nc1ncn(C2CCN(Cc3nc(-c4ccccc4)ccc3Oc3ccccc3)CC2)n1,21.118712081942874
CC(C)c1ccc(-c2nsc(C3CCN(c4nc(N)c5ccsc5n4)CC3)n2)cc1,21.118712081942874
Cc1cc(N)nc(N2CCN(c3nc(-c4cccc(Oc5ccccc5)c4)cs3)CC2)n1,21.142374511865974
Cc1c(-c2nc(N3CCC(C(=O)O)CC3)cs2)noc1-c1ccc(N(C)C(C)C)cc1,21.142374511865974
COc1cccc(-c2oc(N3CCN(c4ccc(C(C)(C)C)cc4)CC3)nc2C(=O)O)c1,21.166010488516726
O=C(O)c1nc(N2CCN(c3cccc(Oc4ccccc4)n3)CC2)oc1-c1ccccc1,21.18962010041709
O=C(O)c1cccc(N2CCN(c3noc(-c4cccc(Oc5ccccc5)c4)n3)CC2)c1,21.18962010041709
Cc1scc(-c2ccc(CN3CCC(n4cnc5c(N)ncnc54)CC3)nc2)c1C,21.213203435596427
O=C(O)Cn1nnc2ccc(-c3sc(CN4CCCCC4)nc3-c3ccccc3)cc21,21.236760581595302
Cc1ccccc1-c1onc(-c2nc(-c3ccc(CN4CCOC(=O)C4)cc3)cs2)c1C,21.236760581595302
Cc1csc(COc2ccc(-c3nc4c(N5CCC[C@H]5C(=O)O)cccc4o3)cc2)n1,21.2602916254693
O=C(O)CCc1csc(N2CCOc3ccc(-c4ccnc(-c5ccccc5)n4)cc32)n1,21.2602916254693
O=C(O)c1nc(-c2cccc(OCc3csc(C(F)(F)F)n3)c2)n(-c2ccccc2)n1,21.2602916254693
Cc1c(-c2nc(C(=O)O)nn2C)ccc(OCc2cc3c(s2)CCOC3)c1C(F)(F)F,21.2602916254693
Cn1c(SCC(=O)Oc2ccc(C(=O)O)cc2)nnc1-c1ccc(C(C)(C)C)cc1,21.2602916254693
Cn1c(-c2ccc(Oc3ccccc3)cc2)cc2cc(O[C@@H]3CCN(C(=O)O)C3)nnc21,21.2602916254693
COc1cc(-c2nnc(N3CCC[C@@H](CC(=O)O)[C@H]3C)s2)ccc1OC(F)(F)F,21.2602916254693
O=C(O)Cn1cc(-c2ccc(OCc3csc(C4CCCC4)n3)c(C(F)(F)F)c2)nn1,21.2602916254693
Cc1nc(-c2ccc(Oc3ccccc3)cc2CN2CCN(C(=O)O)CC2)sc1C(=O)O,21.283796653792763
COc1cccc(-c2ccc(-c3csc4c(N5CCOCC5)nc(C)nc34)c(O)c2)c1,21.330729007701542
Cc1sc(-c2nc3ccccn3n2)nc1COc1ccc2c(c1)C(CC(=O)O)CCC2,21.330729007701542
COc1nc(C2(C(=O)O)CC2)sc1-c1cccc(OCc2nc3ccccc3s2)c1,21.354156504062622
O=C(O)c1csc(-c2ccc(OCc3cccc(-c4ccc5c(c4)CCO5)n3)cc2)n1,21.354156504062622
O=C(O)c1coc(-c2ccc(Oc3ccccc3N3CCN(c4ccccc4)CC3)cc2)n1,21.354156504062622
Cc1cc(C(F)(F)F)nc(-c2cccc(Oc3ccc(N4CCC[C@H]4C(=O)O)s3)c2)n1,21.354156504062622
COC(=O)N1C[C@H](C(=O)O)CC1(c1ccc(-c2csc(C)c2C)cn1)c1cccs1,21.400934559032695
Cc1cccc(-c2nsc(N3CCC(c4nc(C)c(-c5ccc(O)nc5)o4)CC3)n2)c1,21.42428528562855
CC1CCN(c2cc(Oc3ccccc3)nc(-c3ccc([C@@H]4C[C@@H]4C(=O)O)cc3)n2)CC1,21.447610589527216
Cn1cccc1-c1cccc(-c2cn(-c3ccc(O)cc3)cc2/C=C2\SC(=O)OC2=O)c1,21.447610589527216
CC(C)(C)c1ccc(-c2nc(N3CCOCC3)c3sc(CCCC(=O)O)cc3n2)cc1,21.447610589527216
O=C(O)C1CCN(Cc2ccc(-c3cc(-n4cccn4)nc(Oc4ccccc4)n3)cc2)CC1,21.447610589527216
O=C(O)[C@H]1C[C@@H]1c1cc(OCc2cccc(-c3ccsc3)c2)nc(-c2cccs2)n1,21.447610589527216
O=C(O)CN1CCOc2ccc(-c3noc(-c4ccc(SC5CCCC5)cc4)n3)cc21,21.470910553583888
Cc1c(C(=O)O)nsc1-c1cc(F)c(OCc2nc3ccccc3s2)c(F)c1,21.470910553583888
COc1nc(-c2cccc(-c3ccccc3)c2)nc(N2CCC(Oc3ccccn3)CC2)n1,21.494185260204677
Cn1nccc1-c1ccc(CSc2nnc(-c3ccc(C(F)(F)F)cc3)n2O)cc1,21.540659228538015
Cc1nn(-c2ccccc2)cc1-c1cccc(-c2csc(N3CC(CC(=O)O)C3)n2)c1,21.540659228538015
CCCc1ccc(-c2nsc(C3CCN(c4nc(N)c5ccsc5n4)CC3)n2)cc1,21.563858652847824
Cn1cc(-c2ccc(C(C)(C)C)cc2)nc1CSc1nc(N)cc(N2CCCC2)n1,21.587033144922902
O=C(O)c1ccc(-n2c(SCC3CC3)nnc2-c2ccc(-c3ccccn3)cc2)cc1,21.61018278497431
Cc1c(OCC(=O)O)cccc1-c1cccc(-c2nnc(N3CCCCC3)s2)c1,21.61018278497431
Cc1c(-c2cn(C)nn2)cccc1C1CCCCN1Cc1ccc(-c2nnsn2)cc1,21.633307652783937
Cc1ccccc1-c1ccc(-c2nc(-c3cc4c(s3)CN(CC(=O)O)CC4)no2)nc1,21.633307652783937
O=C(O)Cn1c(-c2ccc(-c3ccccc3)nc2)nc2ccc(OCc3nccs3)cc21,21.633307652783937
OC1CN(c2ncnnc2Oc2ccc(-c3sc(C4CC4)nc3-c3ccccc3)cc2)C1,21.633307652783937
COC(=O)C1=C(O)CC(C[C@H]2OCc3ccc(Oc4cccc(-c5nccs5)c4)cc32)O1,21.656407827707714
O=C(O)c1cccc(Oc2cccc(-c3nc(N4CCN(c5ccccc5)CC4)no3)c2)c1,21.656407827707714
Oc1nc(-c2ccc(Oc3ccccc3)cc2)cc(N2CCC(Oc3ncccn3)CC2)n1,21.702534414210707
COC(=O)c1nn(-c2nc(-c3ccc(C)cc3)c(C(=O)O)s2)c(-c2ccccc2)c1C,21.702534414210707
Nc1ncnc(N2CCC(c3ccc(-c4csc(COc5ccccc5)n4)cc3)CC2)n1,21.702534414210707
O=C(O)C1(c2csc(COc3ccc(-c4ccccn4)cc3-c3nccs3)n2)CC1,21.72556098240043
O=C1OCC1(O)c1ccc(-c2cccc(COc3ccc4nc(C5CC5)sc4c3)n2)cc1,21.72556098240043
COC(=O)[C@H]1CN(c2nc(-c3ccc(C)s3)c(C(=O)O)s2)CC1c1ccccc1,21.77154105707724
Cc1ccc(-c2ccc(N3CCC(Oc4nc(-c5ccc(C(=O)O)cc5)no4)C3)s2)cc1,21.79449471770337
O=C(O)CCc1ccc(-c2nsc(-c3ccc4nc(CN5CCC5)sc4c3)n2)cc1,21.817424229271428
Cn1nc(-c2ccc3c(c2)CN(CC(=O)O)CCO3)nc1-c1ccc(Oc2ccccc2)cc1,21.840329667841555
Cc1cc(C(=O)O)ccc1-c1noc(N2CCN(c3ccc(Oc4ccccc4)cc3)CC2)n1,21.840329667841555
Cn1ccc(-c2cccc(-c3csc4c3CN(c3nccc(CCC(=O)O)n3)CC4)c2)n1,21.88606862823929
Cc1noc(C)c1-c1ccc(C(=O)Oc2ccc3c(c2)[C@@H](CC(=O)O)SC3)c(F)c1,21.88606862823929
Cc1cc(OCc2ccn3c(-c4ccc(N5CCCC5)nc4)cnc3c2)sc1C(=O)O,21.908902300206645
O=C(O)c1ccnc(N2CC[C@@H](c3nsc(-c4ccc(Oc5ccccc5)cc4)n3)C2)c1,21.908902300206645
Cc1snc(-c2ccc(CN3CCC(n4nnc5ccc(C(=O)O)cc54)CC3)cc2)c1C,21.908902300206645
Cn1nc(-c2cccc(C(C)(C)C)c2)nc1CSc1nc(N)cc(N2CCCCC2)n1,21.95449840010015
COC(=O)c1ccc(-c2scc(COc3ccc4nc(C(=O)O)sc4c3)c2C)cc1,21.97726097583591
Cc1sc(-c2csc(-c3cccnc3F)c2)nc1COc1cc(C(=O)O)ccn1,22.0
CC(F)(F)c1cc(-c2csc(-c3nnc(N4CCC[C@@H]4C(=O)O)s3)c2)ccc1C=O,22.0
COc1cccc(-c2nc(-c3nc4ccccc4s3)oc2C2CCCN(CC(=O)O)C2)c1,22.0
O=C(O)[C@@H]1CCCN1c1nc(-c2ccc(OCc3ccc4ccccc4n3)cc2)ns1,22.02271554554524
CN1Cc2ccc(-c3cc(-c4ccccc4)c(COc4nccc(C(=O)O)n4)s3)cc2O1,22.02271554554524
Cc1c(-c2cccc(OC3CCN(c4nc(C(=O)O)cs4)C3)c2)noc1-c1ccccc1,22.06807649071391
O=C(O)c1ccc(-c2sc(-c3ccc(CN4CCCCC4)cc3)nc2-n2nccn2)cc1,22.06807649071391
Cc1csc(-c2cccc(-c3csc(N4CCC(CCC(=O)O)CC4)nc3=O)c2)n1,22.06807649071391
Cc1c(-c2nc(-c3cccc(CN4CC(O)C4)c3)no2)c2ccsc2n1C1CCCC1,22.06807649071391
O=C(O)c1nc(N2CCCC2)sc1-c1ccc(OCc2cccc(-c3cccnc3)n2)cc1,22.11334438749598
COc1cc(N2CCc3nc(C(=O)O)sc3C2)ccc1-c1cnn(C2CCCCC2)c1C,22.15851980616034
Cc1nc(COc2ccc(C(=O)O)cc2)sc1-c1ccc(N2CCCCCC2)nc1,22.181073012818835
O=C(O)CCCc1ccc(-c2cnnn2C2CCN(c3nc4ccccc4s3)CC2)cc1,22.181073012818835
Cc1noc(-c2cc(-c3ccc(C4CCCCC4)s3)cc(N3COC(C(=O)O)C3)c2)n1,22.24859546128699
Cc1cc(Oc2cccc(-c3nc(C)c(C4CCCC4)o3)c2F)nc(N2CCNCC2)n1,22.24859546128699
COc1cccc(-c2cc(C#N)c(N3CCC(c4cccs4)CC3)nc2C(=O)O)c1,22.271057451320086
COc1ccc(-c2c(-c3ccc4c(c3)OCO4)nc(-c3cccs3)n2CC(=O)O)cc1,22.271057451320086
Cn1c(-c2ccccc2)c(-c2ccc(-c3ccccc3)cc2)n2nc(SCC(=O)O)nc12,22.293496809607955
COc1cccc(-c2ccc(C(=O)O)c(-c3noc(C4CCC5(CCN(C)CC5)C4)n3)c2)c1,22.338307903688676
Cc1c(-c2ccc(CN3CCOC3=O)cc2)csc1-c1nc(C2CC2)c(C(=O)O)s1,22.338307903688676
COc1cccc(-c2ccc(CN3CCC(c4nnc(C(C)(C)C)o4)CC3)c(C(=O)O)c2)c1,22.360679774997898
O=C(O)c1csc(SCc2noc(-c3ccc(C(F)(F)F)c(CCF)c3)n2)n1,22.360679774997898
COc1nnc(SC[C@H]2ON=Nc3ccc(-c4ccccc4)cc32)nc1-c1ccccc1,22.38302928559939
Cc1nn(C2(C(=O)O)CCN(Cc3ccccc3)CC2)cc1-c1coc(-c2ccccc2)n1,22.38302928559939
Cc1sc2ncnc(N3CCC[C@H](CC(=O)O)C3)c2c1-c1ccc(-c2cn(C)cn2)cc1,22.427661492005804
Cc1ccc(-c2nc(-c3cccc(CN4CCC(C(=O)O)CC4C(=O)O)c3)cs2)cc1,22.44994432064365
O=C(O)c1ccc(-c2nnc(COc3cccc(C4CCN(C5CC5)CC4)c3)s2)cc1,22.44994432064365
COc1ccc(-c2cc(-c3ccccc3)c(C(=O)O)s2)nc1CN1CCC2(CC1)OC2=O,22.44994432064365
O=C(O)c1nc(N2CCN(c3ccccn3)CC2)oc1-c1cccc(Oc2ccccc2)c1,22.47220505424423
CNc1nc(C)nc(N2CCC(c3nc(-c4ccc(-c5ccccc5)cc4)ns3)CC2)n1,22.538855339169288
Cc1c(-c2ccc(-c3cscn3)cc2)nnn1C1CCN(Cc2ccc(C(=O)O)cc2)CC1,22.538855339169288
O=C(O)CC1CCN(c2nc(-c3cccc(Oc4ccccc4)c3)c(-n3cccn3)s2)C1,22.60530911091463
COc1nnc(N2CCN(c3ccc(-c4cccc(Oc5ccccc5)c4)cc3)CC2)nc1N,22.759613353482084
Cc1c(C(=O)O)nn(-c2ccccc2)c1-c1ccc(N2CCC(c3cncs3)C2)nc1,22.781571499789035
C=C1CCN(C(=O)c2nc(-c3nsc(C(C)(C)C)c3C)ccc2OCC(=O)O)CC1,22.891046284519195
CNc1ccnc(-n2ccc(-c3nn(C4CCCCC4)c(-c4ccccc4)c3C)n2)n1,22.956480566497994
CCn1cc(C2CCCN2c2nc(-c3ccc(C(=O)O)cc3)ns2)nc1-c1ccccc1,22.978250586152114
CSc1ccc(-c2cc(-c3ccc4c(c3)CCN(c3nc(C)cc(C(=O)O)n3)C4)no2)cc1,23.0
O=C(O)C1(c2csc(SCc3nnc(-c4ccccc4)c(-c4ccccc4)n3)n2)CC1,23.08679276123039
COc1nc(-c2ccc(-c3ccccc3)cc2)nc2sc(C3CCN(CC(=O)O)C3)nc12,23.15167380558045
O=C(O)c1nc(N2CCC(CCc3nc4ccccc4s3)CC2)ncc1-c1cccnc1,23.15167380558045
O=C(O)CC1CCN(Cc2ccc(-c3cccc(-c4cscn4)c3)cc2)CC1C(=O)O,23.173260452512935
CN1CCC(COc2nc(N)nc(-c3cccc(C(C)(C)C)c3)n2)(c2ccccc2)CC1,23.194827009486403
C[C@H]1CN(c2nc(-c3cc(-c4ccccc4)nc(-c4ccc(C(=O)O)cc4)n3)cs2)CCO1,23.259406699226016
Cc1c(-c2cccc(C(F)(F)F)c2)cc(Sc2nnnn2O)n1CC1CCCCC1,23.302360395462088
O=C(O)C[C@H]1CCC(=O)N1c1nnc(SCc2cc(-c3ccccc3)cs2)s1,23.323807579381203
O=C(O)Cn1c(SCc2ccc3c(c2)OCO3)nc(-c2ccncc2)c1-c1ccccc1,23.345235059857504
Cc1ccc(-c2cc(COc3cc(C(=O)O)n4ncnc4n3)sc2C(F)(F)F)cc1C,23.40939982143925
COc1nc(-c2cccc(Oc3ccccc3)c2-c2ccccc2)nc(N2CCNCC2)n1,23.40939982143925
Cc1cccc(N2CCN(c3nc(N)cc(-c4cccc(Oc5ccccc5)c4)n3)CC2)n1,23.473389188611005
Oc1nncn1Cc1cccc(-c2cccc(-c3nnc(OC4CCCC4)s3)c2)c1F,23.473389188611005
O=C(O)c1ccnc(N2Cc3ccc(OCc4nc(-c5ccccc5)cs4)cc3C2)n1,23.515952032609693
Cc1cccc(-c2csc(N3CCC(c4nc(C)cc(-c5ccnc(O)n5)n4)CC3)n2)c1,23.57965224510319
O=C(O)COc1cnc2c(c1)nc(-c1cccc(Oc3ccccc3)c1)n2C1CCNCC1,23.643180835073778
O=C(O)CC1CCN(c2nc(-c3cccc(Oc4ccccc4)c3)ccc2-n2nccn2)C1,23.664319132398465
O=C(O)Cn1c(SCc2ccccc2)nnc1-c1cccc(-c2ccc(Cl)cc2)n1,23.727621035409346
Cc1nc(-c2ccc(C(C)(C)C)cc2)sc1CSc1nnc(Cl)n1CC(=O)O,23.727621035409346
CCOC(=O)N1CCN(c2csc(-c3cccc(-c4ccc(C(=O)O)s4)c3C)n2)CC1,23.748684174075834
O=C(O)c1ccnc(OC2CN(c3cc(-c4cccc(Oc5ccccc5)c4)cs3)C2)n1,23.853720883753127
Cc1c(-c2cnc(N3CCC(CC(=O)O)C3)nn2)cccc1-c1nc2ccccc2s1,23.916521486202797
COc1cccc(-c2cc(C(F)(F)F)nc(N3[C@@H](c4cccs4)C[C@H]3C(=O)O)n2)c1,24.145392935299274
COc1ccc(-c2cnn(C3CCN(c4nc5ccc(C(=O)O)cc5s4)CC3)c2C)cc1,24.166091947189145
COc1ccc(-c2nc(-c3nc(N)nc(N4CCCCC4)n3)sc2-c2ccccc2)cc1,24.20743687382041
O=C(O)c1csc(COc2ccc(-c3cnn(C4COC4)c3)cc2C2CCCCC2)n1,24.228082879171435
Nc1nc(OC2CCN(c3nc(-c4ccc(C5CCCC5)cc4)ns3)CC2)ncc1F,24.228082879171435
O=C(O)c1ccc(OCCn2c(-c3csnn3)nc3ccc(C4CCCCC4)cc32)cc1,24.310491562286437
Cc1ccc(-c2nc(-c3ccc(CN4CCC5(CC4)N=NOC5O)cc3)cs2)c(C)c1,24.310491562286437
COc1ccc(-c2cnc(N3CCC4(CC3)C[C@@H](C(=O)O)O4)cc2Oc2ccccc2)cc1,24.331050121192877
NC1CN(c2nocc2-n2cc(-c3ccc(C4CCCCC4)c(Oc4ccccc4)c3)nn2)C1,24.351591323771842
Cc1c(-c2ccc(OC3CCCC3)cc2)nc(N2CCCCC2)nc1-c1ccc(O)nn1,24.392621835300936
Cn1c(-c2ccc(Oc3ccccc3)cc2)cnc1N1CCC2(CC1)C[C@@H](C(=O)O)O2,24.392621835300936
COc1ccc(-c2c(-c3ccccn3)nc(N)nc2N2CCC(c3nccs3)CC2)cc1,24.392621835300936
COc1ccc(-c2nc(C(F)(F)F)c(C3CC3)s2)cc1CSc1nnnnc1N,24.454038521274967
Cc1cc(-c2noc(C3CCCCC3)n2)ccc1OCc1cc2c(s1)C(N)COC2,24.535688292770594
Cn1cccc1-c1ncc(-c2nc3cc(OCC(=O)O)ccc3n2C2CCCCC2)s1,24.576411454889016
Cc1cnc(N[C@@H]2CCCN(c3nccc(-c4ccc(Oc5ccccc5)cc4)n3)C2)nc1,24.657656011875904
O=C(O)c1ccc(-c2csc(COc3ccc(-c4cn(C5CCCC5)nn4)cc3)n2)cc1,24.73863375370596
COc1ccc(-c2c(-c3ccccc3)nc3scc(C4CCN(CC(=O)O)CC4)n23)cc1,24.758836806279895
Cn1nc(-c2ccc3c(c2)N(CCC(=O)O)CCO3)nc1-c1ccc(C2CCCCC2)cc1,24.819347291981714
Cc1noc(C)c1-c1ccc(-c2sc(C3CCCCC3)nc2CN2CC(N)=N2)c(F)c1,24.859605789312106
COc1ccc(-c2nc(N3CCC[C@@H]3C(=O)O)nnc2-c2ccccc2C(C)(C)C)cc1,25.0
COc1cccc(-c2cccc(COc3ccc4c(c3)[C@H]3C(=O)OC(C(=O)O)[C@H]3CO4)c2)c1,25.436194683953808
Cc1cc(C(=O)O)nc(OC2CN(c3nc(-c4cccc(-c5ccccc5)c4)cs3)C2)n1,25.475478405713993
COc1ccsc1-c1nc(-c2ccc(C3CCCCC3)cc2)nc(N2CCC(O)C2)n1,25.514701644346147
Nc1nc(C2CCN(c3nccnc3-c3ccc(OCc4ccccc4)cc3)CC2)ns1,25.67099530598687
O=C(O)CO[C@H]1CCN(c2cc(-c3cccc(Oc4ccccc4)c3)ccn2)C12CCC2,25.69046515733026
Cc1ccc(-c2ccc(Oc3nc(N)nc(N4CCN(c5ccccn5)CC4)n3)cc2)cc1,25.729360660537214
Cn1ncc(-c2ccccc2)c1COc1ccc(-c2noc(C3CCCCC3)n2)cc1O,25.748786379167466
O=C(O)CN1CCCC[C@@H]1/C=C\c1nc(-c2cccc(-c3ccccc3)c2)cc(-n2cccn2)n1,26.057628441590765
COc1ccc(-c2c(-c3noc(N4CCNCC4)n3)nn(C3CCCCC3)c2C)cc1,26.343879744638983
Cc1cccc(-c2nc(C(=O)O)nc(N3CCC(c4ccc(-c5ccccc5)cc4)C3)n2)n1,26.5329983228432
CN1CC(c2cc(-c3nc(C4CCCCC4)no3)ccc2OCc2cccs2)OC1=O,26.551836094703507
Cc1c(-c2ccc(C3CCCCC3)cc2)nnn1C1CCN(Cc2csc(N)n2)CC1,26.645825188948457
COc1ccccc1-n1nc(-c2cccc(-c3ccccc3)c2C(=O)O)nc1N1CCCCC1,26.814175355583846
Nc1cc(-c2nc(C3CCCCC3)no2)ccc1OCc1ccc(N2CCOCC2)s1,26.851443164195103
COc1ccc(C2(c3nc(C(=O)O)nc(-c4ccc(Oc5ccccc5)cc4)n3)CC2)cc1,26.851443164195103
c1ccc(Oc2ccc(C3CNO3)c(-c3nnc([C@@H]4CCCN4C4CCCC4)o3)c2)cc1,26.888659319497503
COc1cccc(-c2nc(-c3ncns3)c(-c3ccc(C4CCCCC4)cc3)n2C(=O)O)c1,27.03701166919155
Cc1c(-c2ccc(COc3ccc4c(c3)OCCO4)c(C(=O)O)n2)cnn1C1CCCCC1,27.129319932501073
Cc1ccc(-c2nc(C3CC3)nc(N3CCC(c4ncc(C(=O)O)s4)CC3)n2)cc1C,27.94637722496424
Cc1ccc(-c2nnc(-c3nc4cc(OCC(=O)O)ccc4n3C3CCCCC3)s2)cc1,27.982137159266443
O=C(O)CNc1ncc(-c2ccc(Oc3ccccc3)cc2)c(N2CCC(F)(F)CC2)n1,28.053520278211074
COc1ccc(-c2oc(C3CCCCC3)nc2C)cc1C(=O)ON1CCN(C(C)(C)C)C1,28.160255680657446
COc1cc(-c2nc(C(=O)O)nc(N3CCC[C@@H]3c3cccs3)n2)ccc1C(F)(F)F,28.160255680657446
Cc1ccccc1Oc1ccc(-c2cccc(N3CC(Oc4ncccn4)C(N)=N3)n2)cc1,28.53068523537421
CC(C)(C)c1ccc(-c2coc(CSc3nc(C(=O)O)cc(N4CCCC4)n3)n2)cc1,28.583211855912904
CCOc1cc2c(cc1C1CCCCC1)nc(-c1ccc3c(c1)OCO3)n2CC(=O)O,28.687976575562104
O=C(Oc1ccccn1)N1CC(Nc2ccnc(Oc3ccc(Oc4ccccc4)cc3)n2)C1,28.930952282978865
COc1ccc(-c2nc(-c3cc(C(=O)O)cs3)nn2C2CCN(C3CCCC3)CC2)cc1,29.0516780926679
O=C(O)COc1ccc2nc(-c3cccc(-c4ccsc4)c3)n(C3CCCCC3)c2n1,29.32575659723036
Cc1cnc(O[C@@H]2CCN(c3ncc(-c4ccc(C5CCCCC5)s4)cn3)C2)nc1N,29.715315916207253
O=C(O)[C@@H]1CCCN1c1cc(N2CCCC2)nc(-c2ccc(Oc3ccccc3)cc2)n1,30.14962686336267
COc1cccc(-c2ccc(-c3nc(C4CCCCN4C4CCCC4)nn3C(=O)O)cc2)c1,35.53871128783372
