SMILES,cats_euclidean_dist
CNc1nc(-c2ccc(Cn3cncn3)cc2)c(-n2nnc(-c3cccs3)n2)s1,9.746794344808963
Sc1nc(-c2nncs2)n(-c2ccc(Oc3ccc(-n4nccn4)cc3)cc2)n1,9.797958971132712
COc1ccc2nc(Oc3ccc(-n4ncc(-n5nc[nH]c5=S)n4)cc3)sc2n1,9.9498743710662
COc1ccn2nc(-n3cc(CNc4nc(-c5cccs5)cs4)nn3)nc2c1F,10.344080432788601
CNCc1nc(-c2cccs2)nn1-c1nnc(-c2ccc3nsnc3c2)s1,10.344080432788601
CNc1csc(-n2cc(-c3cn(-c4ccc5sc(C(F)F)nc5c4)nn3)nn2)n1,10.344080432788601
CSc1csc(-n2cc(CNc3nc(-c4ccc5c(c4)OCO5)cs3)nn2)n1,10.392304845413264
c1ccc(Nc2nnc(-c3cn(-c4ccc(Cn5cncn5)cc4)nn3)s2)nc1,10.392304845413264
c1cn(Cc2ccc(-c3csc(Nc4nnc(-c5nccs5)s4)n3)cc2)nn1,10.535653752852738
c1csc(-c2nnc(C3CCN(Cc4ncc(-c5nnsn5)s4)C3)s2)c1,10.583005244258363
FC(F)c1c(NCc2ccc3c(c2)OCO3)csc1-n1cc(-c2nnsn2)nn1,10.583005244258363
Nc1cn(Cc2ccc(-c3snnc3-c3cc(-c4csnn4)sn3)cc2)cn1,10.677078252031311
c1cc(-c2csnn2)ccc1Cn1cnc2nc(-c3cn(C4CCNC4)nn3)sc21,10.677078252031311
Fc1sc(-n2nnc(-c3cccs3)n2)nc1NCc1ccc(-n2ccnn2)cc1,10.723805294763608
Cn1c2nc(O)sc2c2nc(CSc3nnc(-c4ccc(F)cc4)s3)nn21,10.723805294763608
CNc1ncc(-c2nc3c(ncn3Cc3sc(-c4cn(C)nn4)nc3F)s2)s1,10.723805294763608
CNc1nc(-c2cn(-c3ccccc3)nn2)nc2sc(=S)n(Cc3ccon3)c12,10.723805294763608
S=C(Cn1ncc(-c2cnc(-c3csnn3)s2)n1)Nc1ccc(-n2cccn2)cc1,10.770329614269007
Cc1nc(-c2ccc(Oc3cc(-n4nn[nH]c4=S)sn3)s2)n(-c2ccccc2)n1,10.862780491200215
C(=N/Nc1cccc(-n2nccc2-c2nnn(-c3cccs3)n2)c1)\c1ccncc1,10.908712114635714
CNc1nsc(-n2ccc(-c3cc(F)cc(-n4cnnc4-c4cccs4)n3)n2)n1,10.908712114635714
COc1ccc(-n2sc3cc(-c4nc(-c5ccc6c(c5)CNCC6)no4)nnc32)nc1,10.908712114635714
c1cc(CNc2nc(-c3cccs3)cs2)cc(-n2nnc(-c3csnn3)n2)c1,10.908712114635714
c1csc(-c2ccc(CNc3nc(-n4cc(-c5nnsn5)nn4)cs3)cc2)c1,10.908712114635714
c1cc(NCc2cncs2)nc(-n2ccc(-c3nnc(-c4csnn4)s3)c2)n1,10.954451150103322
O=C(Cn1cc(-c2cc(-n3nccn3)ns2)nn1)Nc1ccc2ncsc2c1,10.954451150103322
Fc1sc(NCc2ccc(-n3cncn3)cc2)nc1-n1nnc(-c2cccs2)n1,11.090536506409418
COc1ccc(-c2nnc(CNc3nc4nc(C(F)(F)F)ccc4s3)s2)cn1,11.090536506409418
Cc1nsc2cc(-c3nn(-c4ccnc(NCc5csnn5)n4)s3)ccc12,11.090536506409418
Cn1c(-c2ccc(CN3CCC(C(=O)O)C3)s2)nc2sc(-c3csnn3)nc21,11.090536506409418
CSc1nnc(-c2cn(-c3ccc(/C=C/C(=O)Nc4nccs4)cc3)nn2)s1,11.135528725660043
c1cn(-c2nc(NC3CCSCC3)cc(Oc3ccc(-n4ccnn4)s3)n2)cn1,11.135528725660043
CSc1ncc(-c2cnc(-n3cc(-c4cn(-c5ccccc5)nn4)nn3)s2)s1,11.180339887498949
CNc1cc(-n2nnc(-c3cccs3)n2)nc(-n2c(F)cnc2-c2cccs2)n1,11.269427669584644
NCc1ccc(-c2cn3nc(Oc4ccc(-n5nns5)cc4)sc3n2)s1,11.269427669584644
CSc1nnc(-c2cc(-c3nc(N)cs3)n(-c3ccc4ncsc4c3)n2)s1,11.40175425099138
Cn1c(=S)[nH]c2c1nc(-c1cccs1)n2Cc1ccc(-c2nnsn2)nn1,11.40175425099138
O=C(/C=C/c1ccc(-n2nc(-c3csnn3)s2)cc1)Nc1nnc(N2CCC2)s1,11.445523142259598
Cc1sc(Cn2c(=O)sc3ccc(O)nc32)cc1-c1nc(-c2cscn2)no1,11.489125293076057
Cn1ccn(Cc2ccc(-c3snnc3-c3nnn(-c4cccs4)n3)cc2)c1=N,11.489125293076057
Nc1nc(SCc2nc3ccc(-c4nnc(-n5cccn5)s4)cc3s2)cs1,11.575836902790225
c1ccc2c(c1)nc(Oc1ccc(-n3cc(-c4csnn4)nn3)s1)n2CC1CCN1,11.575836902790225
CNc1nnc(-c2ccc(Cn3cc(-c4nc5c(s4)CCCC5)nn3)nc2)s1,11.61895003862225
Nc1nc(-n2cc(/C=C/c3cccc(-n4snc4-c4nccs4)c3)nn2)cs1,11.61895003862225
c1ccc(-n2nnc(-c3cc(Oc4nc5c(s4)CCNCC5)sn3)n2)cc1,11.61895003862225
O=C(O)c1cscc1-c1csc(-c2cn(Cc3ccc(-n4ccnc4)nn3)cn2)n1,11.661903789690601
CSc1ccc2ncn(Cc3ncc(-n4nnnc4-c4cscn4)s3)c2c1,11.704699910719626
NCc1sc(-n2ccc(-c3nccs3)n2)nc1Oc1ccc(-n2nccn2)cc1,11.74734012447073
OC[C@@H]1COc2ccc(-c3cnn(-c4nc(-c5nnn(-c6ccccc6)n5)cs4)c3)cc21,11.789826122551595
O=C(O)Cc1cnc(Oc2cccc(-n3cnn(-c4nccs4)c3=S)c2)s1,11.832159566199232
Nc1nc(-c2csc(-n3cc(CSc4nc5ccccc5s4)nn3)n2)cs1,11.916375287812984
Nc1cn(Cc2ccc(-c3nc(-n4nccn4)sc3-c3csnn3)c(F)c2)cn1,11.916375287812984
COc1ccc(-c2nnn(-c3nc4c(s3)CN(c3cc(N)cc(C)n3)CC4)n2)s1,11.958260743101398
Fc1nn(-c2nc(NCc3cn(-c4ccccc4)nn3)nc(-c3cccs3)n2)s1,11.958260743101398
Cc1nnc(-c2cnn(-c3nc(SC(F)(F)F)nn3-c3ccc(O)cc3)c2)s1,11.958260743101398
c1cnn(-c2ccc(-c3ccc(CNc4nnc(-c5nccs5)s4)s3)nn2)c1,11.958260743101398
CNc1ncc(-c2nnn(-c3ccc(Oc4cnc5sccc5n4)cc3)n2)s1,12.0
Cc1cc(-n2nnc(-c3csnn3)n2)ccc1Cn1cnc2ccc(C(=O)O)cc21,12.041594578792296
Nc1nccc2cc(CSc3nc(-n4cc(-c5cccs5)nn4)ns3)cn12,12.083045973594572
CNc1nsc(-n2nc(-c3ccc4c(ccn4C)c3)c(-c3ccc4ncnn4c3)n2)n1,12.12435565298214
C[C@H](Nc1nc2cnccc2s1)c1ccc(-n2nnc(-c3nccs3)n2)s1,12.12435565298214
c1csc(NCc2cn(-c3ncc(-c4ccc5c(ncn5C5CC5)n4)s3)nn2)n1,12.12435565298214
Oc1ccc2c(c1)CCN(CCn1nnc(-c3csc(-c4cscn4)n3)n1)C2,12.12435565298214
Nc1nc(SCc2nnc(-c3nc4ccc(C5=NCCO5)cc4s3)s2)cs1,12.12435565298214
c1ccc(-n2cc(-c3nnn(-c4ccc(Oc5cccc6c5CCN6)nc4)n3)nn2)cc1,12.165525060596439
Cn1nnc2cc(-c3nn(-c4nnc(NCc5ccc6c(c5)OCO6)s4)s3)ccc21,12.165525060596439
CNc1c(F)nn(-c2ccc(Oc3nc4ccccc4s3)nc2)c1-c1nnsn1,12.165525060596439
Cc1noc(-c2nnc(N3CCN(c4nc(-c5cccs5)cs4)CC3)s2)n1,12.206555615733702
c1csc(-c2nnc(SCc3cn(-c4ccncn4)nn3)n2-c2cccs2)c1,12.206555615733702
c1ccc(-n2c(SCc3cn(-c4nccs4)nn3)nnc2-c2cccs2)cc1,12.24744871391589
S=c1[nH]nnn1-c1ccc(Oc2ccc(-n3cc(-c4cccs4)nn3)s2)nc1,12.24744871391589
C(=N/Nc1nc(-n2cc(-c3cccs3)nn2)ns1)\c1ccc(-n2ccnc2)s1,12.288205727444508
COc1ccc(-n2cc(-n3cc(-c4csc(-c5cccs5)n4)nn3)nn2)c(O)c1,12.288205727444508
COc1ccc(-n2nnc(-n3scc(-c4nnsc4-c4ccccc4)c3=N)n2)cc1,12.288205727444508
S=c1[nH]c(-c2nc(-c3cscn3)ns2)nn1-c1ccc(Cn2ccnc2)cc1,12.288205727444508
Cn1cnc(-c2nc3sc(Oc4ccc(-c5cn(C6CNC6)nn5)cc4)nc3s2)n1,12.328828005937952
O=C(O)c1nsnc1-c1ncc(-c2cn(Cc3cccs3)c(N3CCCC3)n2)s1,12.328828005937952
CNc1nsc(-c2cn(-c3cc(Oc4nc5ccccc5s4)ns3)nn2)n1,12.328828005937952
Cn1nc(CSc2nnc(C(C)(C)C)s2)cc1-c1nnn(-c2ccccc2)n1,12.36931687685298
O=C(O)/C=C/c1ccc(-n2cc(-c3nnn(-c4ccsc4)n3)c(-n3cccc3)n2)cc1,12.36931687685298
Cn1ccc2nc(-c3nnn(-c4ccc(Oc5nc6ccccc6s5)nc4)n3)n(C)c21,12.36931687685298
C[C@H](c1ccc(-n2cc(-c3csnn3)nn2)cc1)N1CCC(n2cnc3ccccc32)N=N1,12.36931687685298
Nc1ccn(-c2nnc(-c3ncc(CN4CCC(c5nccs5)CC4)s3)s2)n1,12.409673645990857
Nc1ncc(Oc2ccc(-n3cnc(-c4cn(-c5cccc(F)c5)nn4)n3)cc2)s1,12.409673645990857
COc1nnc(-c2ccc(CN3CCC(c4nsc5c(N)ncnc45)C3)s2)s1,12.409673645990857
COc1cc(-n2nnc(-c3nccs3)n2)ccc1CN1CCCc2nc(N)sc2C1,12.409673645990857
C(=N/Nc1cccc(-n2nnc(-n3cc(-c4nccs4)cn3)n2)c1)\c1cccs1,12.449899597988733
c1cnn(-c2nc3nc(-c4ccc(Cn5cnc(-c6ccsc6)n5)cc4)[nH]c3s2)n1,12.449899597988733
c1ccc2sc(Oc3ccc(-n4nnc(NC5CCSCC5)n4)cc3)nc2c1,12.449899597988733
Sc1nnc(-c2ccc(CCn3cc(-n4ncc5cccnc54)nn3)s2)s1,12.449899597988733
Cc1ccc(-c2csc(N3CCC(Nc4nnc(-c5nccs5)s4)C3)n2)o1,12.449899597988733
COC1CNCc2nc(-c3c(C)nc(-c4cccs4)n3-c3nc(C)ns3)sc21,12.489995996796797
c1csc(-c2nnc(C3CCN(Cc4ncc(-c5csnn5)s4)C3)s2)n1,12.489995996796797
c1ccc2sc(Oc3ccc(-n4ncc(-c5coc(N6CCNC6)n5)n4)cn3)nc2c1,12.489995996796797
Cn1cnc(-c2cn(-c3ccc(Oc4ccn(-c5nc6ccccc6s5)n4)nc3)nn2)c1,12.529964086141668
COc1ccc2c(n1)sc1ncn(Cc3ccc(-n4nnc(-c5nccs5)n4)cc3)c12,12.529964086141668
O=Cc1nn(-c2ccc(CNc3nnc(-n4ncc5cccnc54)s3)s2)s1,12.609520212918492
OC1C(c2ccncn2)CCN1Cc1csc(-c2csc(-c3csnn3)n2)n1,12.609520212918492
CC(=O)Nc1nnc(SCc2ccc(-n3nnc(C(C)(C)C)n3)s2)s1,12.649110640673518
c1nc(-c2cn(-c3nsc(NCc4ccc5c(c4)OCO5)n3)nn2)cs1,12.649110640673518
Cc1nc(-n2ccnn2)ccc1CSc1nnc(-c2cc3c(s2)CN=CN3)s1,12.649110640673518
CC(C)(CNc1nc(-n2nnc(-c3cscn3)n2)cs1)c1ccc2c(c1)OCO2,12.649110640673518
CC1OCc2cc(-n3nc(NCc4csnn4)nc3-c3nccs3)ccc2O1,12.649110640673518
O=C(Nc1nnc(SCc2ccc(-n3ncnn3)s2)s1)c1cccs1,12.649110640673518
O=C(O)c1ccc(-c2nc3c(ncn3Cc3ccc(-n4ccnn4)cc3)s2)s1,12.68857754044952
c1csc(-c2nnn(-c3ccc(OCc4nnc(-c5nccs5)s4)cc3)n2)c1,12.68857754044952
Cn1nc(-c2nc(-n3cc(CSc4nc5ccccc5o4)nn3)c[nH]2)sc1=S,12.727922061357855
CSc1nnc(-c2nnn(-c3ccc(Oc4nc5c(s4)CNCC5)cc3)n2)s1,12.767145334803704
Cc1nccc(N2CCC(Nc3nc(-n4cc(-c5cccs5)nn4)cs3)CC2)n1,12.767145334803704
Cc1ccc(-n2ncc(C(=O)O)c2Oc2ccc(-n3nc4ncsc4n3)cc2)s1,12.806248474865697
c1csc(-c2nsn2-c2ccc(Oc3ccc4nnc(CN5CCC5)n4n3)cc2)n1,12.806248474865697
Cc1nnc(Nc2ccc3nc(Sc4ccc(-n5ccc(F)n5)cc4)nn3n2)s1,12.806248474865697
Cc1nc(S)n(-c2nn(-c3ccc(Oc4nc5ccccc5s4)nc3)nc2F)n1,12.806248474865697
Oc1nnc(-c2cccc(-n3ncc(CSc4nc5cccnc5s4)n3)c2)s1,12.806248474865697
c1cnnc(Nc2nnc(C3CCN(Cc4cnc(-c5csnn5)s4)C3)s2)c1,12.884098726725126
Cc1csc(N2CCC(Nc3nc(-n4cc(-c5cccs5)nn4)ns3)C2)n1,12.884098726725126
Nc1nc(-n2cc(OCc3nc4ccccc4s3)nc2-c2csnn2)cs1,12.884098726725126
Nc1nc(-n2cc(CSc3nc4ccccc4s3)nn2)ns1,12.884098726725126
CNc1nc(-c2cn(-c3cccs3)nn2)cc(-n2nc(-c3cccs3)nc2F)n1,12.922847983320086
C(=N/Nc1nnc(-n2ccc(-c3cscn3)n2)s1)\c1ccc(-n2cccn2)cc1,12.922847983320086
c1ccc(-n2nc(-n3nccn3)nc2-c2cc(NCc3ccc4c(c3)CCO4)no2)cc1,12.922847983320086
Cc1ccc(-c2nnc(N3CCC(Nc4nc(-c5csnn5)cs4)C3)s2)cn1,12.922847983320086
c1csc(-c2ncn(-c3nc(-c4ccc5c(c4)CN[C@@H]5Cn4nccn4)cs3)n2)n1,12.922847983320086
Nc1cc(-c2cccs2)nc(SCc2cn(-c3nc4c(s3)COCC4)nn2)n1,12.922847983320086
Fc1nc(-n2nccn2)sc1-c1nnc(NCc2ccc(-n3cccn3)cc2)s1,12.922847983320086
c1csc(-c2nsc(-n3ccc(Oc4ccc(-c5nnn(C6CN6)n5)cc4)n3)n2)c1,12.96148139681572
Cn1c(-c2cnn(-c3nnc(NCc4ccc5c(c4)OCO5)s3)n2)nc2ccccc21,12.96148139681572
c1ccc(-n2cc(CSc3nnc(-c4cccs4)n3-c3cscn3)nn2)nc1,13.0
c1ccc(-n2nnc(-c3sc4nsnc4c3-c3ccc(Cn4cncn4)cc3)n2)cc1,13.0
c1ccc2sc(SCc3nnc(-n4cc(-c5cscn5)nn4)s3)nc2c1,13.0
Nn1nc(-c2ccc(CN3CCCCC3)s2)nc1-n1cc(-c2cccs2)nn1,13.038404810405298
CON=C(N)Cc1ccc(-c2nsc(-n3c(-c4cccs4)nc4c3OCO4)n2)cc1,13.076696830622021
Cc1nc2sc(-c3nc4cnn(-c5ccc(-n6cnc(N)c6)cc5)c4n3C)nc2s1,13.076696830622021
c1csc(-c2nc3ccnc(NCCc4ccc(-c5nnsn5)s4)n3n2)c1,13.076696830622021
O=C(O)c1cc(-n2nc(-n3cnc(CSc4nccs4)c3)cc2Cl)sn1,13.076696830622021
c1csc(-c2nc3cc[nH]c3n2Cc2ccc(-n3nnc(-c4csnn4)n3)cc2)c1,13.076696830622021
FCCNc1nc(-c2nccs2)nn1-c1nc(-c2ccc3nsnc3c2)cs1,13.076696830622021
O=C(O)SCc1ccc(-n2cc(-c3csn4c(-c5cccs5)nnc34)nn2)cc1,13.114877048604
Cn1nc(-c2ncc(CN3CCC(C(=O)O)C3)s2)c2sc(-c3nncs3)nc21,13.114877048604
Cn1nc(CSc2nc3ccccc3s2)nc1-c1nnn(-c2cccs2)n1,13.152946437965905
c1ccc(-n2nc(-c3nnc(SCc4nnnn4-c4ccccc4)s3)s2)cc1,13.152946437965905
Nc1nnc(SCc2nnc(-n3nc(-c4ccc5c(c4)CCC5)s3)s2)s1,13.152946437965905
O=C(O)Cn1cc(-c2csc(-n3cnc(-c4cccs4)n3)n2)c(-c2cccs2)n1,13.152946437965905
Nc1nnc(SCc2ccn(-c3nc4c(-n5cccn5)cccc4s3)n2)s1,13.19090595827292
CNc1csc(-n2nnc(-c3nc4c(C)n(-c5ccc(Cl)cc5)nc4s3)n2)n1,13.19090595827292
COc1ccc2nc(Oc3cccc(-n4nnc(-c5ccsn5)n4)c3)sc2n1,13.19090595827292
Nc1nnc(SCc2nc(-c3nc(-n4c(F)cccc4=O)cs3)cs2)s1,13.19090595827292
Cc1nsc(-c2nnc(CN3CCC[C@@H](c4cc5nc(N)sc5s4)C3)s2)n1,13.19090595827292
Nc1nc(-c2nnc(Oc3cccc(-n4ccc(N5CCSC5)n4)c3)s2)cs1,13.228756555322953
Nc1csc(-c2nnc(CSc3nnc(-c4ccc5c(c4)CCO5)s3)s2)n1,13.228756555322953
OCc1cn(Cc2ccc(-c3nc4sc(-c5csnn5)nc4s3)cn2)cn1,13.228756555322953
c1nc(-c2cn(-c3nsc(-c4ccc5ncn(C[C@H]6CCCN6)c5c4)n3)nn2)cs1,13.228756555322953
Cn1c(=S)sc2ccc(Oc3ccc(-c4nnn(-c5ccc(N)nc5)n4)s3)nc21,13.228756555322953
CNc1nc2c(ncn2[C@@H]2CCCN(Cc3ccc(-c4nnsn4)s3)C2)s1,13.228756555322953
c1csc(-c2nc3nc(-c4cnn(CCNc5nc6ccccc6s5)n4)sn3n2)c1,13.228756555322953
c1nnc(-c2ccc(Cn3nnc(-c4nc(-c5ccc6c(c5)CNC6)ns4)n3)s2)s1,13.2664991614216
CNc1nc(-c2c(F)cnn2-c2ccc(Oc3nnc4sccc4n3)cc2)ns1,13.2664991614216
CNc1nnn(-c2ccc(Oc3nc4sc(-c5nccs5)nc4s3)cc2)n1,13.2664991614216
c1ccc(-n2cc(SCc3nnc(-c4nncs4)n3-c3ccccc3)nn2)cc1,13.30413469565007
Nc1nc(-n2cc(-c3cccs3)nn2)nc2nc(SCc3cccs3)sc12,13.341664064126334
Cn1c(SCc2ccc(-n3cc(-c4nc[nH]n4)s3)nn2)nnc1-c1cccs1,13.341664064126334
COc1ccc(-c2nnc(-n3cnc4c(C=S)nc(-c5cccs5)nc43)s2)cn1,13.341664064126334
CN1CCC(C(=O)Nc2nnc(SCc3nc(-c4cccs4)ns3)s2)CC1,13.379088160259652
CSc1nnc(-c2nc(-c3ccc4c(c3)[C@@H](c3nccs3)NCC4)n(C)n2)s1,13.379088160259652
c1csc(-c2nc(CNc3ccncc3)n(-c3cc(-c4nnsn4)cs3)n2)c1,13.379088160259652
CSc1nnc(-n2ncc(-c3ccc(Cn4nnc5c4CCCN5)cc3)n2)s1,13.379088160259652
COc1ccc2c(-n3nc(-c4cccs4)nc3-n3cc(C(=O)O)nn3)csc2c1,13.416407864998739
Fc1nn(-c2ccc(Oc3cnc4sccc4n3)cc2)nc1-n1cc(CS)nn1,13.416407864998739
CNc1ccn(-c2nnn(-c3ccc(Oc4nc5ccccc5s4)nc3)n2)n1,13.416407864998739
C(=C/c1nc(-c2csnn2)nn1-c1ccccc1)\Cn1nnc(-c2ccsc2)n1,13.45362404707371
Cc1nccc(N2CCC(Nc3nnc(-c4nc(-c5cccs5)ns4)s3)C2)n1,13.527749258468683
Fc1cc(CNc2nc(-n3cccn3)cs2)ccc1-n1nnc(-c2nccs2)n1,13.527749258468683
C(=N/Nc1ncccn1)\c1ccc(-n2nc(-n3ccs3)nc2-c2cscn2)cc1,13.527749258468683
Cc1cc(-c2csc(N3CC(C(=O)O)C3)n2)nc(-c2nc(-n3ccs3)cs2)n1,13.527749258468683
Cc1ccc(-c2ncn(-c3cc(-c4nncs4)nc(-c4csc5c4CCNC5)n3)n2)o1,13.527749258468683
Clc1nc(NCc2nc3ccccc3s2)nc(-n2cc(-c3nccs3)nn2)n1,13.527749258468683
S=c1[nH]nnn1-c1ccc(Oc2ccc(-n3cc(-c4cccs4)nn3)s2)nn1,13.527749258468683
Fc1cc(CNc2nc(-n3cccn3)cs2)ccc1-n1nnc(-c2cscn2)n1,13.527749258468683
OC1CCN(c2ccc(Oc3ccc(-n4cc(-c5nnsn5)nn4)s3)cc2)CC1,13.564659966250536
CNc1nnc(-c2cn(-c3ccc(Oc4nc5c(s4)CCCC5)nc3)nn2)s1,13.564659966250536
CNc1nn(-c2ccc(Oc3nn4nccc4s3)cc2)nc1-c1ccc2c(c1)OCO2,13.564659966250536
COc1ccc(-c2nnc(N3CCN(c4nc(-c5cccs5)no4)CC3)s2)cc1,13.601470508735444
COc1ccc(-c2nsc(-n3nnc4cc(-c5ccnc(N6CCC6)n5)sc43)n2)cc1,13.601470508735444
Nc1nc(-n2cc(-c3cccs3)nn2)nc2sc(CN3CCC(C(=O)O)CC3)cc12,13.601470508735444
O=C(O)c1ccc(-n2cc(CSc3nnc(-c4nc(F)cs4)s3)nn2)cc1,13.601470508735444
CSc1nc2nc(Oc3ccc(-c4ncsn4)cc3)cc(-c3nccs3)n2n1,13.638181696985855
c1cc(Nc2csc(-c3nnc(CN4CCCCC4)s3)n2)nc(-n2cncn2)c1,13.674794331177344
CC(=O)N1CCC(Nc2nn(-c3ccc(Oc4nn5cccc5s4)nc3)s2)CC1,13.674794331177344
Nc1nnc(SCc2nn(-c3nc(-c4ccc5c(c4)OCO5)cs3)s2)s1,13.674794331177344
Nc1nc(-c2cccs2)nn1-c1nc(-c2ccc(CSc3nncs3)cc2)ns1,13.674794331177344
Nc1nnc(SCc2ccn(-c3nc(-c4ccc5c(c4)OCO5)cs3)n2)s1,13.674794331177344
O=C(O)/C=C/c1ccc(-n2cc(-c3nc(-n4cccn4)nc4sccc34)nn2)cc1,13.711309200802088
Cn1c(-c2csc(-n3cnnn3)c2)nc2sc(-c3ccc(CC(=O)O)cc3)nc21,13.711309200802088
CSc1nccc(-c2ncc(-c3nnc(-c4ccc5c(c4)OCCNC5)n3C)s2)n1,13.711309200802088
c1ccc(-n2cc(CSc3nnn(-c4nc(-c5cccs5)cs4)n3)nn2)cc1,13.74772708486752
C/C=C/c1nnc(N2CCC(Nc3nn4cc(-c5nccs5)nc4s3)C2)s1,13.784048752090222
Nc1nnc(SCc2csc(-n3cc(-c4cccs4)nn3)n2)s1,13.784048752090222
O=C(O)C1CCSN(Cc2nc(-c3nccs3)no2)C1,13.820274961085254
c1ccc2sc(Oc3ccc(-n4nnc(-c5cnn(C6CCNC6)c5)n4)cn3)nc2c1,13.820274961085254
Nc1nnc(SCc2cn(-c3nc(-c4csnn4)cs3)nc2C(F)(F)F)s1,13.820274961085254
CNc1nc(F)c2ncn(Cc3ccc(-c4csc(-c5nnsn5)n4)s3)c2n1,13.856406460551018
Cc1nsc(-n2c(SCC3CN=NN3)nnc2-c2cc3ccccc3s2)n1,13.856406460551018
CC(C)(C)c1c(-c2ccc(C(=O)O)cc2)nnn1CCSc1nnc2sccn12,13.856406460551018
c1ccc(Nc2nc(-c3ccc(Cn4nnc(-c5nccs5)n4)cc3)ns2)nc1,13.856406460551018
COc1ccc2ncn(-c3nnc(NCc4ccc(-n5nccn5)nc4F)s3)c2c1,13.856406460551018
O=C(O)c1nnc(SCc2ccc(-n3nc(-c4cscn4)s3)cc2)s1,13.856406460551018
c1csc(-c2nnnn2-c2ccc(Oc3nc4scc(CN5CCC5)n4n3)cc2)c1,13.856406460551018
O=C(CSc1nnc(-c2cn(-c3ccc(F)cc3)nn2)s1)Nc1nccs1,13.856406460551018
Sc1nc(-c2ccc(CN3CCCCC3)s2)nn1-c1nnc(-c2ccsn2)o1,13.92838827718412
Cc1cc(N)nc(N2CCN(c3nc(-c4nnc(-c5cccs5)s4)ns3)C2)c1,13.96424004376894
Nc1nc(-c2nnc(-n3cc(CSc4nc5ccccc5s4)nn3)s2)cs1,13.96424004376894
Nc1nnc(SCc2ccc(-n3nnc(-c4ccc5ncsc5c4)n3)cc2)s1,13.96424004376894
c1csc(-c2nnn(-c3nc(-c4ccc(CSc5nncs5)cc4)n[nH]3)n2)c1,13.96424004376894
c1csc(-c2nnn(-c3nc(-c4ccc(CSc5csnn5)cc4)n[nH]3)n2)c1,13.96424004376894
Cc1ccn(-c2csc(-c3ccc4nc(Sc5nnc(N)s5)ncc4c3)n2)n1,13.96424004376894
Oc1ccc(-c2nc(-c3ccc(Cn4nnc(-c5nccs5)n4)s3)cs2)nc1,13.96424004376894
CSc1nn2cc(-c3ccnc(-c4cnn(-c5nc(C)cs5)n4)n3)cc2s1,14.035668847618199
c1ccc(-c2nnc(C3CCN(Cc4ncc(-c5nnsn5)s4)CC3)s2)nc1,14.071247279470288
Nc1nc(-c2nnc(Oc3cccc(-n4ccc(N5CCOCC5)n4)c3)s2)cs1,14.106735979665885
Nc1nnc(SCc2ccc(-c3nsc(-n4ncc5c4CCS5)n3)cc2)s1,14.106735979665885
CC(=O)N1CCC=C(c2nc(-c3ccc(C)o3)nn2-c2nnc(SS)s2)C1,14.106735979665885
Oc1ccc(-n2nnc(-c3nnc(CSc4nc5ccccc5s4)s3)n2)cc1,14.142135623730951
C(=N/Nc1ccnc(N2CCCC2)n1)\c1cccc(-n2nc(-c3csnn3)s2)c1,14.142135623730951
Cn1c(SSc2nc3ccccc3s2)nnc1-c1ccc(C(=O)O)s1,14.142135623730951
COc1ccc(-c2nnc(N3CC(Nc4nc(-c5cccs5)ns4)C3)s2)cn1,14.142135623730951
CNc1ncn(Cc2ccc(-c3snnc3-c3nnn(-c4ccccc4)n3)s2)n1,14.142135623730951
Cc1nccc(N2CCC(Nc3nc(-c4cccc(-n5ccnn5)n4)cs3)CC2)n1,14.142135623730951
COc1ccc(-c2nnc3ccc(-c4nc(-c5ccc6ncnn6c5)cs4)nn23)cc1,14.177446878757825
O=C(O)c1nnc(SCc2ccc(-n3ccc(-c4nc(F)cs4)c3)nn2)s1,14.177446878757825
Nc1ncc([C@H]2CCCN(Cc3nn(-c4ccsc4)nc3-c3csnn3)C2)s1,14.212670403551895
Cn1c(=S)sc2nc(-c3cn(Cc4ccc(-n5nnc(N)n5)cc4)cn3)ccc21,14.212670403551895
c1ccc(-c2cc(N3CC(Nc4nc(-c5cc6scnn6c5)ns4)C3)on2)nc1,14.247806848775006
CNc1nnc(Oc2ccc(-c3noc(N4CCC5(CCCS5)CC4)n3)cn2)s1,14.247806848775006
Oc1ccc(-c2nnc(SCc3nnn(-c4ccc5c(c4)CCC5)n3)s2)cn1,14.247806848775006
Nc1nnc(SCc2nnc(-c3ncc(-c4ccc5c(c4)OCC5)s3)s2)s1,14.247806848775006
O=C(Nc1nnc(SCc2cnc(-c3csnn3)s2)s1)C1CCSCC1,14.247806848775006
Cc1nc(-c2cn(-c3csc(NC4CCCN(c5ccccn5)C4)n3)nn2)ns1,14.2828568570857
c1ncn(-c2ccc(CSc3nnc(NC4CCCc5sccc54)s3)nn2)n1,14.2828568570857
Sc1cc(-c2ccc(Cn3cc(-c4nccs4)nn3)s2)nc(-n2nccn2)n1,14.2828568570857
Cc1nsc(-c2nc(-c3nn(-c4ccc(/C=C/C(=O)O)cc4)c(=S)s3)cs2)n1,14.2828568570857
COc1ccc(-c2nc3n(n2)c(NCc2nc4ccccc4s2)nc2nncn23)cc1,14.2828568570857
Nc1nc(-c2nnn(-c3cnc(-c4ccc(CN5CCCCC5)s4)s3)n2)cs1,14.317821063276353
Nc1nc(-c2nccs2)cc(C2CCN(Cc3ccc(-c4nnsn4)s3)C2)n1,14.352700094407323
c1ccc(-n2nnc(-c3nc(-c4ccc(CSc5csnn5)cc4)ns3)n2)cc1,14.352700094407323
Nc1ccc(-c2nnc(SCc3nn4nc(-c5cccs5)nc4s3)s2)cc1,14.352700094407323
COc1ccc(-n2cc(-c3ccnc4cc(/C=C/c5nn[nH]n5)nn34)sc2=S)nc1,14.38749456993816
Nc1nnc(SCc2nnc(-c3ncc(-c4ccc5c(c4)CCO5)s3)s2)s1,14.38749456993816
NC1CCN(c2csc(Oc3ccc(-n4nnc(-c5cscn5)n4)s3)n2)CC1,14.38749456993816
O=C(Cn1sc2ccccc21)Nc1nnc(SCc2nc3sccn3n2)s1,14.38749456993816
c1cc(CSc2nncs2)cc(-c2n[nH]c(-n3nnc(-c4cccs4)n3)n2)c1,14.38749456993816
COc1ccc(-n2cc(-c3cn(-c4ccc5c(c4)CCNC5)nn3)nn2)c(-c2nncs2)c1,14.422205101855956
CC1OCCc2ccc(CNc3snnc3-n3nnc(-c4cccs4)n3)cc2O1,14.422205101855956
Oc1ccc(-n2cc(SSc3ccn4nc(-c5cccs5)nc4n3)nn2)cc1,14.422205101855956
O/N=C/c1nc2c(ncn2C2CCN(Cc3ccc(-c4csnn4)nc3)CC2)s1,14.422205101855956
FC(F)n1nc(-n2nnc(-c3nccs3)n2)cc1NCc1ccc2c(c1)OCO2,14.422205101855956
FCCNc1ccc(-n2nc(-c3cc4ncsc4s3)nc2-c2csnn2)nn1,14.422205101855956
c1ccc(-n2nnnc2SCc2ccc(-c3nsc(-c4csnn4)n3)cc2)cc1,14.491376746189438
Cn1ccc2nc(Nc3nnc(-c4nnc(CN5CCCCC5)s4)s3)ccc21,14.491376746189438
Nc1nnc(-c2cc(F)c(Cn3nc(-n4cccn4)nc3-c3cccs3)s2)s1,14.52583904633395
O=C(OCc1ccc(-n2cc(-n3ncc4cccnc43)nn2)cc1)Sc1nccs1,14.52583904633395
CNc1nc(F)cc(-c2nn(C)c3nc(-c4nnc(-c5cccs5)s4)sc23)n1,14.52583904633395
C(=N/Nc1nnc(Sc2ccc(-n3nccn3)cc2)s1)\c1ccc2c(c1)OCO2,14.52583904633395
Cc1ccc(-c2nnc(N3CCC(Nc4nc(-c5cccs5)ns4)C3)s2)nn1,14.52583904633395
Oc1cc(-c2nnsn2)sc1CN1CCC(c2nc(-c3cccs3)no2)CC1,14.52583904633395
O=C(O)C1CCN(Cc2nc(-c3nc4nc(-c5cccs5)nn4s3)cs2)CC1,14.52583904633395
Cn1c(Oc2ccc(-c3cnnn3-c3nccs3)cc2)nc2cc(C(=O)O)sc21,14.560219778561036
CC(C)(C)Nc1nnc(SCc2ccc(-n3nnc(-c4cscn4)n3)cc2)s1,14.560219778561036
CSc1nnc(-n2cc(NCc3cn(-c4ccc5sccc5c4)nn3)nn2)s1,14.560219778561036
COc1ccc(-n2nc(-c3nc4nsnc4s3)c3c(ncn3C)c2=S)cc1,14.594519519326424
Cn1cnc(-c2nc3sc(-c4cn(CC(=O)c5ccc(F)cc5)nn4)nc3s2)n1,14.594519519326424
c1ccc2sc(Oc3ccc(-n4nnc(-c5csc(CN6CCC6)n5)n4)cn3)nc2c1,14.594519519326424
Nc1nnc(-c2csc(-c3nnc(CN4CCCC4)s3)n2)s1,14.628738838327793
Cn1c(CNc2nc3nc(-c4cccs4)nn3nc2Cl)nnc1-c1cccs1,14.628738838327793
c1csc(-c2nc(COc3ccc(-n4cc(-c5cscn5)nn4)cc3)no2)c1,14.628738838327793
Nc1ccn2nc(SCc3sc(-c4nnn(-c5ccccc5)n4)cc3F)nc2n1,14.66287829861518
Nc1nnnn1Cc1ccc(-c2snnc2-c2nc(-c3cccs3)ns2)cc1,14.66287829861518
Nc1nc(-c2nc3sccc3nc2Oc2ccc(-n3cc(N4CC4)nn3)s2)cs1,14.66287829861518
CSc1ccn(-c2nc(CO)cc(-n3ncc4cc(-c5ccsn5)sc43)n2)n1,14.66287829861518
c1csc(N2CCC(Nc3ncc(Oc4ccc(-n5nccn5)cn4)s3)CC2)n1,14.696938456699069
Cc1cc(N2CCC(Nc3nnc(-c4cn(-c5nccs5)nn4)s3)CC2)ccn1,14.696938456699069
O=C(Nc1nnc(SCc2cnn(-c3nccs3)n2)s1)c1ccc(F)cc1,14.696938456699069
CSSc1nnc(-c2cn(-c3cccc(N/C(=N\C#N)SC)c3)nn2)s1,14.696938456699069
COc1ccc(-n2ncc(-c3nn(-c4ccc5nc(O)sc5n4)c(=S)s3)n2)cc1,14.696938456699069
c1csc(-c2ncn(-c3nsc(NCc4ccc5c(c4)OCO5)n3)n2)n1,14.696938456699069
COc1ccc(-c2cnc(N3CCN(c4nc(-c5nccs5)no4)CC3)s2)cc1,14.730919862656235
Cn1nc(-c2csnn2)nc1-c1cn(CSc2cc3ccccc3s2)nn1,14.730919862656235
CSc1nc2sc(-c3cn(-c4ccc(CN5CCCCC5)s4)nn3)c(N)n2n1,14.730919862656235
c1cnn(-c2ccc(-c3cn(-c4ccc(OSc5cscn5)cc4)nn3)cn2)n1,14.7648230602334
Cn1cc(-c2ccc(Sc3snnc3-c3nnn(-c4ccccc4)n3)cc2)nn1,14.7648230602334
COc1nnc(-c2nnc(N3CCN(c4nc5ccc(C)cc5s4)CC3)s2)s1,14.7648230602334
OC1NCCc2cc(CSc3snnc3-c3nnn(-c4ccccc4)n3)ccc21,14.7648230602334
N[C@@H]1CCCN(c2nnc(SCc3sc(-c4csnn4)nc3Cl)s2)C1,14.7648230602334
CSc1nc2c(s1)[C@H](c1cccc(-n3nnnc3-c3cscn3)n1)CCN2,14.798648586948742
Cn1nc(-c2csnn2)nc1Sc1nnc(NC2CCc3ccccc3C2)s1,14.798648586948742
COc1ccc(-c2nsc(NC3CN(c4nc5ccc(C#N)nc5s4)C3)n2)cc1,14.832396974191326
OCc1nn(-c2ccc(Oc3nc4ccccc4s3)nc2)nc1-n1ncc(=S)s1,14.832396974191326
c1ccc(-c2csc(Nc3nnc(-c4nnc(CN5CCCC5)s4)s3)n2)nc1,14.832396974191326
CSc1nnc(-c2nc(-c3nnc(-c4ccc5c(c4)OCCN5)n3C)cs2)s1,14.832396974191326
CNc1nc(Oc2ccc(-n3nnc(-c4cccs4)n3)cc2)nc2ncsc12,14.832396974191326
CCn1c(-c2ccc3c(c2)CNCCS3)nnc1-c1nnc(-c2nc(C)ns2)s1,14.832396974191326
O=C1c2ccoc2CCN1CCNc1snnc1-c1snnc1-c1cccs1,14.933184523068078
Cc1nnc(N2CCC(Nc3nc(-c4nc(-c5ccsc5)no4)cs3)CC2)s1,14.933184523068078
Nc1nnc(SCc2nnc(-c3nc4c(s3)SCC4)n2-c2ccccc2)s1,14.933184523068078
c1csc(-n2cnc3sc(Oc4ccc(-n5nnc(NC6CC6)n5)cc4)nc32)c1,14.933184523068078
Cn1nc(-c2ccc(Cn3cnc4c(N)nccc43)s2)n2nc(-c3cccs3)nc12,14.933184523068078
Nc1nnc(SCc2nnc(-c3nc4c(s3)COCC4)n2-c2ccccc2)s1,14.933184523068078
Cc1nc(-n2nccn2)ccc1Cn1cnc2scc(-c3nc(C(=O)O)cs3)c21,14.966629547095765
O=C(O)c1ccc(-c2nnc(COc3ccc4sc(-n5cccn5)nc4c3)s2)s1,14.966629547095765
c1ccc(-c2nnc(CNc3nc(-n4nnnc4-c4cccs4)ns3)s2)cc1,14.966629547095765
c1csc(-c2nnn(-c3nc(NCc4ccc5c(c4)OCO5)nc4sccc34)n2)c1,14.966629547095765
COc1ccc(-c2nnc(N3CC(Nc4nc(-c5nccs5)cs4)C3)s2)nc1,14.966629547095765
COc1cc2oc(Nc3nnc(-c4cccs4)s3)nc2cc1C(=O)N1CCOC1,14.966629547095765
O=Cc1nn(-c2ccc(Oc3nnc(NC(=O)C4CCCCS4)s3)s2)s1,14.966629547095765
Oc1ccnn1-c1nc(CSc2nnc(-c3ccc4c(c3)OCO4)s2)cs1,14.966629547095765
c1csc(C2=NN(c3nnc(SCc4ccc(-n5cnnn5)cc4)o3)CCC2)c1,15.033296378372908
Nc1nc(Sc2ccc(-n3nc(-n4nccn4)nc3-c3cccs3)cc2)cs1,15.033296378372908
CSc1nnc(-c2noc(-c3ccc(CN4CCC(=NN)SC4)s3)n2)s1,15.033296378372908
Nc1ncc(CSc2nnc(-c3cccs3)n2-c2ccc3c(c2)OCO3)s1,15.033296378372908
OC[C@H]1CCCN1c1nc(-c2nccs2)c(-c2nnn(-c3ccc(Cl)cc3)n2)s1,15.033296378372908
c1ccc(-n2nnc(-c3sc4ccnn4c3-c3nnc(NCC4CC4)s3)n2)cc1,15.033296378372908
Nc1nnc(SCc2ccc(-c3nnn(-c4ccccc4)n3)nc2C(F)(F)F)s1,15.066519173319364
CSc1nnc(-n2cc(NCc3nnc4nc(Cl)ccn34)c(C(C)(C)C)n2)s1,15.066519173319364
CC(=S)Nc1nnc(-c2ccc(-n3nnc(CSc4nccs4)n3)cc2)s1,15.066519173319364
CNc1csc(-n2nc(F)c(-c3ccn4nc(Sc5ccccc5)nc4n3)n2)n1,15.0996688705415
Cc1nsc(N2CCC(Nc3ccnc(-n4cnc(-c5nccs5)n4)c3)CC2)n1,15.0996688705415
CNc1cc(=S)sc(-n2nc(-c3ccsc3)nc2-c2ccc3nc(C)nn3n2)n1,15.0996688705415
COc1nc(-n2cc(-c3cscn3)nn2)ccc1Oc1nc2c(s1)CCNCC2,15.0996688705415
O=C(O)c1cc(-n2nnc(SCc3ccc4c(c3)OCO4)c2-c2cccs2)sn1,15.132745950421556
Nc1nc(CN2CCC[C@@H](c3nccs3)C2)sc1-c1nnn(-c2ccccc2)n1,15.165750888103101
COc1ccc(N2CC[C@@H](Nc3nc(-c4cnc(-c5csnn5)s4)ns3)C2)nc1,15.165750888103101
CC(C)(C)N1CCC(Nc2nnc(SCc3nnc(-c4nccs4)s3)o2)C1,15.198684153570664
c1nc(-c2nnn(-c3ccc(Oc4nnc(NC5CCCS5)s4)cc3)n2)cs1,15.198684153570664
Nc1nnc(SCc2csc(-n3cnc(-c4ccc5c(c4)CSC5)n3)n2)s1,15.198684153570664
Nc1nnc(SCc2cc(-n3cc(-c4cscn4)nn3)nc(C(F)(F)F)c2)s1,15.198684153570664
c1csc(CNc2cc(-n3cc(-c4cccs4)nn3)nc(-n3nccn3)n2)c1,15.198684153570664
Cc1csc(N2CCCC(Nc3cc(-n4cnc(-c5nnsn5)c4)ccn3)C2)n1,15.231546211727817
c1ccc(-n2nnc(-c3nnsc3NCc3ccc4c(c3)OC(c3ccco3)O4)n2)cc1,15.231546211727817
Cc1cccc(N2CCC[C@H](Nc3ccc(-n4nnc(-c5csnn5)n4)s3)C2)n1,15.231546211727817
CSc1nnc(-c2nc(C)c(-c3nnn(-c4ccc5c(c4)CCNC5)n3)s2)s1,15.231546211727817
c1ccc2sc(Oc3ccc(-n4nc(NC5COC5)nc4-n4nccn4)cc3)nc2c1,15.231546211727817
Cn1nncc1-c1nnc(-c2nnc(-c3ccc(CN4CCCCC4)s3)s2)s1,15.231546211727817
CSc1ccc(-n2c(-c3nnc(-c4nccs4)s3)nn(CC(=O)O)c2=S)cc1,15.264337522473747
Nc1nnc(SCc2ccc(-c3nnn(-c4ccc5c(c4)OCCS5)n3)s2)s1,15.297058540778355
Cc1noc(-c2ncc(CN3CCC(c4ccc(-n5nccn5)s4)CC3)s2)n1,15.297058540778355
Nc1nc(C2CCN(Cc3nc(-c4csnn4)sc3-c3csnn3)C2)cs1,15.297058540778355
c1cc(-c2nnc(-c3nsc(NC4CCSC4)n3)s2)ccc1Cn1cnnn1,15.329709716755891
CSc1sc(NCc2ccc3c(c2)OCO3)nc1-n1nnc(-c2cscn2)n1,15.329709716755891
O=C(O)c1csc(-n2ncc3c2ncn3Cc2ccc(-n3cc(Cl)nn3)cc2)n1,15.329709716755891
Nc1cc(CN2CCC(c3nnc(-c4nccs4)s3)CC2)sc1-c1nnsn1,15.329709716755891
CNc1nc(Oc2ccc(-n3nnnc3-c3ccsc3)cc2)nc2ncsc12,15.362291495737216
C/C(=N\Nc1cnc(-c2nnn(-c3ccccc3)n2)s1)c1ccc2c(c1)OCCO2,15.362291495737216
O=C(O)COc1ccc(-n2nc(-c3cncs3)nc2-n2ncc3cccnc32)c(F)c1,15.394804318340652
CN1CCC(c2csc(-c3nnc(CSc4nnc(N)s4)s3)n2)CC1,15.459624833740307
c1cc(Nc2nnc(-c3nnc(CN4CCCCC4)s3)s2)nc(-n2ccnc2)c1,15.459624833740307
c1ccc2c(-c3nnc(NCc4ccc5c(c4)OCO5)s3)cc(-n3nccn3)nc2c1,15.491933384829668
CSc1ccc(-n2nc(-n3ccc(N4CCCCC4)n3)nc2-c2nccs2)o1,15.524174696260024
Clc1ccc2nnc(NCc3csc(-n4nnnc4-c4cccs4)n3)n2c1,15.556349186104045
Cn1nc(-c2cccs2)nc1SSc1cc2c3sccc3nc(N)n2n1,15.556349186104045
NCc1nc(-c2nc3snc(Oc4ccc(-n5nccn5)cc4)c3s2)cs1,15.556349186104045
O=C(O)c1cnn(-c2ccccc2)c1-c1nnn(-c2ccc3c(c2)OC[C@H]2NCC[C@H]32)n1,15.556349186104045
Cc1nc(-c2cscn2)nn1-c1noc(-c2ccc(OC3CCNCC3)c(F)c2)n1,15.588457268119896
Nc1cc(CN2CCC[C@@H](c3nnc(-c4nccs4)s3)C2)sc1-c1nnsn1,15.588457268119896
Cc1ccc(-c2nnc(N3CCC(Nc4nc(-c5csnn5)ns4)C3)s2)cc1,15.588457268119896
CSc1nc(N)nc(-c2nnc(-c3cc4ncsc4s3)n2-c2ccccc2)n1,15.588457268119896
COc1ccc(-c2nnc(N3CC(Nc4nc(-c5cccs5)ns4)C3=O)s2)cc1,15.620499351813308
CSc1nc(-c2nccs2)nn1-c1ccc(Oc2nc3c(s2)CNCC3)nc1,15.620499351813308
C1=NCc2cc(-c3nnc(CSc4nnn(-c5ccccc5)n4)s3)ccc2N1,15.620499351813308
Oc1nnc(-c2cnc3cnc(CSc4nc(-c5cccs5)cs4)nn23)s1,15.620499351813308
Cc1nsc(-c2ncc(CN3CCC(c4noc(-c5cscn5)n4)CC3)s2)n1,15.652475842498529
c1csc(-c2ccc(-n3ccc(Sc4nc(N5CCCC5)ns4)n3)nn2)n1,15.684387141358123
Nc1ccc(-n2nnc(-c3ccc(CSc4nnc(N5CCCC5)s4)s3)n2)cn1,15.684387141358123
c1cc(-c2nnn(-c3nnc(NCc4ccc5c(c4)OCCS5)s3)n2)ccn1,15.716233645501712
CSc1nnc(-n2nc3c(n2)O[C@H](CNc2nc4ccccc4s2)CC3)s1,15.716233645501712
CSC(=S)Nc1nnc(SCc2csc3nnnn23)n1-c1ccccc1,15.716233645501712
Cc1ccn2c(NCc3c(-c4csnn4)csc3-n3ccnn3)nnc2c1,15.716233645501712
Cn1cc(-c2nsc(Nc3ccc(-n4nnn(-c5ccccc5)c4=S)cc3)n2)nn1,15.748015748023622
Cc1ccc2cc([C@@H]3CCCN(Cc4nnc(-c5nnsn5)s4)[C@H]3O)sc2n1,15.748015748023622
CNc1cnn(-c2nnn(-c3ccc(Oc4nc5ccccc5s4)cc3)n2)n1,15.748015748023622
ON=C1CCN(Cc2ccc(-c3cn(-c4nnc(-c5cscn5)s4)nn3)s2)CC1,15.748015748023622
Sc1ncsc1-c1ccc(Cn2nnc(-c3nc(-c4cscn4)no3)n2)cc1,15.748015748023622
c1csc(-c2nnc(C3CCN(Cc4nsc(-c5csnn5)n4)CC3)s2)c1,15.7797338380595
CC(C)(O)c1cc(-c2nnn(-c3ccccc3)n2)ccc1CSc1nnc(N)s1,15.7797338380595
OCc1cn(-c2nc(CSc3nnc(-c4ccc5c(c4)OCO5)s3)cs2)nn1,15.84297951775486
Nc1cc(-c2cccs2)nc(SSc2nnc(-n3nccc3F)s2)n1,15.84297951775486
Nc1nsc(-c2csc(CN3CCC(c4nc(-c5nnsn5)cs4)CC3)c2)n1,15.84297951775486
c1ncc(-n2cc(CSc3nnc(Nc4ccc5c(c4)OCCO5)s3)nn2)s1,15.84297951775486
CNc1ncn(-c2ccc3nc(Oc4ccc(-n5nccn5)nc4Cl)sc3c2)n1,15.84297951775486
c1ccc(Nc2nc(-c3cn(-c4ncc(CN5CCCCC5)s4)nn3)ns2)nc1,15.84297951775486
Cc1nccc(N2CCC(Nc3nc(-c4cnc(-n5nccn5)s4)cs3)CC2)n1,15.874507866387544
c1csc(-c2noc(-n3cc(NCc4ccc(C5SCCS5)cc4)nn3)n2)n1,15.874507866387544
c1cc(-c2nnc3ccc(Oc4ccc(-n5nnc(NC6CC6)n5)cc4)nn23)cs1,15.874507866387544
O=C(O)c1nc(-c2nnc(-n3nc(CCN4CCc5ccccc54)s3)s2)cs1,15.874507866387544
c1ccc(CNc2nccc(-n3nnc(-c4nc(-c5nccs5)cs4)n3)n2)cc1,15.874507866387544
Nc1nnc(-c2csc(-n3cc(-c4csc(CN5CCCCC5)c4)nn3)n2)s1,15.905973720586866
O=C(O)c1ccc(-c2cn(-c3ccc(OCc4nc5ccccc5s4)nn3)nn2)s1,15.905973720586866
O=C(O)c1ccc(CSc2ccn(-c3nc(-n4ncc5cccnc54)ns3)n2)cc1,15.905973720586866
c1nc(-c2cnsc2)n(-c2ccc(Oc3nc(N4CCCC4)n4nccc4n3)cc2)n1,15.937377450509228
c1csc(C2CCN(Cc3ncc(-c4nncc(-c5nncs5)n4)s3)CC2)n1,15.937377450509228
CSc1nc2c(Oc3ccc(-n4cnc(-c5nccs5)n4)cc3)ncnc2s1,15.937377450509228
Nc1ccc(-c2nnc(SCc3nnn4c3-c3ccccc3SC4)s2)nc1,15.968719422671311
CNc1nc(-c2nc(-c3ccc4c(c3)S[C@H](C)CO4)nn2-c2nccs2)ns1,16.0
Cc1nn(-c2nc(CNc3nnc(-c4ccc5c(c4)OCO5)s3)cs2)nc1F,16.0
CNNc1nsc(-c2cnn(-c3ccc(Oc4nc5ccccc5s4)nc3)n2)n1,16.0312195418814
Cc1ccc(-c2nnn(-c3csc(NC4CCN(c5ccsn5)CC4)n3)n2)o1,16.09347693943108
O=C(O)c1csc(-c2nc(CN3CCC(n4cnc5cccnc54)C3)cs2)n1,16.09347693943108
Cc1ncnn1-c1csc(N2CCC(Nc3nc(-c4cccs4)ns3)C2=O)n1,16.09347693943108
c1csc(-c2nnnn2-c2cc(CNc3nnc4sc(C5CC5)cn34)sn2)c1,16.09347693943108
COc1ccc(-c2nsc(Nc3nc(-c4ccc(N5CCOCC5)nc4)no3)n2)cc1,16.09347693943108
Oc1sc(-n2nccn2)nc1-c1ccc(Cn2cnc(-c3cscn3)n2)c(F)c1,16.09347693943108
c1cc(OC2CCOCC2)ccc1Nc1nc(-n2cc(-c3csnn3)cn2)ns1,16.1245154965971
c1ccc2sc(Oc3ccc(-n4ncc(-n5nnc(NC6CC6)n5)n4)cc3)nc2c1,16.1245154965971
COc1ccc(-c2nsc(N3CCC(Nc4ccnc(-n5ccs5)n4)CC3)n2)cn1,16.1245154965971
CCn1nnc(-c2csc(-c3nc4sc(CN5CCCCC5)nc4s3)n2)n1,16.1245154965971
c1ccc2sc(Oc3ccc(-n4nc(-n5cccn5)nc4NN4CCO4)cc3)nc2c1,16.1245154965971
Oc1c(SCc2nnn(-c3ccc(-c4nnns4)cc3)n2)sc2ccccc12,16.1245154965971
NC1CCN(c2nnc(SCc3nc(-c4cccs4)ns3)s2)CC1,16.186414056238647
Nc1ncn(Cc2ccc(-c3snnc3-c3nsc(N4CCCC4)n3)s2)n1,16.217274740226856
Nc1nc(CSc2nc3ccccc3s2)n(-c2nc(-c3csnn3)cs2)n1,16.217274740226856
S=c1[nH]nnn1-c1ccc(Oc2ccc(-n3cnc(-c4nccs4)n3)cn2)cc1,16.217274740226856
CCn1ncc(-c2csc(-c3nnsc3-c3ccc(C4=NCCN4)s3)n2)n1,16.217274740226856
O=C(O)c1sc(N2CCC(c3cccs3)C2)cc1-n1cnc(-c2nnsn2)c1,16.217274740226856
C(=N/Nc1ccnc(N2CCCC2)n1)\c1cccc(-n2nnc(-c3cccs3)n2)c1,16.24807680927192
c1csc(-c2nnn(-c3nnsc3NCc3ccc4c(c3)OCCO4)n2)c1,16.24807680927192
c1ccc2sc(Oc3ccc(-n4nnc(-c5nc(NC6CC6)cs5)n4)cn3)nc2c1,16.24807680927192
C(=N/Nc1ccc(-c2nnn(-c3ccccc3)n2)nc1)\c1ccc(-n2cncn2)s1,16.24807680927192
CSc1nnc(-c2nc(-c3nnn(-c4ccc5c(c4)CNCC5)n3)cs2)s1,16.24807680927192
NN=C1CCN(Cc2cc(-c3snnc3-c3nnn(-c4ccccc4)n3)cs2)CS1,16.30950643030009
c1cc(-c2nc(-c3csnn3)sc2CSc2nnc(N3CCCC3)s2)[nH]n1,16.34013463836819
O=C(O)CCn1nc(-n2cc(-c3ccsc3)nn2)nc1-c1ccc2scnc2c1,16.34013463836819
CNc1nc(-c2nnn(-c3ccc4nc(-n5cc(Cl)nc5C)sc4c3)n2)ns1,16.34013463836819
CSc1nc(-n2ccnn2)sc1CNc1nnc(-c2ccc3c(c2)OCO3)s1,16.34013463836819
Nc1nc(CSc2nc3ccccc3s2)cc(-n2cc(-c3cscn3)nn2)n1,16.34013463836819
COc1ccc(-c2nnc(N3CCC(Nc4nc5cncnc5s4)CC3)s2)cn1,16.34013463836819
CNc1nc(-c2ccc3ncnn3c2)cc(-n2c(SC)nnc2-c2cccs2)n1,16.3707055437449
COc1ccc(-n2cc(-c3cscn3)nn2)cc1C(=O)Nc1nnc2sccn12,16.3707055437449
COc1ccc(-c2nc(N3CCCCC3)sc2-c2nc(-n3nccn3)ns2)cc1,16.3707055437449
O=C(O)c1cc(-c2nnn(CCN3CCC(c4ccc5c(c4)OCC5)CC3)n2)sn1,16.401219466856727
Cc1cn2nc(Nc3nc(-c4csc(CN5CCCCC5)n4)ns3)sc2n1,16.431676725154983
COc1ccc(-n2nncc2CSc2nnc(-c3ccc4c(c3)NCCO4)s2)cn1,16.46207763315433
O=C(Nc1nnc(SCc2nc(-c3csnn3)co2)s1)C1CCSCC1,16.46207763315433
O=C(O)/C=C/c1nc(-c2ccn(-c3nsc(=S)s3)n2)nn1-c1ccc(O)cc1,16.46207763315433
c1nc(-n2cc(CSc3nnc(Nc4ccc5c(c4)OCCO5)s3)nn2)cs1,16.46207763315433
CNc1ncnc2c1ncn2Cc1ccc(-c2ccnc(-n3ncc(=S)s3)n2)cc1,16.492422502470642
c1cnn(-c2nsc(-c3ccc(Cn4cnc5c(-c6ccsc6)ncn54)cc3)n2)n1,16.55294535724685
c1ccc2sc(Oc3ccc(-n4nnc(-c5csc(NN6CCC6)n5)n4)cn3)nc2c1,16.55294535724685
Oc1ccc(-n2nnc(-c3ccco3)n2)cc1CSc1nc2ccc(Cl)cn2n1,16.55294535724685
c1ccc(-n2nnc(-c3ccc(CSc4nnc(N5CCCC5)s4)s3)n2)nc1,16.55294535724685
N[C@H]1CCCN(c2nnn(-c3ccc(Oc4nc5ccccc5s4)cc3)n2)C1,16.55294535724685
Cn1nncc1-c1csc(-n2ncc(SSc3nc4ccccc4s3)n2)n1,16.55294535724685
c1cnn(-c2nsc(-c3nnc(SCc4ccc5c(c4)CCO5)s3)n2)n1,16.55294535724685
Nc1nnc(SCc2nsc(-c3nnc(-c4ccc(F)cc4F)s3)n2)s1,16.583123951777
Cc1nsc(-c2nc(-c3nc(-c4ccsc4)ns3)n(C[C@H]3CCCN3)n2)n1,16.583123951777
c1cn(-c2ccc(CSc3nnc(NC4CCCc5ncsc54)s3)nn2)nn1,16.583123951777
COc1cccc(-c2noc(N3CCOC(Nc4nc(-c5cccs5)ns4)C3)n2)c1,16.61324772583615
c1nnc(Nc2ncc(CSc3nnc(-c4ccc5c(c4)OCCO5)s3)cn2)s1,16.61324772583615
Cn1c(SSc2ccc(-n3nnc(-c4cccs4)n3)nn2)nc2ccccc21,16.673332000533065
Cc1nc2ncc(CSc3nnc(-c4csc(N5CCCC5)n4)s3)nc2s1,16.673332000533065
c1csc(-n2nnc(-c3nc(-c4ncnn4CC4CCCSS4)cs3)n2)c1,16.673332000533065
Oc1nc(-c2nnc(CSc3nnc(-c4ccc5c(c4)CCO5)s3)s2)ns1,16.703293088490067
c1cncc(-c2cnc(Nc3nnc(-c4nsc(CN5CCCCC5)n4)s3)s2)c1,16.703293088490067
Nc1nnc(SCc2nsc(-c3nc4c(s3)CN(c3ccco3)CC4)n2)s1,16.703293088490067
CNc1nc(-c2nccs2)nc(-n2ccnc2Sc2ccc3c(c2)OCCO3)n1,16.703293088490067
c1csc(-c2nnn(-c3ncnc(Nc4ccc(CN5CCOCC5)cc4)n3)n2)c1,16.703293088490067
N[C@@H]1CCCN(c2snnc2-c2cnn(-c3ccc(Oc4nccs4)cc3)n2)C1,16.703293088490067
COc1ccc(-c2nnc(N3CC(Nc4nnc(-c5cccs5)s4)C3)s2)nn1,16.703293088490067
CNc1ccn(-c2cc(Oc3nc4ccccc4s3)nc(-c3csnn3)n2)n1,16.73320053068151
CN1CCC(Nc2nnn(-c3ccc(Oc4nc5ccccc5s4)nc3)n2)CC1,16.73320053068151
Clc1ccc(SSc2nnc(Oc3ccc(-n4ccnn4)cc3)s2)nn1,16.73320053068151
Cc1nc(N2CCN(c3nnc(-c4nc(C(=O)O)cs4)s3)CC2)sc1C,16.76305461424021
Nc1sc(-n2nnc(-c3cscn3)n2)cc1-c1nc(CN2CCCCC2)cs1,16.76305461424021
NC1=S(c2cccs2)N=C(n2cc(CSc3nc4c(s3)CCC4)cn2)N=N1,16.76305461424021
COc1ccc(-c2nsc(N3CCC(Nc4nccc(-c5nccs5)n4)C3)n2)cn1,16.792855623746664
c1cc(Nc2nc(-c3cnc(CN4CCCCC4)s3)ns2)ncc1-c1nnns1,16.792855623746664
c1cc(-c2cc3nsnc3n2C2CCC2)nnc1OCc1nc2c(s1)CNCC2,16.792855623746664
c1csc(C2CCCN(c3nnc(SCc4ccc(-n5nccn5)nc4)s3)C2)n1,16.792855623746664
Cc1nsc(-c2ccnc(N3CCC(Nc4nc(-c5cccs5)ns4)C3)n2)n1,16.822603841260722
CC(C)(C)N1CCC(Nc2nnn(-c3cccc(Oc4nn5nccc5s4)c3)n2)C1,16.822603841260722
COc1nsc(-c2nsc(NC3CCN(c4nc5ccccc5s4)C3)n2)n1,16.822603841260722
c1ccc(-n2nnc(-c3nnsc3SCc3ccc4c(c3)NCCO4)n2)cc1,16.852299546352718
Cc1nnc(Nc2nc(CN3CCn4nc(-c5cccs5)cc4C3=O)ns2)s1,16.852299546352718
Cc1cc(NC2CCN(c3nccs3)CC2)nc(-n2nnnc2-c2cccs2)n1,16.852299546352718
O=C(O)COc1ccc(-c2csc(-n3nnc(-c4cccs4)n3)n2)c2ccsc12,16.852299546352718
Cc1nc(NC2CCN(c3nccs3)CC2)ccc1-c1nnn(-c2nccs2)n1,16.852299546352718
O=C(O)c1ccc(-c2nnn(-c3nnsc3SCc3ccc(F)cc3)n2)s1,16.881943016134134
Cc1ccc(-c2nnc(N3CCC(Nc4nnc(-c5csnn5)s4)C3)s2)cn1,16.911534525287763
Nc1nc(-c2cccs2)nc(-n2nnc3cc(Oc4ccn5cccc5n4)ccc32)n1,16.941074346097416
c1cc(NCc2csc(-n3cc(-c4nccs4)nn3)n2)nc(N2CCCCC2)n1,16.941074346097416
c1cc2c(cc1CSc1nnc(-c3cnc(-c4nnsn4)s3)s1)NCCO2,16.941074346097416
c1cc(NCc2csc(-n3cc(-c4cscn4)nn3)n2)nc(N2CCCCC2)n1,16.941074346097416
CN1CCCc2sc(-c3csc(-n4nnc(-c5ccc(CC(=O)O)cc5)n4)n3)nc21,16.97056274847714
COc1cnn(-c2nsc(-n3ncc4ccc(-c5nc(C(=O)O)cs5)cc43)n2)c1,17.0
O=C(O)c1nc(-c2ncc(-n3cc(SSc4ccccc4)nn3)s2)cs1,17.0
Cc1cc(-c2nn(-c3ccc4cc(N)sc4c3)c(=S)s2)nc(-n2nccn2)n1,17.029386365926403
COc1ccc(-n2nc(-c3nc(-c4csnn4)ns3)c3c(c2=S)COC3)cc1,17.029386365926403
COc1ccc(-c2nsc(N3CCN(c4nc(N)c5ccsc5n4)CC3)n2)cn1,17.029386365926403
COc1ccc(-n2nnc(-c3nccs3)n2)cc1NC(=O)c1nc2c(s1)CCC2,17.05872210923198
COc1ccc(-c2nsc(Nc3nc(N4CCN(C(C)(C)C)CC4)no3)n2)cn1,17.05872210923198
Cn1nnc(-c2nc(C(=O)Nc3c(-c4ccsc4)nc4sccn34)cs2)n1,17.05872210923198
COc1ccc(-c2nnc(N3CCC[C@@H](Nc4nc5ccccn5n4)C3)s2)cn1,17.08800749063506
OC1CCCC(n2nnc(-c3ccc(Cn4nnc(-c5cccs5)n4)cc3)n2)SC1,17.08800749063506
COc1ccc(-n2cc(NC3CCN(c4nccs4)CC3)nc2-c2nnsn2)cc1,17.08800749063506
Oc1cc(Sc2nccs2)ccc1-n1nc(-n2nccn2)nc1-c1nccs1,17.08800749063506
Oc1cc(-n2nnc(-c3cccs3)n2)ccc1Oc1nnc(N2CCCC2)s1,17.08800749063506
Sc1nc(-n2nccn2)ccc1CSc1nnc(-c2ccc3c(c2)OCO3)s1,17.175564037317667
COc1ccc(-n2nnc(-c3nnsc3NC3CCN(c4cccs4)C3)n2)cc1,17.175564037317667
Fc1ccc(/C=N/Nc2ncc(Sc3ccc(-n4nc5ncsc5n4)nn3)s2)cc1,17.175564037317667
c1cnc2sc(NCc3nnc(-c4nnc(CN5CCCCC5)s4)s3)nc2c1,17.175564037317667
Nc1nnc(C2CCN(Cc3csc(-c4cnc(-n5nccn5)s4)c3)CC2)s1,17.26267650163207
Cn1ccc(-c2nnc(N3CCC(Nc4nc(-c5cccs5)ns4)C3=O)s2)n1,17.291616465790582
COc1ccc(-c2nnc(N3CCC(Nc4nc5nccnc5s4)CC3)s2)cn1,17.291616465790582
Cc1ncnc2sc(Nc3nnc(-c4csc(CN5CCCCC5)n4)s3)nc12,17.291616465790582
O/N=C/c1nc2nc(CN3CCCC3)sc2nc1-n1ccc(-c2cccs2)n1,17.291616465790582
Oc1cc(CSc2cnc(-c3nc4c(s3)CCCC4)nn2)sc1-n1ccnn1,17.320508075688775
Cn1cnc2ccc(-c3nc(-n4nnc(-c5ccc(C(=O)O)s5)n4)cs3)cc21,17.320508075688775
Cc1ccnc(N2CCC(Nc3csc(-n4cc(-c5cscn5)nn4)n3)CC2)n1,17.320508075688775
CSSc1nnc(NC(=O)Oc2ccc(-c3cn(C4CCOC4)nn3)cc2)s1,17.320508075688775
COc1ccc(-c2nc(-c3ccc(C(=O)O)cc3)n(-c3nsc(=S)s3)n2)nc1,17.349351572897472
O=C(O)[C@@H]1C[C@H]1c1ccc(-c2nsc(-n3nc(-c4nccs4)nc3S)n2)cc1,17.378147196982766
c1ccc(-n2nnc(-c3nc(CSc4nnc(N5CCCC5)s4)cs3)n2)cc1,17.378147196982766
COc1ccc(-c2nsc(NC3CCN(c4cnc(-n5nccn5)s4)C3)n2)cc1,17.406895185529212
c1ccc(-n2nnc(CSc3nsc(Nc4ccc5c(c4)OCCO5)n3)n2)cc1,17.406895185529212
c1cc(Nc2nnc(-c3ccc(CN4CCCCC4)s3)s2)nc(-n2nccn2)n1,17.406895185529212
O=C(O)COc1ccc(-c2nc(-n3nnc(-c4cccs4)n3)cs2)cc1Cl,17.406895185529212
Cc1csc(N2CCC[C@H](Nc3ccc(-n4nnc(-c5cccs5)n4)nn3)C2)n1,17.435595774162696
COc1nc(-c2nsc(NC3CCN(c4nc5cccnc5s4)CC3)n2)cs1,17.435595774162696
COc1ccc(-c2nsc(N3CCCN(c4nc(N)c5ccsc5n4)CC3)n2)cn1,17.46424919657298
Nc1nc([C@@H]2CCCN2Cc2nc3ccccc3o2)n(-c2ccc(-n3ccnn3)s2)n1,17.4928556845359
COc1ccc(-c2nnn(-c3nc(NC4=NC(C(F)(F)F)SC4)cs3)n2)cn1,17.52141546793523
c1cnn(-c2nc(C3CC3)n(-c3nc(NCc4ccc5ncsc5c4)cs3)n2)n1,17.52141546793523
c1ncc(-c2csc(Nc3nnn(-c4cnc(CN5CCCCC5)s4)n3)n2)s1,17.52141546793523
Cc1csc(N2CCC(Nc3cccc(-n4nnc(-c5cscn5)n4)n3)CC2)n1,17.549928774784245
Cc1csc(N2CCC(Nc3cccc(-n4nnc(-c5nccs5)n4)n3)CC2)n1,17.549928774784245
COc1ccc(-n2nnc(-c3nccs3)n2)cc1C(=O)Nc1nc2sccc2s1,17.549928774784245
Cc1csc(N2CCC[C@H](Nc3cnn(-c4cccc(-c5nnsn5)c4)n3)C2)n1,17.549928774784245
COc1ccc(NC(=O)n2ncc3sc(-c4csc(N5CCCC5)n4)nc32)cn1,17.549928774784245
O=C(O)COc1cccc(-c2nc(-c3nc4csnc4s3)nn2C2CCS2)c1,17.578395831246947
CC(C)(C)Sc1nn(-c2ccc(Cn3cncn3)cc2)nc1-c1nc(C(=O)O)cs1,17.578395831246947
Cc1nc(NC2CCN(c3nc(-c4ccccn4)ns3)C2)sc1-c1nnsn1,17.60681686165901
c1ccc(-n2nnc(CSc3nnc(Nc4ccc5c(c4)OCCO5)s3)n2)cc1,17.635192088548397
c1csc(-c2nnn(-c3ccc(Oc4nnc(NC5CCOCC5)s4)cc3)n2)n1,17.635192088548397
c1csc(-c2csc(NCc3cc(-c4nccs4)nc(-n4nccn4)n3)n2)c1,17.635192088548397
Fc1cccc(-n2cc(-c3cn(-c4nnc(NCc5cccs5)nn4)nn3)cn2)c1,17.663521732655695
c1cnn(-c2ccc(Oc3nc(NC4CC4)nn3-c3ccc4ncsc4c3)cn2)n1,17.663521732655695
COc1ccc(-c2nnn(-c3ccc(N/C(S)=N/c4nccs4)s3)n2)cn1,17.69180601295413
c1ccc(-c2nsc(SSc3nnc(-c4cn(C5CC5)nn4)s3)n2)cc1,17.72004514666935
c1csc(-c2cn(-c3cc(-n4nnc(-c5cccs5)n4)nc(NC4CC4)n3)cn2)c1,17.74823934929885
c1csc(-c2cn(-c3cc(-n4nnc(-c5ccsc5)n4)nc(NC4CC4)n3)cn2)c1,17.74823934929885
Oc1ccc(-n2nnc(-c3ccc(Sc4nnn(-c5ccccc5)n4)cc3)n2)cc1,17.776388834631177
COc1cccc(-n2nnc(-c3nc(C(=O)O)cs3)n2)c1N1CCC2(CCC2)CC1,17.776388834631177
Cn1c(-c2cc3nsnc3c(NCC3CCCO3)n2)nc2c1nnn2-c1ccsc1,17.776388834631177
O=C(O)c1ccc(-c2cn(Cc3ccc(-c4nnsn4)cc3C3CCS3)nn2)s1,17.804493814764857
Nc1nccn2nc(-c3ccc(CSc4nnc(N5CCCCC5)s4)s3)nc12,17.832554500127006
Nc1ncc2ncn(C3CCN(Cc4cn5nc(-c6cccs6)nc5s4)CC3)c2n1,17.832554500127006
c1csc(NC2CCN(c3ncc(Oc4ccc(-n5nccn5)nn4)s3)CC2)n1,17.86057109949175
N[C@@H]1CCCN1c1nc(-c2nc(CSc3nc4ccccc4s3)ns2)ns1,17.86057109949175
CNc1nnc(-n2nnc(-c3ccc4c(c3)N(c3csc(C5CC5)n3)CCO4)n2)s1,17.86057109949175
CCSc1nnc(-c2cc3c(s2)CNCC3)nc1-n1cnc(-c2nccs2)n1,17.88854381999832
CC1CC(C(=O)O)CN1c1nnn(-c2ccc(Oc3nc4ccccc4s3)cc2)n1,17.88854381999832
O=C(O)[C@@H]1CCCN(c2nnn(-c3ccc(Oc4nc5ccccc5s4)cc3)n2)C1,17.88854381999832
O=C(O)[C@H]1CCCN(c2nnn(-c3ccc(Oc4nc5ccccc5s4)cc3)n2)C1,17.88854381999832
O=C(O)c1ccc(-n2nncc2Oc2cccc(-n3cc(N4CCOCC4)cn3)c2)cc1,17.916472867168917
Oc1ccc2nc(-c3ncc(CSc4nnc(N5CCCCC5)s4)s3)nn2n1,17.944358444926362
COc1ccc(-n2nc(-c3nc(-c4cscn4)ns3)n3ncnc3c2=S)cc1,17.944358444926362
c1ccc(-c2nc(CSc3nnc(N4CCC(Nc5nccs5)=N4)s3)co2)nc1,17.944358444926362
COc1cnn(-c2ccc(-c3nnc(NCc4ccc5c(c4)SCCO5)s3)cn2)n1,17.97220075561143
c1csc(-c2nnn(Cc3ccc(-c4nsc(NN5CCCCC5)n4)cc3)n2)n1,17.97220075561143
Nc1nc(-n2c(SCc3cccs3)nnc2-c2ccc3c(c2)OCCO3)ns1,17.97220075561143
Cc1nc(-c2nsc(NC3CCN(c4ccnc(-c5nccs5)n4)C3)n2)cs1,17.97220075561143
C[C@@H]1COc2cc(-n3nnc(-c4sccc4C(=O)O)n3)ccc2N1Cc1nccs1,18.027756377319946
CNNc1ncnc(-c2nn(-c3ccc(Oc4nc5ccccc5s4)nc3)s2)n1,18.027756377319946
Nc1cccc(SSc2nnc(-c3nnn(-c4ccc(Cl)cc4)n3)s2)n1,18.027756377319946
c1cc(-c2nccs2)nc(NC2CCCN(Cc3ncc(-c4nnsn4)s3)C2)n1,18.083141320025124
O=C(CSc1nnc(-c2nnc(-c3cccs3)s2)s1)Nc1nncs1,18.083141320025124
Oc1ccc(-c2nc(CSc3nnc(-c4ccc5c(c4)OCO5)s3)ns2)nc1,18.083141320025124
c1nc(CN2CCCCC2)sc1-c1nc(N2CCCC2)ns1,18.110770276274835
O=C(O)c1csc(-c2nnc(CSc3cn(-c4ccc(Cl)cc4)nn3)s2)n1,18.110770276274835
CN1CCOc2ccc(-c3nc(-n4nnc(-c5ccc(C(=O)O)s5)n4)cs3)cc21,18.138357147217054
O=C(O)COc1ccc(-c2nc(-c3nn(-c4ccsn4)c(=S)s3)ns2)cc1,18.138357147217054
Nc1nc(-c2nsc(-c3nnn(Cc4ccc(N5CCCCC5)cc4)n3)n2)cs1,18.16590212458495
CSc1nnc(-c2nc(-c3nnc(N4CCC(N)CC4)s3)cs2)s1,18.193405398660254
Cc1cnc(N2CCC(Nc3nnc(-c4nnn(-c5ccccc5)n4)s3)CC2)s1,18.2208671582886
Nc1nnc(SCc2nsc(-c3cnn(-c4ccc5c(c4)SCC5)n3)n2)s1,18.275666882497067
CC(=S)Nc1nn(-c2ccc(Oc3nc4ccccc4s3)nc2)nc1-n1nccn1,18.303005217723125
CNc1cc(Oc2ccc(-n3nc(-n4nccn4)s3)cc2)nc(N2CCCCC2)n1,18.303005217723125
CSc1nnc(-c2nnc(N3CCC[C@H](Nc4nc5ccncc5o4)C3)s2)s1,18.303005217723125
O=C(O)c1nnc(-c2ccc(CSc3nnc(N4CCCCC4)s3)s2)s1,18.33030277982336
Cc1ccc(-c2ncn(-c3nnc(SS)n3-c3ccc4c(c3)OCCO4)n2)o1,18.33030277982336
CNc1ncnc2c1ncn2Cc1ccc(-c2nc(-n3nccn3)ns2)s1,18.33030277982336
CCn1nc(-c2nc(-c3ccc4nc(S(=O)(=O)O)sc4c3)ns2)sc1=S,18.35755975068582
Nc1ccc(C2CCN(Cc3nn(-c4nccs4)nc3-c3csnn3)CC2)s1,18.384776310850235
Cc1cc2c(N)nc(SSc3nnc(-c4nnc5ccccn45)s3)nc2s1,18.384776310850235
Sc1nnc(-c2ccc(Oc3ncco3)cc2)n1-c1nc(N2CCCCC2)ns1,18.411952639521967
Cc1cc(N)nn1-c1nc(N2CCC(c3nnc(-c4nccs4)s3)CC2)ns1,18.411952639521967
c1nc(-c2noc(-c3nnsc3SCc3ccc4c(c3)CNCCO4)n2)cs1,18.439088914585774
Nc1nnc(SCc2cnn(-c3nc(-c4ccc5c(c4)NCCO5)cs3)n2)s1,18.439088914585774
CN1CCc2nc(Oc3ccc(-c4cnnn4-c4nccs4)cc3C(=O)O)sc2C1,18.466185312619388
COc1cc(-c2nsc(-c3nnc(NC4CN(C(=O)C(C)(C)C)C4)s3)n2)ccn1,18.49324200890693
Cc1nc(N2CCCC2)nc(-n2nnc3cc(Oc4nc5ccccc5s4)ccc32)n1,18.49324200890693
O=C1NCc2ccc(SSc3cn(-c4nnc(-c5cccs5)s4)nn3)nc21,18.520259177452136
c1ccc(Nc2nnc(SCc3nnn(-c4ccc5c(c4)OCCO5)n3)s2)cc1,18.520259177452136
O=C(O)c1ccccc1CSc1snnc1-c1nnn(-c2ccc(Cl)cc2)n1,18.547236990991408
COc1nc(-c2cccs2)nn2c(NCc3nc(-c4cccs4)ns3)nnc12,18.547236990991408
c1csc(-c2ncn(-c3cc(-c4cnc5ncsc5c4)nc(NC4CC4)n3)n2)n1,18.547236990991408
Clc1nc(N[C@@H]2CCNC2)nc(Oc2ccc(-n3nnnc3-c3cccs3)s2)n1,18.547236990991408
Sc1cnc(-n2nnc(-c3cccs3)n2)cc1CSc1nc2ccccn2n1,18.547236990991408
Nc1sc(-c2nccs2)cc1-n1nnc(-c2csc(CN3CCCCC3)n2)n1,18.57417562100671
CC(C)(C)c1nnc(SCc2ccc(-c3cccc(-n4ncc(N)n4)n3)nn2)s1,18.601075237738275
CC(C)NC(=O)CSc1nc(-c2ccccc2)n(-c2nc(-c3nnsn3)cs2)n1,18.627936010197157
COc1cccc(-c2nnc(-n3nnnc3Sc3nc4c(s3)CNCC4)s2)c1,18.627936010197157
Cn1cc(-c2ncc([C@H]3CCCCN3Cc3cnc(-c4csnn4)s3)s2)nn1,18.65475810617763
O=C(NCc1ccc(-n2nnc(-n3nc(-c4ccns4)s3)n2)cc1)OCc1ccccc1,18.681541692269406
COc1ccc(-c2nsc(N3CCC4(CN=CNc5sc(SC)nc54)O3)n2)cc1,18.708286933869708
Cc1nnc(-c2nnc(-c3cc(NC4CSN(c5ccccn5)C4)sn3)s2)o1,18.734993995195193
c1ccc(Nc2nnc(SCc3cnn(-c4ccc5c(n4)OCCO5)n3)s2)cc1,18.734993995195193
CSC(=S)N1CCC(Oc2ccc(-n3nnc(-c4ccc(C(=O)O)o4)n3)cc2)C1,18.76166303929372
N#Cc1cnn2c(NCc3ncc(-c4nnc(CN5CCCCC5)s4)s3)ccnc12,18.841443681416774
Fc1nc(-n2nccn2)nc(-c2nccs2)c1CNc1nc(-n2cccn2)cs1,18.867962264113206
CNc1nc(N2CCC(c3nccs3)CC2)nc(-n2cc(-c3cccs3)nn2)n1,18.867962264113206
O=C(O)c1csc(-c2nnn(CCN3CCC(c4nc5ccccc5s4)CC3)n2)n1,18.894443627691185
Nc1sc(-c2nnn(-c3ccc(CN4CCCCC4)s3)n2)nc1-c1cscn1,18.894443627691185
S=c1cnn(-c2nnc(-c3cn(Cc4ccc(-c5ccccc5)cc4)nn3)nn2)s1,18.920887928424502
Nc1nnc2sc(-c3ccc(CSc4nnc(N5CCCC5)s4)cc3)nn12,18.947295321496416
COC(=O)Oc1ccc(-c2nnn(-c3nc(N[C@H]4CCCN4C)sc3Cl)n2)cc1,18.947295321496416
O=C(O)CSc1nnc(-c2ccc(-c3nnc(CN4CCCCC4)s3)nc2)s1,18.947295321496416
O=C(O)c1csc(-n2nc(-c3csnn3)nc2CSc2ccc(F)cc2)n1,19.0
O=C(O)c1ncnn2nc(CSc3nnc(-c4cccs4)n3-c3cccs3)cc12,19.0
Nc1cc(-c2cccs2)nc(SCc2nc3nc(-c4cccs4)nn3s2)n1,19.026297590440446
COc1ccc(-n2nc(-c3cn(CC4CCCc5nnncc54)nn3)sc2=S)cc1,19.026297590440446
CN1CCC(Nc2nc(-n3cc(Oc4nc5ccccc5s4)cn3)ns2)CC1,19.05255888325765
c1nc(-c2nc(CNc3nnc(-c4cncs4)s3)cs2)nc(N2CCCC2)n1,19.05255888325765
c1csc(-c2ncn(-c3ncnc(N[C@@H]4CCN(c5nc(C6CC6)cs5)C4)n3)n2)c1,19.05255888325765
CNc1nc(-c2cccc(N3CCOCC3)n2)cc(-n2cnc(-c3cscn3)n2)n1,19.05255888325765
CSc1nnc(-c2nc(CN3CCC[C@@H](c4nnc(C(=O)O)s4)C3)cs2)s1,19.078784028338912
Cc1ccc(-c2noc(N3CCC(Nc4nc(-c5csnn5)ns4)CC3)n2)s1,19.078784028338912
CNc1nc(-n2nnc(-c3cccs3)n2)cnc1C1CCN(c2nccs2)CC1,19.078784028338912
c1cc(N2CCCC2)nc(-n2ncc(-c3nc(CSc4nccs4)cs3)n2)n1,19.131126469708992
CN(C)c1cc(-c2ccc(C(=O)Nc3nnc(N4CCCCC4)s3)nn2)sn1,19.131126469708992
CN1CCCC[C@H]1Nc1ccc(-n2nnc(-c3nc(-c4csnn4)ns3)n2)cc1,19.131126469708992
Cn1c(-c2nn(-c3ccccc3)c(=S)s2)nc2nc(-c3nsc(CN)n3)cnc21,19.157244060668017
Cc1cc(-n2cnc(-c3nccs3)n2)nc(NC2CCN(c3nccs3)CC2)n1,19.183326093250876
CN1CCC(Nc2nc(-n3cc(Oc4nc5ccccc5s4)nn3)c(C#N)s2)CC1,19.183326093250876
CSc1cnn(-c2cccc(Oc3nnc(-c4ccc5c(c4)NCCO5)s3)n2)n1,19.261360284258224
CN1CCOc2cc(-c3nc(-c4nnc(SCC(=O)O)s4)ns3)ccc21,19.28730152198591
Nc1ncc(C2CCN(Cc3nc(-c4nccs4)sc3-c3nnsn3)CC2)s1,19.364916731037084
Nc1nnc(SSc2nnn(-c3ccc(-n4ccc5ccccc54)cc3)n2)s1,19.364916731037084
CNc1nc(-c2ncn(-c3ccccc3)n2)nc(-n2nnc(-c3cccs3)c2F)n1,19.390719429665317
O=C(Nc1nnc(-c2cccs2)s1)c1nc(-c2ncn(C3CCS3)n2)cs1,19.390719429665317
CNc1nc(-n2nnc(-c3cccs3)n2)nc2sc(-c3nc(C)cs3)nc12,19.390719429665317
Fc1ccc(Sc2nnnn2-c2nsc(-c3cn(-c4cccs4)nn3)n2)cc1,19.44222209522358
COc1ccc(-c2nnn(-c3ccc(O)c(C(=O)N4CCc5scnc5C4)c3)n2)cn1,19.467922333931785
O=C(NN1CCCC1)Oc1ccc(Oc2ccc(-n3ncc(-c4ncsn4)n3)cc2)cc1,19.493588689617926
CC(=O)Nc1nnc(SCc2nsc(-c3c(Cl)nc4cccnn34)n2)s1,19.544820285692065
c1csc(-c2cn(-c3nc(CNc4ncnc(N5CCCCC5)n4)cs3)nn2)c1,19.570385790780925
Cc1nc(-c2nn(-c3nccs3)nc2CN2CCCc3nc(C(=O)O)sc32)cs1,19.595917942265423
CSc1nnn(-c2ccc3c(c2)CCN[C@H](C)C3)c1-c1nnc(-n2nccn2)s1,19.595917942265423
CNc1nc(N2CCCCC2)nc(-n2cc(-c3ncc(-c4nccs4)s3)cn2)n1,19.672315572906
CNc1ccc(-c2nc(-c3nnsn3)n(-c3ccc(N4CCCCC4)s3)n2)cn1,19.672315572906
Nc1nnc(SSc2nnn(-c3cccc(-n4c(F)ccc4Cl)c3)n2)s1,19.748417658131498
CSSc1nnc(-c2ccc(-c3nnsc3N3CCC(=N)CC3=O)cc2)s1,19.77371993328519
Cc1ccc(-n2nnnc2-c2nnsc2NCc2cccc3c2SCCO3)nc1,19.77371993328519
Cc1cnc(-c2ncc(-n3cc(-c4nnsc4NC4CCOCC4)nn3)s2)s1,19.79898987322333
CC(=S)Nc1nnc(SCc2nnc(-c3nnn(-c4ccccc4)n3)s2)s1,19.79898987322333
Cc1ccnc(N2CCC(Nc3csc(-n4nnc(-c5cccs5)n4)n3)CC2)n1,19.79898987322333
O=C(CSc1nc(-c2cccs2)ns1)Nc1nnc2sc(-c3ccco3)nn12,19.79898987322333
COc1ccc(-c2nsc(N3CCN(c4nnc(Nc5ncccn5)s4)C3)n2)cc1,19.79898987322333
Nc1nc(-c2cn(-c3cc(CN4CCCCC4)sc3-c3csnn3)nn2)cs1,19.82422760159901
CSSc1ncc2cc(-c3n[nH]c(-n4nnc(-c5cccs5)n4)n3)ccc2n1,19.849433241279208
CC(C)(C)Nc1nnc(SCc2cc(-c3csnn3)nc(-n3nccn3)c2)s1,19.87460691435179
CNc1nc(-c2nccs2)nc(-n2cc(/C=N/N3CSc4ccccc43)cn2)n1,19.87460691435179
CSc1nnc(-c2nc(-c3nnc(SC)n3-c3ccc4c(c3)CNC4)ns2)s1,19.87460691435179
Cc1nc(Nc2cc(-n3cc(-c4nccs4)nn3)nc(N3CCCCC3)n2)cs1,19.87460691435179
FC(F)(F)CCNc1snnc1-c1snnc1-c1nnn(-c2ccccc2)n1,19.87460691435179
O=C(Nc1nnc(SCc2csc(-c3nnsn3)n2)s1)C1CCSCC1,19.8997487421324
O=C(Nc1nnc(SCc2ccc(-n3nccn3)nc2)s1)SC1CCSC1,19.8997487421324
CC1Nc2ccccc2N=C1CCn1nc(-n2nccn2)nc1-c1ccc2c(c1)OCO2,19.974984355438178
Cc1cccc(N2CCC(Nc3snnc3-c3nnn(-c4ccsc4)n3)CC2)n1,20.0
Cc1cccc(N2CCC(Nc3snnc3-c3nnn(-c4cccs4)n3)CC2)n1,20.0
Cc1cnc(N2CCC(Nc3snnc3-c3nnn(-c4ccccc4)n3)CC2)s1,20.0
O=C(Nc1nnc(SCc2csc(-n3nccn3)n2)s1)C1CCCS1,20.074859899884732
CC(C)(C)Oc1ccc(-c2nnn(-c3ncnc(-c4ccc(CS)s4)n3)n2)cn1,20.074859899884732
OC1CCN(c2nccnc2Oc2ccc(-n3nnc(-c4cccs4)n3)s2)CC1,20.09975124224178
c1cncc(Nc2nc(C3CCN(Cc4ccc(-c5nnsn5)s4)CC3)no2)c1,20.09975124224178
c1cnc2nc(Nc3nnc(-c4nnc(CN5CCCCC5)s4)s3)cnc2c1,20.149441679609886
c1csc(-c2cc(-n3ccc(N4CCCCC4)n3)nc(NCc3cscn3)n2)n1,20.149441679609886
c1cnc(N2CCC(Nc3nnc(SCc4ccc(-n5ccnn5)o4)s3)CC2)nc1,20.174241001832016
CSc1nc2c(s1)CCCC2Nc1snnc1-c1nnn(-c2ccccc2)n1,20.199009876724155
COc1nc(Nc2nnc(-c3ccc(CN4CCCCC4)s3)s2)nc2nsnc12,20.248456731316587
Cn1nc(-c2cccs2)nc1SSc1nnc(N2CCCC(=N)CC2)s1,20.273134932713294
CSc1cc(-c2ncnc(N3CC(Nc4nc(-c5cccs5)ns4)C3)n2)on1,20.273134932713294
c1cn(-c2ncc(CNc3nnc4ccc(-c5cnc(C6CC6)s5)cn34)s2)nn1,20.273134932713294
Cc1cccc(N2CCC(Nc3snnc3-c3cn(-c4nccs4)nn3)CC2)n1,20.29778313018444
CC(=O)N1CCC(Nc2nnn(-c3ccc(Oc4nc5ccccc5s4)cc3)n2)CC1,20.29778313018444
NNc1csc(-c2cn(-c3ncc(-c4csc(CN5CCCCC5)c4)nn3)nn2)c1,20.29778313018444
Cc1csc(N2CCC(Nc3nccc(-n4nnc(-c5cccs5)n4)n3)CC2)n1,20.29778313018444
COc1ccc(-c2nsc(N3CCN(c4nc(N)c5scc(C#N)c5n4)C3)n2)cc1,20.346989949375804
FC(F)(F)c1c[nH]c(SSc2nnn(-c3nnc(-c4nccs4)s3)n2)n1,20.346989949375804
Clc1ccc(-n2nnc(CSc3nnnn3-c3ccc(NC4CC4)s3)n2)cc1,20.37154878746336
Cc1ccc(-c2ncnc(N3CCCC(Nc4nnc(-c5csnn5)s4)C3)n2)s1,20.37154878746336
c1ccc2sc(Nc3ncc(CSc4nnc(N5CCCCC5)s4)nn3)nc2c1,20.445048300260872
COc1ccc(-c2nnc3sc(-c4ccc(CN5CCCCCC5)nn4)nn23)cc1,20.518284528683193
c1csc(-c2ncnc(N[C@@H]3CCCN(Cc4cnc(-c5nnsn5)s4)C3)n2)c1,20.566963801203133
Nc1c(CSc2nc3ccccn3n2)cc(-n2nnc(-c3cccs3)n2)nc1F,20.566963801203133
c1cc2sc(Oc3ccc(-n4nnc(NC5CCN(C6CCC6)C5)n4)cc3)nn2n1,20.591260281974
O=C(O)c1csc(-c2nsc(-n3ccc(CSc4nccs4)n3)n2)n1,20.615528128088304
NCc1ccc2nnc(-n3nc(SSc4nc5ccccc5s4)s3)nc2n1,20.639767440550294
Fc1cnc2nnc(SCCNc3nc(-c4cc5ccccc5s4)ns3)n2n1,20.688160865577203
Cc1csc(N2CCC(Nc3snnc3-c3nc(-c4cscn4)no3)CC2)n1,20.688160865577203
Cc1cnn(-c2ncnc(N3CCC(Nc4nc(-c5cccs5)ns4)CC3)n2)c1,20.688160865577203
COc1ccc(-n2nnnc2SC2=NC(Nc3ccc(Cl)s3)=NCC2)nc1,20.73644135332772
Cc1ccnc(-c2nnc(N3CCC(Nc4nc(-c5cscn5)ns4)C3)s2)n1,20.73644135332772
c1ccc(Oc2nn(-c3ncc(-c4nnsc4N[C@H]4CCSC4)nn3)s2)cc1,20.760539492026695
CNc1nc(-n2cc(-c3nccs3)nn2)nc(-n2c(SC)nc3ccccc32)n1,20.760539492026695
c1csc(Nc2nnc(C3CCN(Cc4cnc(-c5nccs5)nn4)CC3)s2)n1,20.85665361461421
O=C(O)CSc1nnc(-c2nnc(-c3csc(CN4CCCCC4)n3)s2)s1,20.85665361461421
O=C(CSc1nnc(-c2nccs2)n1-c1ncccn1)Nc1nc2ccccc2s1,20.85665361461421
CN1CCC(Nc2snnc2-c2ccnc(-n3nnnc3-c3cccs3)c2)CC1,20.8806130178211
Clc1ccc(-n2nnnc2SSc2nnnn2-c2ccccc2)cc1,20.904544960366874
COc1ccc(-c2nnn(-c3nc(N4CCC[C@@H](C(=O)O)C4)c4ccsc4n3)n2)cc1,20.952326839756964
O=C(O)CC1CCN(c2nnn(-c3ccc(Oc4nc5ccccc5s4)cc3)n2)CC1,20.97617696340303
Cc1cnn(-c2nsc(N[C@H]3CCCN(c4ccnc(-c5cccs5)n4)C3)n2)n1,20.97617696340303
c1cc(-c2nnsn2)cc(-n2nnc(Sc3cc(NC4CCOCC4)cs3)n2)c1,21.047565179849187
c1cc2c(cc1-c1nnc(SCc3cnc(NC4CCSC4)nn3)s1)OCO2,21.071307505705477
c1cc(-c2nnc(Nc3ccc(N4CCCCC4)nn3)s2)nc(-n2nccn2)c1,21.118712081942874
Nc1nnnc(SSc2cnn(-c3nc(F)c(-c4ccc(F)cc4)s3)c2)n1,21.213203435596427
Cc1ccnc(N2CCC(Nc3snnc3-c3ccc(-c4nnsn4)s3)C2)n1,21.307275752662516
O=C(Nc1nc(-c2cscn2)ns1)SCCn1cnc2c1nc1ccccn12,21.354156504062622
COC(=O)Nc1nc2sc(CN3CCCCC3)c(-c3csc(-n4nccn4)n3)c2s1,21.354156504062622
COc1cc(S)nnc1-c1nc(-c2nccs2)n(-c2ccc3c(c2)CNCCO3)n1,21.37755832643195
c1cc(Nc2snnc2-c2nsc(CN3CCCCC3)n2)nc(-n2cccn2)c1,21.42428528562855
c1cnn(-c2nsc(-c3nnsc3N[C@H]3C[C@H](c4ccc5c(c4)OCO5)C3)n2)c1,21.447610589527216
c1cnc(N[C@@H]2CCCN(Cc3cc(-c4nnsn4)sc3-c3csnn3)C2)nc1,21.517434791350013
c1cc(-c2nsc(Nc3nc(N4CCCC4)no3)n2)sc1CN1CCCCC1,21.6794833886788
Nc1nnc(SCc2nc(-n3cc(-c4cccs4)nn3)nc3c2CSC3)s1,21.6794833886788
c1csc(-c2nnn(-c3cc(-n4ccc(-c5cncs5)n4)nc(NC4CC4)n3)n2)c1,21.72556098240043
CC1CSCCC1Nc1snnc1-c1nc(-n2nccn2)n(-c2ccccc2)n1,21.72556098240043
c1nc(-c2nnn(-c3ccc(Oc4nnc(NC5CCCC5)s4)s3)n2)cs1,21.72556098240043
CSC(=S)Nc1nnc(SCc2ccc(-n3cc4nnccc4n3)nn2)s1,21.79449471770337
Nc1nnc([C@H]2CCCN(c3nnc(-c4csc(CN5CCCC5)n4)s3)C2)s1,21.79449471770337
CNc1c(-c2nc(-n3nccn3)ns2)nnn1-c1ccc(Sc2ccccc2)cc1,21.817424229271428
CN1CCC(Nc2snnc2-c2nc(-c3csnn3)nn2-c2ccccc2)CC1,21.817424229271428
Nc1nc(-c2cccc(-n3nnc(-c4ccc(CN5CCCCC5)s4)n3)n2)ns1,21.863211109075447
OC1CC(c2cccnc2)CCN1Cc1cc(-c2csnn2)sc1-c1nnsn1,21.908902300206645
S=C(N/N=C/c1nn(-c2nccs2)nc1-c1csnn1)SCC1CCC1,21.97726097583591
CSc1nnc(-c2csc(Nc3nc(N4CCCC4)nc(C(C)(C)C)n3)n2)s1,21.97726097583591
CNc1nc2ccn(-c3nnc(-c4ccc(CN5CCCCC5)s4)nn3)c2s1,22.045407685048602
c1csc(CNc2cc(-n3nnc(-c4nccs4)n3)nc(N3CCCCC3)n2)c1,22.06807649071391
c1cnn(-c2cc(Oc3cc(NC4CC4)n4cc(-c5cscn5)nc4n3)sn2)n1,22.090722034374522
CSc1nc(C(=O)O)nn1-c1cc(-c2nnn(-c3ccc4sccc4c3)n2)cs1,22.11334438749598
O=C(O)[C@H]1CCCN1Cc1ccc(-n2nnc(-c3nc(-c4cscn4)cs3)n2)s1,22.11334438749598
c1csc(Nc2cc(Oc3ccc(-n4nccn4)nc3)nc(N3CCCCC3)n2)n1,22.135943621178654
COC(=S)N1CC(Nc2nnn(-c3ccc(Oc4nc5ccccc5s4)nc3)n2)C1,22.181073012818835
c1ccc(-c2nc(CNc3nc(N4CCCCC4)nc(-n4nns4)n3)cs2)cc1,22.24859546128699
CCOC(=O)c1sc(=S)sc1C(=O)Oc1ccc(-c2nnc(O)s2)cc1,22.271057451320086
O=C(O)c1csc(-c2nnc(CSc3nnc(N4CCCCC4)s3)s2)n1,22.338307903688676
Cc1nc2c(N)nc(SSc3nnc(-c4ccc5c(c4)OCO5)s3)nc2s1,22.338307903688676
CNc1nc(-c2nccs2)cc(-n2nc(SC)c(-c3ccc4c(c3)OCCO4)n2)n1,22.427661492005804
COc1ccc(-c2nc3nc(C(=O)O)cc(N4CCC5(CCCC5)SC4)n3n2)cn1,22.44994432064365
c1cc2c(c(-c3ncc(CSc4nnc(NN5CCCCC5)s4)nn3)c1)OCO2,22.516660498395403
O=C(O)[C@H]1CCCN1c1nc(-n2cc(Oc3nc4ccccc4s3)cn2)ns1,22.561028345356956
c1cnn(-c2ccc(CSc3nnc(NC4CSCCS4)s3)nn2)n1,22.627416997969522
COc1ccc(-c2nnn(-c3cc(C)nc(NC4CCN(C(C)(C)C)CC4)n3)n2)cn1,22.693611435820433
Nc1ncnc(N2CCC2)c1-c1nnn(-c2ccc(Oc3nc4ccccc4s3)cc2)n1,22.737634001804146
O=C(O)[C@@H]1CCCN1Cc1csc(-c2ncn(-c3nc(-c4cccs4)ns3)n2)n1,22.737634001804146
Nc1nc(CSc2nnc(-c3nn(-c4ccccc4)c(=S)s3)nn2)cs1,22.759613353482084
Cc1ccc(N2CCC(Nc3snnc3-c3nnn(-c4ccsc4)n3)CC2)cn1,22.80350850198276
Cc1ncc(N2CCC(Nc3snnc3-c3nnn(-c4ccccc4)n3)CC2)s1,22.80350850198276
CN1CCCC(Nc2nc(-c3ccco3)nc(-n3nnc(-c4cccs4)n3)n2)CC1,22.956480566497994
COC(=O)N[C@@H]1CCN(c2nnn(-c3ccc(Oc4nc5ccccc5s4)cc3)n2)C1,22.956480566497994
Cc1nsc(-c2sc(C(=O)NN3CCCC3)nc2-n2cnc(-c3cccs3)n2)n1,23.065125189341593
Oc1ccc(-n2ncc(-c3nnc(N4CCC[C@@H]4c4nsc(C5CC5)n4)s3)n2)cc1,23.15167380558045
COC(=O)N1CCC(Nc2nnn(-c3ccc(Oc4nc5ccccc5s4)cc3)n2)C1,23.2163735324878
Nc1nc(N2CCCCC2)nc(-n2cc(-c3cscn3)c(-c3ccsc3O)n2)n1,23.40939982143925
c1csc(-c2nnn(-c3cc(-n4cc(-c5ccsc5)nn4)nc(NC4CC4)n3)n2)c1,23.40939982143925
COc1ccc(-c2nnsn2)c(-c2nnc(SC3CN(C(=S)S)C3)o2)c1,23.40939982143925
O=C(O)CSc1ncc2c(n1)C=Cc1sc(-n3nnc(-c4cccs4)n3)cc1N2,23.45207879911715
c1csc(Oc2ccc(-n3nnc(NC4CCN(c5nncs5)CC4)n3)cc2)n1,23.473389188611005
O=C(OCc1nc2ccccc2s1)C1(Nc2nc(-c3nnsn3)cs2)CCO1,23.473389188611005
Cc1nc(N2CCN(c3ccnc(Nc4nc(-c5cccs5)ns4)n3)CC2)no1,23.558437978779494
Nc1nc(N2CCCCC2)cc(-n2cc(SSc3nc4ccccc4s3)nn2)n1,23.600847442411894
OC1CCN(c2nccnc2Oc2ccc(-c3nnn(-c4nccs4)n3)cc2)CC1,23.643180835073778
Cc1ccnc(N2CCC[C@@H](Nc3nc(-n4nnc(-c5cccs5)n4)ns3)C2)n1,23.727621035409346
c1cc(-c2nsc(-n3cc(NC4CCCCC4)nn3)n2)ccc1Cn1cnnn1,23.727621035409346
Nn1c(SCc2nc3ccccc3s2)nnc1-c1nsc(N2CCCC2)n1,23.811761799581316
Sc1cc(-c2nnc(NCc3ccc4c(c3)OCCO4)s2)nc(-n2nccn2)n1,23.958297101421877
Nc1cc(N2CCCC2)nc(SSc2nnc(-c3nc(F)cs3)s2)n1,23.958297101421877
c1csc(-c2nc3ccc(CSc4nnc(NC5CCCCC5)s4)nn3n2)c1,24.041630560342615
COc1ccc(-c2nncn2-c2nnc3n2N(CC(=O)O)c2ccccc2S3)cc1,24.08318915758459
CNC(=O)Oc1ccc(-c2nnnc3nc(Sc4nc5ccccc5s4)nn23)cc1,24.269322199023193
c1csc(-n2nnc(-c3nnsc3N[C@@H]3CCN(c4nccc(C5CC5)n4)C3)n2)c1,24.289915602982237
c1cc(Nc2nnc(-c3nnc(CN4CCCCC4)s3)s2)nc(N2CCCC2)n1,24.535688292770594
Fc1cn(-c2ccc(Oc3nc(Nc4nccs4)nc(N4CCCC4)n3)cc2)nn1,24.71841418861655
O=C(Oc1ccc(-n2cccn2)cc1)C1(Nc2cc(-c3nnsn3)sn2)CCC1,24.979991993593593
c1ccc(Nc2nc(SSc3ccc(-n4nccn4)nn3)nc3ccnn23)cc1,25.534290669607408
COc1ccc(-n2nc(C(=O)ONC(=S)SC)c(-c3csnn3)n2)cc1,25.709920264364882
COc1ccc(-n2nc(C=C3CSC(=S)NC3C(=O)O)c(-c3csnn3)n2)cc1,25.826343140289914
c1csc(-c2nc3ccc(CSc4nnc(NC5CCCCC5)s4)nn3n2)n1,25.826343140289914
c1ccc(-c2nnc(CNc3nnc(-c4csc(N5CCCCC5)n4)nn3)s2)cc1,25.96150997149434
c1cc(-c2nnc(Nc3nnnc(N4CCCC4)n3)s2)sc1CN1CCCCC1,26.115129714401192
O=C(O)c1ccc(-n2nnc(SSc3csc(N4CCCCCC4)n3)n2)cc1,26.457513110645905
c1nc(-c2nnc(CN3CCC(c4nsc(NC5CCC5)n4)CC3)s2)ns1,26.664583251946766
c1nc(Nc2nnc(-c3csc(CN4CCCCC4)n3)s2)nc(N2CCCC2)n1,27.16615541441225
c1csc(Oc2nc(N3CCCCC3)cc(-n3ncc(Nc4nccs4)n3)n2)c1,27.40437921208944
COc1ccc(-n2nnc(-c3ccc4nc(SC5=NCCS5)nc(N)c4c3)n2)cc1,27.54995462791182
CNc1nc(Oc2ccc(-n3nnc(-c4ccsc4)n3)s2)nc(N2CCCC2)n1,28.053520278211074
c1nc(Nc2nc(-c3csc(CN4CCCCC4)n3)ns2)nc(N2CCCC2)n1,28.39013913315678
Nc1nc(N2CCCCC2)nc(-n2ncc(CSc3nc4ccccc4s3)n2)n1,28.861739379323623
Nc1nc(-n2cc(CN3CCCCC3)nc2-c2csnn2)nc2sc(C3CC3)nc12,29.29163703175362
c1cc(OC2CCN(c3nc(N4CCCC4)ns3)CC2)nc(Nc2nccs2)n1,30.44667469527666
c1cc2c(cc1-c1nnc(CSc3nnc(NC4CCCCC4)s3)nn1)OCO2,31.921779399024736
Cc1csc(N2CCCC(Nc3nc(-c4csnn4)nc(N4CCCCC4)n3)C2)n1,35.6931365951495
