SMILES,cats_euclidean_dist
Cn1nc(-c2cccs2)nc1CNc1nc(-c2cccs2)nn2c(=O)scc12,9.591663046625438
Fc1nc(NCc2ccc(-n3ccnc3)nc2)nc(-n2nc(-c3cccs3)s2)n1,9.746794344808963
Fc1ccc(Nc2nc(-c3ccc(Cn4ccnn4)nc3)nc(-n3ccs3)n2)cc1,10.14889156509222
Cc1nsc(-n2c(-c3ccc(C)o3)nc3ccc(-c4nc5n(n4)CCNC5)cc32)n1,10.392304845413264
c1csc(-c2nc(NCc3ccc4c(c3)OCO4)n(Cc3nccs3)n2)c1,10.392304845413264
c1cc(-c2csc(Nc3csc(-c4nnc(CN5CCOCC5)o4)n3)n2)cs1,10.535653752852738
Cn1c(=S)sc2nnc(-c3nc(NCc4cccs4)nc(-c4ccco4)n3)n21,10.535653752852738
c1coc(-c2csc(Nc3csc(-c4nnc(CN5CCOCC5)s4)n3)n2)c1,10.535653752852738
Cn1nc(-c2cccs2)nc1Sc1nn2cc(-c3ccc(N)nc3)nc2s1,10.862780491200215
Fc1sc(NCc2ccc(-n3cncn3)cc2)nc1-n1nnc(-c2cccs2)n1,11.090536506409418
CSc1nc2c(-c3ccco3)nc(NCc3cn(-c4cccs4)nn3)n2c(=O)s1,11.090536506409418
c1ccc(-n2cc(CNc3nc(-c4cccs4)nn3-c3nccs3)nn2)cc1,11.135528725660043
Nc1sc(=S)nc2ncn(Cc3ccc(-n4ccnn4)c(-c4cccs4)n3)c12,11.224972160321824
Cn1cc(-c2csc(-c3cn(Cc4nnc(-c5cccs5)s4)nn3)n2)cn1,11.224972160321824
c1csc(Nc2nc(-c3ccc(CN4CCOCC4)o3)nn2C2CCSCC2)n1,11.445523142259598
Cc1csc(-c2nc(-c3csc(Nc4ccc5c(c4)OCCO5)n3)n(C)n2)n1,11.445523142259598
c1ccc(-c2nsc(CNc3nc(-c4cccs4)nn3-c3nccs3)n2)cc1,11.489125293076057
C(=N/Nc1ccc(-n2nnc(-c3cccs3)n2)cc1)\c1cn(-c2cccs2)nn1,11.61895003862225
CNc1cccc(N2CCN(c3csc(-c4nnc(-c5nccs5)o4)n3)CC2)n1,11.661903789690601
c1ncc(-c2csc(Nc3csc(-c4nnc(CN5CCOCC5)s4)n3)n2)o1,11.661903789690601
Fc1ccc2sc(-n3nc(-c4nccs4)nc3NCc3cncs3)nc2n1,11.789826122551595
Cc1noc(-c2sc(-c3csc(-c4csc(N5CCNCC5)n4)n3)nc2C)n1,11.789826122551595
CNc1nnc(-c2nc3nc(-c4nc(-c5cccs5)ns4)n(C)c3s2)s1,11.789826122551595
Cc1nc2cc(Cn3nc(-c4cscn4)nc3-c3csc(N)n3)ccc2s1,11.958260743101398
Fc1cncc(-c2ccnc(Nc3nc(Cn4cnc(-n5ccs5)n4)cs3)n2)c1,11.958260743101398
Cn1c(-c2nc(-c3cccs3)ns2)nc2cnc(NCc3cncs3)nc21,11.958260743101398
c1cc(-c2csc(Nc3csc(-c4nnc(CN5CCOCC5)s4)n3)n2)ccn1,12.0
CNc1ccnc(N2CCN(c3cnc(-c4nc(-c5ccco5)ns4)s3)CC2)n1,12.0
CNc1ccc(-c2nc3sc(-c4cn(-c5ccc(OC)nc5)nn4)nc3s2)cn1,12.0
Cn1nc(Nc2nnc(-c3cccs3)s2)nc1-c1ccc(N2CCOCC2)nc1,12.165525060596439
Sc1nc(-c2nccs2)nn1-c1nc(-c2ccc(Cn3ncnn3)cc2)cs1,12.165525060596439
O=c1sn(-c2ccc3c(c2)OCO3)nc1CNc1nc(-c2cccs2)ns1,12.288205727444508
Cc1cc(-n2nnc(-c3cccs3)n2)ccc1Nc1nnc(-c2nccs2)s1,12.288205727444508
c1csc(-c2nsc(-c3nc4nc(NCc5ccc(N6CCC6)nc5)on4n3)n2)c1,12.288205727444508
c1csc(-c2nc(-c3nnc(NCc4ccc5c(c4)OCO5)s3)n(C3CO3)n2)c1,12.328828005937952
C#Cc1cnc2nc(Sc3nc(-c4nc(-c5nccs5)ns4)cn3C)cn2c1,12.36931687685298
CSc1nc2c(N)nc(-c3cccc(-n4ncc(-c5cnn(C)c5)n4)c3)cc2s1,12.409673645990857
Nc1nc(-c2nc(-c3cccs3)ns2)ns1,12.409673645990857
c1ccc(-n2cc(CNc3nc(-c4cccs4)nn3-c3ccnc4ccnn34)nn2)cc1,12.449899597988733
Cc1cccc(N2CCC(Nc3csc(-c4nnc(-c5csnn5)s4)n3)C2)n1,12.449899597988733
c1csc(-c2nsc(-c3csnn3)n2)n1,12.529964086141668
CN1CCN(c2ncc(-c3nc(-c4nnc(-c5cccs5)o4)c(N)s3)s2)CC1,12.569805089976535
Nc1nnc(SCc2cnn(-c3nc(-c4cccs4)nn3C(F)(F)F)c2)s1,12.569805089976535
Cc1nc(N2CCC(Nc3nc(-c4nc(-c5cccs5)ns4)cs3)C2)n(C)n1,12.569805089976535
Nc1nc2n(-c3ccccc3)c(SCc3nnc(-c4cccs4)s3)nn2n1,12.569805089976535
C#CCNc1nc(C)cc(-c2nc3sc(-n4cc(-c5cccs5)nn4)nc3s2)n1,12.609520212918492
CSc1nnc(-c2nc(-c3nn(C)c4nc(-c5cccs5)[nH]c34)cs2)s1,12.609520212918492
c1coc(-c2nnc(Nc3csc(-c4nnc(CN5CCOCC5)s4)n3)s2)c1,12.649110640673518
CSc1nnc(-c2nn(-c3ccc4nc(NC(C)=O)sc4c3)c(=S)n2C)s1,12.649110640673518
Cn1c(=S)sc2nc(-c3cnc(NCc4ccc(-c5nncs5)cc4)nn3)cn21,12.649110640673518
Cn1cc(-c2nn(-c3ccnc(-c4ccc(Cn5cncn5)cc4)n3)o2)sc1=S,12.727922061357855
Cn1nc(-c2nnc(SCc3nc(-c4cccs4)ns3)s2)c2nc[nH]c21,12.727922061357855
C#Cc1c(C(=O)Cn2ccnc2)sc(=S)n1-c1nnc(-c2csc(N)n2)s1,12.727922061357855
CNc1nc(-c2nc(-c3csc(-c4ccc5c(c4)OCCO5)n3)n(C)n2)cs1,12.767145334803704
CNc1ccc(-c2nc3c(s2)c(-c2nc(-c4nccs4)ns2)nn3C)cn1,12.767145334803704
CCNc1ncc(-c2ncc3nc(-c4cnc(N5CCOCC5)o4)sc3n2)s1,12.806248474865697
Cc1ccc(-c2nsc(-c3nnc4sc(-c5ccnc(N(C)C)n5)cn34)n2)s1,12.84523257866513
CSc1nc2c(N)nc(-c3cnn(-c4nc(-c5cccs5)ns4)c3)cc2s1,12.884098726725126
c1ccc(-c2ncc(CNc3nc(-c4nccs4)nn3-c3nccs3)cn2)cc1,12.922847983320086
Cc1nnc(-c2cc3nc(-c4csc(N5CCN(C)CC5)n4)sc3c(N)n2)s1,12.922847983320086
CC(=O)c1csc(Nc2csc(-c3nc(CN4CCSCC4)cs3)n2)n1,12.922847983320086
C(=N/Nc1nc(-c2nnc(-c3cccs3)s2)cs1)\c1ncn(C2CCOC2)n1,12.922847983320086
c1sc(NC2CCOCC2)nc1-c1nc(-c2ccc(Cn3cnnn3)s2)ns1,12.96148139681572
Cn1c(=O)ccc2c(NCc3nnc(-c4nccs4)s3)nc(-c3nccs3)nc21,12.96148139681572
C(=N/Nc1nnc(-c2csc(N3CCOCC3)n2)s1)\c1ccc(-n2cccn2)cc1,12.96148139681572
Cc1nsc(-c2nnc(CN3CCN(c4nc(-c5nccs5)cs4)C3)s2)n1,13.038404810405298
Fc1ccn(-c2nc(-c3cccs3)nn2-c2nccc(NCc3nccs3)n2)n1,13.076696830622021
CN1CCN(c2ncc(-c3nc(Nc4nccs4)n(C4CCCC4C#N)n3)s2)CC1,13.076696830622021
c1coc(-c2csc(Nc3nnc(-c4nnc(CN5CCOCC5)s4)s3)n2)c1,13.114877048604
c1csc(-c2csc(Nc3nnc(-c4nnc(CN5CCOCC5)o4)s3)n2)c1,13.114877048604
CSSc1nc2cc(-c3ncn(-c4ncc(C(=O)O)s4)n3)ccc2s1,13.152946437965905
CSc1nc2cc(-c3nc(-c4csc(N)n4)nn3Cc3cccs3)nn2s1,13.19090595827292
OCc1csc(-c2nnc(Cn3nnc4nc(-c5cccs5)sc43)s2)n1,13.228756555322953
Cn1nc(-c2cccs2)nc1-c1nn2c(NC3CCc4ccncc4C3)ncc2s1,13.228756555322953
Cn1cnc2nc(-c3csc(Nc4ccc(Cn5ncnn5)cc4)n3)sc2c1=S,13.2664991614216
COc1cc(N2CCOCC2)n2nc(-c3nc(N)sc3-c3cscn3)sc12,13.341664064126334
COc1cc(-c2nn3nc(-c4ccsc4)nc3s2)oc1CN1CCSCC1,13.341664064126334
c1ccc(Nc2nnc(-c3cnc(CN4CCN(c5ncsn5)CC4)s3)s2)nc1,13.379088160259652
c1csc(-c2nsc(-c3nc(NCc4ccc5c(c4)OCO5)n(C4CO4)n3)n2)c1,13.416407864998739
COc1cnc2sc(Nc3ccc(-c4nnn(-c5nccs5)n4)cc3F)nc2c1,13.416407864998739
c1cnn(-c2csc(-c3cc(-n4ccnc4)nc(NCc4ccc5c(c4)OCO5)n3)n2)c1,13.416407864998739
CNc1ncc(-c2nc3sc(-c4nnc(CN5CCCCC5)s4)nc3s2)o1,13.490737563232042
CSc1nnc(-c2nc3oc(-c4ccc(N5CCOC(C)C5)nc4)nc3s2)s1,13.490737563232042
c1ccc(-n2cc(CNc3nc(-c4nccs4)nn3-c3cncs3)nn2)cc1,13.527749258468683
Cc1nc(-c2nc3sc(NCc4nccs4)nn3n2)n(-c2ccc(F)cc2)n1,13.527749258468683
c1sc(N2CCNCC2)nc1-c1nnc(-c2nnc(SCC3CCCC3)o2)s1,13.527749258468683
c1ccc(-n2cc(CNc3nc(-c4cscn4)nn3-c3nccs3)nn2)cc1,13.527749258468683
CSc1nnc(-c2nc(N3CCN(c4cc(C#N)c(N)s4)CC3)cs2)s1,13.527749258468683
C(=N/Nc1cnc(-c2csc(N3CCOCC3)n2)s1)\c1nc(-c2ccccc2)no1,13.564659966250536
CNc1nsc(-c2csc(-c3nn(C4CCSCC4)c4nc(C)ncc34)n2)n1,13.564659966250536
Cn1c(N)c(-c2nc(-c3cccs3)nn2Cc2noc(N3CCC3)n2)sc1=S,13.601470508735444
Cc1csc(-c2ccn(-c3ccc(Cn4nnc(-c5nccs5)n4)s3)n2)n1,13.638181696985855
CCOC(=O)c1sc(=S)n(-c2nc(-c3nnc(N)s3)cs2)c1C(F)(F)F,13.674794331177344
CNc1nc(-c2ccnc(-n3sc(C)cc3=O)c2)cc2nc(-c3cscn3)nn12,13.674794331177344
CN(C)c1nccc2sc(Nc3ccc(-n4nnc(-c5nccs5)n4)cc3)nc12,13.711309200802088
Cc1nc2ccc(Nc3nnc(-c4nnc(CN5CCSCC5)s4)s3)cc2o1,13.711309200802088
Cn1nc(-c2nc(-c3nccs3)n(Cc3ccc4c(c3)CC(C)(N)O4)n2)sc1=S,13.784048752090222
CSc1nc2ccc(Cn3nc(-c4nc(-c5cccs5)ns4)nc3N)n2s1,13.784048752090222
c1ccc(-c2nsc(CNc3nc(-c4nccs4)nn3-c3nccs3)n2)cc1,13.820274961085254
C(=N/Nc1nc(-n2cc(-c3cccs3)nn2)cs1)\c1cnn(C2CCOCC2)c1,13.820274961085254
Cc1nc(NCc2ccc3c(c2)OCO3)c2nc(-c3cn(C)c(=S)s3)nn2n1,13.856406460551018
Cn1c(F)c(-c2nnc(SCc3nsc(-c4ccccn4)n3)o2)sc1=S,13.892443989449804
COc1ccc(-n2c(=S)sc3ncc(-c4nc(SC)nn4C(=O)O)cc32)cc1,13.892443989449804
Cc1nsc(-c2nsc(Nc3ccnc(-c4ccc(N5CCOCC5)nc4)c3)n2)n1,13.96424004376894
Cc1nc(-c2cccs2)nn1-c1nc(Cl)nc(NCc2ccc3c(c2)OCO3)n1,13.96424004376894
Cn1nc(-c2nccs2)nc1NCc1nc(-c2ccc3ncsc3c2)ns1,13.96424004376894
COc1cc(-c2nc3sc(-c4nc(CN5CCCCC5)cs4)nn3n2)sn1,14.0
Cn1nc(-c2cccs2)n1-c1nc(N)c2nc(-c3ccc(N4CCC4)nc3)sc2n1,14.035668847618199
N=C1SCCC1n1nc(-c2ccc(CN3CCOCC3)o2)nc1Nc1nccs1,14.071247279470288
Nc1nc(-c2nc(-c3nccs3)nn2Cc2ccc3c(c2)OCCS3)cs1,14.071247279470288
Cc1nn(-c2ccc(-c3coc(-n4cnc(-c5ccn(C)n5)n4)n3)cc2)c(=S)s1,14.071247279470288
Cn1nc(-c2cc3nc(-c4ccc(OCc5nnns5)cc4)ccn3n2)sc1=S,14.071247279470288
Nc1ccc(-c2nc(SCc3cn(-c4ccc5c(c4)OCO5)nn3)ns2)s1,14.106735979665885
c1csc(-c2nc(NCc3ccc(-n4nccn4)cc3)n(-c3nccs3)n2)n1,14.106735979665885
c1coc(-c2noc(CSc3nnc(-c4csc(N5CCNCC5)n4)s3)n2)c1,14.142135623730951
c1csc(-c2nncn2-c2cc(-n3cccn3)nc(NCc3ccc4c(c3)OCO4)n2)c1,14.142135623730951
Cn1cnc2nc(-c3nc(CN4CCCCC4)cs3)nc(Nc3nccs3)c21,14.212670403551895
CSc1nnc(-c2cc(N)n(-c3csc(-c4ccc5c(c4)OCO5)n3)n2)s1,14.247806848775006
Nc1nc(=S)oc2c1c(-c1cnc(-c3nccs3)s1)nn2CCN1CCOCC1,14.247806848775006
CNc1ncc(-c2nc3nc(-c4cccs4)nn3n2Cc2ccc3c(c2)OCO3)s1,14.247806848775006
Cc1nn(Cc2ccc(-c3nc4c(N)nc(-c5cscn5)nc4s3)cc2)s1,14.247806848775006
Cc1nc(-c2nsc(-c3nsc(N)n3)n2)cs1,14.247806848775006
COC(=O)c1nc(-c2nc3nc(-c4sc(N5CCC5)nc4N)sc3s2)cs1,14.247806848775006
Cc1ccc(N2CCCC(Nc3csc(-n4cc(-c5csnn5)nn4)n3)C2)nc1,14.2828568570857
CSc1noc(-c2nc(-c3nnc(N4CCNCC4)s3)oc2-c2cccs2)n1,14.2828568570857
CNc1nnc(-c2nc(-c3csc(C(C)(C)C)n3)n(-c3ccc(OC)nc3)n2)s1,14.2828568570857
Cc1nc2c(s1)c(=O)c(Cn1nc(-c3nc(C(=O)O)cs3)sc1=S)cn2C,14.2828568570857
COc1ccc(-c2cn3c(NCc4cccs4)nc(-c4nccs4)nc3n2)nn1,14.2828568570857
CSc1cc2n(n1)CC(Nc1ncc(-c3nc(-n4nccn4)ns3)s1)CCC2,14.422205101855956
CNc1nc(-c2ccc(-c3coc(N4CCN(c5ncccn5)CC4)n3)s2)ns1,14.422205101855956
c1csc(-c2csc(Nc3nc(-c4nnc(CN5CCOCC5)s4)no3)n2)c1,14.422205101855956
Cc1cnc2nc(Nc3csc(-c4nc(CN5CCOCC5)cs4)n3)sc2n1,14.422205101855956
COc1ccc(-c2nc3sc(-c4csc(CN5CCOCC5)n4)nn3n2)s1,14.45683229480096
COc1ccc(-c2nc3sc(-c4nc(-c5ccccc5)ns4)nn3c2S)cn1,14.52583904633395
COc1ccc(-c2nnc(Nc3nsc(-c4ccc5c(c4)OCCO5)n3)s2)cn1,14.52583904633395
Cn1c(=O)c(/C=N/Nc2nc(-c3cccs3)ns2)nc2cc(-c3cccs3)nn21,14.52583904633395
CNc1nc(-c2cccs2)nn1CC1=Nc2nc(-c3cccs3)nn2CCS1,14.52583904633395
Nc1nc(-c2csc(-n3cnc(SCc4ccc5c(c4)OCCO5)n3)n2)cs1,14.52583904633395
C[C@@H]1N[C@@H](Sc2nc3ccc(-c4nc5nc(-c6cccs6)nn5o4)nc3s2)CO1,14.560219778561036
CSc1nc(-c2nccs2)nn1-c1nc(-c2ccc(-n3cccn3)cc2)ns1,14.594519519326424
Nc1nc(-c2cccs2)cc(-c2nn(-c3ccc(Cn4cncn4)cc3)c(=S)s2)n1,14.628738838327793
Cc1nc(-c2nnc(NC3CCN(c4nc(-c5cccs5)cs4)C3)s2)no1,14.628738838327793
CN1CCC(n2nc(-c3nccs3)nc2NCc2ccc3c(c2)OCO3)C(C#N)C1,14.66287829861518
CNc1ncc(-c2nc3sc(-c4nnc(CN5CCCCC5)s4)nc3s2)cn1,14.66287829861518
Clc1ccc(-n2nnc(-c3csc(N/N=C/c4ccc5c(c4)OCO5)n3)n2)cc1,14.66287829861518
Cn1c(CN2CCCC2)nc2sc(-c3csc(-c4ncc(C(=O)O)s4)n3)nc21,14.696938456699069
CNc1nnc(-c2nc3sc(-c4cnc(CN5CCOCC5)o4)nc3s2)s1,14.696938456699069
CNc1nsc(-c2cn(-c3cccs3)c(-n3ccc(C(=O)OC(C)(C)C)n3)n2)n1,14.696938456699069
CNc1ncc(-c2ncc3nc(-c4nc(CN5CCOCC5)cs4)sc3n2)o1,14.696938456699069
CNc1ncc(-c2nc(F)c3nc(-c4nc(CN5CCOCC5)cs4)sc3n2)o1,14.696938456699069
Cc1nc(N2CCOCC2)ccc1Nc1nc(-n2cnc(-c3nccs3)n2)cs1,14.696938456699069
Cn1cc(CNc2nc(-c3ccc4c(c3)OCO4)nc3nc(-c4cccs4)nn23)cn1,14.696938456699069
Cn1c(-c2nsc(CN3CCCCC3)n2)nc2nc(-c3cnc(N)s3)sc21,14.730919862656235
Cn1cc(-c2cc(-c3nn(C)c4ccccc34)nc(-c3ncc(C(=O)O)s3)n2)s1,14.730919862656235
CNc1nc(-c2cccs2)nn1Cc1nnn(-c2ccc3sc(Cl)nc3c2)n1,14.7648230602334
Cc1nnc(-c2cn(C)c(=S)s2)nc1-c1nn(-c2ccc3c(c2)OCO3)cc1N,14.798648586948742
Cc1nnc(N2CCC(Nc3nnc(-c4nc(-c5cccs5)ns4)s3)C2)n1C,14.798648586948742
c1cncc(-c2csc(Nc3nc(-c4nnc(CN5CCCC5)s4)ns3)n2)c1,14.832396974191326
COc1ccc(-n2nc(-c3nccs3)nc2/N=N/c2nc3c(s2)CNCC3)cc1,14.832396974191326
Cn1nc(-c2cscn2)nc1NCc1csc(-c2ccc3c(c2)OCCO3)n1,14.933184523068078
c1cc(-c2nnc(Nc3csc(-c4nnc(CN5CCOCC5)s4)n3)s2)ccn1,14.933184523068078
CSc1nnc(-c2nc(-c3cccs3)nn2C2CCN(c3ncco3)CC2)s1,15.0
Nc1ncn(-c2nc(-c3nccs3)sc2-c2cn(CC3CCCCC3)nn2)n1,15.0
COc1ccc(-c2nc(-c3cscn3)nn2-c2csc(N3CCOCC3)n2)cn1,15.033296378372908
Cc1cnn(-c2nsc(-c3nnc(NCc4ccccc4Cl)s3)n2)n1,15.033296378372908
CN1CCC(c2nnc(-c3csc(-n4ncc(-c5csc(N)n5)n4)c3)s2)CC1,15.033296378372908
Nc1nc(-c2ncc(-c3cn(C4CCN(Cc5nccs5)CC4)nn3)s2)cs1,15.033296378372908
CN1CCC(Nc2nnc(-c3csc(-n4cnc(-c5ccco5)n4)n3)s2)CC1,15.066519173319364
Cc1nsc(-c2nsc(-c3ncc(NC4CCN(c5nccs5)C4)s3)n2)n1,15.066519173319364
CNc1cn(-c2nccs2)nc1-c1ccc(Cn2nnc(-c3nccs3)n2)cc1,15.066519173319364
Cc1nc(N2CCC(Nc3nnc(-c4nc(-c5cccs5)ns4)s3)C2)n(C)n1,15.066519173319364
c1csc(-c2nc(-c3nnc4ccc(NCc5cc(N6CCC6)no5)nn34)cs2)n1,15.066519173319364
Cc1ccn(-c2cnc(Nc3nccs3)nc2-c2csc(N3CCOCC3)n2)n1,15.0996688705415
Nc1nnc(-c2cc(-n3cc(-c4cccs4)nc3SCC(=O)F)sn2)s1,15.165750888103101
Cn1nc(-c2nc(-c3csc(N)n3)nn2Cc2ccc3c(c2)OCO3)sc1=S,15.198684153570664
Cc1nnc(-c2csc(-c3nnc(N4CCN(c5cccc(O)n5)C4)s3)n2)s1,15.198684153570664
CCn1c(=O)n(C(=S)Nc2nc(-c3nccs3)ns2)c2sc(C(C)=O)cc21,15.198684153570664
CSc1nc(-c2nc(N)n(-c3nc(-c4ccc5c(c4)OCO5)cs3)n2)cs1,15.198684153570664
Cc1csc(N2CCC(Nc3nnc(-c4nc(-c5nccs5)ns4)s3)C2)n1,15.198684153570664
c1csc(-c2nc(NCc3ccc4c(c3)OCO4)n3nc(-c4nccs4)nc3n2)c1,15.231546211727817
Cc1noc(N2CCN(c3ccc(Nc4nc(-c5nccs5)ns4)cc3)CC2)n1,15.231546211727817
CCn1nc(-c2cnc(-c3cscn3)s2)c2nc(N)n3cc(N4CCC4)nc3c21,15.264337522473747
Cc1cc(N)nc(N2CCN(c3csc(-c4nnc(-c5nccs5)s4)n3)CC2)n1,15.297058540778355
Nc1nc(-c2cccs2)nc2nc(-c3cnc(Cn4cccn4)s3)n(C3CS3)c12,15.297058540778355
CSc1nc2c(N)nc(-c3cnn(-c4nc(-c5ccsc5)ns4)c3)nc2s1,15.329709716755891
Cn1c(-c2cnsc2)nnc1-c1nc(N)sc1-c1nc(N2CCOCC2)cs1,15.329709716755891
c1ccc(-c2cnc(Nc3nnc(-c4nnc(CN5CCOCC5)s4)s3)s2)nc1,15.329709716755891
c1ccc(-c2ncnc(Nc3cnc(-c4nnc(CN5CCOCC5)s4)s3)n2)cc1,15.329709716755891
c1csc(-c2ncnc(Nc3cnc(-c4nnc(CN5CCOCC5)s4)s3)n2)c1,15.329709716755891
Cn1nc(-c2nnc3c(NCc4ccc(-n5cccn5)cc4)ncnn23)sc1=S,15.362291495737216
CNc1nc(-c2nsc(-c3nnc(N4CCO[C@@H](c5ccco5)C4)s3)n2)cs1,15.362291495737216
Cc1nc(C2CN(Nc3nc(-c4nc(-c5cccs5)ns4)cs3)CCO2)no1,15.362291495737216
CNc1nc(-c2cccs2)nc(-n2nc(-c3cc4ncccc4s3)nc2SC)n1,15.362291495737216
N#Cc1nc(Cn2nc(-c3cscn3)nc2NCc2ccc3c(c2)OCO3)cs1,15.362291495737216
CNc1nsc(-c2ncc(-c3nc4c(nc3F)nc(-c3nccs3)n4C)s2)n1,15.362291495737216
Cn1nc(-c2nccs2)n1-c1cc2sc(-c3ccc(N4CCC4)nc3)nc2c(N)n1,15.394804318340652
Cn1nc(SCc2nc3c4ccc(Cl)cc4nc(N)n3n2)nc1-c1cccs1,15.394804318340652
Cc1nc2c(NCc3nc(-c4cccs4)ns3)nc(-c3nccs3)nc2s1,15.459624833740307
c1cncc(-c2nnc(Nc3nnc(-c4nc(CN5CCOCC5)cs4)s3)s2)c1,15.459624833740307
Cc1nc(NC2CCN(c3nc(-c4cccs4)ns3)C2)nc(-c2cncs2)n1,15.459624833740307
c1coc(-c2nccc(Nc3nnc(-c4nnc(CN5CCSCC5)s4)s3)n2)c1,15.459624833740307
C=Cn1cnc2c(NCc3nc(-c4cccs4)ns3)nc(-c3nccs3)nc21,15.459624833740307
C[C@H]1COCCN1c1nc(-c2nccs2)nn1-c1nc(-c2ccc(O)cc2)ns1,15.491933384829668
c1csc(-c2nsc(Nc3ccnc(-n4ncc(CN5CCOCC5)n4)c3)n2)c1,15.491933384829668
CN1CCc2sc(-c3cnc(Cn4nnc(-c5ncc(C(=O)O)s5)n4)s3)cc2C1,15.524174696260024
Nc1nc(-c2nnc(-n3nc(-c4cccs4)nc3CN3CCCCC3)s2)cs1,15.524174696260024
Cn1ccc2nc(Nc3nc(-c4nc(CN5CCCCC5)cs4)ns3)sc2c1=O,15.556349186104045
Nc1nc(-c2nccs2)nc2nc(-c3nc(CN4CCOCC4)cs3)sc12,15.588457268119896
c1coc(-c2ncnc(Nc3csc(-c4nnc(CN5CCSCC5)s4)n3)n2)c1,15.588457268119896
CSc1nnc(-c2cnn(-c3nc4c(N)nc(-c5ccsc5)nc4s3)c2)s1,15.588457268119896
c1cnc(N2CCC(Nc3csc(-c4nc(-c5nccs5)ns4)n3)C2)nc1,15.588457268119896
Cc1nc(N)sc1-c1ncc2nc(-c3nc(CN4CCOCC4)cs3)sc2n1,15.588457268119896
Cc1coc(C2CN(Nc3nc(-c4nc(-c5nccs5)ns4)cs3)CCO2)n1,15.620499351813308
CSc1nc(NCc2ccc(-n3cncn3)cc2)n2nc(-c3cccs3)nc2n1,15.620499351813308
Cn1cc(-c2nccc(-c3nn(C)c4nc(-c5ccc(N)s5)nn34)n2)sc1=S,15.684387141358123
Cc1nc(NCc2ccc(F)s2)n2nc(-c3nc(-c4cccs4)ns3)nc2n1,15.716233645501712
c1ccc(-n2cc(CNc3nc(-c4nccs4)nn3C3CCOCC3)nn2)cc1,15.716233645501712
c1nc(Nc2nc(CN3CCCCC3)cs2)cc(-n2cnc(-c3nccs3)n2)n1,15.716233645501712
CC(=O)N1CCC(Nc2nc3sc(-c4nnc(-c5cccs5)s4)nn3n2)C1,15.716233645501712
Cn1cnc(-c2csc(-c3nnc(Nc4ccc(N5CCOCC5)cc4)s3)n2)n1,15.748015748023622
Oc1nc(-c2nc(CN3CCN(c4nnc(-c5cccs5)s4)CC3)no2)cs1,15.748015748023622
CSc1nc(-c2ccc(Cn3ncc4nc(-c5cccs5)nnc43)s2)n(C)n1,15.7797338380595
Clc1ccc(-n2nnc(-c3nsc(NCc4ccc5c(c4)OCO5)n3)n2)cc1,15.84297951775486
Cc1nsc(-c2nc(-c3nc(N)nc4cc(CN5CCSCC5)sc34)cs2)n1,15.84297951775486
Cc1cncc(N2CC[C@H](Nc3nnc(-c4nc(-c5cccs5)ns4)s3)C2)n1,15.84297951775486
Cc1cc(Nc2nc(-c3nccs3)ns2)nc(-c2ccc(N3CCOCC3)nc2)n1,15.84297951775486
CSc1nnc(-c2csc(-c3nc(C(=O)O)cs3)n2)s1,15.874507866387544
Cc1nnc(-c2csc(-c3nnc(N4CCN(c5cccc(N)n5)CC4)s3)n2)s1,15.937377450509228
Cc1nn(C)c2sc(Nc3csc(-c4nsc(CN5CCCCC5)n4)n3)nc12,15.937377450509228
Cn1nc(-c2nc(-c3cccs3)ns2)nc1NC1CCN(c2nccs2)CC1,15.968719422671311
c1cc2c(cc1CNc1nnc(-c3nc(-c4csnn4)ns3)s1)OCCO2,15.968719422671311
Cc1nc(-c2nsc(-c3csc(NN4CCOC(c5cccnc5)=N4)n3)n2)cs1,15.968719422671311
COc1ncnc2sc(Nc3nc(-c4nnc(CN5CCCC5)s4)cs3)nc12,15.968719422671311
Cc1nc2c(-c3csc(-n4ncs4)n3)nnc(NCc3ccc(F)cc3)n2n1,15.968719422671311
CSc1nc2ccc(Nc3nnc(-c4cnnc(-n5cccn5)n4)s3)cc2s1,15.968719422671311
Cc1nn(-c2nc(-c3ccsc3)n[nH]2)cc1SSc1cnc2cccnc2n1,15.968719422671311
Cn1nc(-c2nc(-c3cccs3)no2)nc1NC1CCN(c2nccs2)CC1,15.968719422671311
c1ccc(CNc2nsc(-n3nnc(-c4nc(-c5cccs5)ns4)n3)n2)cc1,16.0
CSc1nnc(-c2nc(-c3ncn(C(=O)NCc4cccs4)n3)cs2)s1,16.0
Cn1cnn(Cc2csc(-c3csc(-c4csc(C(=O)O)n4)n3)n2)c1=S,16.0
CSc1ccnn1-c1ccc(Cn2cnc3c(N)nc(-c4nccs4)nc32)s1,16.06237840420901
COc1nnc(-c2nnc(N3CCN(c4cc5sccc5c(N)n4)CC3)s2)s1,16.06237840420901
Nc1nc(-c2nc(-c3cccs3)ns2)nn1Cc1ccc2c(c1)N(C=S)CCO2,16.09347693943108
CNc1ncc(-c2ncc3nc(-c4nnc(CN5CCOCC5)s4)sc3n2)s1,16.09347693943108
c1coc(-c2ccnc(Nc3nnc(-c4nnc(CN5CCSCC5)s4)s3)n2)c1,16.09347693943108
C[C@@H]1C[C@H](C)N(c2nc(-c3csc(-c4nc(C(=O)O)cs4)n3)cs2)CCO1,16.09347693943108
c1csc(-c2nc(NC3CCOCC3)n(-c3nc(-c4csnn4)cs3)n2)c1,16.09347693943108
CNc1nnc(-c2nc3sc(-c4csc(CN5CCOCC5)n4)nc3o2)s1,16.1245154965971
c1csc(-c2ncnn2-c2nc(NC3CC3)nc(-c3ccc(CN4CCOCC4)o3)n2)c1,16.1245154965971
CNc1nnc(-c2nc3sc(-c4nc(CN5CCOCC5)cs4)nc3s2)o1,16.1245154965971
CNc1nnc(-c2nc3sc(-c4nc(CN5CCOCC5)cs4)nc3o2)s1,16.1245154965971
Cn1c(SSc2nc3sc(Cl)cn3n2)nnc1-c1ccc(C(=O)O)cc1,16.1245154965971
Cc1nc(-c2ncc(N3CCN(c4nc(-c5ccc(N)cc5)ns4)C3)s2)ns1,16.217274740226856
Cc1ccc(Nc2nc(N3CCN(c4nc(-c5ncco5)cs4)CC3)ns2)nc1,16.24807680927192
CSc1nc(-c2cc3c(s2)C(=O)NC3)n(-c2csc(-c3nc(C)ns3)n2)n1,16.24807680927192
Cn1nc(-c2cccs2)nc1CNc1nnnc(-c2nc(C(F)(F)F)cs2)n1,16.24807680927192
Cc1ccc2cc(Nc3nnc(-c4nc(-n5ncc(C)n5)ns4)s3)ccc2n1,16.24807680927192
Cc1ccc(-c2nncn2-c2nc(-c3nnc(CN4CCCCC4)s3)ns2)s1,16.24807680927192
COC(=O)c1nnc(-c2nc(Nc3ccc(N4CCSCC4)nc3)cs2)s1,16.24807680927192
Cn1nc(-c2ncc(C(=O)O)s2)nc1-c1nnc(SCC(F)(F)F)s1,16.278820596099706
O=C(O)c1cnc(-c2nc(-c3noc(-c4cc(N5CCOC5)cs4)n3)cs2)s1,16.278820596099706
Cc1ccc(N2CCN(c3nnc(-c4nc(-c5csc(N)n5)ns4)s3)CC2)o1,16.34013463836819
Cc1ccc2nc(Nc3nnc(-c4nnc(CN5CCCCC5)s4)s3)sc2n1,16.34013463836819
c1csc(-c2csc(Nc3nc(-c4csc(CN5CCOCC5)n4)no3)n2)n1,16.3707055437449
c1csc(-c2nc(-c3nnc(NCc4ccc5c(c4)OCO5)s3)n(C3CC3)n2)n1,16.3707055437449
c1csc(-c2csc(Nc3nc(-c4nc(CN5CCOCC5)cs4)no3)n2)n1,16.3707055437449
CSc1csc(-c2cc(-c3cnc(-c4ncco4)s3)nc(N3CCNCC3)n2)n1,16.3707055437449
CC1COCCN1Nc1cc(-n2cnc(-c3cccs3)n2)nc(-c2nccs2)n1,16.3707055437449
CSc1ccc(-c2nc(Cl)c(N3CCN(c4nsc(N)n4)CC3)s2)nn1,16.401219466856727
CSc1nnc(-c2nnc(N3CCN(c4cc5ccccc5c(N)n4)C3)s2)s1,16.431676725154983
Cc1cc(N2CCN(c3csc(-c4csc(-c5csnn5)n4)n3)CC2)nc(N)n1,16.431676725154983
CSc1nnc(Nc2nc(-c3cc4ocnc4c(N4CCOCC4)n3)cs2)s1,16.46207763315433
c1coc(-n2nc(-c3csc(N4CCOCC4)n3)nc2NCc2nccs2)c1,16.46207763315433
Cc1cn(-c2nc(N)nc(-c3cccs3)n2)nc1-c1csc(N2CCOCC2)n1,16.46207763315433
Cc1ccc(CNc2nnc3ccc(-n4nnc(-c5cccs5)n4)cc3n2)s1,16.46207763315433
COc1ccc2nc(Nc3nnc(-c4csc(N5CCOCC5)n4)s3)sc2n1,16.46207763315433
c1cnc(-c2coc(Nc3nnc(-c4nc(CN5CCSCC5)cs4)s3)n2)cn1,16.46207763315433
Cn1cc(-c2nc(-c3nc(-c4nnc(NC5CCOCC5)s4)cs3)ns2)cn1,16.492422502470642
Cc1nc(-c2cccs2)n(-c2nc(-c3cnc(N[C@@H]4CCSC4)nn3)cs2)n1,16.492422502470642
Cc1ccn(-c2nc(-c3nccs3)nn2C(=O)Nc2csc(N3CCCC3)n2)n1,16.492422502470642
Cc1nc(-c2nnc(N3CCC(Sc4nc(-c5cccs5)ns4)C3)s2)no1,16.522711641858304
CSc1nnc(-c2nc(-c3cc(N4CCN(C(C)(C)C)C4)nc(N)n3)cs2)s1,16.55294535724685
Cn1nc(N2CCC2)cc1-c1nc2c(N)nc(-c3nc(-c4cccs4)ns3)nc2s1,16.55294535724685
Cc1nc(-c2nc(-c3nnc(N4CCN(c5cccc(N)n5)CC4)s3)ns2)cs1,16.55294535724685
Cc1noc(-c2ccc(Nc3nnc(-c4nsc(N5CCOCC5)n4)s3)cc2)n1,16.583123951777
S=c1sc2nc(/C=N/Nc3nc(-c4ccccc4)ns3)nnc2n1CCC1CC1,16.583123951777
CSc1nc(NCc2ccc3c(c2)OCO3)nn1-c1nc(-c2csnn2)cs1,16.583123951777
C(=N/Nc1nnc(-c2nnc(N3CCCC3)s2)s1)\c1ccc(-n2cncn2)cc1,16.583123951777
COc1ccc(-c2nsc(N3CC(Nc4nc(-c5cccs5)ns4)C3=O)n2)cc1,16.61324772583615
Nc1nc(-c2nc3nc(-c4cccs4)nn3n2Cc2ccc(N3CCC3)nc2)cs1,16.64331697709324
c1csc(-c2nnn(-c3ncnc(Nc4ccc(CN5CCOCC5)cc4)n3)n2)c1,16.703293088490067
Nn1nc(-c2cccs2)nc1-n1cnc(CSc2nnc(C(F)(F)F)s2)n1,16.703293088490067
CCOC(=O)c1nn(-c2nc(-c3cn(C)c(=S)s3)cc3ncc(N)cc23)s1,16.703293088490067
Cn1ccnc1N1CCC(Nc2nnc(-c3nc(-c4nccs4)ns3)s2)CC1,16.73320053068151
Cn1cc(-c2nsc(-c3ncc(NC4CCN(c5ccccn5)CC4)s3)n2)nn1,16.73320053068151
c1cn2nc(-c3cscn3)nc(NCc3cn(-c4ccc5ncsc5c4)nn3)c2n1,16.73320053068151
Cc1csc(-c2nsc(-n3cc(NC4CCN(c5nccs5)CC4)nn3)n2)n1,16.73320053068151
Cn1cnc(N2CCC(Nc3nnc(-c4nc(-c5nccs5)ns4)s3)CC2)c1,16.73320053068151
Cc1nc(C2CNCCN2c2csc(-c3nc(-c4nccs4)ns3)n2)no1,16.73320053068151
Cn1nc(-c2cscn2)nc1-c1nnc(NC2CCN(c3nccs3)CC2)s1,16.73320053068151
CN1CCC(Oc2ccc3c(c2)ncn3-c2nnc(-c3nc(C(=O)O)cs3)s2)C1,16.73320053068151
Nc1nc(-c2nc(CN3CCCCC3)cs2)ns1,16.76305461424021
c1cnn(-c2nc3nc(-c4nccs4)nc(NCCc4ccc5ncsc5c4)n3n2)c1,16.852299546352718
CSc1nc2cc(-c3nc4cc(-n5cccn5)ncc4s3)nc(NC3CC3)n2n1,16.852299546352718
Cc1nc(-c2nc(-c3nccs3)nn2C2CCN(c3csc(N)n3)CC2)cs1,16.911534525287763
c1cc(Nc2nnc(-c3cccc(-n4nnc(-c5cccs5)n4)n3)s2)nc(N2CC2)c1,16.941074346097416
c1nc(-c2ccc(CSc3nnc(-c4nsc(N5CCNCC5)n4)s3)cc2)no1,16.941074346097416
C(=N/Nc1csc(-c2nnc(N3CCCC3)s2)n1)\c1nc(-c2cccnc2)ns1,16.941074346097416
c1cnc(Nc2nc(-c3nc(CN4CCN(c5ccsn5)CC4)cs3)no2)nc1,16.941074346097416
CCNc1nc2c(N3CCOCC3)nc(-c3nc(-c4cccs4)ns3)nc2s1,16.97056274847714
c1cc(Nc2nc(-c3ncc(CN4CCCC4)s3)ns2)nc(-n2nccn2)c1,16.97056274847714
c1csc(CNc2nc(-c3nccs3)nn2-c2nnnc(-c3cccs3)n2)c1,16.97056274847714
Cc1nsc(-c2nsc(Nc3nc(-c4cccc(N5CCOCC5)n4)cs3)n2)n1,17.05872210923198
O=C(c1nnc(-c2csc(-c3nsc(N4CCNCC4)n3)n2)s1)C1CCCC1,17.05872210923198
Sc1ncn(Cc2ccc(-c3nsc(-c4cnnc(N5CCCC5)n4)n3)cc2)n1,17.05872210923198
Cc1csc(N2CCC(Nc3ncnc(-c4nc(-c5cccs5)ns4)n3)C2)n1,17.05872210923198
CSc1nc2[nH]nc(-c3ccc(Sc4nc(-c5nccs5)nn4C)cc3)n2n1,17.05872210923198
Cc1csc(-n2nc(N3CCCC3)nc2NCc2nnc(-c3ccccn3)s2)n1,17.08800749063506
Cn1nc(-c2cc(Nc3ccc(-n4cccn4)cc3)nc(-n3nccn3)n2)sc1=S,17.08800749063506
Cc1nsc(-c2nsc(-c3ncc(NC4CCN(c5ncccn5)C4)s3)n2)n1,17.146428199482248
COc1nc(NCc2nnc(-c3cccs3)s2)n2nc(-c3cccs3)nnc12,17.204650534085253
c1csc(-c2noc(Nc3nc(-c4csc(N5CCOCC5)n4)cs3)n2)n1,17.204650534085253
Nc1nc(-n2nc(-c3nnc(CN4CCCCC4)s3)nc2-c2cccs2)cs1,17.233687939614086
c1cnn(-c2csc(Nc3nc(-c4nnc(CN5CCCCC5)s4)ns3)n2)c1,17.291616465790582
COc1ccc(-c2nsc(Nc3ncnc(-c4cc5cccnc5s4)n3)n2)cn1,17.291616465790582
CSc1nnc(-c2nc3c(N)nc(N4CCN(c5ccco5)CC4)cc3s2)s1,17.291616465790582
c1ccc(-c2nccc(Nc3nnc(-c4nnc(CN5CCCC5)s4)s3)n2)nc1,17.291616465790582
Cc1nnc(N2CCC(Nc3cnc(-c4nc(-c5nccs5)ns4)s3)C2)s1,17.291616465790582
Cc1ccnc(N2CCC(Nc3csc(-n4nnc(-c5cscn5)n4)c3)CC2)n1,17.320508075688775
CNc1nc(-c2csc(-c3nccs3)n2)cc(-n2nnc(-c3ccccc3)n2)n1,17.320508075688775
C=Cc1nc(-c2nc(C(=O)O)cs2)sc1-c1nnc(N2CCN(C)CC2)s1,17.349351572897472
Cc1nsc(-c2nnc(-c3nnc(N[C@@H]4CCN(c5cccnc5)C4)s3)s2)n1,17.378147196982766
Cc1nn(-c2csc(N)n2)c2sc(-c3csc(CN4CCOCC4)n3)nc12,17.378147196982766
Cc1ccc(Nc2ncc3nc(-c4nnc(CN5CCOCC5)s4)sc3n2)cn1,17.406895185529212
Cc1ccc2nc(Nc3nc(-c4nnc(CN5CCCCC5)s4)ns3)sc2n1,17.406895185529212
c1ccc(Cn2nc(N3CCCCC3)nc2Nc2nc(-c3nncs3)cs2)nc1,17.406895185529212
c1ccc(-c2noc(CNc3cnc(-c4nsc(N5CCOCC5)n4)s3)n2)cc1,17.435595774162696
Cc1nc(NCc2cscn2)nc(-c2nn3c(-c4ccc(F)cc4)nnc3s2)n1,17.435595774162696
Cc1ccn(-c2nc(-c3cccs3)nn2C2CN(C)c3ncnc4sc(nc34)N2)n1,17.435595774162696
Cn1nc(-c2nc3nc(-c4cccs4)nn3s2)c2nc(NC3CCOCC3)ncc21,17.435595774162696
Cc1nc(-c2nc3sc(-c4csc(CN5CCOCC5)n4)nc3s2)sc1N,17.4928556845359
Nc1nc(-c2nc(-c3cccs3)ns2)nn1Cc1csc(N2CCCC2)n1,17.4928556845359
CN1CCCN(c2ncc(-c3cnc4nc(-c5csc(N)n5)sc4n3)s2)CC1,17.4928556845359
CCOC(=O)c1nc(-c2nc(-c3nn(C)c(=S)s3)c3cc(N)ccn23)cs1,17.52141546793523
Cc1nn(-c2nc(-c3cscn3)ns2)c2nc(Nc3ccc(N4CCC4)cc3)ncc12,17.52141546793523
CNc1nc(-c2cnc(N3CCCCC3)s2)cc(-n2cc(-c3nccs3)nn2)n1,17.52141546793523
CSc1nnc(-c2csc(Nc3nc(N4CCCCC4)nn3C(F)F)n2)s1,17.52141546793523
Cn1c(SSc2nnc(-c3cccs3)n2-c2nccs2)ncc(N)c1=O,17.52141546793523
CSc1nc2c(N)nc(-c3nc(-c4csnn4)cs3)nc2n1CC(F)(F)F,17.52141546793523
Cc1nc(N2CCCCC2)sc1-c1nc2c(C#N)nc(Nc3nccs3)nc2n1C,17.52141546793523
Cn1nc(-c2cscn2)nc1-c1cnc(NC2CCN(c3ncccn3)CC2)s1,17.549928774784245
COc1ccc(-c2nc(NC3CCN(C(C)(C)C)CC3)nc(-n3ncs3)n2)cn1,17.549928774784245
c1cn(Cc2csc(Nc3nc(-c4csc(N5CCOCC5)n4)ns3)n2)cn1,17.549928774784245
COc1nnc(-c2nc(-c3nnc(NC4CCN(C(C)=S)C4)s3)cs2)s1,17.60681686165901
Cn1ccnc1-c1nccc(Nc2nnc(-c3csc(N4CCOCC4)n3)s2)n1,17.635192088548397
Nc1nc(-c2nc(-c3cccs3)ns2)nn1SCc1ccc2c(c1)OCCO2,17.635192088548397
CC1ON(c2csc(-n3cc(-c4nccs4)nn3)n2)N=C1NCc1cccs1,17.663521732655695
CNc1nc(-n2cnc(-c3nccs3)n2)ccc1C(=O)Oc1ccc2c(c1)OCCO2,17.663521732655695
O=C(O)c1cnc(-c2nc3nc(-c4ccc(N5CCOCC5)cc4)nnc3s2)s1,17.663521732655695
Cn1cnc(-c2nc(-c3nnc(NC4CCN(c5nccs5)CC4)s3)cs2)n1,17.663521732655695
Cn1c(-n2nnc(-c3cccs3)n2)nc(NCc2ccc3c(c2)OCO3)nc1=S,17.74823934929885
Cc1noc(-c2nnc(Nc3cc(N4CCN(c5cccs5)CC4)ncn3)s2)n1,17.74823934929885
S=c1nc(NCc2ccc3c(c2)OCO3)nc(-n2nnc(-c3cccs3)n2)s1,17.74823934929885
c1csc(-c2ccc(CNc3nc(-c4nncs4)nc(N4CCCC4)n3)cc2)n1,17.776388834631177
Nc1nc(-c2csc(-n3nc(-c4cscn4)nc3CN3CCCCC3)n2)cs1,17.804493814764857
Cc1nc(-c2cccs2)nn1-c1nc(-c2nnc(N3CCCCC3)s2)c(N)s1,17.804493814764857
Cn1nc(-c2ncnc(Nc3ccc(N4CCC4)cc3)n2)n2nc(-c3cccs3)nc12,17.86057109949175
c1cc(Nc2nnc(-c3nc(CN4CCSCC4)cs3)s2)nc(-n2nccn2)c1,17.86057109949175
O=C(O)c1csc(-c2nc(-c3csnn3)n(Cc3ccc4c(c3)CCS4)n2)n1,17.916472867168917
c1csc(CNc2ncc3c(-n4cnc(-c5cscn5)n4)nn(C4CC4)c3n2)c1,17.97220075561143
c1csc(-c2nnn(-c3cc(Nc4nc(CN5CCCCC5)cs4)sn3)n2)n1,17.97220075561143
COc1ccc2nc(Nc3nnc(-c4nsc(N5CCOCC5)n4)s3)sc2c1,17.97220075561143
CNc1nnc(-c2cc(F)c3nc(-c4csc(CN5CCCC5)n4)nn3n2)s1,18.0
c1csc(-c2ncc(CNc3nc(-c4nnc(N5CCCC5)s4)ns3)cn2)c1,18.0
CN1CCCN(c2nc(-c3csc(-c4ncc(C(=O)O)s4)n3)ns2)CC1,18.0
Clc1ccc(-c2cc3nc(-n4ncc(CNc5nccs5)n4)ncn3n2)s1,18.05547008526779
CNc1nnc(-c2csc(-n3nnc4c(N5CCOC(C)CC5)nccc43)n2)s1,18.05547008526779
CSc1nc2ccccc2n1-c1cc(Nc2nc(-c3cscn3)ns2)nnn1,18.083141320025124
CN(C)c1ccc(-c2nc3c(N)nc(-n4nnc(-c5cccs5)n4)cc3s2)cn1,18.083141320025124
CN1CCN(c2nc(-c3ncc(Nc4ncnc(-c5ccco5)n4)s3)cs2)CC1,18.110770276274835
c1csc(-c2csc(Nc3nc(-c4cscn4)nc(N4CCOCC4)n3)n2)c1,18.110770276274835
O=C(O)c1coc(-c2ncc(-c3nc(-n4cccc4)cnc3N3CCSC3)s2)n1,18.138357147217054
CSc1nsc(-c2csc(Nc3cc(N4CCOCC4)nc(Cl)n3)n2)n1,18.16590212458495
c1cc(-c2nnc(Nc3cc(N4CCCOCC4)ccn3)s2)nc(-n2nccn2)c1,18.16590212458495
CC1CN(c2cc(-c3nnc(N)s3)nc(-n3ccc(-c4cccs4)n3)n2)CCO1,18.193405398660254
Cc1nc2c(Nc3nccs3)nc(-c3nc(CN4CCOCC4)cs3)nc2s1,18.2208671582886
COc1ccc(-c2nc(Nc3cccs3)c3nc(-c4nccs4)n(C)c3n2)nn1,18.2208671582886
CSc1nc(-c2ccc(C(=O)O)s2)nc(-n2nc3cc(N4CCC4)cc-3s2)n1,18.2208671582886
Cc1nsc(-n2nc(N3CCCC3)nc2NCc2nc(-c3cccs3)ns2)n1,18.2208671582886
CCOc1ccc(-c2ncc3nc(-c4nsc(N5CCNCC5)n4)sc3n2)o1,18.2208671582886
Cc1cn(-c2cc(N3CCN(c4cccs4)C3)nc(-c3nc(C(=O)O)cs3)n2)cn1,18.24828759089466
CN1CCCN(c2nc(-c3nncc(Nc4ncc(-c5ncco5)s4)n3)cs2)CC1,18.275666882497067
Cc1nsc(-c2nsc(Nc3cc(N4CCCCC4)nc(-n4cccn4)c3)n2)n1,18.303005217723125
c1ccc(-c2nnc(CSc3nnc(-c4nsc(N5CCNCC5)n4)s3)o2)cc1,18.303005217723125
Cn1nc(-c2cccs2)nc1SSc1nc2nc(C(C)(C)C)cc(N)n2n1,18.303005217723125
Cc1nc(-c2nnn(-c3cc4sc(-c5ccc(N6CC6)cc5)nc4c(N)n3)n2)cs1,18.303005217723125
COc1ccc2sc(Nc3nccc(-c4nsc(N5CCOCC5)n4)n3)nc2c1,18.303005217723125
c1coc(-c2ncnc(NC3CN(Cc4cnc(-c5csnn5)s4)CCS3)n2)c1,18.303005217723125
CN1CCN(c2nc(Nc3nc(-c4ccco4)cs3)nc(-c3cncs3)n2)CC1,18.33030277982336
Cn1nc(-c2csc(C(=O)O)n2)nc1SCc1nc2cccc(F)c2s1,18.33030277982336
[C-]#[N+]c1oc(-c2cc3scnc3c(N3CCNCC3)n2)nc1-c1nnc(SC)n1C,18.384776310850235
c1ccc(-c2ncnc(Nc3cnc(-c4nc(CN5CCOCC5)cs4)s3)n2)nc1,18.411952639521967
CNc1ccc(-c2nnc3nc(-c4nnc(CN5CCOCC5)s4)sc3n2)s1,18.411952639521967
CSc1nc2nc(-c3sc(-c4cnc(N5CCCC5)s4)nc3N)sn2n1,18.411952639521967
CC(=O)NN=C1N(c2csc(-c3nc(-c4nccs4)ns3)n2)CCOC1(C)C,18.411952639521967
c1coc(CN2CCC(Nc3nnc(-c4nc(-c5nccs5)ns4)s3)CC2)n1,18.439088914585774
O=C(O)c1cnc(-c2nc(-c3cccs3)cc(-n3cc(CN4CCCC4)nn3)n2)s1,18.466185312619388
Cc1nc(-c2nsc(-c3nnc(NC4CCN(c5ncccn5)C4)s3)n2)cs1,18.49324200890693
CSc1ncc([N+](=O)[O-])c(-c2cc(-c3nnc(N4CCNCC4)s3)cs2)n1,18.49324200890693
Cc1nsc(-c2nc(-c3nnc(N[C@@H]4CCN(c5ncccn5)C4)s3)cs2)n1,18.49324200890693
Nc1nc(-c2csc(-c3nccs3)n2)nn1Cc1csc(N2CCCC2)n1,18.49324200890693
Cc1nsc(-c2nc(-c3nnc(NC4CCN(c5ncccn5)C4)s3)cs2)n1,18.49324200890693
c1cnc(N2CCC(Nc3nnc(-c4nc(-c5nccs5)ns4)s3)C2)nc1,18.49324200890693
CN1CCN(c2ccnc(Nc3nnc(-c4nc(-c5cccs5)no4)s3)n2)CC1,18.520259177452136
c1sc(-c2nnc(CN3CCOCC3)s2)nc1-c1nnc(NC2CCC2)s1,18.520259177452136
Cn1nc(-c2nc(-c3nccs3)ns2)nc1NC1CCN(c2nccs2)CC1,18.547236990991408
c1csc(-c2ncnc(Nc3cnc(-c4nsc(CN5CCCC5)n4)s3)n2)c1,18.547236990991408
c1csc(-c2nc(NCc3ccc4ncsc4c3)n3nc(-n4nccn4)nc3n2)c1,18.547236990991408
Sc1csc(-c2cc(-c3cnc4cccnn34)nc(NCc3nccs3)n2)n1,18.601075237738275
c1cc(N2CCOCC2)nc(-c2cnc(Nc3nc(-c4cscn4)ns3)s2)n1,18.627936010197157
c1csc(CNc2cn(-c3nc(-c4nnc(N5CCCCC5)s4)ns3)nn2)c1,18.627936010197157
c1cnc(Nc2nc(-c3ccc(CN4CCSCC4)s3)nc(-n3cccn3)n2)nc1,18.627936010197157
C=CCn1cnc2c(N3CCOC(c4csc(N)n4)=N3)nc(-c3cccs3)nc21,18.627936010197157
c1ccc(-c2nnc(CNc3nnc(-c4nc(N5CCCC5)ns4)s3)s2)nc1,18.627936010197157
CN1CCN(c2nc(Nc3nc(-c4nccs4)cs3)nc(-c3ccco3)n2)CC1,18.65475810617763
CN1CCCCN(c2nc(-c3csc(-c4ncc(C(=O)O)s4)n3)ns2)CC1,18.681541692269406
Cc1csc(-c2nc(N3CCCC3)n(-c3cc(-c4nnc(N)s4)cs3)n2)n1,18.708286933869708
CN1CCCC(Nc2ncc3nc(-c4csc(-c5cn(C)nn5)n4)sc3n2)CC1,18.734993995195193
c1csc(-c2ncnc(Nc3nc(-c4csc(CN5CCOCC5)n4)ns3)n2)c1,18.734993995195193
CNc1nsc(-c2nc(-c3ccccn3)cc(-c3csc(N4CCOCC4)n3)n2)n1,18.734993995195193
c1ccc(-c2noc(Nc3cnc(-c4nnc(CN5CCSCC5)s4)s3)n2)nc1,18.734993995195193
COc1ccc2sc(Nc3nc(-c4nccs4)nc(N4CCOCC4)n3)nc2c1,18.734993995195193
Fc1ccc(-c2nsc(Nc3nc(-c4cnc(N5CCOCC5)nc4)no3)n2)cc1,18.734993995195193
c1ccc(-c2coc(Nc3nnc(-c4nsc(CN5CCSCC5)n4)s3)n2)nc1,18.841443681416774
Clc1nn2c(-c3nc(NCc4cccs4)nc(N4CCCCC4)n3)nnc2s1,18.841443681416774
Cc1nc(-c2cscn2)nc(N2CCN(c3nc(-c4ccc(O)cc4)ns3)CC2)n1,18.841443681416774
CN(C)c1ncc2c(n1)NCCN2c1csc(-c2nc(-c3nccs3)ns2)n1,18.841443681416774
CSc1nn(-c2cc(-c3nnc(N)s3)cs2)nc1N1CCCC(C(F)F)O1,18.841443681416774
CSc1nnc(-c2nc(-c3nc(N)sc3C(=O)N3CCSC3)cs2)s1,18.920887928424502
c1sc(Nc2nc(N3CCCCC3)no2)nc1-c1nnc(N2CCOCC2)s1,18.920887928424502
Cc1cnc(N2CCC(Nc3nnc(-c4nc(-c5cccs5)ns4)s3)C2)nn1,18.920887928424502
CSc1nnc(-c2nc(-c3nn(C4CCNCC4)c4nc(C)cnc34)cs2)s1,18.973665961010276
c1csc(-c2ccc(CNc3nc(-c4nsc(N5CCOCC5)n4)no3)cn2)c1,18.973665961010276
O=C(O)c1csc(-c2noc(-c3ccc(N4CCN(c5nccs5)CC4)nc3)n2)n1,18.973665961010276
c1csc(Nc2cc(-n3nccn3)nc(-c3csc(CN4CCCC4)n3)n2)n1,18.973665961010276
COc1ccc(Nc2nnc(-c3nsc(N4CCNCC4)n3)s2)c2cccnc12,19.0
CSc1noc(-c2cnc(N3CCN(c4nc(N)c5ccccc5n4)CC3)s2)n1,19.026297590440446
COc1ccc(-c2nc(Nc3ncnc(Cl)n3)c3c(n2)sc(=S)n3C)cn1,19.026297590440446
c1csc(CNc2nc(-c3csnn3)nc(-c3csc(N4CCOCC4)n3)n2)c1,19.05255888325765
Cn1cc(-c2nsc(N3CCC(Nc4nc(-c5nccs5)ns4)CC3)n2)cn1,19.078784028338912
c1csc(-n2cc(CNc3nc(-c4nccs4)nc(N4CCCC4)n3)nn2)c1,19.078784028338912
O=C(O)c1cnc(-c2nc(-c3nccc(-n4ccc(N5CCCC5)n4)n3)cs2)s1,19.1049731745428
c1cnc2sc(CSc3nnc(-c4nc(N5CCCCC5)ns4)o3)nc2c1,19.1049731745428
Cc1nsc(-c2nc(N3CCCC3)nn2-c2nc(N)sc2-c2ccsc2)n1,19.131126469708992
Cc1nc(-c2nccs2)nc(N2CCC(Nc3nc(-c4cccs4)ns3)C2)n1,19.157244060668017
Nc1ccn2nc(-c3nc(CN4CCSCC4)cs3)c(Oc3nccs3)nc12,19.157244060668017
CSc1nnc(-c2nc(N3CC4CCCC4C3)c(-c3nnc(N)s3)s2)s1,19.157244060668017
O=C(O)c1ccc(-c2nc(/C=N/N3CCOCC3)n(CSc3nccs3)n2)s1,19.183326093250876
CN(C)c1nc(NCc2cccs2)n2nc(-c3nc(-c4cccs4)ns3)nc2n1,19.183326093250876
Cn1cnc(-c2csc(-c3nc(Nc4nccs4)nc(N4CCCC4)n3)n2)c1F,19.183326093250876
CSc1nc2ccnc(NC3CCN(c4nc(-c5cccs5)no4)CC3)n2n1,19.183326093250876
CNc1nc(C)nc(-c2nc3sc(-c4csc(N5CCCCC5)n4)nc3s2)n1,19.261360284258224
CN1CCN(c2nc(-c3nnc(Nc4ccnc(-c5ccccc5)n4)s3)ns2)CC1,19.261360284258224
Cc1csc(N2CCC(Nc3nc(-c4cccs4)nc(-n4cncn4)n3)CC2)n1,19.28730152198591
Cc1nc(NC2CCN(c3nccs3)CC2)nc(-n2cnc(-c3cccs3)n2)n1,19.28730152198591
Nc1nc(-c2nsc(-c3cnc(N4CCN(c5ncccn5)CC4)s3)n2)cs1,19.339079605813716
CC1(C)CCN(c2nc(N)c3sc(-n4ncc(-c5nccs5)n4)nc3n2)CC1,19.339079605813716
Cc1cnn(-c2cc(N3CCC(c4ccsn4)C3)nc(-c3csc(C(=O)O)n3)n2)c1,19.390719429665317
CSc1nc2ncnc(NC3CCN(c4nc(-c5cccs5)cs4)CC3)n2n1,19.390719429665317
CCn1c(-c2csc(N)n2)nc2sc(-c3nsc(N4CCCCC4)n3)nc21,19.4164878389476
CSc1nnc(-c2nnc(NC3CCN(c4ncc(C#N)s4)CC3)s2)s1,19.467922333931785
CNc1nc(-c2nccs2)nc(-n2nc(-c3ccc(OC)nc3)sc2=S)n1,19.467922333931785
c1csc(-c2csc(Nc3cnnc(-c4nnc(CN5CCCC5)s4)n3)n2)n1,19.467922333931785
COc1cc(N)nc(-n2nc(-c3cccs3)nc2Sc2nc3c(s2)CCC3)n1,19.544820285692065
CSc1nc(-c2cnc(N3CCN(c4nsc(N)n4)CC3)s2)c2ccccc2n1,19.544820285692065
Cc1nc(Nc2nc(-c3cccc(-n4nccn4)n3)ns2)ccc1N1CCOCC1,19.570385790780925
Cc1nc(-c2nsc(Nc3ccc(N4CCN(c5ncccn5)CC4)cc3)n2)ns1,19.570385790780925
CSc1nsc(-c2noc(-c3nc(NC4CCN(C(C)(C)C)CC4)ns3)n2)n1,19.672315572906
c1ccc(-c2cccc(Nc3nnc(-c4nsc(N5CCOCC5)n4)s3)n2)nc1,19.672315572906
O=C(O)c1csc(-c2nccc(N3CCN(c4nc(-c5cccs5)no4)CC3)n2)n1,19.697715603592208
Cc1ccc(-c2nccc(Nc3nnc(-c4nsc(N5CCNCC5)n4)s3)n2)o1,19.72308292331602
N#Cc1cc(Nc2csc(-c3nnc(CN4CCCC4)s3)n2)nc(N2CCCC2)n1,19.77371993328519
c1cnc(Nc2cnc(-c3nccs3)nc2-c2ncc(CN3CCOCC3)s2)nc1,19.77371993328519
CNc1nnc(-c2ncc3nc(-c4nc(CN5CCOCC5)cs4)sc3n2)s1,19.77371993328519
O=C(O)c1nc(-c2nn(-c3nccs3)nc2SCc2cccs2)cs1,19.79898987322333
CC1CN(c2cnc(SCc3nc4nnc(-c5nccs5)nc4s3)s2)CO1,19.82422760159901
Cc1csc(-c2nc(Nc3ccc(-n4ccnn4)s3)nc(N3CCCCC3)n2)n1,19.87460691435179
CN1CCC(Nc2ncnc(-c3nn(C)c4nc(-c5nccs5)sc34)n2)CC1,19.8997487421324
COc1cccc(-c2nc(N)c3nc(-c4nnc(CN5CCOCC5)s4)sc3n2)c1,19.949937343260004
Cc1nnc(N2CCC(Nc3nc(-c4nc(-c5cccs5)ns4)cs3)C2)nn1,19.949937343260004
Oc1ccc(-n2nnnc2SCc2nnc(-c3ccc4c(c3)OCO4)s2)cc1,19.974984355438178
CSc1cc(-c2nnc3nc(-c4nc(-c5cccs5)cs4)nn3n2)ccc1N,19.974984355438178
Cc1nsc(N[C@@H]2CCCN(c3nc(-c4nc(OC(F)(F)F)cs4)no3)C2)n1,20.0
c1csc(-c2nc(NCc3ccc4c(c3)OCO4)n(C3CCN(c4nccnn4)C3)n2)c1,20.049937655763422
[C-]#[N+]c1ccc(Nc2nc(-c3ccn(C)n3)nc(-c3cnc(N4CCNCC4)s3)n2)nc1,20.074859899884732
CNc1nc(-c2nccs2)nc(-n2ncc3nc(-c4ncc(C)s4)sc32)n1,20.09975124224178
Cn1nc(-c2nn(Cc3ccc4c(c3)OCCO4)nc2-c2nccc(N)n2)sc1=S,20.149441679609886
Cn1cnc2c(Nc3nc(-c4cccs4)ns3)nc(-c3ccc(N4CCC4)nn3)nc21,20.248456731316587
CNc1cnn(-c2cc(N3CCC(c4nccs4)C3)nc(-c3ccc4c(c3)OCO4)n2)n1,20.248456731316587
CSc1ccc(Cn2nc(-c3nc(N)nc(-c4cccs4)n3)sc2=S)nn1,20.248456731316587
CSc1nc(-c2nccs2)nn1-c1ncc2cnc(NC3CCOCC3)cc2n1,20.273134932713294
CNc1nnc(-c2nc(-c3csc(N4CCOCC4)n3)nc(-c3cccs3)n2)s1,20.273134932713294
CN(C)c1ncnc(-c2nc(-c3nnc(S)s3)nn2-c2ccc(Cl)s2)n1,20.346989949375804
c1csc(Nc2nc(N3CCCCC3)nn2Cc2nc(-c3nccs3)ns2)n1,20.37154878746336
c1csc(CNc2nnnc(-c3nc(-c4cnc(N5CCCC5)s4)ns3)n2)c1,20.37154878746336
CSc1nc2cccnc2n1-c1ccc(Nc2nc(-c3nccs3)ns2)nn1,20.37154878746336
Nc1nc(-n2nnc(-c3cccs3)n2)nc2sc(SCc3cccs3)nc12,20.37154878746336
Cc1nsc(-c2cc3nc(-c4nc(-c5cccs5)ns4)nc(NC4CC4)n3n2)n1,20.396078054371138
CSc1nnc(-c2nc3ncnc(N4CCN(c5ccnc(O)c5)CC4)c3s2)s1,20.396078054371138
CSc1sc(N2CCOCC2)nc1-c1nsc(-c2nc(C(=O)O)cs2)n1,20.396078054371138
Cc1nc(-c2nnc(Nc3ccc(N4CCN(c5ncccn5)CC4)nc3)s2)ns1,20.493901531919196
Nc1nc(-c2nsc(CN3CCCCC3)n2)nn1-c1nc(-c2cccs2)cs1,20.518284528683193
Cc1nc(-c2cnc(Nc3nc(-c4ccsc4)ns3)s2)nc(N2CCOCC2)n1,20.566963801203133
CSc1nc2ccc(-n3nc(-c4nccs4)nc3N3CCC[C@@H]3C(=O)O)cc2s1,20.615528128088304
c1csc(-c2nc(NC3CC3)nc(-n3nc(-c4cccs4)nc3N3CCOC3)n2)c1,20.688160865577203
COC(=O)c1ncnc(-c2nn(-c3ccc4c(c3)sc(=S)n4C)c(=S)s2)n1,20.85665361461421
COc1cnn(-c2nc(Oc3ccccc3)cc(-c3cnc(N4CCNCC4)s3)n2)n1,20.85665361461421
c1cnn(-c2nc(Nc3nccs3)nc(-c3csc(N4CCOCC4)n3)n2)c1,20.85665361461421
c1cnc(N2CCC(Nc3nnc(-c4nc(-c5nccs5)ns4)s3)CC2)nc1,20.85665361461421
c1nc(Nc2ccc(Oc3nccs3)cc2)nc(-c2csc(N3CCOCC3)n2)n1,20.952326839756964
COc1ccc(-c2nc3oc(=S)nc(NC4CCN(c5nccs5)CC4)n3n2)cn1,20.952326839756964
Cc1csc(-c2nc(NC3CCN(c4nccs4)CC3)nc(-n3cccn3)n2)n1,20.97617696340303
c1csc(-c2nsc(Nc3ncnc(-n4cc(CN5CCCCC5)nn4)n3)n2)c1,21.02379604162864
c1cnn(-c2nccc(CNc3csc(-c4nsc(N5CCCCC5)n4)n3)n2)c1,21.047565179849187
CNc1nsc(-c2nc(N3CCCCC3)cc(-n3ccc(-c4nccs4)n3)n2)n1,21.047565179849187
c1cc(N2CCOCC2)ncc1-c1nsc(-c2nnc(NC3CCCC3)s2)n1,21.071307505705477
Cc1ccn(-c2nc(-c3cscn3)nn2C2CCCN(c3csc(N)n3)CC2)n1,21.095023109728988
Cc1nc(Nc2nc(-c3cccs3)ns2)nc(-c2csc(N3CCOCC3)n2)n1,21.142374511865974
COc1ccc(-c2nsc(/N=C/Nc3cc(C#N)nc(N4CCSCC4)n3)n2)cc1,21.166010488516726
CN1CCC(Nc2cc(-n3nnc(-c4cccs4)n3)nc(-c3nccs3)n2)CC1,21.166010488516726
c1ccc(-n2cc(CNc3nc(-c4nccs4)nc(N4CCCCC4)n3)nn2)cc1,21.236760581595302
CSc1ccc(CNc2nc(-c3nccs3)nc3nc(-c4cnccn4)nn23)s1,21.236760581595302
CN1CCCN(c2nc(-c3nnc(Nc4nccc(-c5ccco5)n4)s3)ns2)CC1,21.307275752662516
Cn1nc(-c2nsc(N3CCCCC3)n2)nc1NCc1ccc2ncsc2c1,21.307275752662516
CNc1nnc2nc(-c3nsc(-c4ccc(CN5CCOCC5)s4)n3)sc2n1,21.330729007701542
COc1cc2sc(Nc3nc(-c4ccn(C)n4)nc(N4CCCCC4)n3)nc2s1,21.42428528562855
Cc1cc(Nc2nc(-c3cccs3)ns2)nc(-c2nccc(N3CCOCC3)n2)n1,21.42428528562855
Cc1nc(-c2csc(-c3nc(C(=O)O)cs3)n2)nc(N2CCCN(C)CC2)n1,21.42428528562855
COc1cc2nc(Nc3nc(N4CCCCC4)nc(-n4ccc(C)n4)n3)sc2s1,21.42428528562855
Cn1cnc(-c2nc(Nc3nc(-c4cncs4)cs3)nc(N3CCCCC3)n2)c1,21.42428528562855
c1csc(-c2ncnc(N3CCCC(Nc4nc(-c5nccs5)ns4)C3)n2)c1,21.447610589527216
COc1ccc2nc(Nc3nc(-c4nnc(N5CCCCC5)s4)ns3)sc2n1,21.494185260204677
Cc1csc(-c2nsc(Nc3nc(-c4ccnc(N5CCOCC5)n4)cs3)n2)n1,21.517434791350013
c1cc(-n2nc(N3CCCCC3)nc2-c2cnc(NCc3cscn3)s2)ncn1,21.517434791350013
COc1cccc(-c2nc3oc(=S)nc(NC4CCN(c5ncsn5)CC4)n3n2)c1,21.517434791350013
Nn1nc(N2CCCCC2)nc1-c1nnc(SCc2nc3ccccc3s2)s1,21.587033144922902
Cc1nc(NC2CCN(c3nc(-c4nccs4)ns3)C2)nc(-c2nccs2)n1,21.587033144922902
c1nc(Nc2ccc(N3CCOCC3)cc2)nc(-n2cc(Oc3nccs3)cn2)n1,21.61018278497431
Cc1ccn(-c2nsc(Nc3nccc(-c4csc(N5CCOCC5)n4)n3)n2)n1,21.61018278497431
CNc1nc(-c2ncc(-n3cnc(-c4cccs4)n3)s2)nc(N2CCCCC2)n1,21.61018278497431
Cc1csc(-c2nsc(Nc3nccc(-c4csc(N5CCOCC5)n4)n3)n2)n1,21.61018278497431
COc1cnn(-c2nsc(-c3nnsc3Nc3ccc(Br)cc3)n2)n1,21.61018278497431
c1ccc(-c2nsc(-c3nc(NC4CC4)c4nc(-c5cscn5)nn4n3)n2)cc1,21.633307652783937
Cn1nc(-c2csc(Nc3nc(-c4nccs4)ns3)n2)nc1N1CCCC1,21.633307652783937
Cc1nc2sc(-c3nc(NCc4cncs4)nc(N4CCCCC4)n3)nc2s1,21.702534414210707
Cn1cc(CNc2nc(-c3nc4scnc4s3)nc(N3CCCCC3)n2)cn1,21.702534414210707
Cn1cnnc1-c1cc(Nc2nc(-c3cccs3)ns2)nc(N2CCCCC2)n1,21.702534414210707
c1cnn(-c2nc(CNc3nc(-c4cscn4)nc(N4CCCCC4)n3)cs2)c1,21.702534414210707
Cc1nsc(-c2ccn(-c3nc(Nc4cccs4)nc(N4CCCCC4)n3)n2)n1,21.79449471770337
Cc1ccnn1-c1csc(-c2nc(Nc3nccs3)nc(N3CCCCC3)n2)n1,21.79449471770337
Cc1nc(Nc2nc(-c3csc(N4CCOCC4)n3)cs2)nc(N2CCCC2)n1,21.79449471770337
CSc1ncn(-c2csc(NC3CCN(c4ncnc(C(C)(C)C)n4)CC3)n2)n1,21.79449471770337
c1csc(-c2csc(-c3nc(NCc4cscn4)nc(N4CCCCC4)n3)n2)n1,21.88606862823929
c1ccc(-n2nc(-c3nc(NCc4nccs4)nc(N4CCCCC4)n3)s2)nc1,21.88606862823929
c1cnc(N2CCC[C@H](Nc3nc(-c4nc(-c5nccs5)ns4)ns3)C2)nc1,21.88606862823929
CSc1nc(-c2nnc(N3CCCC3)s2)c2sc(-c3ccc(N)nc3)nc2n1,21.95449840010015
C=Cc1cc(-c2nnc(N3CCN(c4nsc(N)n4)CC3)s2)nc(SC)n1,21.97726097583591
CNc1nc(-c2nc(C)ns2)nc(N2CCCN(c3coc(C(C)(C)C)n3)CC2)n1,22.045407685048602
CSc1nc(NC2CCN(c3nc(-c4ccco4)ns3)C2)nc(-c2cscn2)n1,22.045407685048602
Cc1nc(-c2csc(Nc3nnc(-c4cccs4)s3)n2)nc(N2CCOCC2)n1,22.06807649071391
COc1cccc(-n2nc(N3CC4(CCCCS4)NC=N3)nc2-c2nccs2)n1,22.15851980616034
CSc1nnc(-c2nc3nccc(NC4CCN(c5ncccn5)CC4)n3n2)s1,22.181073012818835
Cc1ccc2nc(Nc3nnnc(-c4nc(CN5CCCCC5)cs4)n3)sc2n1,22.22611077089287
Fc1ccc(-c2nsc(-c3nsc(NC4CCN(c5ncncn5)CC4)n3)n2)cc1,22.24859546128699
c1sc(Nc2nnnc(-c3nnc(CN4CCSCC4)s3)n2)nc1C1CCC1,22.271057451320086
c1csc(-c2nc(NCc3ccc4c(c3)OCO4)n(C3CN=NN3C3CCC3)n2)n1,22.315913604421397
Cn1nc(-c2ccccn2)nc1Nc1sc(-c2nsc(N3CCCC3)n2)nc1F,22.360679774997898
Cc1ccc(-c2nncc(-n3nc(N4CCCCC4)nc3Nc3nccs3)n2)s1,22.427661492005804
COc1csc(-c2cc(Nc3nc(-c4cncs4)ns3)nc(N3CCCC3)n2)n1,22.427661492005804
Cc1nnc(-n2nc(-c3nc4nc(CNC5CCCC5)ccn4n3)sc2=S)s1,22.44994432064365
Cc1nnc(-c2nc(Nc3ccc(N4CCOCC4)s3)nc(N3CCCCC3)n2)s1,22.494443758403985
c1csc(Nc2nc(C3=S(CN4CCCC4)N=N3)cc(-c3nncs3)n2)n1,22.516660498395403
C/C=N/c1cc(-c2nc(Nc3ccc4ncsc4c3)nc(N3CCOCC3)n2)sn1,22.60530911091463
Cn1ccc(-c2nn(-c3nc(-c4csc(N)n4)cs3)c(=S)n2C2CCCC2)n1,22.60530911091463
Cn1ncnc1-c1cc(Nc2nc(-c3cccs3)ns2)nc(N2CCCCC2)n1,22.60530911091463
Cn1nc(NC2CCCN(c3nccc(-c4nccs4)n3)C2)nc1-c1nccs1,22.627416997969522
CN1CCC(Nc2nnc(-c3csc(-n4cnc(-c5cccs5)n4)c3)nn2)CC1,22.715633383201094
CSc1nnc(-c2nnc(-n3nc(C(=O)NC4CCC4)sc3=S)s2)s1,22.759613353482084
CSc1nc2ccnc(NC3CCN(c4nc(-c5ccccn5)ns4)CC3)n2n1,22.781571499789035
c1csc(-c2nnn(-c3nc(NCc4ccc5c(c4)OCCO5)nc(C4CC4)n3)n2)c1,22.781571499789035
COc1csc(-c2nc(Nc3csc(-c4cncs4)n3)nc(N3CCCC3)n2)n1,22.869193252058544
Cc1nc(-c2nsc(Nc3cc(N4CCCCC4)nc(-n4nccn4)c3)n2)cs1,22.869193252058544
CSc1nc(-c2nc(-c3cccs3)nn2C2CCOCC2)c2sc(N)nc2n1,22.956480566497994
COC1CCCCN1Nc1cc(-n2nnc(-c3cccs3)n2)nc(-c2cccs2)n1,22.956480566497994
CCNc1nc(-c2nc3sc(-c4nccs4)nc3s2)nc(N2CCCCC2)n1,23.043437243605826
CNc1nc(-c2nc3c(nc(-c4nccs4)n3C)s2)nc(N2CCCCC2)n1,23.043437243605826
Cn1nc(-c2nccs2)nc1NC1CCN(c2nc(-c3nccs3)ns2)CC1,23.065125189341593
CC(C)(O)c1nc(SCc2cccs2)nn1-c1nc(N)nc(-c2cccs2)n1,23.08679276123039
CSc1nc2ncnc(NC3CCN(c4nc(-c5ccccc5)ns4)CC3)n2n1,23.130067012440755
CSc1nc2c(N)nc(-n3nc(-c4cscn4)nc3N3CCCCC3)cc2s1,23.194827009486403
c1cc(N2CCC2)nc(Nc2nn3nc(-c4nc(CN5CCCCC5)cs4)nc3s2)n1,23.2163735324878
c1ccc(-c2nc(CNc3nc(-c4nncs4)nc(N4CCCCC4)n3)cs2)nc1,23.280893453645632
CSC(=S)N1CCOc2cc(Nc3nc4n(C)c(-c5nc(C)ns5)nn4n3)ccc21,23.323807579381203
CSc1nc(-c2ncnc(N3CCC(Nc4nc(-c5cccs5)ns4)C3)n2)co1,23.366642891095847
c1csc(-c2nsc(-c3nc(NC4CCCC4)n(Cc4ccsn4)n3)n2)n1,23.388031127053
CSc1nsc(-c2nsc(-c3nc(N)cc(N4CCOCC4)n3)n2)n1,23.473389188611005
CNc1nc(-c2nnc(-c3nc4sc(C)nc4s3)s2)nc(N2CCCCC2)n1,23.62202362203543
Cc1nnc2cc(-c3nc(NCc4cccs4)nc(N4CCOCC4)n3)sc2n1,23.727621035409346
CNC(=O)Oc1nnc(-c2ncc(SSc3ccc4c(n3)OCCO4)s2)s1,23.83275057562597
c1ccc(-c2nnc(CNc3nc(-c4nncs4)nc(N4CCCCC4)n3)s2)cc1,23.874672772626646
c1csc(-c2nnc(CNc3nc(-c4nncs4)nc(N4CCCCC4)n3)s2)c1,23.874672772626646
CSc1nc2ncnc(NC3CCN(c4nsc(-c5ccccc5)n4)CC3)n2n1,24.06241883103193
CNc1nc(SC2CCOCC2)nc2nc(-c3nc(-c4ccsc4)ns3)nn12,24.228082879171435
CNc1nc(SC2CCOCC2)nc2nc(-c3nc(-c4cccs4)ns3)nn12,24.228082879171435
c1csc(-c2csc(Nc3nnc(-c4nnc(CN5CCCC5)s4)nn3)n2)c1,24.310491562286437
COC(=O)c1csc(-c2nc(-c3csc(N4CCNCC4)n3)nnc2C2CC2)n1,24.331050121192877
Cc1nc(-c2cncs2)cn1-c1nc(Nc2nccs2)nc(N2CCCCC2)n1,24.392621835300936
CN1CCCN(c2nc(Nc3nccs3)nc(-c3noc(-c4cccs4)n3)n2)CC1,24.454038521274967
Cc1nccc(-c2ccnc(Nc3nnc(-c4csc(N5CCNCC5)n4)s3)n2)n1,24.454038521274967
Cn1c(=S)sc2cc(Cn3nc(-c4nccs4)nc3NC3CCCCC3)nn21,24.474476501040833
Cc1nc2sc(-c3nc(NCc4cscn4)nc(N4CCCC4)n3)nc2s1,24.49489742783178
c1csc(-c2nsc(CNc3cc(-c4ncsn4)nc(N4CCCCC4)n3)n2)n1,24.535688292770594
COc1nnc2cc(Cn3nc(N4CCCCC4)nc3Nc3nccs3)sc2n1,24.535688292770594
c1cc(Nc2nnc(-c3nnc(CN4CCCCC4)s3)s2)nc(N2CCCC2)n1,24.535688292770594
COc1csc(Nc2nc(-c3nnc(C(C)(C)C)s3)nc(N3CCCC3)n2)n1,24.63736998950984
FCCn1cnc2sc(-c3nc(Nc4nccs4)nc(N4CCCCC4)n3)nc21,24.63736998950984
c1csc(-c2nc(NN3CCCCC3)nc(-n3cc(-c4ccsc4)nn3)n2)n1,24.63736998950984
CS[C@@H]1CCCN(c2nc(N)n3nc(-c4nc(-c5cccs5)ns4)nc3n2)C1,24.698178070456937
c1csc(-c2nsc(CNc3nc(-c4nncs4)nc(N4CCCCC4)n3)n2)c1,24.698178070456937
c1csc(-c2ncnc(-n3nc(N4CCCCC4)nc3NCc3nccs3)n2)c1,24.71841418861655
CC(C)(C)Sc1nc(-n2nc(-c3nccs3)nc2C(=O)O)sc1N1CCCC1,24.839484696748443
COc1nc(-c2nc(Nc3nc(-c4ccco4)cs3)nc(N3CCNCC3)n2)cs1,24.919871588754223
CNc1nc(-c2nnc(SCc3nc4ccccc4o3)s2)nc(N2CCCCC2)n1,24.939927826679853
c1nc(-c2cscn2)nc(N2CCCC2CNc2nc(-c3nccs3)ns2)n1,24.95996794869737
CSc1nc(-c2nsc(N3CCN(c4nccc(N)n4)CC3)n2)ns1,25.11971337416094
O=C(O)c1ccc(-c2nsc(-c3nsc(N4CCC(N5CCCC5)CC4)n3)n2)o1,25.15949125081825
Cc1nnc(-c2nc(NCc3nc4cccnc4s3)nc(N3CCCCC3)n2)s1,25.25866188063018
Cn1cnc(-c2csc(Nc3nc(-c4nsc(N5CCCCC5)n4)ns3)n2)c1,25.278449319529077
c1csc(-c2nc(NC3CC3)nc(N3CCN(c4nnc(C5CC5)s4)CC3)n2)n1,25.357444666211933
CNc1nc(-c2nc(N3CCCCC3)cc(-n3nnc(-c4cccs4)n3)n2)cs1,25.514701644346147
CNc1nc(-c2nc(N3CCCCC3)cc(-n3nnc(-c4ccsc4)n3)n2)cs1,25.514701644346147
c1nc(Nc2csc(-c3nnc(CN4CCCCC4)s3)n2)nc(N2CCCC2)n1,25.573423705088842
CCOC1(C)CSC(N)=NN1c1csc(-c2nsc(N3CCCCC3)n2)n1,25.729360660537214
CSc1nnc(-c2cc3nc(-c4cncs4)nc(NC4CCCC4)n3n2)s1,25.768197453450252
O=C(O)c1csc(-c2nc(-c3nccs3)n(C(=O)SCc3ccccc3)n2)n1,25.787593916455254
c1ccc(CSc2nn3nc(-c4nsc(NN5CCCCC5)n4)nc3s2)nc1,25.80697580112788
c1cnn(-c2nc(-c3nc(NCc4cscn4)nc(N4CCCCC4)n3)cs2)n1,25.80697580112788
CSc1nc(-c2cc3c(N)nc(-c4cscn4)nc3s2)nc(N2CCOCC2)n1,25.903667693977237
c1csc(Nc2nc(-c3nc(N4CCOCC4)cs3)nc(N3CCCCC3)n2)n1,25.96150997149434
C[C@@H]1COCCN1c1nc(-c2nc(Nc3nccs3)nc(N3CCCCC3)n2)cs1,25.96150997149434
CSc1nc2c(NC3CCCOCC3)c(-n3nnc(-c4cccs4)n3)ccn2n1,25.98076211353316
Cc1nc2sc(-c3nc(NCc4nccs4)nc(N4CCCCC4)n3)nc2s1,26.210684844162312
Cc1cn2nc(-c3nc(NCc4cscn4)nc(N4CCCCC4)n3)sc2n1,26.210684844162312
Cc1nc2sc(-c3nc(NCc4cscn4)nc(N4CCCCC4)n3)nc2s1,26.210684844162312
Nc1nc(-c2nnc(SCc3nc4ccccc4s3)s2)nc(N2CCCCC2)n1,26.248809496813376
Cc1nc(-c2csc(-c3nc(N)c4nc(CN5CCSCC5)sc4n3)n2)ns1,26.267851073127396
Cc1nnc(CNc2nc(-c3nc4ncsc4s3)nc(N3CCCCC3)n2)s1,26.419689627245813
Cn1cnc2nc(-c3nc(NCc4nccs4)nc(N4CCCCC4)n3)sc21,26.514147167125703
c1csc(-c2nc3ncnc(NC4CCN(Cc5noc(C6CC6)n5)CC4)n3n2)c1,26.5329983228432
Cc1ccc(-c2nc3ncnc(NC4CCN(c5nsc(C6CC6)n5)CC4)n3n2)o1,26.832815729997478
c1cnn(-c2nc(-c3nc(NC4CCCCC4)n(Cc4csnn4)n3)cs2)c1,26.94438717061496
Cc1ccn(-c2nc(Nc3nc4sc(C)nc4s3)nc(N3CCCCCC3)n2)n1,26.981475126464083
CN(C)c1ccc(-c2nc3c(N)nc(-c4nsc(N5CCCCC5)n4)nc3s2)cn1,27.073972741361768
c1nc(Nc2nnc(-c3nc(CN4CCCCC4)cs3)s2)nc(N2CCCC2)n1,27.16615541441225
CSc1nc2nc(-c3nc(Nc4nccs4)nc(N4CCCC4)n3)sc2n1C,27.258026340878022
Cc1nc2c(-n3nc(N4CCCCCC4)nc3NCc3nccs3)ncnc2s1,27.27636339397171
Cc1cc(Nc2nnc(-c3nnc(N4CCCCC4)s3)s2)nc(N2CCCC2)n1,27.313000567495326
Cc1ccnc(N2CCC(Nc3nnc(-c4nsc(N5CCCCC5)n4)s3)C2)n1,27.331300737432898
Cc1noc(N2CCCC(Nc3cnc(-c4nsc(N5CCCCC5)n4)s3)C2)n1,27.54995462791182
Cc1ncc2nc(-c3nc(NCc4cscn4)nc(N4CCCCC4)n3)sc2n1,27.60434748368452
c1nc(-c2nnn3c(NC4CC4)nc(-c4nc(CN5CCCCC5)cs4)nc23)cs1,27.622454633866266
c1ccc(-c2nc(CNc3nc(-c4nncs4)nc(N4CCCCC4)n3)ns2)cc1,27.676705006196094
Cn1nc(-c2ncnc(NC3CCN(c4nc(C5CC5)ns4)CC3)n2)sc1=S,27.76688675382964
c1cc2c(cc1CNc1nc(-c3nc(N4CCCCC4)ns3)nn1C1CC1)OCO2,27.76688675382964
Nc1nc2nc(N3CCCCC3)nc(SCc3nc(-c4cccs4)ns3)n2n1,27.80287754891569
c1csc(-c2nnc(CNc3nc(-c4ncsn4)nc(N4CCCCC4)n3)s2)c1,27.964262908219126
CSc1nc(NCc2ccc3c(c2)OCO3)nc(-c2nnc(N3CCCCC3)s2)n1,27.982137159266443
Cc1noc(N2CCC(Nc3cnc(-c4nc(N5CCCCC5)ns4)s3)CC2)n1,28.053520278211074
Cc1nc(C)c2c(n1)OCC[C@@H]2Nc1nnc(-c2nsc(N3CCCCC3)n2)s1,28.053520278211074
c1nc(Nc2csc(-c3nsc(CN4CCCCC4)n3)n2)nc(N2CCCC2)n1,28.106938645110393
Cc1nc(C2CCN(c3nc(-c4ccc(C(=O)O)o4)nc(N4CCCC4)n3)C2)cs1,28.142494558940577
CSc1nc(-c2csc(N3CCNCC3)n2)n(C2CCCCC2c2nnco2)n1,28.21347195933177
CN(C)c1nnc(-c2nc(Nc3ccc4nsnc4c3)nc(N3CCCCC3)n2)s1,28.26658805020514
c1cc2c(cc1CNc1nc(-c3nsc(N4CCCCC4)n3)nn1C1CC1)OCO2,28.61817604250837
CN(C)c1nnc(-c2cn3c(NC4CCCCC4)nc(-c4nccs4)nc3n2)s1,28.61817604250837
COc1ccc(-c2nc(NC3CCCC3)n3nc(-c4nn(C)c(=S)s4)nc3n2)cn1,28.61817604250837
COc1nc2sc(-c3nc(Nc4nccs4)nc(N4CCCCC4)n3)nc2s1,28.74021572639983
COc1cn2nc(-c3nc(Nc4nccs4)nc(N4CCCCC4)n3)sc2n1,28.74021572639983
CN(C)c1cn2nc(-c3nc(Nc4nccs4)nc(N4CCCCC4)n3)sc2n1,28.74021572639983
CNc1nc(-c2nsc(-n3cnc(-c4nccs4)c3)n2)nc(N2CCCCC2)n1,28.809720581775867
CSc1nc2nc(-c3nn(C)c(=S)s3)c(NC(=O)OCc3ccccc3)nn2n1,28.861739379323623
Nc1nc(N2CCCCC2)nc(-n2ncc(CSc3nc4ccccc4s3)n2)n1,28.861739379323623
CCNc1nc(-c2nn3nc(-c4cncs4)nc3s2)nc(N2CCCCC2)n1,29.017236257093817
Cc1nc(N2CCCC(Nc3csc(-c4nsc(N5CCCCC5)n4)n3)C2)no1,29.103264421710495
Cc1nc2sc(-c3nc(NCc4cscn4)nc(N4CCCCC4)n3)cn2n1,29.24038303442689
Cc1nsc(-c2nc(NC3CCCCC3)n(Cc3nc4c(s3)COCCO4)n2)n1,29.30870177950569
CSc1nnc(-c2nc(NCc3nc4cccnc4s3)nc(N3CCCC3)n2)s1,29.393876913398138
COc1nc2nc(-c3nc(Nc4nccs4)nc(N4CCCCC4)n3)sc2s1,29.427877939124322
c1ccc(-c2nc(CNc3nc(-c4nnsn4)nc(N4CCCCC4)n3)cs2)cc1,29.427877939124322
CN1CCC(Nc2snnc2-c2cnc(-c3nsc(N4CCCCC4)n3)o2)CC1,29.444863728670914
CSc1nc(-c2nccs2)nn1-c1nnc2c(n1)n(C)c(=S)n2C1CCCC1,29.49576240750525
CNc1nc(-c2nnc(SC3=NC[C@H](C)OC3)s2)nc(N2CCCCC2)n1,29.58039891549808
C(=N/Nc1cnc(-c2nsc(N3CCCCC3)n2)s1)\c1cn(C2CCCC2)nn1,29.782545223670862
c1csc(Nc2nc(-c3nnc(N4CCOCC4)s3)nc(N3CCCCC3)n2)n1,29.8496231131986
Cc1nc(Nc2nc(-c3nc(N4CCCCC4)ns3)cs2)nc(N2CCCC2)n1,30.430248109405877
Cc1nsc(C2CCCCC2Nc2csc(-c3nsc(N4CCCC4)n3)n2)n1,30.44667469527666
CNc1ncc(-c2nc(N3CCCCC3)nc(N3CCC(c4nccs4)=N3)n2)s1,30.577769702841312
COc1nc(-c2nnc(Nc3nc4c(s3)COCC4)s2)nc(N2CCCCC2)n1,30.643106892089126
CN(C)c1ncc(-c2nc3c(NC4CCCCC4)nc(-c4nccs4)nn3n2)s1,30.708305065568176
Cc1nc(Nc2cnc(-c3nc(N4CCCCC4)ns3)s2)nc(N2CCCC2)n1,30.822070014844883
Cn1cc(-c2nc(Nc3ncc(-c4nccs4)s3)nc(N3CCCCCC3)n2)nn1,30.967725134404045
c1csc(Nc2nc(-c3nc4oc(N5CCC5)nc4s3)nc(N3CCCCC3)n2)n1,31.0322412983658
COc1nc2sc(-c3cc(N4CCCCC4)nc(Nc4nccs4)n3)nn2n1,31.20897306865447
CSc1nc(Nc2cc(-c3ncsn3)nc(N3CCCC3)n2)nc(-c2cccs2)n1,31.240998703626616
CNc1nc(-c2sc(SC3=NCCS3)nc2CC#N)nc(N2CCCCC2)n1,31.304951684997057
c1csc(-n2nnc(Cn3nc(-c4cscn4)nc3NC3CCCCC3)n2)c1,31.52776554086889
CN(C)c1ncc2nc(-c3nc(Nc4nccs4)nc(N4CCCCC4)n3)sc2n1,31.54362059117501
c1coc(N2CCCC(Nc3nnc(-c4nsc(N5CCCCCC5)n4)s3)C2)n1,31.622776601683793
Cn1ncn(-c2cc(-c3nc(NC4CCCCC4)nc(-c4ncccn4)n3)cs2)c1=S,31.670175244226233
COc1nc(-c2cccs2)nn1-c1nc(Nc2nccs2)nc(N2CCCCC2)n1,31.71750305430741
CSc1nc2sc(-c3nc(NCc4cccs4)nc(N4CCCC4)n3)nn2n1,31.921779399024736
Cn1c(N2CCCC2)nc2c(NC3CCC3)nc(-c3nc(-c4nccs4)ns3)nc21,31.921779399024736
Cc1nnc(N2CCC(Nc3nnc(-c4nsc(N5CCCCC5)n4)s3)CC2)o1,32.03123475609393
CCNc1nc(-c2nc3sc(SC(F)(F)F)nn3n2)nc(N2CCCCC2)n1,32.09361307176243
Cc1noc(N2CCC(Nc3nnc(-c4nsc(N5CCCCC5)n4)s3)CC2)n1,32.28002478313795
Cc1nc(N2CCC(Nc3nnc(-c4nc(N5CCCCC5)ns4)s3)CC2)no1,32.64965543462902
COc1nc(-c2nc3nc(-c4cscn4)nc(NC4CCCCC4)n3n2)cs1,32.72613634390714
COc1nc2sc(-c3nc(NCc4cccs4)nc(N4CCCCC4)n3)nn2n1,33.25657829663178
Cn1cc(-c2nc3sc(-c4nc(NC5CC5)nc(N5CCCCC5)n4)nc3s2)cn1,33.27160951922825
Cc1cnc2nc(-c3nc(NCc4cscn4)nc(N4CCCCC4)n3)sc2n1,33.37663853655727
COC(=O)C1CC(Nc2nnc(-c3nsc(N4CCCCC4)n3)s2)CC(C)O1,33.51119216023208
COc1cc(N2CCCC2)nc(Nc2nnc(-c3nsc(N4CCCC4)n3)s2)n1,34.0
Cc1nnc(C2CCC(Nc3nnc(-c4nnc(N5CCCC5)s4)s3)CC2)s1,34.17601498127012
Cc1nc(Nc2nnc(-c3nc(N4CCCCC4)ns3)s2)nc(N2CCCC2)n1,34.85685011586675
CNc1nc(-c2cscn2)nc(-n2c(SC3CCCC3)nc3c(F)ncnc32)n1,35.08560958569767
CSc1nnc2sc(-c3nc(NC4CCCC4)n4nc(SC)nnc34)cc2n1,35.4964786985977
c1csc(Nc2nc(-c3nnc(N4CCCCC4)s3)nc(N3CCCC3)n2)n1,36.02776706930364
COc1cnc2sc(-c3nc(Nc4nccs4)nc(N4CCCCC4)n3)nc2n1,36.207733980463345
CC1CCCN1c1nnc(-c2nc(Nc3nccs3)nc(N3CCCCC3)n2)s1,39.01281840626232
c1csc(Nc2nc(-c3nnc(N4CCCC4)s3)nc(N3CCCCC3)n2)n1,39.01281840626232
c1csc(Nc2nc(-c3nsc(N4CCCC4)n3)nc(N3CCCCC3)n2)n1,42.07136793592526
CSc1nc(N2CCCCC2)nn1-c1cc(-n2nccn2)nc(NC2CCCC2)n1,48.68264577855234
CSc1nc2sc(-c3nc(NC4CCCC4)nc(N4CCCC4)n3)nc(=N)n2n1,49.33558553417604
CSc1nc2sc(-c3nc(NC4CCCC4)nc(N4CCCCC4)n3)nn2n1,50.774009099144415
CSc1nc(-c2cscn2)n(-c2nc(NC3CCCC3)nc(N3CCCCC3)n2)n1,52.66877632905477
COc1nn2c(-c3nc(NC4CCCCC4)nc(N4CCCCC4)n3)nnc2s1,55.018178813915675
