SMILES,cats_euclidean_dist
COc1cc(Nc2nccc(-c3cnc4ccccn34)n2)ccc1-c1cccc(N2CCC2)n1,9.9498743710662
COc1ccnc(-c2ccc(Nc3cc(-c4cnn(C5CCOCC5)c4)ccn3)nc2)c1,10.392304845413264
Cc1ccc(CNc2cc(-c3ccc(N4CCOCC4)cc3)nc(-c3cccnc3)n2)cn1,10.770329614269007
COc1cc(Nc2nc(-c3cccs3)c3sccc3n2)ccc1S(C)(=O)=O,10.908712114635714
CN1CCC(c2ccc(Nc3nc(-c4cnn5cccnc45)c4ccccc4n3)nc2)CC1,10.954451150103322
Cc1cc(CNc2nccc(-c3cnc4ccc(-c5cnn(C)c5)nn34)n2)ccc1Cl,11.045361017187261
Cc1nc2ccccc2n1-c1nc(N[C@@H](C)c2ccccc2)nc(-n2cnc3ccccc32)n1,11.269427669584644
O=c1c2ccc(Nc3ccc(-c4ccccn4)cn3)nc2n(C2CCCC2)n1CCC1CC1,11.445523142259598
CCOc1ccc2ncn(-c3nc(NCc4ccccc4)c4cnn(C(C)(C)C)c4n3)c2c1,11.61895003862225
c1cncc(-c2nc(Nc3ccc(C4CC4)cn3)cc(-c3cnn(CCN4CCC4)c3)n2)c1,11.61895003862225
Cc1cc(-c2cnc3ccccn23)nc(Nc2cc(OC3CCN(C)CC3)ccn2)n1,11.661903789690601
CCC1CCN(c2nccn3c(-c4ccnc(NCc5ccc(Cl)nc5)n4)cnc23)CC1,11.789826122551595
CCn1c2ccc(Nc3ccc(-c4ncccn4)cc3)nc2c2cc(CN3CCC3)nnc21,11.789826122551595
COc1ccc(-c2nc(Nc3cccc(N4CCOCC4)n3)c3cnccc3n2)cc1C,11.958260743101398
Cc1ccc(-c2cc(Nc3ncc(-c4ccc(CN5CCOCC5)cc4)o3)ncn2)cn1,12.0
C[C@H]1CC[C@H](n2c3cnccc3c3cnc(Nc4ccc(CN5CCC5O)cn4)nc32)CC1,12.041594578792296
CCn1cc(-c2ncc3c4ccccc4n(-c4ccnc(NCc5ccccc5)n4)c3n2)cn1,12.12435565298214
c1ccn2c(-c3ccnc(Nc4ccc(-c5ncc(CN6CCC6)o5)cc4)n3)cnc2c1,12.24744871391589
CCC1CCN(c2cc(C)nn3c(-c4ccnc(Nc5cccc(F)n5)n4)cnc23)CC1,12.288205727444508
c1ccc(-c2coc(CNc3cc(-c4cnc5cnccn45)nc(N4CCCC4)n3)c2)cc1,12.449899597988733
CN1CCC(Oc2ccnc(Nc3nccc(-c4ccc(-c5cccnc5)nc4)n3)c2)CC1,12.449899597988733
COc1ccc(-c2nc(Nc3cccc(N4CCOCC4)n3)c3ccc(C)cc3n2)cc1,12.489995996796797
CCC1CCN(c2ccnn3c(-c4ccnc(Nc5cc(Cl)cn5C)n4)cnc23)CC1,12.569805089976535
CCC1CCN(c2ccnn3c(-c4ccnc(Nc5cccc(OC)c5)n4)cnc23)CC1,12.609520212918492
FC(F)(F)c1cnc(NCc2nnc3ccc(Cl)nn23)nc1OCc1ccccc1,12.609520212918492
Cn1c(N2CCC2)nc2ccc(-c3ccc(Nc4nccc(-c5cccnc5)n4)cc3)nc21,12.767145334803704
Cc1ncc(-c2cc3cnccc3c(Nc3ccc(CN4CCCCC4)cn3)n2)c(C)n1,12.922847983320086
COc1cc(F)c2c(=O)n(-c3ccccc3)c(Nc3ccc(-n4cc(C)nn4)cc3)nc2c1,12.922847983320086
Cc1cc(-c2cnc3c(N4CCCC4)ccnn23)nc(NCc2ccc(OC3CC3)cc2)n1,12.96148139681572
COc1ccc(Nc2nc(-c3cnc4ccccn34)cc(N3CCCC(C)C3)n2)c(F)c1,13.038404810405298
COc1ccc(-c2csc(Nc3ccnc(N4CCC(C(F)F)CC4)n3)n2)cc1C#N,13.076696830622021
CC(C)c1nc(-c2cnc(Nc3ccc(N4CCOCC4)cc3)nc2)cc2ncncc12,13.228756555322953
c1cc(-c2nc(Nc3ccc(OCCN4CCCC4)cc3)nc3ccncc23)c2ncoc2c1,13.2664991614216
CC(C)(O)C1CCN(c2ccc(Nc3ncc4ccc(=O)n(C5CCCC5)c4n3)nc2)CC1,13.30413469565007
CCC1CCN(c2cccc(Nc3nc(-c4cnc5ccccn45)cc(C4CC4)n3)n2)CC1,13.341664064126334
Cn1ncc2c1c1cnc(Nc3ccnc(N4CCCC4)c3)nc1n2[C@H]1CC[C@H](C)CC1,13.341664064126334
C[C@H](C1CCCCC1)n1c2cnccc2c2cnc(Nc3ccn(C4CCN(C)C4)n3)nc21,13.341664064126334
Cc1cc(N2CCN(C)CC2)cc(Nc2nc(Oc3ccccc3Cl)ccc2C#N)n1,13.379088160259652
COc1ccc(CNc2nc(-c3cnc4ccccn34)cc(N3CCCCC3)n2)cc1C#N,13.379088160259652
COc1ccc(-c2ccnc(Nc3cc(-c4ccc(N5CCOCC5)cc4)ncn3)n2)cc1,13.379088160259652
CCn1c(CN2CCCC2)nnc1-c1ccc(Nc2nc3ccncc3c3ccncc23)cc1,13.416407864998739
COc1cc(Nc2ncc(-c3ccc(N4CCOCC4)cc3)cn2)ccc1-c1ccon1,13.416407864998739
CSc1nc(Nc2ccc(-c3ncccn3)cc2)c2cc(CN3CCCCC3)cnc2n1,13.490737563232042
Cc1nn(C)c2cc(-c3ccc(CNc4nccc(-c5cnc6ccccn56)n4)cn3)ccc12,13.527749258468683
Cc1nc(-c2ccc(Nc3nccc(-c4cnc5ccccn45)n3)cc2)nn1CC(F)F,13.527749258468683
COc1ccc(-c2ccnc(Nc3ccc(N4CCOCC4)cc3)n2)c(OC(C)(C)C)n1,13.527749258468683
CCOc1ccc(-c2nccc3nc(Nc4ccc(N5CCOCC5)cc4)ncc23)cn1,13.527749258468683
Cn1ccnc1-c1cccc(CNc2nc(-n3cnc4ccccc43)nc3ccccc23)n1,13.527749258468683
COc1ccc(-c2cc(-c3cncnc3)nc(Nc3cccc(N4CCOCC4)c3)n2)cc1,13.527749258468683
COc1cc(Cl)cc(-c2ccc(Nc3ncnc4c3ncn4CC3CCOC3)nc2)c1,13.527749258468683
CCOc1ccn2c(-c3cc(C4CCOC4)cc(Nc4ccc5c(c4)OCO5)n3)cnc2c1,13.527749258468683
Cc1cccc(-c2nc(-c3ccnc(Nc4ccc(CN5CCCC5)cn4)c3)cs2)n1,13.527749258468683
Cc1cc(-c2nc(NCc3cccc(-c4cccs4)c3)cc(N3CCOCC3)n2)on1,13.527749258468683
CC(C)c1nsc2cc(-c3ccnc(Nc4cc(N5CCOCC5)ccn4)n3)ccc12,13.564659966250536
FC(F)Cn1cc(-c2ccc(Nc3nccc(-c4ccc(N5CCCC5)nc4)n3)cc2)nn1,13.564659966250536
COc1ccc(-c2cc3sc4cnc(Nc5ccc(F)cn5)nc4c3cn2)cc1OC,13.564659966250536
Cc1nnc(-c2cccc(-c3ccnc(Nc4ncc(CN5CCCC5)cn4)c3)c2)s1,13.564659966250536
CN1CCC(n2cc(-c3ccnc(Nc4ccc(Oc5ccccc5)cn4)n3)cn2)CC1,13.564659966250536
Clc1nc(Nc2ncnc3c4ccccc4n(CCCn4cccc4)c23)nc(C2CC2)n1,13.638181696985855
Cn1cc(-c2ccc3ncc(-c4ccnc(NCc5cccc(C6CCC6)c5)n4)n3n2)cn1,13.638181696985855
CCOc1ccccc1-c1cc2nc(Nc3ccc(N4CCOCC4)cn3)ncc2cn1,13.674794331177344
Cn1cc(-c2ccn3c(-c4ccnc(NCc5ccc(OC(C)(C)C)cc5)n4)cnc3c2)cn1,13.674794331177344
COc1ccc(-c2nc(C)cc3nc(Nc4ccc(N5CCOCC5)cn4)ncc23)cc1,13.674794331177344
CC1CCN(CC2=CC3=NC=C(c4ccnc(Nc5cc(CC#N)ccn5)n4)S3=C2)CC1,13.674794331177344
Cn1cc(-c2ccn3c(-c4ccnc(Nc5cccc(OC(F)F)c5)n4)cnc3c2)cn1,13.674794331177344
CCN1CCCC(Oc2cc(Nc3nccc(-c4cnc5ccccn45)n3)ccc2C#N)CC1,13.674794331177344
COc1cc(Nc2ncc(-c3cc4c(cn3)N(C(C)(C)C)C(=O)CC4)s2)cc(OC)c1,13.674794331177344
CC1(Cn2ccc(-c3ccc(Nc4nccc(-c5cnc6ccccn56)n4)cc3)n2)COC1,13.784048752090222
Cc1nc(Nc2nc(-c3ccnnc3)cc3ccsc23)ccc1CN1CCC(C)CC1,13.784048752090222
COc1ccc(-c2cc(-c3cncnc3)nc(Nc3ccc(N4CCOCC4)cc3)n2)cc1,13.820274961085254
COc1cccc(Nc2ncc3oc4nn(C)c(-c5ccc(-c6cccnc6)cc5)c4c3n2)c1,13.820274961085254
CN(C)c1nc2cc(-c3cccnc3)nc(NCc3cc(C#N)nc(C(C)(C)C)c3)c2s1,13.856406460551018
Cc1ccc(-c2nc(Nc3cccnc3)cc(-c3ccc(CN4CCOCC4)o3)n2)cn1,13.856406460551018
Cc1cn2c(-c3ccnc(NC4CCCC4)n3)cnc2c(OCc2ccc(Cl)cc2)n1,13.92838827718412
Cc1nc(Nc2ncc3c4ccncc4n([C@H]4CC[C@H](C)CC4)c3n2)ncc1CN1CCC1,13.96424004376894
COc1cc(Nc2nccc(-c3cnc4ccccn34)n2)cc(OC2CCCOCC2)c1,13.96424004376894
CCOc1ncc2ccccc2c1-c1ccnc(Nc2ccc(N3CCOCC3)cc2)n1,14.0
COc1ccc(-c2nc(Nc3ccc4c(c3)OCCCS4)c3cnccc3n2)cc1OC,14.071247279470288
Cn1cc(-c2ccc(Nc3cc(Cn4ncc(-c5cccc(Cl)c5)n4)ccn3)nc2)cn1,14.071247279470288
C[C@H](Nc1nc(-c2cncc(N3CCC3)c2)nc(-n2cnc3ccccc32)n1)c1ccccc1,14.106735979665885
COc1ccc2ncc(-c3nc(NCc4cccc(C(F)F)c4)c4ccncc4n3)n2c1,14.106735979665885
CCn1cnc2c(NCc3ccc(OC(F)F)cc3)nc(-n3cnc4ccccc43)nc21,14.106735979665885
Cc1ncc(-c2cc(N3CCOCC3)nc(-c3ccc(NCc4ccco4)cc3)n2)s1,14.106735979665885
CC1CCN(Cc2ccc(Nc3ncc4c5ccncc5n(C5CCCC5)c4n3)nc2)CC1,14.212670403551895
COc1ccc(CNc2nccc(-c3cnc4cnc(C)cn34)n2)c(Cl)c1C(C)(C)C,14.212670403551895
CC1CCN(Cc2ccc(Nc3ncc4c5ccncc5n(C5CCC5)c4n3)nc2)CC1,14.212670403551895
c1ccn2c(-c3ccnc(Nc4ccc(-c5coc(CN6CCCC6)n5)cc4)n3)cnc2c1,14.247806848775006
Cc1cc(OCC2CC2)c2cc(-c3nn(C4CCCNC4)c4ncnc(N)c34)sc2c1,14.247806848775006
Cc1ncc(-c2cc(-c3ccc(N4CCOCC4)cc3)nc(NCc3ccco3)n2)s1,14.247806848775006
CCC1CCCN1c1ccc(-c2nc(Nc3cccc4ccccc34)n3ncnc3n2)cn1,14.247806848775006
COc1ccc(-c2ccc3c(Nc4ccc(N5CCOCC5)cc4)nc(C)nc3n2)cc1,14.2828568570857
Cc1ccc(-c2ccnc(NCc3ccc(Cl)c(-c4ccc5ncnn5c4)c3)n2)cn1,14.352700094407323
Cc1cnn(CCNc2cccc(-c3cnc4c(Cl)cc(-c5nccs5)cn34)c2)n1,14.38749456993816
c1cc(Nc2nccc(-c3cnc4ccccn34)n2)cc(-c2ccc(CN3CCC3)o2)c1,14.38749456993816
COc1ccc(-c2cccc(Nc3ncc4c5ccncc5n(C5CCCN5C)c4n3)n2)cc1,14.422205101855956
c1ccc(-c2ccnc(Nc3ccc(N4CCOCC4)cc3)n2)c(OCc2ccno2)c1,14.422205101855956
c1ccc(-c2ccnc(Nc3ccc(CN4CCCC4)cn3)n2)c(-c2cn(C3CC3)nn2)c1,14.422205101855956
CC(C)n1cnc2cc(-c3ccnc(Nc4ccc(CN5CCCCC5)cn4)n3)ccc21,14.491376746189438
CNC(=O)Cn1cc(-c2cccc3cnc(Nc4ccc(-c5nccs5)cc4)nc23)cn1,14.491376746189438
COC1CCN(c2ccc(Nc3ncnc4c3cnn4C3CCCC(C)CC3)nc2)CC1,14.52583904633395
Cc1cc(-c2ccnc(Nc3ccc(N4CCOCC4)cn3)n2)cnc1Oc1ccccc1,14.52583904633395
Cc1cc(-c2ccc3ccc(C)nn23)nc(Nc2ccc3c(cnn3Cc3ccccn3)c2)n1,14.66287829861518
Cc1nc(Nc2nccc(-c3cnn(C4CCCCC4)c3)n2)cc(N2CCC(C)CC2)n1,14.66287829861518
CCn1ccc2ccc(Nc3nc(-c4ccccc4)nc(-c4cnn(C5COC5)c4)n3)cc21,14.66287829861518
CC1(C)CC(n2c3cnccc3c3cnc(Nc4ccc(CN5CCCCC5)cc4)nc32)O1,14.66287829861518
CC1CN(c2cc(Nc3ncc4c5ccncc5n(C5CCCC5)c4n3)nnc2C2CC2)C1,14.66287829861518
c1ccc(-c2cccc(CNc3nccc(-c4ccc(OC5CCOCC5)cc4)n3)n2)nc1,14.696938456699069
Cc1cc(CNc2nc(-n3cnc4ccccc43)nc3c2cnn3Cc2ccccc2)ccn1,14.798648586948742
Cc1cccc(CNc2nccc(-c3cnc4cc(-c5cnn(C6COC6)c5)ccn34)n2)c1,14.798648586948742
COc1ccc(-c2ccnc(Nc3cccc(N4CCOCC4)c3)n2)cc1-c1ccncn1,14.798648586948742
Cc1cncc(-c2cc(N3CCCC3c3ccccc3)nc(NCc3cncs3)n2)n1,14.832396974191326
c1ccc(CNc2nc(Nc3cccc(N4CCCCC4)n3)cc(-c3cccnc3)n2)nc1,14.832396974191326
Cc1cc(-c2ccnc(Nc3cc(Cl)n(C)n3)n2)cc2c1nc(C)n2C1CCOCC1,14.89966442575134
Cc1cc(-n2cnc3cnccc32)nc(NCc2ccc(-c3ccn4cccc4n3)cc2)n1,14.933184523068078
C[C@H]1CC[C@H](n2c3cnccc3c3cnc(Nc4cnc(CN5CCC5)cn4)nc32)CC1,14.933184523068078
Cn1cc(-c2c(Nc3nccc(-c4cn(C)c5cnccc45)n3)ccc3ccccc23)nn1,14.933184523068078
CN(C)c1ccc(-c2ccccc2-c2ccnc(Nc3ccc4c(c3)OCCO4)n2)cn1,14.966629547095765
COc1cc2c(Nc3ccc(CN4CCCC4)nn3)nc(-c3ccccc3)nc2cc1F,14.966629547095765
CCn1ncc2cc(-c3ccnc(Nc4ccc(CN5CCCCCC5)cn4)n3)cnc21,14.966629547095765
CNc1nccc(-c2cnc3c(c2)c2c4cnccc4n(C4CCOC4)c2n3CC(C)C)n1,15.033296378372908
COc1nn(C2CCCC(C(F)F)C2)cc1-c1ccnc(Nc2ccc3c(c2)OCO3)n1,15.066519173319364
c1ccc(Oc2ccc(COc3cc(-c4cnn(C5CCNCC5)c4)ccn3)cn2)cc1,15.066519173319364
Cc1cnc(Nc2nccc(-c3ccc(OC4CCN(C)CC4)c(C#N)c3)n2)c(Cl)c1,15.066519173319364
CSc1ccc(-c2ccc(Nc3nccc(-c4ccc(N5CCCC5)nc4)n3)cc2)nn1,15.066519173319364
COc1ccc(-c2cccc(Nc3ccc4nnc5c(cnn5C5CCCN5C)c4c3)n2)cc1,15.0996688705415
COc1ccc(-c2cc(C)nc(Nc3ccnc4ccccc34)n2)cc1N1CCOCC1,15.0996688705415
COc1cncc(-c2nc(Nc3ccc(CN4CCCCC4)cn3)c3ccccc3n2)n1,15.165750888103101
Cc1cc(Nc2nccc(-c3cnn4ccccc34)n2)ccc1-c1nnc(CC2CC2)s1,15.165750888103101
c1ccn2c(-c3ccnc(Nc4ccc(OC5CCN(CC6CC6)CC5)cc4)n3)cnc2c1,15.165750888103101
Cc1cnnc(-c2ccc(Nc3cc(N4CCOCC4)cc(Oc4ccccc4)n3)nc2)c1,15.198684153570664
COc1ccc(-c2nc(Nc3ccc(N4CCOCC4)cc3)c3c(C)noc3n2)cc1Cl,15.198684153570664
COC1(C)CCN(c2cnc(Nc3nccc(-c4cnc5ccccn45)n3)cc2Cl)C1,15.198684153570664
Cn1cc(-c2cncc(-c3cnc(Nc4ccc(CN5CCCCC5)cn4)nc3)c2)cn1,15.198684153570664
CCn1cc(-c2ccc3c(c2)OCO3)cc1CNc1nccc(-c2cnc3ccccn23)n1,15.198684153570664
Cc1cncc(-c2cc(Nc3nc4ccc(CN5CCCCC5)cc4s3)nc(C)n2)n1,15.198684153570664
COc1ccc(-c2nc(Nc3cccc(CN4CCCC4)n3)c3cc(C#N)sc3n2)cc1,15.231546211727817
COc1ccn2c(-c3cc(C#N)cc(Nc4ccc(CN5CCCCC5)cc4)n3)cnc2c1,15.297058540778355
Cc1cc2ncc(-c3cc(-c4cnn(C5CCC5)c4)nc(NCc4ccccc4)n3)cn2n1,15.297058540778355
CC1CN(Cc2ccc(Nc3ncc4c(n3)oc3cccc(Cl)c34)nc2)CC(C)O1,15.297058540778355
Cc1noc(C(C)(C)C)c1-c1ccc2nc(Nc3cnn(CCN4CCCC4)c3)ncc2c1,15.329709716755891
c1ccn2c(-c3ccnc(Nc4ccc(-c5cnn(CC6CCCO6)c5)cc4)n3)cnc2c1,15.329709716755891
C=Cc1cc2ccccc2c(Nc2nc(C)c(-c3cnc(CN4CCOCC4)o3)s2)n1,15.329709716755891
COc1ccc(C(=O)Nc2nnc(Sc3csc(-c4cccc[n+]4[O-])c3)s2)cc1,15.329709716755891
CSc1cnc(-c2ccc(Nc3nccc(-c4ccc(N5CCCC5)nc4)n3)cc2)cn1,15.329709716755891
FCCn1cc(-c2cncc(Nc3nccc(-c4ccc(N5CCCCC5)nc4)n3)c2)cn1,15.329709716755891
COc1cccc(Nc2cncc(-c3cnn(-c4ccc5nc(C)n(C(C)(C)C)c5c4)c3)n2)c1,15.329709716755891
Cc1cc(Nc2ncc(-c3nc4ccccc4cc3C)o2)ncc1CN1CCOCC1,15.329709716755891
Cc1cnc2c(Nc3nc4ccc(-c5cnn(C)c5)cc4n3Cc3ccccc3)ccnc2n1,15.329709716755891
Cc1cc(Nc2nc(N3CCCC3)nc3cnccc23)nc(-n2c(C)nc3ccccc32)c1,15.362291495737216
CN(c1nc(NCc2cccc(-c3ccccc3)c2)n2ncc(C#N)c2n1)C1CCOCC1,15.362291495737216
CC1CN(c2ccc(Nc3nc(-c4cnc(C#N)n4C)c4ccccc4n3)cc2)CC(C)O1,15.362291495737216
CCn1cc(-c2cc(Cl)c3nc(Nc4ccc(CN5CCCC5)cn4)ncc3c2)cn1,15.427248620541512
Cn1c(=O)n([C@H]2CC[C@H](C)CC2)c2cc(Nc3ccc(-c4ccn(C5CC5)c4)nn3)ncc21,15.459624833740307
COc1ccc(-c2ccc3c4nc(Nc5ccc(N6CCC6)cn5)ncc4n(C)c3n2)cc1,15.459624833740307
Cc1cc(-c2ccc(N3CCC3)nn2)cc(Nc2nccc(-c3cn(C)c4ccccc34)n2)n1,15.459624833740307
c1ccc(Oc2ccnc(Nc3ccc(-c4ccc(CN5CCOCC5)o4)cn3)n2)cc1,15.491933384829668
c1ccc2nc(Nc3ccc(-c4nc5nocc5n4CCCN4CCCC4)cc3)ncc2c1,15.556349186104045
COc1cccc(Nc2nc(-c3sc(N4CCCC4)nc3C)cn3cc(C#N)cc23)c1,15.588457268119896
COc1ccc(-c2cccc(CNc3cccc4ncn(-c5nccs5)c(=O)c34)n2)cc1,15.588457268119896
COc1nc(Nc2nn(C3CCC(=O)C(C)CC3)c3cnccc23)ccc1N1CCCC1,15.588457268119896
c1cc(Cn2ccnc2)cc(Nc2nccc(-c3ccc(OC4CCOCC4)cc3)n2)c1,15.588457268119896
c1ccc(-c2cc(CNc3nccc(-c4cnc5ccccn45)n3)nn2CC2CCC2)cc1,15.588457268119896
Cc1cc(-c2ccc(CN3CCOCC3)cc2)nc(Nc2nc(C)nc3ccccc23)n1,15.620499351813308
c1cc(Nc2nccc(-c3ccc(NCc4ncco4)cc3)n2)cc(N2CCOCC2)c1,15.684387141358123
Cn1cnc(-c2ccnc(Nc3ccc(-c4ncn(Cc5ccc(Cl)cc5)n4)cc3)n2)c1,15.684387141358123
Cc1cc2nc(-c3cccc(Nc4nccc(-c5cnn(C)c5)n4)c3)cc(C(F)F)n2n1,15.716233645501712
CC1CCN(c2ccc(Nc3ncc4c(-c5cccnc5)nn(C5CCC5)c4n3)nc2)CC1,15.716233645501712
Cn1cc(-c2ccnc(Nc3ccc4c(cnn4Cc4ccccn4)n3)n2)c2ccccc21,15.716233645501712
Cc1cnc(COc2ccc(Nc3nccc(-c4cnc5ccccn45)n3)cc2F)s1,15.716233645501712
CC(C)n1ccc2cc(-c3ccnc(Nc4ccc(N5CCOCC5)cc4)n3)cnc21,15.716233645501712
Cc1ncccc1Nc1nc(-c2ccc(N3CCCC3)nc2)cn2c(-c3ccncc3)cnc12,15.748015748023622
COc1cc(Nc2nccc(-c3ccc(N4CCOCC4)cc3)n2)ccc1-c1cnco1,15.748015748023622
Cn1cc(-c2ccc3ncc(-c4ccnc(NCc5ccc(C6CCC6)cc5)n4)n3n2)cn1,15.811388300841896
CCC1CCN(c2cc(Nc3nccc(-c4cccc5c4OCCO5)n3)nc(C)n2)CC1,15.811388300841896
Cc1cc(-c2cc3nc(Nc4ccc(CN5CCC(C)CC5)nn4)ncc3s2)ccn1,15.84297951775486
c1ccc(OCCC2CCN(c3nc(Nc4ncccn4)c4sccc4n3)CC2)cc1,15.84297951775486
COc1cc(-c2ccc3ncnc(Nc4ccc(N5CCOCC5)nc4)c3c2)ncc1C,15.84297951775486
CCC1CCN(c2nccn3c(-c4ccnc(NCc5ccnc(Cl)c5)n4)cnc23)CC1,15.84297951775486
Cc1ccc(-c2cnc(Nc3ncc(-c4ccc(CN5CCOCC5)cc4)o3)s2)cn1,15.84297951775486
c1coc(-c2ccc(CNc3nccc(-n4ccc5cnc(N6CCCC6)nc54)n3)cc2)c1,15.84297951775486
CC(C)c1csc2ncc(-c3ccnc(Nc4ccc(CN5CCOCC5)cc4)n3)nc12,15.874507866387544
CSc1nnc(-c2ccc(Nc3nccc(-c4ccc(N5CCCC5)cc4)n3)cc2)o1,15.874507866387544
Cc1cc(N2CCOCC2)cc(Nc2ncc(-c3cccc(Oc4cccnc4)c3)cn2)n1,15.968719422671311
Cn1cnc2cc(-c3cc(CNc4nccc(-c5cnc6ccccn56)n4)ccn3)ccc21,15.968719422671311
CCn1c(Sc2ccccc2)nc2c3nccnc3c(NCc3ccc(F)nc3)nc21,16.0
COc1cccc(NC2=Nn3cnc4cccc(c43)N2c2ccc(C3CCCO3)nc2C)c1,16.0
Cc1ccc(-c2ccc(Nc3nc(-c4ccc5ncn(C)c5c4)cc(N4CCCC4)n3)cc2)nn1,16.0
COc1ccc(-c2ccc(Nc3nccc(-c4cnc5ccccn45)n3)cn2)cc1Cl,16.06237840420901
Clc1cc(OCCn2cccn2)ccc1Nc1nccc(-c2cnc3ccccn23)n1,16.06237840420901
COc1cccc(-c2nc(Nc3ccc(CN4CCCCC4)nn3)c3ccsc3n2)c1,16.09347693943108
CC1CCN(Cc2ccc(Nc3ncc4c5ccncc5n(C5(C)COC5)c4n3)nc2)CC1,16.09347693943108
CN(C)c1ccc(-c2cnc(Nc3ccc4c(c3)OCCC4=O)c3cnn(C4CC4)c23)cn1,16.09347693943108
COc1ccc(Nc2ncnc3cc(-c4ccc5c(c4)OC(F)(F)O5)cn23)cc1OC,16.1245154965971
Cc1cc(OC2CCN(C)CC2)cc(Nc2ccc3ncc(-c4cccc(C#N)c4)n3n2)n1,16.1245154965971
Cc1nc(CCNc2ncnc3cc(-c4ccc5c(c4)OCO5)ccc23)cc2c1ncn2C,16.1245154965971
CC(C)c1ccc(C#N)c(Nc2nc(-c3ccc(N4CCOCC4)cc3)c3nccn3n2)c1,16.1245154965971
Cc1cc(CNc2nccc(-c3cnc4ccccn34)n2)ccc1CN1CCC(C#N)CC1,16.186414056238647
COc1cccc2c(NCc3nc4ccccc4n3C)nc(-n3cnc4ccccc43)nc12,16.217274740226856
CC(=O)c1cccc(-c2ccc(CNc3nccc(-c4cn(C)c5ccccc45)n3)nn2)c1,16.217274740226856
Cc1ccccc1-c1cc(CNc2nc(-c3cnc4ccccn34)cn3ccnc23)cnn1,16.217274740226856
CCC1CCN(c2cccc(Nc3cnc(-c4ccc5c(c4)nnn5C4CC4)cn3)n2)CC1,16.217274740226856
CSc1nc(NCc2ccc(-c3ccncc3)cc2)c2ncc(-c3cccnc3)nc2n1,16.217274740226856
COc1cccc(-c2cc(C)c3nc(Nc4ccc(N5CCOCC5)cn4)ncc3c2)c1,16.24807680927192
Cc1cc2ncc(-c3ccnc(NC4CCC(Cn5cnc(C6CC6)c5)CC4)n3)cn2n1,16.30950643030009
CCn1cc(Cl)c2nc(-n3ccnc3-c3ccccc3)nc(NCc3ccncn3)c21,16.30950643030009
COc1ccc(Nc2nc(-c3ccc4c(c3)CCO4)nc3c4c(cnc23)OCC4)cc1OC,16.34013463836819
Cc1cc(-c2ccc3c(cnn3C)c2)cc(CNc2nccc(-c3cnc4ccccn34)n2)n1,16.34013463836819
CSc1ccccc1-c1ccc(CNc2nccc(-c3cnc4ccccn34)n2)nc1,16.34013463836819
CC1CCN(c2ccc(NC3=NC(=O)N(C4CCC4)c4nn(C)c5c4=C(C=N3)C=5)cc2)CC1,16.34013463836819
Cc1ncc(-c2cc(F)nc(Nc3ccc4c(cnn4Cc4cccc(F)c4)c3)n2)n1C,16.3707055437449
Cc1cccc2nc(-c3ccc(CNc4nccc(-c5cnc6ccccn56)n4)cc3)cn12,16.3707055437449
Cc1nc2ccc(Nc3nccc(-c4cnc5ccccn45)n3)cc2n1CCc1ccccc1,16.3707055437449
COc1cc(-c2ccnc(C3CO3)c2)ccc1Nc1nccc(-c2cnc3ccccn23)n1,16.3707055437449
c1cc(-c2ccnc(Nc3ncc(CN4CCCC4)cn3)c2)cc(-c2nncn2C2CC2)c1,16.3707055437449
Cc1ccc(-c2cc(-c3ccc(Nc4nccc(CN5CCCCC5)n4)nc3)ncn2)cn1,16.431676725154983
COc1ccc(CNc2nccc(-c3ccc4ncnn4c3)n2)cc1-c1cccc(F)c1,16.46207763315433
Cc1nc2cc(CNc3nccc(-n4ccc5ccccc54)n3)ccc2nc1-c1cnn(C)c1,16.46207763315433
c1ccn2c(-c3ccnc(NCc4ccc(-c5ccn(CC6CCC6)n5)cc4)n3)cnc2c1,16.46207763315433
COC1CCN(c2cc(Nc3ncc(-c4ccccc4)c4ncncc34)nc(C)n2)CC1,16.46207763315433
COc1ccc2nc(-c3cccs3)nc(Nc3ccc(CN4CCCCC4)nn3)c2c1,16.46207763315433
Cc1nc2ccn(C)c2nc1-c1cccc(CNc2nccc(-n3ccc4cnccc43)n2)c1,16.46207763315433
Cc1cc2nc(-c3ccc(CNc4nccc(-c5cnn6ccccc56)n4)cc3)c(C)cn2n1,16.46207763315433
CCC1CCN(c2nccn3c(-c4ccnc(NCc5cccc(Cl)n5)n4)cnc23)CC1,16.46207763315433
CN(C)c1cccc2c1cnn2-c1ccnc(NCc2ccc3c(c2)oc2ccccc23)n1,16.492422502470642
COc1ccc(-c2ccnc(Nc3cc(-c4ncco4)cc(N4CCOCC4)c3)n2)cc1,16.492422502470642
COC(=O)c1ccc(NCc2ccc(-c3cccc4nc(N5CCCCC5)nn34)nc2)cc1,16.492422502470642
Cc1cc(Nc2ncc3c4ccncc4n(C4CCCC4)c3n2)nn1CC1CCOCC1,16.55294535724685
CCn1cc(-c2cc3cnc(Nc4ccnc(CN5CCCCC5)c4)nc3nc2Cl)cn1,16.583123951777
CC(C)Oc1cc(-n2ccc3ccccc32)nc(Nc2ccc(N3CCOCC3)cc2)n1,16.583123951777
CC1CCN(Cc2ccc(Nc3ncc4cnn(-c5ccccc5C5CC5)c4n3)nn2)CC1,16.583123951777
CCn1ccc2c(N3CCOCC3)nc(-c3ccc(NCc4cccc(C#N)n4)cc3)nc21,16.61324772583615
COc1ccc(-c2nc(NCc3cccc(N4CCCCCO4)n3)c3cnccc3n2)cc1,16.673332000533065
CCCN1CCN(c2ccc(Nc3ncnc4ccc(-c5ccc(C#N)cc5)cc34)nn2)CC1,16.673332000533065
CCN1CCN(c2ccc(Nc3ncc4c(n3)oc3cc(-c5ccoc5)ccc34)nc2)CC1,16.703293088490067
CC(C)c1cncc(-c2nc(Nc3ccc(N4CCOCC4)cc3)nc3c(F)cncc23)n1,16.703293088490067
Cc1cnc(Nc2ccc(-c3cnn(C4COC4)c3)cn2)nc1-c1cn(C)c2ccccc12,16.703293088490067
FC(F)Oc1cccc(-c2cn3ccnc(Nc4cccc(Cn5nccn5)c4)c3n2)c1,16.703293088490067
Cc1cc(-c2cc(-c3cnc(C)nc3)nc(Nc3ccc(N4CCOCC4)cc3)n2)ccn1,16.703293088490067
CC(C)c1ncnc2ccc(-c3ccnc(Nc4ccc(N5CCOCC5)cn4)n3)cc12,16.703293088490067
COc1ccc(-c2cc3c(-c4cnccn4)cnn3c(NCc3ccc4c(c3)CO4)n2)cc1,16.73320053068151
CC1CCCN(Cc2ccc3c(c2)nc(Nc2ncnc(C4CC4)n2)n3C2CCCC2)C1,16.792855623746664
COc1cc(CNc2nccc3c(-c4cnn(C)c4)cncc23)cn2c1nc1ccccc12,16.822603841260722
CC1CN(Cc2nccc(Nc3ncc4c5ccncc5n([C@H]5CC[C@H](C)CC5)c4n3)n2)C1,16.852299546352718
COc1cc(-c2cnc(Nc3cccc(N4CCOCC4)c3)nc2)ccc1-c1cnco1,16.852299546352718
COc1ccc(-c2ccccc2)cc1CNc1nc(Cl)nn2c(-c3cnn(C)c3)cnc12,16.911534525287763
CC(C)Cn1c2cc(C#N)ccc2c2cnc(Nc3ccc(N4CCOCC4)cn3)nc21,16.941074346097416
CCn1c(=O)c(Nc2cccc(OC)c2)nc2c3c(ccc21)ncn3C1CCOCC1,16.941074346097416
CC1CCCN1c1nc(NCc2ccc3c(cnn3C)c2)cc(-c2ccc3ncncc3c2)n1,16.97056274847714
COc1cc(CNc2nccc(-c3cnc4ccccn34)n2)ccc1-c1ccc2c(c1)OCO2,16.97056274847714
CSc1ccc(CNc2cncc(-c3cnc4ccc(C5CCOCC5)nn34)n2)cc1,16.97056274847714
COC(=O)C1CCC(n2ccc3cnc(Nc4ccc(N5CCC[C@H]5C)cn4)nc32)CC1,16.97056274847714
Cc1cc2cnc(Nc3ccc(-c4cc(CN5CCOCC5)on4)cn3)cc2n1C1CCC1,17.029386365926403
Cc1nnc(Cc2ccc(Nc3nccc4sc(CN5CCCCC5)cc34)cc2)o1,17.05872210923198
c1cc2cnc(Nc3ccc(CN4CCCCC4)cn3)nc2c(-c2cnn(CC3CC3)c2)n1,17.05872210923198
Cc1ccc(-c2coc(Nc3ncc(-c4cc(CN5CCOCC5)ccn4)s3)n2)cc1,17.05872210923198
Cc1ccc(-c2ccc3nnc(-c4ccnc(NCc5ccc6c(ccn6C)c5)c4)n3n2)cn1,17.05872210923198
COc1ccc(-c2cnc(Nc3nccc(-c4ccccc4)n3)o2)cc1N1CCOCC1,17.08800749063506
CN(C)Cc1ccc(-c2cc3c4cncn4cc(Nc4cc(C(F)(F)F)co4)nc-3n2)o1,17.08800749063506
COc1ccc(Nc2ncc(-c3cnc4c5c(ccc4c3)OCC5)c3nccn23)cc1OC,17.08800749063506
COc1ccc(C(=O)Nc2nnc(SCc3cc4cc(Cl)cnc4cn3)s2)cc1,17.146428199482248
CCn1cnc2nc(-c3ccc(CNc4nccc(-c5cnc6ccccn56)n4)cc3)ccc21,17.175564037317667
CN(C)c1ccc(Nc2nccc(-c3ccc4nnn(-c5ccc(F)cc5)c4c3)n2)cc1,17.175564037317667
CC(=O)c1cn(C2CCC(C)CC2)c2nc(Nc3ccc(N4CCOCC4)cn3)ncc12,17.175564037317667
Cc1cc(C)c2nc(-c3ccc(CNc4nccc(-n5cnc6ccccc65)n4)cc3)cn2n1,17.175564037317667
Cn1cc(-c2ccc(Nc3ncc4c5ccccc5n(CCc5ncccn5)c4n3)cc2)cn1,17.175564037317667
CC(C)n1cc(-c2ccc(C#N)cc2)c2cnc(Nc3ccc(N4CCOCC4)cn3)nc21,17.204650534085253
CC(=O)c1ccc2c3cnc(Nc4ccc(N5CCOCC5)cn4)nc3n(C(C)C)c2c1,17.204650534085253
CN(C)CCC1CCN(c2nccc(Nc3ncc4c(ncc5ccccc54)n3)n2)CC1,17.26267650163207
CCc1cnncc1-c1cccc(-c2ccnc(Nc3nccc(N4CCOCC4)n3)c2)c1,17.291616465790582
COc1ccc(Nc2ncc3c4cncc(Cl)c4n(C4CCOCC4)c3n2)cc1OC,17.291616465790582
CC(C)n1c2cnc(-c3ccno3)cc2c2cnc(Nc3ccc(N4CCOCC4)cc3)cc21,17.291616465790582
Cc1ncccc1-c1cnc(Nc2cc(CN3CCCCC3)nc(-c3cccnc3)n2)s1,17.291616465790582
CC(C)n1cnc2ccc(-c3cc(Nc4cnc(CN5CCCCCC5)cn4)ncn3)cc21,17.320508075688775
CN(C)Cc1cc(-c2ccnc(Nc3ccc(-c4nc5cccnc5s4)cc3)n2)ccn1,17.320508075688775
Cc1nc(CN2CCCC2)cc(Nc2ncc(-c3cncc(-c4ccccn4)c3)s2)n1,17.320508075688775
CN1CCN(c2ccc(Nc3nc(-c4ccc(Oc5ccccc5)cc4)no3)cc2)CC1,17.406895185529212
c1ccc(Oc2ccc(CNc3nccc(-c4cccc(N5CCOCC5)n4)n3)cn2)cc1,17.406895185529212
CCn1c2ccccc2c2nc(Nc3ccc(-c4cnn(C)c4)cc3)nc(-c3cnccn3)c21,17.406895185529212
COc1ccc(-c2nc(Nc3nc4ccccc4o3)cc(C3CC3)n2)cc1N1CCOCC1,17.435595774162696
CC(C)c1ccnc(Nc2nc(N3CCC(F)CC3)nc3c2cnn3-c2cccnc2)c1,17.435595774162696
COc1ccc(-c2cc(Nc3nccc(-c4ccc(N5CCOCC5)cc4)n3)on2)cc1,17.435595774162696
CN(C)Cc1ccc(Nc2nccc(C3=CN=C4C=C(c5ncccn5)C=S34)n2)cc1,17.435595774162696
COC(=O)c1ccc(NCc2ccc(-c3nccs3)c(-c3ccc4c(c3)OCO4)n2)cc1,17.46424919657298
COc1cc(-c2cn(C)nc2Cl)ccc1Nc1nccc(-c2cnc3ccccn23)n1,17.4928556845359
COc1cc2cnc(Nc3ccc(N4CCC(C)CC4)cc3)nc2n(C2CCCC2)c1=O,17.4928556845359
C[C@H]1CC[C@H](n2ccc3cnc(Nc4ccc(N5CCOCC5)cc4)nc32)C(C)(C#N)C1,17.4928556845359
CC(C)c1nn2c(Nc3ccc(N4CCOCC4)cc3)ncc3c2c1C(C1CCC1)=NO3,17.52141546793523
Cc1cc2c(nn1)c(F)c(C(C)C)c1nc(Nc3ccc(N4CCOCC4)cn3)ncc12,17.52141546793523
c1ccc(CSc2cc(N3CCCC3)cc(Nc3ccc(-c4cnccn4)cn3)n2)nc1,17.52141546793523
COc1ccc(-c2cc(-c3cnccn3)nc(Nc3ccc(N4CCOCC4)cc3)n2)cc1,17.52141546793523
Cn1cc(-c2ccnc(NCc3ccc(-c4cccc5nc(C6CC6)cn45)cn3)c2)cn1,17.549928774784245
COc1ccc(-c2nc(-c3cncc(Nc4cccc(C=O)c4)n3)cc3sncc23)cc1,17.549928774784245
CC(C)c1noc2ccc(-c3ccnc(Nc4ccc(N5CCOCC5)cc4)n3)cc12,17.635192088548397
CN(C)c1nccc(-c2ccc3nccc(NCc4ccc5c(Cl)cccc5n4)c3n2)n1,17.635192088548397
COc1ccc(NCc2nc3cnc4oc(-c5ccc(F)cc5)nc4c3s2)cc1F,17.663521732655695
CC(=O)c1cc2c(C(C)C)nc3nc(Nc4ccc(N5CCOCC5)cc4)ncc3c2s1,17.663521732655695
Cc1cc(-c2cnc(C)n2C2CC2)nc(Nc2cc(N3CCOCC3)nc3ccccc23)n1,17.776388834631177
CC(C)c1ccn2c(-c3ccnc(Nc4ccc(N5CCOCC5)cc4)n3)cnc2n1,17.776388834631177
Cc1ccc2c(-c3ccnc(NCc4ccc(-c5nc6ccccc6n5C)cc4)n3)cnn2n1,17.86057109949175
CCn1c(=O)n(C2CCC(C)CC2)c2cnc(Nc3ccc(N4CCCCC4)cc3)nc21,17.86057109949175
Cc1nnc(-c2ccn3c(-c4ccnc(NCc5ccc(F)c(C)n5)c4)cnc3c2)s1,17.86057109949175
c1cc(Nc2nccc(-c3cnc4ccccn34)n2)cc(OCCN2CCCCCC2)c1,17.86057109949175
COCC1CCN(c2ccc(Nc3ncc4cnn(C5CCCCCC5)c4n3)nc2)CC1,17.86057109949175
COc1ccc(-c2cc(-c3ccncc3)nc(Nc3ccc(N4CCOCC4)cn3)n2)cc1,17.86057109949175
Cn1cc(-c2ccnc(Nc3cccc(-c4cnc5cnn(C)c5n4)c3)n2)c2ccccc21,17.86057109949175
CCOc1ccc2c(-c3ccnc(Nc4ccc(N5CCOCC5)cn4)n3)cccc2c1,17.88854381999832
Fc1ccc(-c2nc(Nc3cccc(OCCN4CCCC4)c3)nc3nccnc23)s1,17.88854381999832
CC(C)(CF)Oc1cccc(Nc2nc3ccc(N4CCCCC4)cc3n3ncnc23)c1,17.944358444926362
CC(C)c1cc(-c2cn3ncnc3c(Nc3ccc(N4CCC(F)(F)C4)cn3)n2)ccn1,17.97220075561143
CCn1cc(-c2cnc3cc(-c4ccncc4)nsc2-3)nc1NCc1ccc(F)cn1,17.97220075561143
Cc1cccc(-c2cc(Nc3cc(CN4CCCCC4)ccn3)nc(-c3cnccn3)n2)c1,17.97220075561143
CCC1CCN(c2nccn3c(-c4ccnc(NCc5ccnc(C)n5)c4)cnc23)CC1,17.97220075561143
CC(C)c1nc2ccccc2nc1-c1ccnc(Nc2ccc(N3CCOCC3)cc2)n1,18.0
CC(C)n1cc(-c2ccc(C#N)nc2)c2cnc(Nc3ccc(N4CCOCC4)cc3)nc21,18.0
CSc1cnc(F)c(-c2ccc(CNc3nccc(-c4ccc5ncnn5c4)n3)cc2)c1,18.0
CCOc1cncc(-c2nc(Nc3ccc(N4CCOCC4)cc3)nc3ccccc23)c1,18.0
CC(C)(C)c1ccc(Nc2ncc3c4ccncc4n(CCCN4CCCC4=O)c3n2)cc1,18.05547008526779
Cc1ncncc1Oc1cccc(-c2ccnc(Nc3cccc(N4CCOCC4)c3)n2)c1,18.083141320025124
c1ccn2c(-c3ccnc(Nc4ccc(OCCN5CCCCCC5)cc4)n3)cnc2c1,18.083141320025124
CC(C)n1c(=O)n(CC(C)(C)C)c2cnc(Nc3ccc(N4CCCCC4)cc3)nc21,18.083141320025124
CC(C)(C)c1nc2ccccc2nc1Nc1cc(-c2cn(CCN3CCCC3)nn2)ccn1,18.110770276274835
Cc1ccc2nc(-c3ccnc(Nc4ccnc(N5CCOC(C)(C)C5)n4)c3)sc2c1,18.110770276274835
c1cc(-c2ccc(N3CCOCC3)cc2)nc(Nc2ccc(OCc3ccon3)cc2)n1,18.110770276274835
COC(=O)c1ccc(NCc2ccc(-c3nc(N4CCCC4)c4scnc4n3)cc2)cc1,18.138357147217054
Cc1nc(CN2CCCCC2)cc(Nc2ncc(-c3cncc(-c4cccnc4)c3)s2)n1,18.193405398660254
COc1cc(Nc2nccc(-c3cnc4ccccn34)n2)ccc1OC1CCCOCC1,18.193405398660254
Fc1ccc(CSc2cccc(CNc3nccc(-c4cnc5ccccn45)n3)n2)nc1,18.2208671582886
COc1cc(Nc2nccc(-c3cccn4ccnc34)n2)ccc1OC1CCOCC1,18.2208671582886
Cc1ncn(-c2ccc(Nc3nc(-c4cc(C)c5c(ccn5C)c4)cn4ccnc34)cc2)n1,18.2208671582886
CCn1c2cnccc2c2cnc(Nc3ccc(-c4cnn(C5CCOC5C)c4)cc3)nc21,18.275666882497067
Cc1cn(Cc2ccc(Nc3nccc(-c4ccn(C5CCCOCC5)c4)n3)cc2)nn1,18.275666882497067
COC1CCC(n2ccc3cnc(Nc4ccc(N5CCC(C)CC5)cn4)nc32)CC1,18.275666882497067
COCCn1c2ccccc2c2c(-c3ccccc3)nc(Nc3ccc4c(c3)OCO4)nc21,18.303005217723125
Cc1cccc(-c2ccc(NCc3ccnc(-c4cnc(N5CCCC5)cn4)n3)cc2)n1,18.33030277982336
CN(C)c1cc2ncc(-c3ccc(Nc4nccc(N5CCCCC5)n4)cc3)nc2cn1,18.384776310850235
COc1cc(-c2ccnc(Nc3ccc(N4CCOCC4)cn3)n2)ccc1Oc1ccccc1,18.411952639521967
COc1ncc(-c2cc3ccn(-c4ccnc(NCc5ccccc5Cl)n4)c3cn2)cn1,18.411952639521967
Cc1nc(Nc2cc(-c3ccc(-c4ncn(C)n4)cc3)ccn2)cc(N2CCCCC2)n1,18.411952639521967
CCCn1cc(-c2ccc(Nc3nc(-c4cnc5ccccn45)cn4ccnc34)cc2)cn1,18.411952639521967
CN(C)c1ccnc(Nc2cc(-c3ccnc(Cl)c3)c3ncn(C4CCCC4)c3n2)n1,18.411952639521967
CN1CCC(COc2cnc3nccc(Nc4ccc(-c5nccs5)cc4)c3n2)CC1,18.411952639521967
CCn1cnc2c(-c3cnn4ccccc34)cc(-c3ccc(NCc4cnccn4)cc3)nc21,18.411952639521967
COC(=O)c1ccc(Nc2ccc(OCCN3CCC3)cc2)nc2nc3sccc3c1-2,18.439088914585774
COC(=O)Cn1c(-c2ccnc(Nc3cccc(N4CCCCC4)c3)n2)nc2ccccc21,18.439088914585774
COc1ccc(Nc2nccc(-c3ccc4ncc5c(c4c3)COCCCO5)n2)cc1OC,18.49324200890693
Cc1cccc2nc(-c3ccc(CNc4nccc(-n5cnc6ccccc65)n4)cc3)nn12,18.520259177452136
C[C@H]1CC[C@H](n2c3cnccc3c3cnc(Nc4ccn(CC5CCOC5)n4)nc32)CC1,18.520259177452136
CCOc1cncc(-c2ccc3nc(Nc4ccc(N5CCOCC5)cn4)ncc3c2)c1,18.520259177452136
Cc1cc(Nc2ncc3c4ccncc4n([C@H]4CC[C@H](C)CC4)c3n2)nn1CC1CCOC1,18.520259177452136
CN1CCC(Cn2ccc(Nc3ncc4c5ccncc5n([C@H]5CC[C@H](C)CC5)c4n3)n2)C1,18.520259177452136
Cc1cnc(-c2cnc(Nc3nc(C)nc4cc(CN5CCCCC5)ccc34)s2)cn1,18.520259177452136
c1ccc(CNc2nc(-c3cnn(C4CCCC4)c3)cc(-c3cnc4ccccn34)n2)cc1,18.547236990991408
Cc1ncc(-c2ccc(Nc3cccc4c(n3)nn3cncc43)cc2)n1CC1CCOCC1,18.601075237738275
COc1ccc(-c2nc(CN3CCCCC3)cc(Nc3cc4c(cn3)OCCO4)n2)cc1,18.601075237738275
CC(CC(C)(C)C)n1c2cnccc2c2nc(Nc3ccc(N4CCOCC4)cc3)ncc21,18.601075237738275
CC(C)Cn1c(=O)c2nc(Nc3ccc(-n4ccccc4=O)cc3)sc2c2cnccc21,18.627936010197157
COC1CCN(c2ccc(Nc3ncc4c5ccncc5n(CC5CC5)c4n3)nc2)CC1,18.627936010197157
COC1CCN(c2ccc(Nc3ncc4c5ccncc5n(C5CCC5C)c4n3)nc2)CC1,18.627936010197157
COc1ccc(Nc2ncc3ncc4c(c(Cl)cn4C4CCOCC4)c3n2)cc1OC,18.627936010197157
COc1ccc(-c2ccnc(Nc3ccc(-c4cnco4)cc3)n2)cc1N1CCOCC1,18.65475810617763
COc1ccc(-c2ccnc(Nc3ccc4c(c3)nc(F)n4C3CCOCC3)n2)nc1C,18.65475810617763
Cn1cc(-c2ccc3nc(-c4ccccn4)c(-c4ccnc(NCc5ccco5)c4)n3c2)cn1,18.65475810617763
CCOC1CCC(n2ncc3cnc(Nc4ccc(N5CCC(C)CC5)cn4)nc32)CC1,18.734993995195193
CCn1nnc2c1c1cnc(Nc3ccc(N4CCC(C)CC4)cc3)nc1n2C1CCC1,18.81488772222678
CN(C)c1ccc(Nc2ncc3c(=O)c4ccncc4n(C4CCCC4)c3n2)cc1Cl,18.81488772222678
Cc1cc(Cn2cc(C)nn2)cc(Nc2nccc(-c3cc(F)cc4c3CCCO4)n2)c1,18.81488772222678
C[C@H]1CC[C@H](n2c3cnccc3c3cnc(Nc4ccc(CN5CCCC5)cc4)[n+]([O-])c32)CC1,18.81488772222678
Cn1cc(-c2ccc(Nc3cc(-c4ccc5c(cnn5CC5CCC5)n4)ccn3)nc2)cn1,18.81488772222678
Cn1cnc2ccc(-c3ccnc(NCc4nccc(-c5nc6ccccc6n5C)n4)c3)cc21,18.841443681416774
CC(C)n1c2ccc(C3CC3)nc2c2cnc(Nc3ccc(N4CCOCC4)cc3)nc21,18.841443681416774
CC(C)Oc1cccc2cc(-c3cnnc(Nc4ccc(N5CCOCC5)cc4)n3)cnc12,18.841443681416774
Cc1cc(-c2ccnc(Nc3ccc(N4CCOCC4)cc3)n2)cc(-c2nnc(C)o2)c1,18.867962264113206
Cc1ccc(CNc2nnc(-c3ccc4ncn(Cc5cccc(F)n5)c4n3)s2)cc1,18.947295321496416
Cc1ccc(Nc2ncnc3ccc4ncc(-c5cnn(C)c5)nc4c23)cc1CN1CCCC1,18.973665961010276
CCOC(=O)c1ccc(-c2cccn3nc(Nc4ccc(N5CCCC5)cc4)nc23)nc1,19.0
CCC1CCN(c2nc(Nc3cccc(-c4cncnc4)c3)nc(N3CCCCC3)n2)CC1,19.026297590440446
CC1(c2cc(-c3cnc4ccccn34)nc(Nc3ccc(CN4CCCCC4)cn3)n2)CC1,19.026297590440446
Cn1cc(-c2cc(-c3cnn(C)c3)c3cncc(NCc4cnccc4Cl)c3n2)cn1,19.026297590440446
CC1CCN(c2ccc(Nc3nccc(-c4ccccc4-c4cn(C)cn4)n3)nc2)CC1,19.026297590440446
Cn1cc(-c2cccc(C(=O)O)c2)cc1Nc1nccc(-c2ccc(N3CCOCC3)cc2)n1,19.05255888325765
CN1CCC(n2cc(-c3ccnc(Nc4coc(C5CC5)c4)n3)c(-c3ccccn3)n2)CC1,19.05255888325765
C[C@H](C1CCCCC1)n1c2cnccc2c2cnc(Nc3ccn(CC4COC4)n3)nc21,19.05255888325765
CCC1CCN(c2nc(Nc3ccc(-c4ccc(=O)n(C)c4)nc3)nc3cnccc23)CC1,19.05255888325765
CN1CCC(Oc2cccc(Nc3nc(-c4ccco4)c4cnn(C5CC5)c4n3)c2)CC1,19.05255888325765
COc1ccc(-c2ccnc(Nc3ccc(N4CCOCC4)cc3)n2)cc1-c1cnco1,19.078784028338912
Cc1cc(-c2nc(Nc3cc4ccccc4n3CC(C)(C)C)no2)cc(N2CCOCC2)n1,19.131126469708992
Cn1cc(-c2ccc3nc(Nc4ccc(-c5cn(CC6CCC6)nn5)cc4)ncc3c2)cn1,19.131126469708992
Cc1nccc(-c2nnc(NCCn3c(-c4ccc(F)cc4)nc4ccccc43)s2)n1,19.157244060668017
N#Cc1cc(Nc2nccc(-c3cnc4ccccn34)n2)ccc1OCCN1CCCCC1,19.157244060668017
CC(C)n1cnnc1-c1nc(Nc2ccc(N3CCCC3)cc2)nc(-c2ccc(F)cc2)n1,19.183326093250876
COc1ccc(-c2ccnc(Nc3ccc4nc(N5CCOCC5)cc(C)c4c3)n2)cc1,19.183326093250876
Cc1nccc(-c2nc(-c3ccc(NCc4ccccc4)cc3)cc(N3CCOCC3)n2)n1,19.183326093250876
COC1CCN(c2ccc(Nc3ncc4c5nc(C)ncc5n(C(C)(C)C)c4n3)cc2)CC1,19.183326093250876
COc1ccc(-c2ccnc(Nc3ccc4c(c3)OCOCCCCCO4)n2)cc1OC,19.235384061671343
Cc1nc2cc(Nc3ccc(-c4cc(CN5CCCC5)ccn4)cn3)ncc2n1C1CCC1,19.235384061671343
COc1cc(-c2cc3ocnc3c(NCc3ccc(Cl)o3)n2)ccc1N1CCOCC1,19.235384061671343
CCCCn1c2cnccc2c2cnc(Nc3ccc(N4CCOCC4)cc3)c(C#N)c21,19.261360284258224
COc1ccc(-c2cc(Nc3cc(-c4ccccn4)ccn3)cc(N3CCOCC3)n2)nc1,19.261360284258224
COc1ccc(-c2ccc3ncnc(NC4CCC5(CCOCC5)CC4)c3n2)cc1OC,19.261360284258224
Cc1noc(-c2ccc(Nc3nc4ccccc4n(CCC4CCSCC4)c3=O)cc2)n1,19.261360284258224
c1cc(-c2ccc(OCc3nccs3)cc2)nc(Nc2ccc(N3CCCC3)cn2)n1,19.28730152198591
Clc1cccc(CNc2cc(-c3cnc4c(NCc5ccccn5)nccn34)ccn2)n1,19.313207915827967
Cn1cc(-c2nc(Nc3cc(C4CC4)no3)nc3ccc(CN4CCCCC4)cc23)cn1,19.339079605813716
Cn1cnc2ccc(-c3ccnc(NCc4cccc(-c5cnn(C6CCC6)c5)n4)n3)cc21,19.339079605813716
c1cc2cc(-c3nc4cnc(NCCN5CCCC5)nc4n3CC3CCCCC3)oc2cn1,19.339079605813716
CCOc1cnc2c(-c3ccnc(Nc4ccc(N5CCOCC5)cc4)n3)ccnc2c1,19.364916731037084
CCn1cc(-c2nc(Nc3ccc(N4CCOCC4)cc3)nc3oc(C)cc23)cc1Cl,19.364916731037084
CCn1ncc2cc(Nc3nccc(-c4cccc(-c5cnn(C6COC6)c5)c4)n3)ccc21,19.364916731037084
CN1CCN(c2ccc(Nc3nc(-c4cccc(C(=O)O)c4)cc(-c4ccco4)n3)cc2)CC1,19.364916731037084
COc1ccc(-c2cccc3nc(Nc4ccc(N5CCOCC5)c(C#N)c4)n(C)c23)cc1,19.364916731037084
CCN1CCN(c2ccc(Nc3nc(-c4cccc(C(=O)O)c4)c4occc4n3)cc2)CC1,19.364916731037084
CCN1CCN(c2ccc(Nc3nc(-c4cccc(C(=O)O)c4)c4ccoc4n3)cc2)CC1,19.364916731037084
CSc1ccc(-c2cnc(Nc3cc(C)cc(C)n3)c3cnc(N4CCCC4)nc23)cn1,19.364916731037084
Cc1ccc(-c2cc(N3CCCC3)nc(NCc3ccc(-c4nncs4)cn3)n2)cc1,19.390719429665317
CCOC(=O)c1cc(Cl)cc(CNc2nccn3c(-c4ccc5c(c4)OCO5)cnc23)c1,19.390719429665317
c1cc(N2CCOCC2)ccc1Nc1ncc2cnn(CCc3ccc(C4CCC4)o3)c2n1,19.44222209522358
Cc1cc(Nc2nc(-c3cc(C#N)c4ncn(C5CC5)c4c3)cs2)cc(CN2CCC2)n1,19.44222209522358
CCn1c(=O)c2nc(Nc3ccsc3)ncc2c2cnc(-c3ccc(OC)c(F)c3)cc21,19.467922333931785
CCCc1nnc(-c2cc3cnc(Nc4ccc(N5CCOCC5)cc4)nc3cc2F)o1,19.467922333931785
CN(CCF)c1cnc(Nc2ncc3c4ccnc(Cl)c4n(C4CCCC4)c3n2)nc1,19.467922333931785
COc1ccc(-c2noc3cc(-c4cnn(CC5CCNCC5)c4)ccc23)nc1C1CC1,19.467922333931785
CCN1CCC(Oc2ccc(Nc3nccc(-c4cnn5ccccc45)n3)cc2C#N)CC1,19.493588689617926
c1cc(-c2ccnc(Nc3ccc(OCc4ccco4)cn3)n2)cc(N2CCOCC2)c1,19.493588689617926
c1cc(CNc2nccc(-n3cnc4ccccc43)n2)cc(-c2ccnn2C2CCCC2)c1,19.493588689617926
CCN1CCC(Oc2ccc(Nc3nccc(-c4cnc5ccccn45)n3)cc2C#N)CC1,19.493588689617926
[C-]#[N+]c1nc2cc(OC)c(OC)cc2c2nc(Nc3ccc(N4CCOCC4)cc3)ncc12,19.519221295943137
COc1ccc(CNc2nc(N3CCCCC3)nc3c2nc(C#N)n3-c2ccccc2)cc1,19.570385790780925
Cc1cc2ccc(CNc3ncc(-c4cccnc4)n4cc(-c5cnn(C)c5)nc34)cc2o1,19.595917942265423
CN(Cc1ccc(C(=O)O)cc1)Cc1nc2ncc(-c3ccc4c(c3)OCO4)cc2s1,19.621416870348583
Cc1cc(NC2=Nc3cc(-c4cnn(C)c4)c(C)c4c3c(nn4C3CCC3)C=N2)cnc1F,19.6468827043885
Cc1nn(Cc2ccccc2Cl)c2nc(Nc3ccc(N4CCC(C)CC4)nn3)ncc12,19.672315572906
Cc1cc(-c2cnc(NCc3ccnc4ccc(F)cc34)o2)cc(N2CCOC(C)C2)n1,19.672315572906
CC(C)n1c(-c2ccnc(C#N)c2)cc2cnc(Nc3ccc(N4CCOCC4)cc3)nc21,19.697715603592208
Cc1cn2c(-c3cnn(C)c3)cnc2c(Nc2cn(Cc3ccncc3)c3ccccc23)n1,19.697715603592208
Cc1cccc(-c2cc(-c3ccco3)nc(Nc3cc(CN4CCOCC4)ccn3)n2)n1,19.697715603592208
COC(=O)c1cccc2c3cnc(Nc4ccc(N5CCOCC5)cc4)nc3n(C(C)C)c12,19.72308292331602
CCOC(=O)c1cccc2c3nc(Nc4ccc(N5CCOCC5)cc4)ncc3n(C)c12,19.72308292331602
Cc1cc(-c2cnc3c(C4CC4)ncn3c2)nc(Nc2cc(CN3CCCCC3)ccn2)n1,19.77371993328519
COC1CCN(c2ccc(Nc3ncc4ccn(C5CCCC(C)(C)C5)c4n3)nn2)CC1,19.77371993328519
COc1ccc(-c2cnc(NCc3cccc4c3OCO4)n3ncc(-c4cccnc4)c23)cc1,19.79898987322333
COc1cccc(-c2nc(Nc3cc(C)c(F)cc3F)nnc2-c2ccc3ncnn3c2)c1,19.79898987322333
CC(C)c1cc(Nc2ncc3c4ccncc4n(C4CCOCC4)c3n2)ccc1N1CCO1,19.79898987322333
CC(C)Cn1c2ccc(C#N)cc2c2cnc(Nc3ccc(N4CCOCC4)cc3)nc21,19.849433241279208
CC(C)c1ccc2nc(-c3nc(Nc4ccc(N5CCOCC5)cn4)ncc3Cl)oc2c1,19.87460691435179
COc1ccn2c(-c3ccnc(Nc4ccc(OC5CCCOCC5)cc4)n3)cnc2c1,19.87460691435179
CCn1cc(-c2cncc(Nc3nccc(-c4ccc(N5CCCCC5)cn4)n3)c2)cn1,19.87460691435179
COc1cc(-c2cnc(Nc3ccnc(CN4CCCCC4)c3)nc2)cc2csnc12,19.87460691435179
CC(C)n1cc(-c2cc(C#N)cc3nc(Nc4ccc(N5CCOCC5)cc4)ncc23)cn1,19.8997487421324
CCOC(=O)c1coc2ccc(-c3cnc(Nc4ccc(N5CCOCC5)cc4)nc3)cc12,19.924858845171276
N#Cc1cc(Nc2nc3cc(CN4CCCCC4)nsc-3n2)cc(OCc2ccccc2)c1,19.974984355438178
Cc1ccc(-c2nc(NCc3ccccc3)c3nc(N4CCC(C)CC4)ncc3n2)cn1,19.974984355438178
COCN1CCc2nc(Nc3ncc4c5ccncc5n([C@H]5CC[C@H](C)CC5)c4n3)ccc21,19.974984355438178
Cc1ccnc(-c2ccnc(Nc3ncc(-c4ccc(CN5CCOCC5)cc4)s3)c2)n1,20.0
COC(=O)c1cc(Nc2nc(-c3cc(F)cc(F)c3)nc3ccsc23)cc(OC2CC2)n1,20.024984394500787
COc1cc(Nc2ncnc3c(Cl)ccnc23)cc(-c2ccc3c(c2)OCO3)c1OC,20.049937655763422
Cc1cnc(Nc2ccc(C3CCN(C)CC3)s2)nc1-c1cnc2ccc(C#N)cn12,20.074859899884732
CCn1ncc2c3cnc(Nc4ccc(N5CCC(OC)CC5)cn4)nc3cc(Cl)c21,20.074859899884732
Cc1noc2c(-c3ccnc(Nc4ccc(N5CCOCC5)cc4)n3)cn(C3(C)CC3)c12,20.074859899884732
Cn1ncc2ccc(Nc3nnc4c5ccccc5n(CCCN5CCCCC5)c4n3)cc21,20.074859899884732
CCCn1c(=O)c2nc(Sc3ccccn3)nc(Nc3ccccc3)c2c2cnccc21,20.074859899884732
COCCn1cc(-c2ccc(Nc3ncc4c5ccccc5n(C5CC5)c4n3)c(F)c2)cn1,20.09975124224178
COc1ccc(-c2cnc(Nc3cccc(N4CCOCC4)c3)nc2)cc1-c1ncco1,20.09975124224178
CCOC(=O)c1cnc(Nc2ccc3cnn(C4CCCC4)c3c2)cc1-c1cnn(C)c1,20.09975124224178
COc1cc(-c2cccc(-c3cc(C4CCNCC4)nn3C)n2)cc2oc(C3CC3)nc12,20.09975124224178
COc1cccc(-c2cn3nc(Cl)cc3c(Nc3cc(CN4CCCC4)no3)n2)c1,20.149441679609886
CCn1c2ccccc2c2cnc(Nc3ccc(N4CCC(OC)CC4)c(C#N)n3)cc21,20.174241001832016
Cc1cnc(Nc2ncc3c4ccncc4n(C4CCCC4)c3n2)c(OCC2CCOC2)c1,20.174241001832016
CN1CCC(c2cc(Nc3ncnc4ccc(-c5ocnc5C5CC5)cc34)nn2C)CC1,20.174241001832016
Cc1ncn(-c2ccc(Nc3nccc(-c4ccc(N5CCCCCO5)cc4C)n3)cc2)n1,20.174241001832016
Cc1noc(-c2ccc(NCCn3cc(-c4ccccc4)c4cnc5c(c43)COC5)cc2)n1,20.199009876724155
CN(C)Cc1ccc(-c2nccc(Nc3ncc4n5c(ncc35)N(C3CCCC3)C=C4)n2)cc1,20.199009876724155
Cc1cc(-c2cccc(C(=O)O)c2)cc(CNc2nccc(-n3ccc4ccccc43)n2)n1,20.248456731316587
c1ccn2c(-c3ccnc(Nc4cc(OCCN5CCCCCCC5)ccn4)n3)cnc2c1,20.273134932713294
Cc1ncc(-c2cc(NCc3ccoc3)cc(-c3nccc(N4CCOCC4)n3)c2)s1,20.273134932713294
Cc1cc(-c2ccncc2)nc(NCc2cc(-c3cncc(N4CCCCC4)n3)cs2)n1,20.273134932713294
c1ccn2c(-c3ccnc(Nc4ccnc(OCCN5CCCCCCC5)c4)n3)cnc2c1,20.273134932713294
CCOC(=O)C1CCN(c2ccc(Nc3ncc4cnn(C5CCCC5)c4n3)cc2)CC1,20.29778313018444
Cc1ccnc(Nc2ccc(NC(=O)c3ccc4c(c3)CN(C)C4)nc2-c2nccs2)n1,20.322401432901575
Cc1cc2nccn2c(CNc2cccc(-c3ccc4ncn(C5CCOCC5)c4n3)c2)n1,20.37154878746336
COc1cccc(-c2cc(-c3ncnc(Nc4ccc(N5CCOCC5)cc4)n3)ccn2)c1,20.37154878746336
CCOc1nccc2cc(-c3ccnc(Nc4ccc(N5CCOCC5)cc4)n3)cnc12,20.37154878746336
O=Cc1nn(Cc2ccccc2)c2nc(NCc3ccc(-c4nccs4)cc3)ncc12,20.37154878746336
C=CCc1ncc(-c2cnc(C)nc2)c2cnc(Nc3ccc(N4CCOCC4)cc3)nc12,20.37154878746336
CC(=O)c1cncc(-c2ccc3cnc(Nc4cc(CN5CCCCC5)ns4)nc3c2)c1,20.37154878746336
Cc1cn2c(-c3cnn(C)c3)cnc2c(Nc2ccc(-c3ccc4c(c3)OCCO4)cc2)n1,20.37154878746336
N#CCCCn1ncc2c(-c3ccccc3)nc(Nc3ccc(N4CCOCC4)cc3)nc21,20.396078054371138
COc1ccc(-c2ccc(-c3ccnc(Nc4ccc(N5CCOCC5)cc4)n3)o2)cn1,20.396078054371138
c1cc(-c2ccnc(Nc3ccc(OCc4ncco4)cc3)n2)cc(N2CCOCC2)c1,20.396078054371138
O=C(NC1CC1)c1cccc(-c2cncc(Nc3ncc(CN4CCCCC4)s3)n2)c1,20.42057785666214
CSc1nc(Nc2cc(-c3ccc4ccccc4n3)nc(C)n2)cc(N2CCCCC2)n1,20.445048300260872
CC(C)Cn1c2nc(Nc3ccc(N4CCOCC4)cc3)ncc2c2oc3cnccc3c21,20.445048300260872
CN(C)c1ccc(Nc2ncc3c4cc(C#N)ncc4n([C@H]4CC[C@H](C)CC4)c3n2)cc1,20.445048300260872
c1cc(Nc2cc(-c3nccc(NCc4ccco4)n3)ccn2)cc(N2CCOCC2)c1,20.445048300260872
CCC1CCCN(c2ccc(Nc3nc(-c4ccc(F)cn4)nc4c3ncn4C)nc2)C1,20.46948949045872
Cc1nc(-c2cnc(Nc3cc(OC4CCCC4)ccn3)nc2)ccc1N1CCOCC1,20.46948949045872
CCCc1nc(-c2ccnc(Nc3ccc(N4CCOCC4)cc3)n2)cc2ncsc12,20.46948949045872
Cc1nc(Nc2cc(CN3CCCCC3)ns2)nc(-c2ccc(OC(F)(F)F)cc2)n1,20.46948949045872
COc1ccc(-c2cnc(Cl)c(Nc3nc(C)cn4c(-c5cnn(C)c5)cnc34)c2)cc1,20.54263858417414
c1ccc2c(c1)c1cnc(Nc3ncc(-c4cnn(CCN5CC5)c4)o3)nc1n2C1CCCC1,20.566963801203133
COc1cc(Nc2nccc(N3CCOCC3)n2)cc(-c2ccnc(-c3ccccc3)n2)c1,20.566963801203133
CCN1CCN(c2ccc(Nc3noc(-c4cc(C5CC5)nc5ncccc45)n3)cc2)CC1,20.591260281974
Cn1cnc(Cn2cnc3ccc(Nc4ncc(-c5cn(C)c6ccccc56)cn4)cc32)c1,20.591260281974
CCn1cc(-c2cnc(C3CC3)nc2)c2cnc(Nc3ccc(N4CCOCC4)cc3)nc21,20.591260281974
COc1cc(-c2ccnc(Nc3ccc(N4CCOCC4)cc3)n2)ccc1-c1cnco1,20.591260281974
CC(C)C1CN(c2ccc(Nc3ncc4c5ccncc5n(C5CCCC5)c4n3)nn2)C1,20.591260281974
N#Cc1csc(-c2cc(SCCN3CCCC3)cc(-c3ccc(C(=O)O)cc3)n2)n1,20.615528128088304
CCC(=O)n1c2cnccc2c2cnc(Nc3ccc(N4CCC(OC)CC4)cc3)nc21,20.663978319771825
CCCCn1c2ccc(C#N)cc2c2cnc(Nc3ccc(N4CCOCC4)cc3)nc21,20.663978319771825
Cc1ccnc(Nc2nccn3cc(-c4ccnc(NCc5cc(F)c(F)cn5)c4)nc23)c1,20.73644135332772
Cc1nccc2c3cnc(Nc4ccc(N5CCC(C)(C)C5)nn4)nc3n(C3CCCC3)c12,20.760539492026695
CCn1c(=O)c(-c2cccnc2C)cc2nnc(Nc3ccc(N4CCCCC4)cc3)nc21,20.760539492026695
CC1(C)CCN(c2ccc(Nc3ncc4c5ccncc5n(C5CCCC5)c4n3)nn2)C1,20.760539492026695
CC1(C)CN(c2ccc(Nc3ncc4c5ccncc5n([C@H]5CC[C@H](C)CC5)c4n3)nn2)C1,20.760539492026695
CCn1c(=O)c(-c2cccc(C)c2)nc2nc(Nc3ccc(N4CCCCC4)cn3)ncc21,20.760539492026695
CC(C)n1c(-c2ccc(C#N)cc2)nc2cnc(Nc3ccc(N4CCOCC4)cc3)nc21,20.784609690826528
CC(C)c1noc2c3nc(Nc4ccc(N5CCOCC5)cc4)ncc3n(C3CCC3)c12,20.83266665599966
CCOc1cc(-c2ccc3c(Nc4ccc(N5CCOCC5)nn4)nccc3c2)ccn1,20.85665361461421
COc1cc(-c2ccnc(Nc3ccc(N4CCOCC4)cc3)n2)ccc1-c1ccncn1,20.85665361461421
Cn1nc(-c2cccc(CNc3nc(N4CCCC4)nc4cnccc34)c2)nc1C1CC1,20.8806130178211
COc1cc(-c2nc(Nc3ccc(N4CCOCC4)cc3)nc3sccc23)ccc1C#N,20.8806130178211
CC(C)c1ccc(-c2nc(Nc3ccc(N4CCOCC4)nc3)c3ccncc3n2)cc1,20.8806130178211
Cc1nnc(-c2ccc3c(nc(Nc4ccc(N5CCOCC5)cc4)n3C)c2C2CC2)o1,20.952326839756964
COc1cc(-c2nc(Nc3ccc(N4CCOCC4)cc3)c3ncccc3n2)ccc1CC#N,20.952326839756964
CCC1CCN(c2ccc(Nc3nccc(-c4ccc5ncn(C6CC6)c5n4)n3)cn2)CC1,20.952326839756964
Cc1ncc(-c2cc(-c3ccncc3)nc(Nc3cc(CN4CCCC4)ccn3)n2)s1,20.97617696340303
CN(C)c1ccc(Nc2ncc3c(n2)c(=O)n(C2CCCC2)c2nc(Cl)n(C)c32)cc1,21.118712081942874
Cc1cc(Cl)cc(Nc2nccc(-c3cn(C)c4ncnc(-c5cnn(C)c5)c34)n2)c1,21.118712081942874
Cc1cccc(-c2ccnc(NCc3csc(-c4cnn(C5CCOCC5)c4)c3)n2)n1,21.236760581595302
Cc1cc(-c2ccc(N3CCCC3)c(C#N)c2)nc(Nc2cc(CN3CCCCC3)ns2)n1,21.236760581595302
O=C(O)c1ccc(-c2cccc(CNc3cc(-c4cccc(N5CCOCC5)n4)no3)c2)cc1,21.236760581595302
COC(=O)CNc1nnc(-c2ccn3c(-c4ccc(-c5ccccc5)cc4)cnc3c2)s1,21.2602916254693
CC(C)c1nnc2ccc(-c3ccnc(Nc4ccc(N5CCOCC5)cc4)n3)cc2n1,21.330729007701542
C=CCc1ncc(-c2ccc3nc(Nc4ccc(N5CCOCC5)cn4)ncc3c2)c(C)n1,21.330729007701542
CN(C)c1ccc(-c2ccc(Nc3nccc(-c4ncnc5ccccc45)n3)cn2)cc1,21.354156504062622
Cc1cn2c(-c3cccc(CC#N)c3)cnc2c(Nc2cc(CN3CCCCC3)ns2)n1,21.400934559032695
COc1cc(Cl)cc(-c2ccnc(Nc3ccc(N4CCC(n5ccnn5)C4)cc3)n2)c1,21.42428528562855
Cc1cn2c(-c3cccnc3)cnc2c(Nc2cncc(-c3ccnc(N4CCC4)c3)c2)n1,21.42428528562855
CCn1cc(-c2cnc3c(Nc4cccc(-c5ccc6c(n5)OCC6)c4)nc(C)cn23)cn1,21.42428528562855
Fc1ccc(OCCNc2nccc(-c3csc4nc(-c5ccccn5)cn34)n2)cc1,21.517434791350013
c1ccc2c(c1)c(-c1ccnc(Nc3cnn(CC4COC4)c3)n1)nn2CC1CCCCC1,21.517434791350013
c1coc(CNc2nc3ccc(-c4ccc(CN5CCCCC5)nn4)cc3n2C2CC2)c1,21.517434791350013
CC(C)c1nn(C2CCC2)c2c1cnc1nc(Nc3ccc(N4CCOCC4)cc3)ncc12,21.517434791350013
COc1cc(-c2ccnc(Nc3ccc(N4CCOCC4)cc3)n2)ncc1-c1ccccn1,21.517434791350013
Cc1cccnc1-c1cc(Nc2nccc(-c3cccnc3)n2)sc1CN1CCOC1,21.540659228538015
Fc1ccc(-c2cc(Nc3cc(OCCN4CCCC4)ccn3)nc3scnc23)nc1,21.540659228538015
Cc1coc(CNc2nc(-c3ccnc(N4CCCC4)c3)cn3c(-c4ccccc4)cnc23)n1,21.61018278497431
CC(C)Cn1c2cc(C#N)ncc2c2cnc(Nc3ccc(N4CCOCC4)cc3)nc21,21.61018278497431
CCOC(=O)c1ccc2cnc(Nc3ccc(N4CCC(C)CC4)c4ncsc34)nc2c1,21.633307652783937
CNC1CCC(n2ccc3cc(-c4ccnc(Nc5ccc(OC)nc5)n4)ccc32)CC1,21.656407827707714
c1ccn2c(-c3ccnc(Nc4ccc(CN5CC5)c(OC5CCCCC5)c4)n3)cnc2c1,21.6794833886788
CCOc1cncc(-c2nccc3cnc(Nc4ccc(N5CCOCC5)cc4)nc23)c1,21.702534414210707
CC(=O)c1cc(Nc2ncc(-c3cccnc3)cn2)cc(Cl)c1OC1CCN(C)CC1,21.79449471770337
COC1CCN(c2ccc(Nc3cc4c(cn3)nc(-c3ccc(C#N)cc3)n4C)nc2)CC1,21.817424229271428
Cc1cccc(Oc2cccc(-c3ccnc(Nc4ccc(N5CCOCC5)cc4)n3)c2)n1,21.817424229271428
OCCn1cc(-c2ccc(Nc3ncc4c5ccccc5n(C5CCCC5)c4n3)nc2)cn1,21.840329667841555
COC1CCN(c2ccc(Nc3ncc4nc(C(C)(C)C)n(C(C)C)c4n3)cc2)CC1,21.97726097583591
Cc1cc(-c2ccccc2C#N)cc2cnc(Nc3cc(C4CCN(C)CC4)nn3C)nc12,21.97726097583591
CCOc1nccc2cc(-c3ccnc(Nc4ccc(N5CCOCC5)cc4)n3)ccc12,22.0
CSc1cc(Nc2ncc3c4ccncc4n(C4CCCC4)c3n2)ccc1C(=O)N(C)C,22.090722034374522
COc1ccc(-c2cccc(Nc3ncc4c5cn(C)nc5n(C5CCCC5)c4n3)n2)cc1,22.15851980616034
Cn1cnc(-c2ccnc(NCc3ccc(-c4ccc5c(ncn5C5CCC5)n4)cc3)n2)c1,22.22611077089287
COc1ccc(-c2cc3cncnc3c(Nc3cc(CN4CCCCC4)ns3)n2)cc1F,22.24859546128699
c1ccn2c(-c3ccnc(Nc4ccc(OCCN5CCCCCCC5)nc4)n3)cnc2c1,22.24859546128699
Cc1ccc(-c2cc(Nc3ccc(CN4CCCC4)cn3)nc3c2ncn3C2CCC2)nn1,22.338307903688676
CSc1cc(CNc2nc3c(N4CCCCC4)nc(-c4cccnc4)cc3o2)ccn1,22.338307903688676
COC1CCCCC1n1cnc(-c2ccnc(Nc3ccc(CN4CCCC4)cn3)c2)c1,22.338307903688676
Cc1ccc2ncc(-c3ccnc(NCc4ccc(OC5CCCCCC5)cc4)n3)n2n1,22.338307903688676
COc1cc(-c2cn3ncnc3c(NCc3ccc(C#N)cc3)n2)cc(N2CCCCC2)c1,22.427661492005804
c1ccn2c(-c3ccnc(Nc4ccc(C5=NCCO5)c(OC5CCCC5)c4)n3)cnc2c1,22.44994432064365
CN(C)c1cccc(-c2nc3cnc(NCc4ccnc(Cl)c4)nc3n2C2CCCC2)n1,22.516660498395403
CC(C)c1nc(-c2ccccc2)nc2cnc(Nc3ccc(N4CCOCC4)cc3)nc12,22.538855339169288
COc1ccc(Nc2ncc3c4cnccc4n(C4CCCCOCC4)c3n2)cc1OC,22.538855339169288
COc1ccc(-c2cnc(Nc3cccc4c3CCCCOC4)nc2)cc1-n1cc(C)nn1,22.538855339169288
COc1cc(Nc2ncc3c4ccncc4n(C4CCCC4)c3n2)ccc1-c1cn(C)cn1,22.60530911091463
CCOC(=O)c1ccc2ncc(-c3ccnc(Nc4ccc(N5CCCCC5)cc4)n3)n2c1,22.627416997969522
Cc1nn(C(C)(C)C)c2ccc(-c3cnc(Nc4cc(CN5CCCC5)ccn4)nc3)cc12,22.693611435820433
CC1(C)CN(Cc2ccc(Nc3ncc4c5ccncc5n(C5CCCC5)c4n3)nc2)CO1,22.715633383201094
CN(C)Cc1ccn(-c2ccc(Nc3ncc4c5ccccc5n(C5CCCC5)c4n3)nn2)n1,22.715633383201094
CCOc1sc(C(=O)Nc2ccc(N3CCCC3)cc2)nc1-c1cnc2ncsc2c1,22.715633383201094
c1ccc(CNc2ccnc(-c3ccnc(Nc4ccc(N5CCOCC5)cc4)n3)c2)nc1,22.737634001804146
Cc1cc(Nc2nccc(-c3cn(C4CCCCC4)nc3C)n2)ccc1N1CCOCC1,22.759613353482084
O=C(O)c1nc(NCc2ccccc2)c2ncc(-c3ccc(CN4CCCCC4)cc3)n2n1,22.759613353482084
CC(C)C1CCN(c2ccc(Nc3ncc4nnn(-c5ccccc5Cl)c4n3)nc2)CC1,22.781571499789035
CCc1cc(Nc2ncc3c4ccccc4n(C4CCCC4)c3n2)ccc1-c1nnn(C)n1,22.781571499789035
Cc1ccnc(-c2cnc(Nc3cc(OC4CCCC4)cc(N4CCOCC4)c3)nc2)n1,22.781571499789035
COC(=O)c1ccnc(-c2ccc3nc(Nc4ccc(N5CCCC5)cc4)ncc3c2)c1,22.825424421026653
CN(C)C1CCC(n2c3ccccc3c3cnc(Nc4ccc(C(=O)O)cc4)nc32)CC1,22.847319317591726
Cc1cc(-c2ccnc(NCc3ccc(-c4ncco4)cc3)n2)cc(N2CCOCC2)n1,22.891046284519195
CCn1c(-c2ccccc2C#N)cc2cnc(Nc3cc(CN4CCCCC4)ns3)nc21,22.93468988235943
COc1ccc(Nc2nc3c(c4c2COC4)c2ccncc2n3C2CCCC2)cc1OC,22.956480566497994
CCC1CCN(c2ccc(Nc3ncc4c5ccncc5n(C5CCC5O)c4n3)cn2)CC1,23.0
O=Cc1cc(Nc2ncc3c4ccccc4n(C4CCCC4)c3n2)nn1CCN1CCCC1,23.043437243605826
c1coc(COc2cc(-c3ccnc(Nc4ccc(N5CCOCC5)cc4)n3)ccn2)c1,23.065125189341593
c1ccn2c(-c3ccnc(Nc4cc(OC5CCCCC5)c(CN5CC5)o4)n3)cnc2c1,23.108440016582687
COc1ccc2nc(C)nc(-c3ccnc(Nc4ccc(N5CCOCC5)cc4)n3)c2c1,23.130067012440755
CC(C)c1c(C#N)c2nc(Nc3ccc(N4CCOCC4)cc3)ncc2n1C1CCCC1,23.130067012440755
CN(C)C1CCN(c2ccc(Nc3nc(-c4ccccc4C#N)c4occc4n3)nc2)CC1,23.15167380558045
CC(C)n1cc(-c2cccc3nc(Nc4ccc(N5CCC(F)(F)CC5)nc4)nn23)cn1,23.2163735324878
COc1cccc(Nc2cc3c(cn2)c2nc(-c4cnn(C)c4)cnc2n3C2CCCC2)c1,23.2163735324878
CN(C)c1ccc(Nc2ncc3c(n2)c2ccc(-n4ccnc4)nc2n3C2CCCC2)cc1,23.302360395462088
CC1(c2cn3nc(-c4ccccc4)nc3c(Nc3cc(CN4CCCC4)ns3)n2)CC1,23.302360395462088
COCc1cc(-n2cccn2)ccc1Nc1ncc2c3ccncc3n(C3CCCC3)c2n1,23.302360395462088
COc1cc(-c2cc(C(=O)O)ccc2-c2nc(C)nn3cccc23)ccc1N1CCCCC1,23.302360395462088
COC(=O)c1ccc(-c2ccc3nc(Nc4cc(CN5CCCC5)ns4)ccc3c2)cn1,23.345235059857504
CN(C)C1CCCC(Oc2ccc(Nc3nccc(-c4cnc5ccccn45)n3)cn2)C1,23.40939982143925
c1cncc(-c2cn(CCN3CCCCC3)c3nc(Nc4cc(C5CC5)ncn4)ncc23)c1,23.473389188611005
OCCn1ccc(-c2ccc(Nc3ncc4c5ccncc5n(C5CCCC5)c4n3)cc2)n1,23.515952032609693
COc1nc(Nc2ncc3c4ccncc4n(C4CCCC4)c3n2)cn1Cc1ccccc1,23.558437978779494
COC(=O)c1ccc(-c2cc3cccnc3c(Nc3cc(CN4CCCCC4)ns3)n2)cc1,23.57965224510319
CCN1CCN(c2ccc(Nc3nc(-c4ccc(C(=O)O)cc4)c4ccoc4n3)cc2)CC1,23.643180835073778
COc1cc(Nc2nccc(-c3ccncn3)n2)ccc1OC1CCN(C(C)(C)C)CC1,23.643180835073778
Cn1cc(-c2ccnc(NCc3ccc(-c4ccnc(N5CCCCCC5)n4)cc3)n2)cn1,23.664319132398465
Cc1cc2ccc(CNc3ncc(-c4cnn(C)c4)c4cnc(N5CCCC5)nc34)cc2o1,23.727621035409346
COC1CCN(c2ccc(Nc3ncc4c5ccnc(C)c5n(C5CC5)c4n3)nc2)CC1,23.748684174075834
CN(C)Cc1ccnn1-c1ccc(Nc2ncc3c4ccncc4n(C4CCCC4)c3n2)cc1,23.811761799581316
COc1ccc(-c2nc(Nc3cncc(C4CC4)c3)c3ncn(C4CCOCC4)c3n2)cc1,23.83275057562597
c1nn(CCN2CCCC2)cc1-c1ccc(Nc2ncc3ccn(C4CCCC4)c3n2)o1,23.916521486202797
CC1(C)CN(Cc2nccc(Nc3ncc4c5ccccc5n(C5CCCC5)c4n3)n2)CO1,23.916521486202797
COCCn1ccc(-c2ccc(Nc3ncc4c5ccncc5n(C5CCCC5)c4n3)cc2)n1,23.979157616563597
Cc1ccnc(-c2cc(Nc3cc(CN4CCCC4)ns3)ncc2-c2ccncc2)n1,24.0
CN(C)c1ccc2c(c1F)c1cnc(Nc3ccc(C(=O)O)cc3)nc1n2C1CCCC1,24.041630560342615
Cc1ccccc1Oc1ccnc2c(NCc3ccccn3)nc(N3CCOCC3)nc12,24.06241883103193
CN(C)Cc1cnn(-c2ccc(Nc3ncc4c5ccncc5n(C5CCCC5)c4n3)cc2)c1,24.145392935299274
COC1CCN(Cc2ccc(Nc3ncc4c5ccncc5n(C5CCCC5)c4n3)nc2)C1,24.145392935299274
COCc1cnn(-c2ccc(Nc3ncc4c5ccncc5n(C5CCCC5)c4n3)cc2)c1,24.145392935299274
COCCn1cc(-c2cccc(Nc3ncc4c5ccncc5n(C5CCCC5)c4n3)c2)cn1,24.145392935299274
COC(=O)c1ccc(-c2cc3ncccc3c(Nc3cc(CN4CCCC4)ns3)n2)cc1,24.186773244895647
Cc1nc2cnc(Nc3ncc(-c4cccc(CN5CCCCC5)c4)cn3)nc2n1C1CC1,24.228082879171435
Cc1nc(-c2ccnc(NCc3ccc(-c4ccncc4)cc3)n2)cc(N2CCCC2)n1,24.24871130596428
COc1ccc(CN2CCC2)c(Nc2ncc3c4ccncc4n(C4CCCC4)c3n2)c1,24.289915602982237
CCn1nc(-c2ccc(Nc3ncc4c5ccncc5n(C5CCCC5)c4n3)cc2)nc1C,24.310491562286437
Cc1cc(Nc2ncc3c4ccncc4n(C4CCCC4)c3n2)ccc1-n1nc(C)c(C)n1,24.310491562286437
Cc1nc(-c2ccnc(Nc3ccc(N4CCC(N5CCC5)CC4)c(C#N)c3)n2)sc1C,24.310491562286437
Cc1nc(-c2ccnc(Nc3ccc(OC4CCN(C)CC4)cc3)n2)nc2ccccc12,24.331050121192877
Cn1c(C2CC2)nc2c(Nc3ccc(CN4CCCCC4)nn3)nc(-c3ccccc3)nc21,24.392621835300936
Cc1nc2cnc(Nc3ccc(-c4cncc(CN5CCCCC5)c4)cn3)nc2n1C1CC1,24.392621835300936
Cc1ccc(CNc2ccc(-c3nc(N4CCOCC4)c4ncn(C5CC5)c4n3)o2)cc1,24.392621835300936
COc1cc2ccc(Nc3ncc4c5ccncc5n(C5CCCC5)c4n3)nc2cc1OC,24.413111231467404
OCCn1cc(-c2ccc(Nc3ncc4c5cncc5n(C5CCCC5)c4cn3)cc2)cn1,24.515301344262525
COc1cc(Nc2nccc(-c3ccnc4ncccc34)n2)ccc1OC1CCOCC1,24.55605831561735
Cc1nc2cccc(-c3nc(Nc4cc(CN5CCCC5)nn4C)nc4ccccc34)c2o1,24.55605831561735
Cc1nnc(-c2ccc(CNc3ncc4c5cccnc5n(C5CCCC5)c4n3)cc2)n1C,24.63736998950984
Cc1nc2cnc(Nc3cc(F)c(N4CCCCC4)cn3)nc2n1[C@H](C)c1ccccn1,24.71841418861655
CCn1nc(-c2ccc(Nc3ncc4c5ccncc5n(C5CCCC5)c4n3)cc2)n1C,24.73863375370596
Cc1cc(-c2nn(C)n2C)ccc1Nc1ncc2c3ccncc3n(C3CCCC3)c2n1,24.73863375370596
CCn1cc(-c2cc(Nc3ncc4c5ccncc5n(C5CCCC5)c4n3)cn2C)cn1,24.73863375370596
Cn1nc(-c2ccc(Nc3ncc4c5ccncc5n(C5CCCC5)c4n3)c(CF)c2)n1C,24.73863375370596
Cn1c(-c2ccc(Nc3ncc4c5ccncc5n(C5CCCC5)c4n3)cc2)nn1CCF,24.73863375370596
CCCn1cc(-c2ccc(Nc3cc4c(cn3)c3nccnc3n4C3CCCC3)nc2)cn1,24.779023386727733
CC(=O)c1ccnc(-c2ccc3cnc(Nc4cc(CN5CCCCC5)ns4)nc3c2)c1,24.79919353527449
COc1ccc(-c2ccnc(Nc3ccc4c(c3)OCCOC43CCCCC3)n2)nc1OC,24.859605789312106
COc1ccc(-c2cnn(C3CCC3=O)c2)cc1Nc1ncc2ccn(C3CCCC3)c2n1,24.879710609249457
COc1cccc(Nc2nccc(-c3nn(C4CCCC4)c4c(N5CCC5)nccc34)n2)c1,24.879710609249457
COCCn1cnc(-c2ccc(Nc3ncc4c5ccncc5n(C5CCCC5)c4n3)cc2)c1,24.95996794869737
COCc1ccn(-c2ccc(Nc3ncc4c5ccncc5n(C5CCCC5)c4n3)cc2)n1,24.95996794869737
CN(C)Cc1ccn(-c2ccc(Nc3ncc4c5ccncc5n(C5CCCC5)c4n3)cc2)n1,24.95996794869737
Cc1cc2c3cnc(Nc4ccc(CN5CCOCC5)cc4)nc3n(C3CCCC3)c2cn1,24.95996794869737
c1cc2c3cnc(Nc4ccc(-c5cn(CCN6CC6)cn5)cc4)nc3n(C3CCCC3)c2cn1,24.95996794869737
CCc1cc(-c2nnnn2C)ccc1Nc1ncc2c3ccccc3n(C3CCCC3)c2n1,24.95996794869737
OCCn1cnc(-c2ccc(Nc3ncc4c5ccncc5n(C5CCCC5)c4n3)cc2)c1,25.0
COc1ccc(Nc2nccc(-c3ccc4c(c3)n(C3CCCC3)c(=O)n4C)n2)cn1,25.11971337416094
c1cc2c3cnc(Nc4ccc(-c5cn(CCN6CC6)nn5)cc4)nc3n(C3CCCC3)c2cn1,25.13961017995307
CN(C)Cc1nccc(-c2ccc(Nc3ncc4c5ccncc5n(C5CCCC5)c4n3)cc2)n1,25.13961017995307
CC1CN(c2ccc(Nc3ncc4c5ccncc5n(C5CCCC5)c4n3)nc2)CC(C)O1,25.219040425836983
OCCn1ccnc1-c1ccc(Nc2ncc3c4ccncc4n(C4CCCC4)c3n2)cc1,25.238858928247925
CN(C)c1ncc2c(n1)n(C1CCCC1)c1cc(-c3ccc(NCc4ccccc4)cn3)nn21,25.278449319529077
COc1ccc2nc(OC3CC3)c3nc(Nc4ccc(N5CCOCC5)cc4)ncc3c2c1,25.357444666211933
Cc1cc(-c2ccnc(Nc3ccc(N4CCC(C)CC4)cc3)n2)nc(N2CCCCC2)n1,25.357444666211933
Cc1cccc(CNc2nc(-c3ccnc(C)n3)cc(N3CCC4(CCCO4)CC3)n2)c1,25.37715508089904
Cn1cc(-c2cc3cnc(Nc4cnc5c(c4)OC(C)(C)C5)nc3n2C2CCCC2)cn1,25.436194683953808
COc1cc(Nc2ncc3c4ccncc4n(C4CCCC4)c3n2)ccc1-c1cnn(C)c1,25.436194683953808
CCN1CCC(n2nc(C3CC3)c3cnc(Nc4ccc(-c5ccncc5)nc4)nc32)CC1,25.45584412271571
CN(C)Cc1cn(-c2ccc(Nc3ncc4c5ccncc5n(C5CCCC5)c4n3)cc2)nn1,25.45584412271571
OC1CCCN1CCc1cccc(Nc2ncc3c4ccncc4n(C4CCCC4)c3n2)n1,25.495097567963924
CCc1cc(-c2cn(C)nn2)ccc1Nc1ncc2c3ccncc3n(C3CCCC3)c2n1,25.592967784139454
Cc1ccccc1Oc1nccc(-c2ccnc(Nc3ccc(N4CCOCC4)cc3)n2)n1,25.592967784139454
CCn1cc(-c2ccc(Nc3ncc4c5ccnc(F)c5n(C5CCCC5)c4n3)cc2)nn1,25.592967784139454
Cc1cc(-c2ccnc(Nc3ccc(N4CCOCC4)cc3)n2)nc(Oc2ccccc2)n1,25.592967784139454
Cc1nc(-c2ccc(Nc3ncc4c5ccncc5n(C5CCCC5)c4n3)cc2C)n(C)n1,25.592967784139454
CN(C)CCn1ncnc1-c1ccc(Nc2ncc3c4ccncc4n(C4CCCC4)c3n2)cc1,25.612496949731394
CCn1c(C2CCN(C)CC2)cc2ncnc(Nc3ccc4cnn(C5CCCC5)c4n3)c21,25.67099530598687
Cc1cn2c(-c3nc(NCc4ccccc4)nc(SC4CCCCC4)n3)cnc2cn1,25.67099530598687
Cn1cc(-c2ccnc(NCc3ccc(-c4cccnc4)o3)c2)c2c(N3CCCC3)ncnc21,25.748786379167466
OCCn1cc(-c2ccc(Nc3ncc4c5ccncc5n(C5CCCC5)c4n3)cc2)cn1,25.787593916455254
COc1ccc2c3cnc(Nc4cccc(C5COCO5)c4)nc3n(C3CCCC3)c2c1,25.903667693977237
c1cc(Nc2ncc3c4ccncc4n(C4CCCC4)c3n2)cc(OCCN2CCC2)c1,26.038433132583073
CN(C)c1nc(-c2ccc(Nc3ncc4c5ccncc5n(C5CCCC5)c4n3)cc2)n(C)n1,26.076809620810597
CN(C)Cc1ccn2cc(Nc3ncc4c5ccncc5n(C5CCCC5)c4n3)nc2c1,26.13426869074396
CN(C)c1ccc(Nc2nccc(-c3nc4ccccc4c4nnn(C5CCC5)c34)n2)cc1,26.13426869074396
Cc1cc(-c2ccnc(NCc3ccnc(-c4cccs4)n3)c2)nc(N2CCCC2)n1,26.153393661244042
c1cc2c3cnc(Nc4ccc(-c5cnn(CCN6CC6)c5)cc4)nc3n(C3CCCC3)c2cn1,26.210684844162312
Cc1ncc2c3cnc(Nc4ccc(-n5cnc(C)n5)c(C)c4)cc3n(C3CCCC3)c2n1,26.210684844162312
COCCn1cc(-c2ccc(Nc3ncc4c5ccncc5n(C5CCCC5)c4n3)cc2)cn1,26.210684844162312
CN(C)c1ccc(-c2ccc(Nc3ncc4c5ccncc5n(C5CCCC5)c4n3)cc2)nn1,26.229754097208
COC1CCN(c2ccc(Nc3ncc4c5ccncc5n(C5CCC5)c4n3)cc2)CC1,26.267851073127396
COC1CCN(c2ccc(Nc3nc(C)c4c5ccncc5n(C5CCC5)c4n3)cc2)CC1,26.267851073127396
CN(C)c1cccc(-c2ccc(Nc3ncc4c5ccncc5n(C5CCCC5)c4n3)nn2)c1,26.30589287593181
Cn1ncc2c(-c3ccnc(Nc4ccc(N5CCCC5)cc4)n3)nc(-c3ccccc3)nc21,26.30589287593181
CCO[C@H]1CC[C@H](n2c3cnccc3c3cnc(Nc4ccc(N5CCCC5)cc4)nc32)C1,26.343879744638983
CCCn1cc(-c2ccc(Nc3ncc4c5ccncc5n(C5CCCC5)c4n3)cc2)nn1,26.343879744638983
CC(C)c1c(C#N)c2cnc(Nc3cccc(N4CCOCC4)c3)nc2n1C1CCCC1,26.362852652928137
COc1cc(-c2cn(C)cn2)ccc1Nc1ncc2c3ccncc3n(C3CCCC3)c2n1,26.362852652928137
Cc1cccc(COC(=O)c2ccn3nc(Nc4ccc(N5CCCCC5)cc4)ncc23)n1,26.38181191654584
CN(C)c1cnc(-c2ccc(Nc3ncc4c5ccncc5n(C5CCCC5)c4n3)cc2)cn1,26.38181191654584
Cc1nc2c(c3cnc(Nc4ccc(CN5CCCCC5)cn4)nc3n2C2CCCC2)n1C,26.419689627245813
CN(C)c1cc(-c2ccc(Nc3ncc4c5ccncc5n(C5CCCC5)c4n3)cc2)n(C)n1,26.514147167125703
CC1(C)CN(Cc2ccc(Nc3ncc4c5ccncc5n(C5CCCC5)c4n3)cn2)CO1,26.5329983228432
Cc1cc(-c2ccc(F)c(Nc3nccc(-c4cn(C)cn4)n3)c2)nc(N2CCCCC2)n1,26.589471600616662
CC(C)c1c(C#N)c2cnc(Nc3ccc(N4CCOCC4)cn3)nc2n1C1CCCC1,26.60826939130014
CCc1nc(Nc2ccc(N3CCOCC3)cc2)nc2c1c1ccncc1n2C1CCCC1,26.664583251946766
COCCn1nccc1-c1ccc(Nc2ncc3c4ccncc4n(C4CCCC4)c3n2)cc1,26.664583251946766
COc1cc(Nc2ncc3c4cnccc4n(C4CCCC4)c3n2)ccc1-c1cnn(C)c1,26.664583251946766
CC1CN(c2ccc(Nc3ncc4c5ccncc5n(C5CCCC5)c4n3)cc2)CC(C)O1,26.664583251946766
c1ccc2c(c1)c1cnc(Nc3cnn(CCOC4CCC4)c3)nc1n2C1CCCC1,26.664583251946766
c1ccc(CNc2nccc(-c3ccnc(Nc4ccc(N5CCOCC5)cc4)n3)n2)cc1,26.70205984563738
CCN1CCC(c2ccc(Nc3ncc4c5ccncc5n(C5CCC5)c4n3)nn2)CC1,26.739483914241877
CCOC1CCN(c2cnc(Nc3ccc4c5cnccc5n(C5CCCC5)c4n3)nc2)C1,26.739483914241877
CC1CCCN1c1ncc2ccnc(Nc3nccc(-c4ccc(N5CCC5)cc4)n3)c2n1,26.795522013948524
Cc1ncc(-c2ccc(Nc3ncc4c5ccncc5n(C5CCCC5)c4n3)cc2)n1C,26.90724809414742
CN(C)Cc1ccc(Nc2ncc3c4cnc5cnccc5c4n(C4CCCC4)c3n2)nc1,26.981475126464083
Cc1nc(C(C)C)nc2c3nc(Nc4ccc(N5CCOCC5)cc4)ncc3n(C3CC3)c12,26.981475126464083
COc1cc(Nc2ncc3c4ccncc4n(C4CCCC4)c3n2)ccc1OC1CCOC1,27.03701166919155
OCCn1cc(-c2ccc(Nc3ncc4c5ccncc5n(C5CCCC5)c4n3)cn2)cn1,27.09243436828813
CCCN1CCc2ccc(Nc3ncc4c5ccnc(OC)c5n(C5CCC5)c4n3)nc2C1,27.202941017470888
c1cc2c3cnc(Nc4ccc(OCCN5CCC5)cc4)nc3n(C3CCCC3)c2cn1,27.23967694375247
c1cc2c3cnc(Nc4ccc(OCCN5CCCC5)cn4)nc3n(C3CCCC3)c2cn1,27.27636339397171
COc1ccc(-c2cnc(Nc3ccc(N4CCC(N5CCCCC5)CC4)nc3)nn2)cc1,27.313000567495326
COCc1cn(-c2ccc(Nc3ncc4c5ccncc5n(C5CCCC5)c4n3)cc2)cn1,27.40437921208944
CN(C)Cc1cn(-c2ccc(Nc3ncc4c5ccncc5n(C5CCCC5)c4n3)cc2)cn1,27.40437921208944
COCCn1ccc(-c2ccc(Nc3ncc4c5ccncc5n(C5CCCC5)c4n3)cn2)c1,27.40437921208944
COc1cc(-c2cnn(C)c2)ccc1Nc1ncc2c3ccncc3n(C3CCCC3)c2n1,27.54995462791182
COc1cc(Nc2ncc(C3CCCCO3)c3cccnc23)nnc1CN1CCCCC1,27.54995462791182
COc1ccc(Cn2cc(Nc3ncc4c5ccncc5n(C5CCCC5)c4n3)cn2)cc1,27.54995462791182
COCCn1cncc1-c1ccc(Nc2ncc3c4ccncc4n(C4CCCC4)c3n2)cc1,27.54995462791182
OCCn1ccc(-c2ccc(Nc3ncc4c5ccncc5n(C5CCCC5)c4n3)cn2)c1,27.586228448267445
Cc1nc(Nc2ncc3c4ccncc4n(C4CCCC4)c3n2)ccc1C1CCN(C)C1,27.60434748368452
COC1CCN(c2ccc(Nc3ncc4c5ccnc(C)c5n(C5CCC5)c4n3)nc2)CC1,27.622454633866266
CCOC1CCN(c2ccc(Nc3ncc4c5ccncc5n(C5CCC5)c4n3)nc2)CC1,27.622454633866266
OCCn1cncc1-c1ccc(Nc2ncc3c4ccncc4n(C4CCCC4)c3n2)cc1,27.65863337187866
Cc1nc(Nc2ncc3c4ccncc4n(C4CCCC4)c3n2)ccc1OC1CCN(C)C1,27.694764848252458
COC1(C)CCN(c2ccc(Nc3ncc4c5ccncc5n(C5CCCC5)c4n3)nc2)C1,27.694764848252458
COC1CCN(c2ccc(Nc3ncc4c5ccncc5n(C5CCCC5)c4n3)nc2C)C1,27.694764848252458
CCN1CCC(Oc2ccc(Nc3ncc4c5ccncc5n(C5CCCC5)c4n3)nc2)C1,27.694764848252458
CCOC1CCN(c2ccc(Nc3ncc4c5ccncc5n(C5CCCC5)c4n3)nc2)C1,27.694764848252458
COc1ccc(Nc2ncc3c4ccncc4n(C4CCCC4)c3n2)c(C2COCO2)c1,27.712812921102035
COc1cc(Nc2ncc3c4ccncc4n(C4CCCC4)c3n2)cnc1CN1CCCC1,27.784887978899608
CN(C)c1ccccc1-c1ccc(Nc2ncc3c4ccncc4n(C4CCCC4)c3n2)nn1,27.784887978899608
Cc1nc(C2CCOC2)ccc1Nc1cc2c(cn1)nc(-c1cnn(C)c1)n2C1CCCC1,27.820855486487112
CCn1cc(-c2nc(Nc3ccc(N4CCCC4)cc3)c3ncn(C4CCCC4)c3n2)cn1,27.83882181415011
CSc1ncc2nc(N3CCCCC3)nc(NCc3ccc(-c4cccnc4)cc3)c2n1,27.892651361962706
COc1cc(-c2cnn(C)c2)ccc1Nc1cc2c(cn1)c1cncnc1n2C1CCCC1,27.910571473905726
COc1cc(Nc2ncc3c4cnccc4n(C4CCCC4)c3n2)ccc1OC1CCOC1,28.053520278211074
c1ccc(CNc2nc(-c3cnn(C4CCOCC4)c3)nc3c2ncn3C2CCCC2)cc1,28.124722220850465
CC(C)c1c(C#N)c2cnc(Nc3ccc(N4CCOCC4)cc3)nc2n1C1CCCC1,28.124722220850465
Cc1ncc2c3cnc(Nc4cc(C)c(CN5CCCC5)cn4)nc3n(C3CCCC3)c2n1,28.142494558940577
CN(C)CCn1nccc1-c1ccc(Nc2ncc3c4cnccc4n(C4CCCC4)c3n2)nc1,28.21347195933177
c1ccc(COc2ccc(Nc3ncc4c5ccncc5n(C5CCCC5)c4n3)nn2)cc1,28.21347195933177
O=C(O)c1cccc(-c2cnc(Nc3cc(OC4CCCC4)cc(N4CCOCC4)c3)nc2)c1,28.460498941515414
CCC(=O)c1cc2cnc(Nc3ccc(N4CCOCC4)cc3)nc2n(C2CCCC2)c1=O,28.478061731796284
COc1nn(C)cc1-c1ccc(Nc2ncc3c4ccncc4n(C4CCCC4)c3n2)cc1,28.548204847240395
COc1c(-c2ccc(Nc3ncc4c5ccncc5n(C5CCCC5)c4n3)cc2)cnn1C,28.548204847240395
c1cc2c3cnc(Nc4ccc(OCCN5CCCC5)cc4)nc3n(C3CCCC3)c2cn1,28.61817604250837
Cn1nc(CN2CCCCC2)cc1Nc1ncc(-c2ccc3nc(C4CC4)oc3c2)cn1,28.809720581775867
COCc1cc2c3cnc(Nc4ccc(N5CCCCC5)cc4)nc3n(C3CCC3)c2nn1,28.844410203711913
COc1cc(-c2cnn(C)c2)ccc1Nc1ncc2c3cnccc3n(C3CCCC3)c2n1,28.965496715920477
CCOC1CCN(c2ccc(Nc3ncc4c5cnccc5n(C5CCCC5)c4n3)nc2)C1,28.965496715920477
COc1cccc(Nc2ncc(-c3nn(C4CC4)c4cnc(N5CCCCC5)cc34)cn2)c1,29.03446228191595
Cc1nn(C2CCCCC2)cc1-c1ccnc(Nc2nccc(CN3CCCCC3)n2)c1,29.103264421710495
c1cc2c3cnc(Nc4cncc(OCCN5CCCC5)c4)nc3n(C3CCCC3)c2cn1,29.32575659723036
Fc1ccccc1CNc1nccc(-c2cc(N3CCCC3)nc(Nc3ccccn3)n2)n1,29.34280150224242
CCOC(=O)c1ccccc1Nc1ncc2c3cnc(N4CC4)cc3n(C3CCCC3)c2n1,29.478805945967352
c1ccn(CCCn2cc(Nc3ncc4c5ccncc5n(C5CCCC5)c4n3)cn2)c1,29.512709126747414
CCOC1CCN(c2ccc(Nc3ncc4c5cccnc5n(C5CCCC5)c4n3)cn2)C1,29.512709126747414
CCC(=O)c1cc2cnc(Nc3ccc(N4CCOCC4)cc3)nc2n1C1CCCC1,29.563490998188964
Cc1cnc(Nc2ccc(N3CCOCC3)cc2)nc1-c1nc(C2CCCCC2)n(C)n1,29.647934160747187
c1cc(Nc2ncc3c4ccncc4n(C4CCCC4)c3n2)nc(OCCN2CCCC2)c1,29.664793948382652
c1cc(OCCN2CCCC2)ccc1Nc1ncc2c(n1)c1cnncc1n2C1CCCC1,29.664793948382652
Cc1ncc(-c2ccc(Nc3ncc4c5c(n(C6CCCC6)c4n3)CCN(C)C5)cc2)cn1,29.782545223670862
Cc1nncc2c3cnc(Nc4ccc(OC5CCN(C)CC5)cc4)nc3n(C3CCC3)c12,29.9833287011299
c1cnc2c(n1)c1cnc(Nc3ccc(OCCN4CCCC4)nc3)cc1n2C1CCCC1,30.0
COc1ccccc1-c1cc2cnc(Nc3ccc(N4CCCC4)nn3)nc2n1C1CCC1,30.04995840263344
N#Cc1cc(-c2cn(C3CCCC3)c3ncnc(N)c23)ccc1OCCN1CCCCC1,30.083217912982647
CC1CCCN1c1nc(Nc2ccc(-c3ccnc(C4CC4)n3)cn2)cc(N2CCCC2)n1,30.18277654557314
Cc1nc(Nc2ncc3cc(-c4cnn(C)c4)n(C4CCCC4)c3n2)cc(N2CCCC2)n1,30.397368307141328
c1cc(Nc2cc3c(cnn3C3CCCC3)c3cncc-3n2)cc(OCCN2CCCC2)n1,30.463092423455635
COc1ccc(Nc2ncc3c4ccncc4n(C4CCCC4)c3n2)nc1CN1CCC1,30.577769702841312
c1ncc2c3cnc(Nc4ccc(OCCN5CCCC5)cc4)nc3n(C3CCCC3)c2n1,30.72458299147443
Cc1ncc2c3cnc(Nc4ccc(CN5CCCCC5)cn4)nc3n(C3CCCC3)c2n1,30.773365106858236
COc1ncc2c3cnc(Nc4ccc(CN5CCCC5)cc4)nc3n(C3CCCC3)c2n1,30.919249667480614
CCN1CCC(c2ccc(Nc3ncc4c5ccncc5n(C5CCCC5)c4n3)nn2)CC1,30.983866769659336
COCC1(F)CCC(n2cc(Nc3ncc4c5ccncc5n(C5CC5)c4n3)cn2)CC1,31.28897569432403
COC(=O)c1ccc(Nc2ncc3c4ccncc4n(C4CCCC4)c3n2)c(N2CCC2)c1,31.432467291003423
CCOC1CCN(c2ccc(Nc3ncc4c(=O)ccn(C5CCCC5)c4n3)nc2)CC1,31.496031496047245
c1cc2c3cnc(Nc4ncc(CCCN5CCCC5)cn4)nc3n(C3CCCC3)c2cn1,31.54362059117501
CN1CCCC1Oc1cccc(CNc2ncc3c4ccncc4n(C4CCCC4)c3n2)n1,31.811947441173732
c1cc2c3cnc(Nc4ccc(OCCN5CCCC5)nc4)nc3n(C3CCCC3)c2cn1,31.937438845342623
CCC(=O)c1cn(C2CCCCC2)c2nc(Nc3ccc(N4CCOCC4)cc3)ncc12,32.046840717924134
COC1CCN(c2ccc(Nc3nccc(-c4cn(C)c(C5CCCCC5)n4)n3)nc2)CC1,32.046840717924134
Cn1nc(-c2ccnc(Nc3ccc(CN4CCCCC4)cn3)n2)nc1C1CCCCC1,32.18695387886216
c1cc2c3cnc(Nc4ccn(CCCN5CCCC5)n4)nc3n(C3CCCC3)c2cn1,32.28002478313795
COc1nccc2c1c1cnc(Nc3ccc(CN4CCCC4)cn3)nc1n2C1CCCC1,32.37282811247729
c1cc2c(cn1)c1cnc(Nc3ncc(CCCN4CCCC4)cn3)nc1n2C1CCCC1,32.41913015489465
COC1CCN(c2ccc(Nc3ncc4cc(CC#N)n(C5CCCC5)c4n3)nc2)CC1,32.43454948045371
COC1CCN(c2ccc(Nc3ncc4c5ccncc5n(C5CCCC5)c4n3)nc2)CC1,32.7414110874898
c1cc2c3nnc(Nc4ccc(OCCN5CCCC5)cc4)nc3n(C3CCCC3)c2cn1,32.802438933713454
CCOC1CCN(c2ccc(Nc3ncc4ccc(=O)n(C5CCCCC5)c4n3)nc2)CC1,32.848135411313685
COC1CCN(c2ccc(Nc3ncc4c5ccccc5n(C5CCCC5)c4n3)nn2)CC1,33.1058907144937
CN(C)C1CCN(c2ccc(Nc3nc(C4CCCCC4)n4ncc(C#N)c4n3)cc2)CC1,33.15116890850155
COC1CCN(c2ccc(Nc3ncc4c5ccncc5n(C5CCCC5)c4n3)cn2)CC1,33.28663395418648
COC1CCN(c2ccc(Nc3ncc4c(n3)c3ncccc3n4C3CCCC3)nc2)CC1,33.58571124749333
c1cc2c3cnc(Nc4ccn(CCCN5CCCCC5)n4)nc3n(C3CCCC3)c2cn1,33.63034344160047
COc1cccc(Nc2cnc3c4cnc(N5CCCC5C)nc4n(C4CCCC4)c3n2)c1,33.88214869219483
CCOC1CCN(c2ccc(Nc3ncc4ccn(C5CCCC(=O)CC5)c4n3)nc2)CC1,33.98529093593286
Cc1cc2c(cn1)c1cnc(Nc3cn(CCN4CCCCC4)nn3)nc1n2C1CCCC1,34.161381705077446
CN1CCC(c2ccc(Nc3ncc4ncn(CC#N)c4n3)cc2OC2CCCCC2)CC1,34.45286635390443
CCn1ncc2c3c(=O)cnc(Nc4ccc(N5CCCC5)cc4)nc3n(C3CCCC3)c21,34.45286635390443
c1cc(OC2CCCC2)cc(-c2ccnc(Nc3cc(CN4CCCCC4)ns3)n2)n1,34.85685011586675
COC(=O)c1cc2cnc(Nc3ccc(N4CCCC4)cc3)nc2n(C2CCCC2)c1=O,35.22782990761707
Cc1cc2c3nc(N4CCCC4)ncc3n(C3CCCC3)c2c(NCc2ccnc(C)n2)n1,35.66510900025401
CCOc1nc(Nc2ccc(N3CCOCC3)cc2)c2ncn(C3CCCCCC3)c2n1,35.77708763999664
Cc1nc(CN2CCCCC2)cc(Nc2ncc3c4cnccc4n(C4CCCC4)c3n2)n1,36.42801120017397
COC[C@@H]1CCCN1c1ccc(Nc2ncc3c4ccncc4n(C4CCCC4)c3n2)nn1,36.42801120017397
COC(=O)CNc1cc(-c2cccc(N3CCCCC3)n2)nc2c1ncn2C1CCCC1,36.4417343165772
Cc1ncnc2c1c1c(C)nc(Nc3cc(CN4CCCCC4)ccn3)nc1n2C1CCCC1,36.91882988394946
CN(C)C1CCC(n2cc(Nc3ncc4c5ccncc5n(C5CCCC5)c4n3)cn2)CC1,37.080992435478315
CCOc1nc2cnc(Nc3ccc(N4CCCCC4)cc3)nc2n(C2CCCC2)c1=O,37.3496987939662
COc1nnc2cc3cnc(Nc4ccc(C5CCN(C)C5)cc4)nc3n(C3CCCC3)c1-2,37.456641600656084
CN1CCC(c2ncnc(Nc3cc(OC4CCCC4)c4ncc(C5CC5)n4c3)n2)CC1,37.89459064299283
CCOC1CCN(c2ccc(Nc3ncc4cnn(C5CCCCCC5)c4n3)nc2)CC1,38.2099463490856
CCOC1CCN(c2ccc(Nc3ncc4ccn(C5CCCCCC5)c4n3)nn2)CC1,38.2099463490856
COC1CCN(c2ccc(Nc3ncc4cc(C5CC5)n(C5CCCC5=O)c4n3)nc2)CC1,38.82009788756334
COC1CCN(c2ccc(Nc3nc(C4CC4)nc4c3ncn4C3CCCCC3)cn2)CC1,39.63584236521283
CCOC1CCN(c2ccc(Nc3ncc4ncn(C5CCCCCC5)c4n3)nc2)CC1,39.64845520319802
CN(C)c1ccc(NC2=NC(=O)N(C3CCCC3)c3cnc(C4CC4)c4c3C(=N4)C=N2)cc1,40.13726448077895
c1ccc(CCn2cc(C3CC3)c3cnc(Nc4cnn(C5CCCCCC5)n4)nc32)nc1,40.97560249709576
COC1CCN(c2ccc(Nc3ncc4c(C5CC5)nn(C5CCCC5)c4n3)nc2)CC1,41.71330722922842
COc1nc(N2CCCCC2)ccc1Nc1ncc2nc(C3CC3)n(C3CCCC3)c2n1,47.10626285325551
