SMILES,cats_euclidean_dist
COc1ccc(-c2nc(Cl)nc(N3CCC(Nc4ccccn4)CC3)c2C#N)cc1,9.9498743710662
N#Cc1cc2ncnc(NCCCOc3ccc(-c4ccc5c(c4)OCO5)cc3)c2s1,10.535653752852738
CCOc1nc(-c2ccc(Cl)cc2)cc(N2CCC(Nc3ncc(C#N)s3)CC2)n1,10.908712114635714
O=C(O)C1CCN(c2nc(-c3ccc(OC(F)F)nc3Oc3ccccc3)cs2)C1,11.832159566199232
Oc1cc(-n2c(SCc3ccccc3)nnc2-c2ccc(OC(F)(F)F)cc2)ncn1,12.328828005937952
COc1ccc(CNc2nc(N3CCOCC3)nc3ccc(-c4ccoc4)cc23)cc1C#N,12.489995996796797
COc1ccc(-c2nc(-c3ccccc3)n3ncnc(NCc4ccc5c(c4)OCO5)c23)cc1,12.806248474865697
COc1ccc(-c2nc(-c3ccc(F)cc3-c3nccs3)cc(N3CC(C(=O)O)C3)n2)cc1,12.96148139681572
COc1ccc(-c2csc(-c3cnc(CN4CCC(C(C)(C)C)O4)c(C(=O)O)c3)n2)cc1,13.114877048604
CC(C)Oc1ccc(-c2nc(Nc3ccco3)nc(N3CCN(C(C)(C)C)CC3)c2C#N)cc1,13.2664991614216
COc1ccc(CNc2nc(-c3ccc(OC(F)(F)F)cc3)nc3nc(F)nn23)cc1,13.2664991614216
COc1ccc(-c2csc(Oc3ccc4c(c3)CCN(c3ccc(C(=O)O)cn3)C4)n2)cc1,13.30413469565007
CNc1ncnc2nc(-c3ccc(OCc4ccc(Cl)nc4-c4ccccc4)cc3)cn12,13.341664064126334
FC(F)(F)c1ccc2oc(CCNc3ncnc4c3cnn4CC3CCCCC3)nc2c1,13.379088160259652
COc1ccc(CNc2nc(-c3cnc(Cl)s3)c(C#N)c(N3CCCCC3)n2)cc1,13.379088160259652
CN1CCC(Oc2ccc(-c3cn(CC4CCCCC4)c4ncnc(N)c34)cn2)CC1,13.45362404707371
COc1ccc(-c2nc(N3CCC(C(=O)O)C3)sc2-c2ccc(OC(C)(C)C)cc2)cc1,13.527749258468683
O=C(O)c1ccc(-c2ccccc2)cc1Oc1ncnc2sc(CN3CCOCC3)cc12,13.601470508735444
CN1CCCN(Cc2cc3c(N)nc(-c4ccc(Oc5ccco5)cc4)nc3s2)CC1,13.601470508735444
Cc1nc(-c2ccc(N3CCC(C#N)CC3)cc2)sc1CSc1ncc(F)c(N)n1,13.638181696985855
Oc1nc(-c2ccc(Oc3cccc(SCc4ccccc4)c3)cc2)nc2ncnn12,13.711309200802088
COc1ccc(-c2nc(-c3cc(-c4ccccc4)nn3O)c3n2-c2ccccc2OC3)cc1,13.711309200802088
FC(F)(F)c1ccc(-c2nnc(CNc3cc(OCc4ccccc4)ncn3)s2)cc1,13.820274961085254
CC(=O)Oc1ccoc1-c1csc2ncnc(NC3CCN(Cc4ccccc4)CC3)c12,14.0
COc1cc2ncnc(NC3CCN(c4sc5ccccc5c4C#N)CC3)c2cc1OC,14.0
CCn1cnc2c(O)nc(-c3ccc(OC(F)(F)F)cc3Sc3ccccn3)nc21,14.0
O=C(O)C1CCCN(Cc2ccc(-c3ncnc(SCc4ccc(F)cc4)n3)s2)C1,14.142135623730951
Cc1nccc(-c2csc(-c3nc(N)c4cc(CN5CCC(C)CC5)sc4n3)c2)n1,14.177446878757825
Nc1ncnc2nc(-c3cccc(N4CCC(CCOc5ccccc5)CC4)c3)sc12,14.177446878757825
COc1ccc(-c2cnc(N3CC(C(=O)O)C3)nc2Sc2cc3c(s2)CCCC3)cc1,14.2828568570857
Nc1ncnc2ncn(C3CCN(Cc4ccc(Oc5ccc(-c6ccccc6)nc5)cc4)C3)c12,14.352700094407323
FC(F)(F)Oc1ccc(-c2nc(NCC3CCCCC3)nc(N3CCCC3)n2)cc1,14.352700094407323
Oc1cc(Oc2ccc(-c3nc(-c4ccccc4)ns3)cc2)ccc1Cn1cnnc1,14.38749456993816
O=C(O)CCOc1ncccc1-c1csc([C@]2(C(F)(F)F)C[C@H]3C[C@@H]2CS3)n1,14.422205101855956
COc1ccc(-c2nc3nc(N)c(-c4ccc(F)cc4)c(Oc4ccccc4)n3n2)cc1,14.491376746189438
Cn1nc2c(-c3ccccc3)c(N)nc(SCc3ccc(-c4ccccc4)cc3)n2c1=O,14.52583904633395
COc1ccccc1COc1ccc(-c2cc3c(ncn3C3=NCCS3)c(N)n2)cc1,14.52583904633395
COc1ccc(-c2nc(-c3ccco3)cc(N3CCC(Nc4ccccn4)CC3)n2)cc1,14.52583904633395
O=C(O)C1CN(Cc2cc(-c3ccc(Oc4ccc(-c5ncccn5)cc4)nc3)cs2)C1,14.560219778561036
COc1ccc(-c2nc(-c3ccc(Oc4ccc(Cl)cc4)cc3)c3c(N)ncnn23)cc1,14.594519519326424
CC(C)Oc1ccc(-c2nc(-n3cccn3)nc(N3CCC4(CCNCC4)CC3)c2C#N)cc1,14.66287829861518
O=C(O)C1CCN(Cc2ccc(Oc3cc(-c4nc5ccccc5s4)ncn3)cc2)C1,14.696938456699069
COc1ccc(-c2cn(CC3CCCCC3)c3ncnc(N4CCC(C(=O)O)C4)c23)cc1,14.696938456699069
CCOc1ccc(-c2ccn(-c3c(C(F)(F)F)nc4c(F)cccn34)n2)cc1C(=O)O,14.730919862656235
COC(=O)C1CCN(Cc2nc3c(-c4ccc(-c5ccccc5)cc4)cnc(N)c3s2)C1,14.7648230602334
COc1ccc(-c2nc(NC3COc4cc(Cl)ccc43)nc(N3CCCCC3)n2)cc1,14.798648586948742
COc1ccc(Nc2cc(N3CCc4ccccc4C3)nc(-c3ccc(OC)nn3)n2)cc1,14.798648586948742
CC(C)(C)Oc1ccc(-c2nc(NC3CC4CCC3C4)nc(N3COC(C)(C)C3)n2)cc1,14.832396974191326
COc1ccc(-c2nc(NC3CCCO3)nc(-c3ccc(OC(F)(F)F)cc3)n2)cc1,14.832396974191326
O=C(O)c1sc(-c2ncn(CCc3ccccc3)n2)nc1-c1ccc(OC(F)(F)F)cc1,14.832396974191326
Nc1ncnc2c1c(-c1cccc(-c3cccc(N4CCC4)n3)c1)nn2CC1CCCC1,14.866068747318506
CC(C)Oc1ccc(-c2nc(N3CCc4ccccc4C3)c3c(N)c(C#N)sc3n2)cc1,14.89966442575134
OC1(c2ccccc2)CCN(Cc2ccc(Oc3ccn4nc(Cl)nc4n3)cc2)CC1,14.89966442575134
COc1ccc(CN2CCC(Nc3ncnc(-c4cc5ccccc5s4)n3)CC2)cc1,14.933184523068078
Cc1cc(-c2nc3c(NCc4cccs4)ncnc3n(CC3CCCCC3)c2=O)ccn1,15.033296378372908
Nc1cc(-c2nccs2)nc(Oc2ccc(CN3CCC(F)(F)CC3)cc2)n1,15.033296378372908
Nc1ncnc2nc(OCc3ccc(Oc4ccccc4)c(-c4ccccc4)c3)sc12,15.033296378372908
CNc1nc(-c2ccc(Oc3ncccc3-c3ccncn3)c(F)c2)cc(N2CCCC2)n1,15.066519173319364
Cc1ccc(-c2nc(O)n(-c3cccc(Oc4ccc(OC(F)(F)F)cc4)c3)n2)cn1,15.066519173319364
Cn1cnc(-c2csc(-c3cc(OCc4cccc(C(F)(F)F)c4)nc(N)n3)c2)c1,15.066519173319364
COc1ccc(-c2cc3n(n2)-c2ncnc(c2-c2ccc(F)cc2C)S3)cc1C(=O)O,15.132745950421556
CCC1Cc2c(csc2-c2cc(C#N)n(-c3ccc(OC)cc3)n2)C(c2cccnn2)N1,15.165750888103101
Cc1sc(COc2ccc3c(N4CCOCC4)nc(N)nc3c2)cc1-c1ccccc1,15.165750888103101
Oc1nc(-c2ccc(F)cc2)nc2sc3ncn(CCCOc4ccc(F)cc4)c3c12,15.198684153570664
COc1ccc(-c2csc3ncnc(NC4CCN(Cc5ncccc5C#N)C4)c23)cc1,15.198684153570664
CC(=O)Nc1ncc(-c2cnc(N3CCCCC3)nc2Oc2ccc(Cl)cc2)s1,15.198684153570664
COc1ccc(-c2cccc(-c3nc4c(N5CCC(C(=O)O)C5)ncnc4s3)c2)cc1,15.231546211727817
N#Cc1cnc(-c2ccc(Oc3ccccc3)cc2)nc1N1CCN(Cc2ccoc2)CC1,15.264337522473747
O=C(O)c1sc(-c2ccc3c(c2)OCCO3)nc1OCCc1ccccc1,15.362291495737216
Cc1ccc(-c2nc3c(NCC4CCCN(C#N)C4)nsn3c2-c2ccccc2)cc1,15.459624833740307
COc1ccc(-c2nc(N3CCC(COc4ccccc4)CC3)c3scnc3n2)cc1,15.491933384829668
COc1ccc(CNc2nn3c(=O)c(-c4ccco4)c(-c4ccccc4)nc3s2)cc1,15.491933384829668
Nc1nccc(Oc2ccccc2C2CCN(Cc3ccc(-n4cccn4)s3)CC2)n1,15.556349186104045
Cc1nc(-n2ccnn2)nc(NCC2CCCCC2)c1-c1ccc(OC(F)(F)F)cc1,15.556349186104045
COc1ccc(-c2ccc(-c3csc4ncnc(NC5CCN(CC#N)C5)c34)cc2)cc1,15.556349186104045
O=C(O)C1CCN(Cc2csc(-c3nnc(SCc4ccc(Cl)cc4)o3)c2)C1,15.588457268119896
Cc1csc(-c2c(-c3ccc(OCc4ccccc4)cc3)nn3c(N)cc(F)nc23)n1,15.588457268119896
COc1ccc(-c2cc(NC(=O)Oc3ccc(CN4CCSCC4)cc3)ncn2)cc1,15.620499351813308
COc1cc2c(cc1OCc1ccc(-c3ccco3)nn1)ncn2C(=S)Nc1ccccc1,15.620499351813308
COc1ccc(-c2csc3ncnc(NCC4CCN(C(=O)OC(C)(C)C)C4)c23)cc1,15.620499351813308
Cc1c(-c2cccs2)nc(-c2ccc(OC(F)(F)F)cc2)n1C1CCN(CC(=O)O)N1,15.652475842498529
Cc1ccc(COc2nc(-c3ccc4c(c3)CCn3nc(C)cc3-4)sc2C(=O)O)cc1,15.652475842498529
COc1ccc(-c2cc(-c3nc(N)nc4sccc34)n(C)n2)cc1OC(F)(F)F,15.684387141358123
COc1ccc(-c2nc(NC3CCOCC3)c3nc(Cc4ccccc4)sc3n2)cc1,15.716233645501712
O=C(O)c1ccc(Oc2ccc(-c3cc(N4CCOCC4)sn3)cc2)nc1CC1CC1,15.748015748023622
c1ccc(Oc2ccc(-c3nc(NCc4ccco4)nc(N4CCOCC4)n3)cc2)cc1,15.748015748023622
COc1ccc2c(n1)oc1c(-c3ccn(-c4ccc(O)cc4)n3)cc(-c3ccccc3)nc12,15.748015748023622
COc1ccc(-c2nn3c(c2-c2ccccc2)OCC3c2csc(CC(=O)O)n2)cc1,15.748015748023622
COC(=O)c1ccc(-c2ccc(CN3CCC(Nc4ncnc5ccsc45)CC3)cc2)o1,15.748015748023622
CC(=O)N1CCN(c2ccc(-c3nc(Oc4ccc(C)cc4)c(C(=O)O)s3)s2)CC1,15.7797338380595
Cn1c(-c2cccc(-c3ccc(-c4cccnc4)cc3)c2)nc2sc(CC(=O)O)nc21,15.7797338380595
CCNc1nc(-c2ccc(OC(F)(F)F)cc2)nc(-c2ccc3c(c2)OCCO3)n1,15.874507866387544
Cc1ccc(CN2CCCN(c3cc(-c4ccc(OC(C)(C)C)cc4)nc(N)n3)CC2)o1,15.905973720586866
Cc1ccc(CN2CCN(c3snc(-c4ccccc4)c3-c3nc(N)no3)CC2)cc1,15.937377450509228
Cn1c(Sc2ccc(N)nc2-c2ccc(OCC(C)(C)C)nc2)cnc1N1CCCC1,15.937377450509228
Cc1cc(CN2CCCN(c3cc(-c4ccc(OC(C)(C)C)cc4)nc(N)n3)CC2)no1,15.937377450509228
CN1CCC(Nc2cc(-n3nccc3-c3ccccc3Oc3ccccc3)ncn2)CC1,15.968719422671311
O=C(Nc1cc(-n2nccc2-c2ccc(Oc3ccccc3)cc2)ncn1)c1ccccc1,15.968719422671311
O=C(O)c1cc(-c2cccn2-c2cc(N3CCCC3)ncn2)ccc1OCc1ccccc1,16.0
Cc1ccc(COc2ccccc2-c2cc(-c3ccns3)nc(N3CCOCC3)n2)cc1,16.0312195418814
COc1ccc(-c2cc(NCc3ccc4c(c3)OCO4)nc(N3CCCCC3)c2C#N)cc1,16.09347693943108
Cn1ccc(-c2cc3nc(N)nc(OCc4ccc(-c5ccccc5)cc4F)c3s2)n1,16.09347693943108
CN1CC=C(c2cccc(COc3ccc(-c4cc5scnc5c(O)n4)cn3)n2)CC1,16.09347693943108
Oc1ccc(-c2nnc(SCc3ccc(OC(F)(F)F)cc3)n2-c2ccccc2)nn1,16.1245154965971
O=C(O)COc1ccc(-c2csc3ncnc(N4CCC(Cc5ccccc5)C4)c23)cn1,16.1245154965971
Cc1ccc(-c2c(N)ncnc2N2CCC(CC(=O)c3ccc4c(c3)OCO4)CC2)cc1,16.186414056238647
FC(F)(F)c1ccc(Oc2sccc2-c2ccn(CCSc3nn[nH]n3)n2)cc1,16.186414056238647
COc1ccc(-c2nc(NC3=Nc4ccccc4C3)nc(SCc3ccccn3)n2)cc1,16.217274740226856
CNC(=O)n1cnc2sc3c(-c4ccccc4)nc(-c4ccc(OC(C)C)cc4)nc3c21,16.217274740226856
CCn1ccc2c(-c3ccc(OCc4nc5ccccc5s4)cc3)c(C#N)c(N)nc21,16.217274740226856
O=C(O)c1sc(-c2ccc3ncnn3c2)cc1OCc1ccc(OC(F)(F)F)cc1,16.24807680927192
CCNc1ncnc2sc3cc(-c4ccccc4)c(=O)n(-c4ccc(OC)cc4)c3c12,16.24807680927192
COc1cc(-c2ncnc(NC3CCN(C(C)(C)C)CC3)c2C#N)ccc1OC(C)(C)C,16.24807680927192
COc1ccc(-c2ccc(-c3nn(C4CCC4)nc3/C=C3\SC(=O)NC3=O)cc2)cc1,16.24807680927192
Cc1cncc(-c2cc(-c3csnn3)ccc2Oc2cccc(N3CCC(O)CC3)c2)n1,16.24807680927192
Nc1nc(Oc2cc(N3CCN(CC4CCCCC4)CC3)ncn2)cc(-c2ccccc2)n1,16.278820596099706
Cc1c(-c2cccc(C#N)n2)c2c(NC3CCN(C)CC3)ncnc2n1CC1CCCCC1,16.30950643030009
Nc1nc(-c2ccc(OCc3cccc(F)c3)cc2)nc(N2CCC(c3nccs3)C2)n1,16.30950643030009
OCn1c(-c2nccs2)nn2cc(-c3ccccc3OCc3ccc(Cl)cc3)nc12,16.34013463836819
N#Cc1cc(-c2ccc(CN3CCC(C(=O)O)C3)cc2)sc1-c1ccc2c(c1)OCO2,16.34013463836819
COc1ccc(-c2sc3nc4nc(O)ccc4n3c(=O)c2-c2ccc(OC)cc2)cc1,16.34013463836819
COc1ccc(-c2nc(NCC3CCCCCC3)nc(-c3ccc4c(c3)OCO4)n2)cc1,16.34013463836819
COC(=O)c1cc(-c2nsc(NC3Cc4c3cccc4C(F)(F)F)n2)ccc1OC,16.3707055437449
CC(C)c1ccc(-n2cc(/C=C3\SC(=O)NC3=O)c(-c3ccc4c(c3)OCO4)n2)cc1,16.3707055437449
COc1ccc(-c2nc(NC3CCOCC3)nc(-c3ccc(OC(F)(F)F)cc3)n2)cc1,16.3707055437449
O=c1ccnc(-c2nc(CSc3nc(-c4ccccc4)cs3)n(CC3CCCC3)n2)[nH]1,16.401219466856727
CC(O)c1nnc(COc2ccc3c(c2)-n2nc(-c4ccc(Cl)cc4)cc2CO3)s1,16.431676725154983
COc1ccc(CNc2nccc(-c3cc(-c4ccc5c(c4)OCCO5)cs3)n2)cc1,16.46207763315433
COc1ccc(-c2csc(-c3ncnc4c3c(N)nn4Cc3ccc(F)cc3)c2)cc1,16.46207763315433
COc1ccc(-c2cnc3ncn(C4CCN(C(C)(C)C)CCC4=N)c3c2)cc1OC,16.46207763315433
CCOc1ccc(-c2ncn(-c3cc(O)n4ncnc4c3)c2-c2cccc(Cl)c2)cc1,16.46207763315433
Cc1cccc(-c2cc3c4c(sn3n2)CN(c2ccc(CCC(=O)O)c(C)n2)CC4)n1,16.46207763315433
COc1ccc(-c2nc(-c3ccc(C(F)(F)F)c(N)n3)n(Cc3ccsc3)n2)cc1,16.46207763315433
COc1ccc(-c2csc(-c3ccc(N4CCN(c5nccc(N)n5)CC4)cc3)n2)cc1,16.46207763315433
COc1ccc(CNc2ncnc3c(-c4ccc5c(c4)OCO5)c(-c4ccccc4)nn23)cc1,16.492422502470642
O=C(O)CC1Cc2c(Cn3nc(-c4cccs4)nc3-c3ccc(F)cc3)cccc2O1,16.492422502470642
O=C(O)c1cnc(-c2ccc3c(c2)ncn3CC2CCN(Cc3ccccc3)CC2)s1,16.492422502470642
Nc1nc(-c2ccc(OCCN3CCC(C(=O)O)CC3)cc2)nc2sc3c(c12)CCCC3,16.522711641858304
CC(C)(C)Oc1ccc(-c2nc(NCCN3CCCCC3)ncc2-c2ccncn2)cc1,16.583123951777
COc1ccc(-c2csc3ncnc(NC4CCN(C(=O)OCC(C)(C)C)OC4)c23)cc1,16.583123951777
c1ccc(Oc2ccc(-c3ncnc(NC4CCN(Cc5ccccn5)CC4)n3)cc2)cc1,16.61324772583615
N#Cc1sc(N2CCN(CCC(=O)O)CC2)nc1-c1ccc(Oc2ccccc2)cc1,16.61324772583615
Cc1ccnn1-c1sc(-c2nc(-c3ccccc3)n(CC(=O)O)n2)cc1-c1ccccc1,16.64331697709324
Cc1ccc(Oc2ccc(-c3csc(N4CCN(CC(=O)O)CC4)n3)cc2)c(C#N)c1,16.64331697709324
COc1ccc(-c2nc(N)c(-c3nccs3)nc2-c2cccc(OC(F)(F)F)c2)cc1,16.673332000533065
COc1ccc(-c2nc(N3CCC[C@@H](n4nc(N)sc4=O)C3)ccc2-c2ccccc2)cc1,16.673332000533065
COC(=O)c1ncc(-c2nc(-c3cccc(Oc4ccccc4)c3)n3c2COCC3)s1,16.673332000533065
Clc1ccc(-c2nc3c(NCCCn4cncn4)ncnn3c2-c2ccccc2)cc1,16.673332000533065
COc1ccc(-c2c(-c3cccc(OC)n3)nn3c(NC(=O)C(C)(C)C)csc23)cc1,16.673332000533065
O=C(O)c1cccc(-c2nc(N3CCOCC3)sc2-c2ccc(OCC3CC3)cc2)c1,16.703293088490067
COc1c(CC(C)(C)C)sc2ncnc(-c3ccc(CN4CCC(C(=O)O)CC4)o3)c12,16.703293088490067
COc1ccc(-c2nc3c(NC4CCN(Cc5ccccc5)CC4)ncnc3s2)cc1,16.703293088490067
COc1ccc(CNc2ncnn3c(-c4ccccc4)c(-c4ccc5c(c4)OCO5)nc23)cc1,16.73320053068151
CC(C)Oc1ccc(-c2nc(N3CCN(c4ccccc4)CC3)c3cc(C#N)sc3n2)cc1,16.76305461424021
COc1ccc(-c2cc(-c3csc4c(N)ncnc34)ccc2CN2CCOCC2)cc1,16.792855623746664
COc1c(C)cc(-c2ccc(NC3CCC(=NOC(C)(C)C)C3)c3ncnn23)cc1Cl,16.792855623746664
CC(C)(C)OC(=O)n1c(SCCn2nnc(-c3ccccc3)c2C#N)cc2ccccc21,16.792855623746664
Cc1ccc(-n2nnc(/C=N/Nc3nc(-c4ccccc4)cs3)c2-c2ccccc2)cn1,16.822603841260722
Cc1ccc(Oc2cccc(N3CCC(C(=O)Nc4ncnc5sccc45)CC3)c2)cn1,16.822603841260722
Cc1ccc(-c2cc(-c3csc(N4CCN(Cc5ccc(O)cc5)CC4)n3)no2)nc1,16.822603841260722
Cn1nccc1-c1nc(-c2csnc2OCc2ccc(C(F)(F)F)cc2)c(N)s1,16.822603841260722
Nc1nc(-c2ccccc2F)nn1-c1nc2cccc(OCc3ccc(F)cc3)c2s1,16.822603841260722
COC(=O)N1CCc2c(sc3nc(-c4ccc(OC)cc4)nc(NC4(C)CCO4)c23)C1,16.822603841260722
Cc1nc(-c2nnc(-c3ccc(CN4CCCCC4)c(C)c3F)s2)sc1C(=O)O,16.822603841260722
Cc1c(-c2ccc(-n3ncnc3SCc3ccccc3)cc2)nc2ccc(C(=O)O)cn12,16.852299546352718
c1ccc(COc2ccc(-c3nc(Nc4nccs4)nc(N4CCCC4)n3)cc2)cc1,16.852299546352718
CCN1C(=O)N(CCC2CCCCC2)c2c(-c3cccs3)sc3nc(N)nc1c23,16.881943016134134
c1ccc(COc2ccc(-c3nsc(-c4cnnc(-c5cccnc5)c4)n3)cc2)cc1,16.881943016134134
c1ccc(-c2cc(-c3cn(CC4CCCCC4)nn3)nc(NCc3ccccn3)n2)cc1,16.911534525287763
Cc1ncc(-c2cn(Cc3ccccc3)c3ncnc(N4CCC(CC(=O)O)CC4)c23)s1,16.941074346097416
Nc1ncnc2c1sc1nn(CC3CCCCC3COc3ccc(F)c(F)c3)cc12,16.941074346097416
COc1ccc(-c2csc3c2C(NCc2nnco2)=NOC3c2ccc(F)cc2)cc1,16.941074346097416
CCOc1nc(N)c2ccc(-c3sc(N4CCOCC4)nc3-c3ccccc3)cc2n1,16.941074346097416
COc1ccc(-c2nc3c(NC4CCN(Cc5ccccc5)C(=O)C4)ncnc3s2)cc1,16.97056274847714
[CH]1[C@H](COc2ccc(-c3ccsc3)cc2)CCCN1c1noc(-c2ccccc2)n1,16.97056274847714
COC(=O)c1cccc(-c2ccc(CN3CCC(Nc4ncnc5ccsc45)CC3)cc2)n1,17.0
O=c1c(-c2ccccc2)nc2sc(SCc3nnn[nH]3)cc2n1CC1CCCCC1,17.0
CCn1cnc2c(NCCc3ccc4c(c3)OCO4)nc(-c3ccc(C(C)(C)C)cc3)nc21,17.05872210923198
Nc1nc(-c2ccc(Oc3ccccc3)cc2)nc(N2CCN(Cc3ccccc3)CC2)n1,17.05872210923198
CC(C)(C)Oc1ccc(-c2nc(NC3CC3)nc(-c3ccc(Cn4ccnc4)cc3)n2)cc1,17.05872210923198
Nc1nc(-c2ccc(Oc3cccs3)cc2)nc(N2CCN(Cc3ccccc3)CC2)n1,17.05872210923198
COc1ccc(-c2c(-c3cccs3)nn(Cc3ccc4c(c3)OCO4)c2C(=O)O)cc1,17.08800749063506
Cc1cc(N2CCN(c3cccc(OC(C)(C)C)n3)CC2)nc(-c2ccccc2)c1C(=O)O,17.11724276862369
CCn1nc(-c2cccc(-c3snc(NC)c3C#N)c2)cc(N2CCCCC2)c1=O,17.146428199482248
COc1ccc(CNc2nsc(-c3ncccc3-c3ccc(F)cc3)n2)c2c1OCC2,17.175564037317667
Cc1ccc(-c2nc(N3CCC(Cc4ccccc4)CC3)nc3sc(O)nc23)cc1C,17.175564037317667
CC(C)(C)Oc1ccc(F)cc1-c1csc(NCc2ccc(Cn3cnnn3)cc2)n1,17.175564037317667
Cc1cc(CN2C(=O)NC2=O)sc1-c1nc(-c2ccc(Oc3ccccc3)cc2)ns1,17.204650534085253
COc1ccc(-c2c(-c3ccc(Oc4ccccc4)cc3)nc3sc(=O)n(O)n23)cc1,17.204650534085253
N=C1CCN(c2nc(OCc3ccccc3)nc(-c3ccc(OC(F)(F)F)cc3)n2)CC1,17.204650534085253
Cc1ccc(-c2c(COc3ncnc4sc5c(c34)CCC5)nnn2-c2ccccc2)cc1,17.233687939614086
O=C(O)CSc1nc(-c2cccc(C3CCC(=O)S3)c2)nn1Cc1ccc(F)cc1,17.233687939614086
CCC1CCN(Cc2cc3c(-c4cc(-c5ccccc5)cnn4)nc(N)nc3s2)CC1,17.233687939614086
Cc1nc(NC2CCOC2)cc(-c2ccc(OCc3ccccc3)c(C(F)(F)F)n2)n1,17.26267650163207
Cc1sc2ncnc(N3CCC(CCNc4ncccn4)CC3)c2c1-c1ccccc1,17.26267650163207
COc1ccc(-c2ccnc(N3CCC(Nc4nc(-c5ccccc5)ns4)C3)c2C#N)cc1,17.291616465790582
CCN1CCC(Nc2nnc(-c3ccco3)c(Oc3ccc(C(F)(F)F)cc3)n2)CC1,17.291616465790582
CCOc1cc(N2CCC(Nc3ncnc4scc(-c5ccccc5)c34)CC2)ncn1,17.320508075688775
COc1ccc(-c2nc(-c3csc(-c4ccccc4C(=O)O)c3)c3n2CCOC3)cc1,17.349351572897472
COc1ccc(-c2ncnc3c2COc2cc(-c4ccc(C(=O)O)cc4)ccc2-3)cc1OC,17.349351572897472
COc1ccc(-c2csc(-c3ccc(N4CCOCC4)c(-c4cc(N)no4)c3)n2)cc1,17.378147196982766
Nc1ncc(CN2CCN(c3nc(-c4ccc(Oc5ccccc5)cc4)cs3)CC2)o1,17.378147196982766
CSc1nc2n(CC3CCCC3)c(=O)c(-c3ccc(-c4ccccc4)cc3)c(N)n2n1,17.378147196982766
COc1ccc(-c2c(N)nc(N3CCC3)nc2Sc2nc(C(F)(F)F)cs2)cc1,17.378147196982766
COc1cccc2c1C(=O)c1cc(-c3csc(CN4CCC(C(=O)O)CC4)n3)ccc1-2,17.406895185529212
N#Cc1cc(-c2cccs2)cc2nc(-c3ccc(OCCC4CCNCC4)cc3)nn12,17.406895185529212
Cn1cnc2nc(Oc3ccc(CN4CCC(C(=O)O)CC4)cc3)c(-c3ccccc3)cc21,17.406895185529212
COc1cc(C2=NCN(Cc3ccccc3)CC2)ccc1OC(=O)Nc1nccs1,17.435595774162696
Oc1ccc(CN2CCN(c3nc(-c4ccccc4Oc4ccccc4)co3)CC2)cc1,17.435595774162696
N#Cc1ccc(-c2cccc(Oc3ccc(-c4ncn(CC5CCNCC5)n4)cc3)n2)cc1,17.4928556845359
COc1cc(-c2nnc(/C=C3\SC(=O)NC3=O)s2)ccc1Oc1ccc(Cl)cc1,17.4928556845359
N#Cc1nc2c(-c3ccc(OCc4ccccc4)cc3)ncnc2n1CC1=CCCNC1,17.4928556845359
c1ccc(CCC2CCN(c3ncnc(Nc4ccc(-n5cccn5)nc4)n3)CC2)cc1,17.52141546793523
COc1ccc(-c2nnc(NC(=O)n3ccc4c3CCC4)nc2C)cc1OC(F)(F)F,17.52141546793523
CCNc1nccc(-c2oc(N3CCCC3)nc2Sc2ccc(C(F)(F)F)cc2)n1,17.52141546793523
CN1CCN(c2ccc(Oc3nc(Nc4ccccn4)nnc3-c3ccccc3)cc2)CC1,17.52141546793523
c1cnc(Nc2ncnc3cc(-c4ccc(OCCN5CCCCC5)cc4)sc23)cn1,17.52141546793523
c1ccc(Cn2nc(-c3ccccc3)c3ncnc(NCc4cnc(C5CC5)cn4)c32)cc1,17.52141546793523
O=C(O)C1CCN(Cc2ccc(-c3nsc(-c4ccc(Oc5ccccc5)cc4)n3)cc2)C1,17.52141546793523
COc1ccc(-c2cc(-c3ccc(Cn4c(=O)sc5ncnc(N)c54)cc3)cs2)cc1,17.52141546793523
COc1ccc(-c2snc3c2C([O-])(Cc2cccc(Cl)c2)SC(N)=N3)cc1OC,17.549928774784245
Nc1nccc(-c2ccc(OCCC3CCN(c4nc5ccccc5s4)CC3)cc2)n1,17.578395831246947
Nc1cccc(-c2ccc(Oc3ccc(-c4nnn(CC5CCCCC5)n4)cc3)cc2)n1,17.578395831246947
Clc1ccc(Oc2ncccc2-c2nc(NCc3cccnc3)nc(N3CCCC3)n2)cc1,17.60681686165901
O=C(O)c1csc(-c2nc(-c3ccccc3)c3cnn(CCN4CCCCC4)c3n2)c1,17.635192088548397
Cn1c(O)nc2cc(-n3nnnc3SCc3ccc(F)c(-c4ccccc4)c3)ccc21,17.635192088548397
Cn1cc(-c2ccc(-c3ncnc4sc(CN5CCC(CC(=O)O)CC5)cc34)cc2)cn1,17.635192088548397
CC(C)Oc1ccc(-c2nc(-c3ccc(C(C)(C)C)o3)nc(N3CCNCC3)n2)cc1,17.635192088548397
N=C1CCCN1CCCOc1ccc(-c2c(C(F)(F)F)sc3c(N)ncnc23)cc1,17.635192088548397
Cc1nccc(-c2ccc(-c3cc4cc(CN5CCOCC5)sc4c(O)c3C#N)cc2)n1,17.635192088548397
O=C(O)c1ccc(Cn2nnc(-c3cccc(CN4CCC(c5cccs5)CC4)c3)n2)cc1,17.663521732655695
COc1ccc(/C=N/Nc2nc(-c3ccc(OC(F)(F)F)cc3)nc3ccnn23)cc1,17.663521732655695
CCn1c(Oc2ccc(-c3nc(O)c4ccccc4n3)s2)c(-c2ccccc2)n(C)c1=O,17.663521732655695
Oc1cc(-c2ccc3ncn(CCn4ccnc4)c3c2)ccc1-c1nc(-c2ccccc2)no1,17.663521732655695
O=C(O)Cn1nc(-c2ccccc2)nc1-c1cccc(Oc2ccc(N3CCCC3)cc2)c1,17.663521732655695
O=C(Nc1nccs1)Oc1ccccc1Cn1cc(-c2ccc(-c3ccccc3)cc2)nn1,17.663521732655695
COc1ccc(-c2ccc(-c3csc4c(N)nc(N5CCOC[C@@H]5C)nc34)cc2)cc1,17.72004514666935
COc1cccc(-c2ccc(-c3c(-c4nc5c(s4)CN(C)CC(N)=N5)noc3C)cc2)c1,17.72004514666935
Nc1csc(CN2CCN(c3nccc(-c4ccccc4Oc4ccccc4)n3)CC2)c1,17.72004514666935
c1ccc(-c2cccnc2Oc2ncnc(NC3CCN(Cc4ccccn4)CC3)n2)cc1,17.74823934929885
COc1ccc(-c2csc3c(N4CCC(CC(=O)O)CC4)nc(C(C)(C)C)nc23)cc1,17.74823934929885
COc1ccc(-c2nsc(-c3ccc(Cn4ccnn4)c(O)c3F)n2)cc1C(C)(C)C,17.74823934929885
Nc1nc(SCC(=O)c2ccc(F)cc2)ncc1-c1ccc(-c2cccs2)s1,17.74823934929885
O=C(O)CC1CCN(Cc2cccc(-c3ccnc(Sc4ccc(F)cc4)n3)c2)CC1,17.74823934929885
OC1CCN(Cc2nn(-c3cccs3)nc2-c2ccc(Oc3ccccc3)cn2)CC1,17.74823934929885
Cn1c(-c2cccc(-n3ncnc3SCc3ccccc3)c2)nc2ccc(C(=O)O)cc21,17.776388834631177
c1ccc(-c2nc3c(NCCc4ccc(-c5ccc6c(n5)CO6)cc4)ncnc3s2)nc1,17.776388834631177
CC(C)Oc1ccc(-c2nc(N3CCC4(CCCC4)CC3)nc3nc(C(=O)O)sc23)cc1,17.776388834631177
COc1ccc(-n2c(-c3cccc(N4CCc5cccnc5C4)c3)nc(C)c2C(=O)O)cc1,17.776388834631177
Cc1nc(-c2ccc(O)cc2)sc1-c1ccc(CN2CCC(n3cncn3)CC2)cc1,17.776388834631177
O=c1c2c(ncn1CCC1CCC1)sc1cc(-c3ccc(Oc4ccccc4)cc3)nn12,17.776388834631177
Cn1cnc(Cc2ccc(-c3ccc(F)nc3)cc2)c1Sc1ncc(C(=O)O)s1,17.776388834631177
Nc1nc(SCc2ccccc2)nc(-c2cc(-c3ccc(C4CCO4)cc3)cs2)n1,17.804493814764857
Nc1nc(OCc2cc(-c3ccccc3)co2)cc(N2CCN(c3ccccc3)CC2)n1,17.832554500127006
Nc1nc(CN2CCN(c3nc(-c4ccc(Oc5ccccc5)cc4)co3)CC2)cs1,17.832554500127006
CC1CCC(Nc2nc(-c3ccccc3)nc(-c3ccc(Cn4cncn4)s3)n2)CC1,17.832554500127006
Nc1cccc(CN2CCN(c3nc(-c4ccc(Oc5ccco5)cc4)cs3)CC2)n1,17.832554500127006
Nc1ccc(-c2nc3scc(-c4ccc(F)cc4)c3n2CCc2cn(C=O)nn2)cc1,17.86057109949175
CCSc1nc2nc(-c3ccc(C(F)(F)F)cc3)nc(NCc3ccccc3)n2n1,17.86057109949175
CC(C)(C)c1cc(-c2ncn(CCCc3ccccc3)c(=O)n2)n(-c2cccc(O)c2)n1,17.86057109949175
O=C(O)Cn1ccc2cc(-c3nc(OCc4ccc(OC(F)(F)F)cc4)cs3)cnc21,17.88854381999832
Cn1cnc(-c2cc(C3CCC3)nn2-c2ccc(Oc3ccc(C(=O)O)cc3)c(F)c2)c1,17.88854381999832
COC(=O)c1ccc(-c2sc(N3CCCCC3)nc2Oc2ccc(Cl)cc2)nc1,17.916472867168917
CC(C)Oc1ccc(-c2nsc(N3CCN(c4ccc(C(=O)O)cc4)CC3)n2)cc1,17.916472867168917
O=C(/C=C/c1ccc2c(c1)OCO2)CSc1nc(-c2ccccc2)cn1-c1ccncc1,17.916472867168917
COc1ccc(-c2ccc(-c3csc4c(N5CCOCC5)nc(N)nc34)c(C)c2)cc1,17.944358444926362
Nc1ccc(-n2cc(-c3snc(OCc4ccccc4)c3Oc3ccccc3)nn2)cc1,17.944358444926362
O=C(O)CC1CCN(Cc2ccc(Oc3ccc(-c4cccc5ncnn45)cc3)s2)CC1,17.97220075561143
COc1ccc(-c2nc(NC3CCN(c4nc(-c5ccccc5)cs4)CC3)no2)cc1,17.97220075561143
COc1ccc(-c2ccnc(NC3CCN(c4nc(-c5ccccc5)co4)CC3)n2)cc1,17.97220075561143
CC(C)(C)c1ccc(-c2nc(NCCOc3ccc4c(c3)OCO4)n(-c3ccco3)n2)cc1,17.97220075561143
COc1ccc(-c2nsc(-c3cc(-c4ccc(F)cc4)n(-c4ccc(O)cn4)n3)n2)cc1,17.97220075561143
COc1ccc(CNc2nc3c(c(N4CCCCC4)n2)Cc2cc(OC#N)ccc2-3)cc1,17.97220075561143
O=C(O)C1CCN(Cc2ccc(Oc3cc(-c4ccc5c(c4)OCO5)sn3)cc2)CC1,18.0
CNc1csc(/C=C/c2nc3cc(-c4ccnn4C)ccc3nc2-c2ccccc2)n1,18.0
Cn1cc(-c2nc(-c3ccc(OCc4ccccc4)c(OC(F)(F)F)c3)ns2)nn1,18.027756377319946
Cc1sc(N2CCN(Cc3ccc(Oc4ncccn4)cc3)CC2)nc1-c1ccccc1,18.027756377319946
CC(C)Oc1ccc(-c2cc3c(N4CCN(c5nccs5)CC4)ncnc3[nH]2)cc1,18.05547008526779
c1ccc(COc2ccc(Oc3nc(N4CCOCC4)sc3-c3c[nH]cn3)cc2)cc1,18.05547008526779
Cn1nnc2ccc(Cn3c(-c4ccccc4)nc4ccc(C(O)c5ccccc5)cc43)cc21,18.083141320025124
O=C(O)CC1CCN(Cc2ccc(-c3csc(-c4cccc5c4OCO5)n3)cc2)CC1,18.083141320025124
COCc1noc(NC2CCN(c3ccc(-c4nc5ccccc5s4)cc3)CC2)n1,18.083141320025124
Cc1sc2c(N3CCN(Cc4ccc(O)cc4)CC3)nc(C#N)nc2c1-c1ccccc1,18.083141320025124
COc1ccc(-c2csc3c(N4CCC(Nc5ncccn5)CC4)ncnc23)cc1C,18.110770276274835
N#Cc1nc(-c2ccc(Oc3ccccc3)cc2)c2cnn(CCN3CCCCC3)c2n1,18.110770276274835
O=C(O)c1ccc(CN2CCN(c3ccc(Oc4cccc(-c5cccs5)n4)cc3)CC2)o1,18.110770276274835
Cc1ccc(-c2nc(-c3ccc(OCC(=O)O)cc3)c3c(N4CCCC4)ncnn23)cc1,18.138357147217054
CC(C)(C)c1cccc(-c2cc(N3CCC(CCc4nncs4)CC3)nc(N)n2)c1,18.138357147217054
O=C(O)c1cc2nc(-c3ccc(OCc4ccccc4)cc3)nc(N3CCOCC3)c2s1,18.138357147217054
O=C(O)C1CCN(Cc2nc(-c3ccc4ncn(CCC5CCCC5)c4c3)cs2)CC1,18.138357147217054
CN1CCC(CCc2sc(-c3nc(N)c4ncsc4n3)cc2-c2ccccn2)CC1,18.138357147217054
Nc1cc(Oc2ccc(-c3csc(N4CCN(Cc5ccccc5)CC4)n3)o2)ccn1,18.16590212458495
Cn1c(OCc2ccc(C(F)(F)F)cc2)c(-c2cc(-c3ccncc3)ncn2)oc1=S,18.16590212458495
Nc1ccc(CN2CCN(c3nc(Oc4cccc(-c5ccccc5)c4)ns3)CC2)o1,18.16590212458495
On1nnc(-c2ccc(-n3cc(CSc4ccccc4)c(-c4ccccc4)n3)cc2)n1,18.193405398660254
COc1ccc(-c2csc3c(N4CCC(CC(=O)O)CC4)nc(-n4cccn4)cc23)cc1,18.193405398660254
CNc1ncnc(-c2nc(-c3ccc(OC)cc3)cn2-c2cccc3ccccc23)n1,18.193405398660254
O=C(O)CCn1nnc2c(-c3ccc(OCc4ccc5ccccc5n4)cc3)csc21,18.193405398660254
COc1ccc(-c2cc3c(N4CCC(Oc5cccc(N)n5)CC4)ncnc3s2)cc1,18.193405398660254
O=C(O)CC1CCN(Cc2nn3nc(-c4ccc(Oc5ccccc5)cc4)cc3s2)CC1,18.193405398660254
O=C(O)COc1cccc(-c2cn(CC3CCCCC3)c(-c3ccc4c(c3)OCO4)n2)c1,18.193405398660254
COc1ccc(-c2c(-c3ccc(OC(F)(F)F)cc3)nc(NC3CC3)n3ncnc23)cn1,18.2208671582886
CC(=O)Nc1nnc(SCc2nsc(-c3cccnc3C)c2C(F)(F)F)s1,18.2208671582886
COc1ccc(N2CCC(Nc3nc(-c4ccc(C#N)s4)nc4cnccc34)CC2)cc1,18.2208671582886
Cc1ccc(-c2cn3ncnc3nc2Oc2ccc(CN3CCC(C(=O)O)CC3)cc2)cc1,18.2208671582886
CNC(=O)Oc1ccc2sc3nnc(-c4cccc(-c5ccc(OC)c(C)c5)c4)n3c2c1,18.2208671582886
O=C(O)c1ccc(-n2ccc3c(OCc4nc(-c5ccccc5)cs4)ncnc32)cc1,18.2208671582886
COc1ccc(-c2nc3c(NC4CC4)ncnn3c2Cc2ccc(C(F)(F)F)cc2)cc1,18.2208671582886
COc1ccc(-c2cc(-c3ccc(Oc4ccc(O)cc4)nn3)c3c(n2)SCC3)cc1,18.2208671582886
c1ccc(COc2ccc(-c3nc(N4CCCCC4)sc3-c3nnn[nH]3)cc2)cc1,18.24828759089466
FC(F)(F)Oc1ccc(-c2nsc(-c3ccnc(OCc4nccs4)c3)n2)cc1,18.24828759089466
O=C(O)c1ccc(-c2cn(CC3COc4ccc(Oc5ccccc5)cc4S3)nn2)cc1,18.24828759089466
Nc1ncc(-c2csc(N3CCN(Cc4ccc(Oc5ccccc5)cc4)CC3)n2)o1,18.275666882497067
Cn1nc(SCc2ccccc2)nc1-c1ccc(-c2nc3c(s2)CCC3O)cc1C#N,18.275666882497067
Nc1nsc(-c2ccccc2-c2cccc(OCc3nnc(-c4ccccc4)s3)c2)n1,18.275666882497067
O=C(O)CC1CCN(Cc2cn3nc(-c4cccc(-c5ccccc5)n4)nc3s2)CC1,18.303005217723125
CCn1nc(-c2ccc(OC(F)(F)F)cc2)nc1Sc1ccc2c(c1)OCC(N)=N2,18.303005217723125
COc1ccc(-c2csc3c(N4CCC(CC(=O)O)CC4)nc(-c4ccncc4)n23)cc1,18.303005217723125
O=C(O)c1ccc(CCOc2cc(-c3ccc(Cl)s3)nc(N3CCCC3)n2)cc1,18.303005217723125
O=C(O)C1CCN(Cc2nc(-c3ccc(Oc4ccc(Cl)cc4)cc3)ns2)CC1,18.303005217723125
COc1ccc(-c2cn(-c3ccc(N4CCc5nc(N)sc5C4)cc3)cc2C#N)cc1,18.303005217723125
Cn1c(-c2cccc(-c3ccccc3)c2)nc2cc(CSc3nnc(CO)s3)cnc21,18.303005217723125
CN(C)c1ncnc(N/N=c2/c3ccccc3oc3ccc(-c4ccccc4F)cc23)n1,18.303005217723125
c1ccc(-c2ccc3c(c2)ncn3CCNc2ncnc3sc(-c4ccco4)nc23)cc1,18.33030277982336
COc1ccc(-c2cc(-c3cc4ncn(CC5CCCCC5)n4n3)sc2C(=O)O)cc1,18.33030277982336
O=C(O)CC1CCN(Cc2ccc(-c3nc(-c4ccc5c(c4)OCO5)ns3)cc2)CC1,18.33030277982336
COc1ccc(-c2ccc3ncn(Cc4ccc(-c5csnn5)c(C(=O)O)c4)c3c2)cc1,18.33030277982336
COc1ccc(-c2ccc(-c3ncnc4sc(CN5CCC(C(=O)O)C5)nc34)cc2)cc1,18.33030277982336
O=C(O)CC1CCN(c2ncnc(SCC3CCCCC3)c2-c2cccnc2)CC1,18.35755975068582
COc1ccc(-c2cc(N3CCOCC3)nc(Oc3ccc(C(=O)O)cc3)c2C2CC2)cc1,18.35755975068582
COc1ccc(-c2cc3c(ncn3CC(=O)O)nc2Sc2ccc3c(c2)CCO3)cc1,18.35755975068582
N#CCc1sc(N2CCN(CC(=O)O)CC2)nc1-c1ccc(Oc2ccccc2)cc1,18.35755975068582
COc1ccc(-c2nc(-c3ccc(CC(=O)O)cc3)c3sccn23)cc1OC(F)(F)F,18.35755975068582
COc1ccc(-c2cc3c(nc2Sc2ccccc2)-c2nn(CC(=O)O)cc2OC3)cc1,18.35755975068582
COc1ccc2c(c1)COc1c(-c3noc(CNCc4ccc(Cl)cc4)n3)nsc1-2,18.384776310850235
COc1ccc(-c2nsc(-c3cc4c(s3)CCC(F)(F)C4)n2)cc1OCC(=O)O,18.411952639521967
Nc1nnc(-c2ccc(Oc3cccc(CN4CCN(c5ccccc5)CC4)n3)cc2)s1,18.411952639521967
COc1ccc(-c2ccc(Oc3nc4c(s3)CN(CC(=O)O)CC4)c(Cl)c2)cc1,18.411952639521967
Cc1nc(SCC(=O)Nc2ccc3c(c2)OCO3)n(-c2ccco2)c1-c1ccccc1,18.411952639521967
Cc1nc(N2CCC(CNc3ncnc4scc(-c5ccccc5)c34)CC2)ncc1C#N,18.411952639521967
Nc1nc(N2CCC(c3ccccc3)CC2)cc(-n2ncnc2SCc2ccccc2)n1,18.411952639521967
COc1ccc(-c2cc(-c3nccc(C(C)=O)n3)c3n2OC[C@H](c2cccs2)N3)cc1,18.411952639521967
Cn1cc(-c2cc(Oc3ccccc3)ccc2C(=O)O)nc1/C=C\c1ccc2c(c1)OCO2,18.439088914585774
COc1ccc(-c2nc3n(n2)-c2cc(NC4CCCCC4)ccc2C(SC)C=C3)cc1,18.439088914585774
Cc1ccc(-c2nc3sc(-c4ccc(OCC(=O)O)nc4)c(-c4ccccc4)n3n2)cc1,18.439088914585774
Nc1ncnc2c1c(-c1ccc(Oc3cccs3)cc1)nn2CCN1CCCCC1,18.466185312619388
Nc1nc(-c2cc(-c3ccc(OCCN4CCCC4=O)cc3)cs2)nc2sccc12,18.49324200890693
C(=C/c1nc(-c2ccccc2)nn1-c1ccccc1)\c1ccc(OCc2nncs2)cc1,18.49324200890693
Cc1cc(CN2CCCCC2)nn1-c1nc(-c2ccc(Oc3cc[nH]n3)cc2)cs1,18.49324200890693
CCOc1ncnc2sc3c(c(-c4ccc(F)cc4)c(C)n3-c3ccc(O)cc3)c12,18.520259177452136
O=C(O)c1csc(-c2cc(Cl)nc(CN3CCC(COc4ccccc4)C3)c2)n1,18.520259177452136
Oc1ncccc1Oc1ccc(COc2ccc(-c3nc4cccnn4n3)cc2)cc1Cl,18.520259177452136
Cn1c(SCc2cn(-c3ccc(C(=O)O)cc3)nn2)c(-c2ccc(F)cc2)ccc1=O,18.547236990991408
O=C(O)C(Cn1cncn1)Oc1ccc(-c2csc(-c3cccc(Cl)c3)c2)cc1,18.547236990991408
NNc1ccc(-c2ccc(OCc3ccccc3)cc2)c(-c2cn(-c3ccccc3)nn2)n1,18.547236990991408
COc1ccc(-c2nc(-c3ccc(OC(F)(F)F)cc3)c3ccn(CC(=O)O)c3n2)cc1,18.547236990991408
O=C(O)CC1CCN(Cc2ccc(Oc3ccc(-c4cnc5c(n4)CO5)s3)cc2)CC1,18.547236990991408
CCCc1ccc2sc(-c3ccc4ncn(Cc5nnc(C)s5)c(=O)c4c3)cc2c1,18.547236990991408
O=C(O)COc1cccc(-c2nc(-c3ccc4c(c3)CN(c3ncccn3)C4)cs2)c1,18.57417562100671
O=c1onc(-c2ccc(OCc3ccccc3)c(OCc3ccc4c(c3)OCO4)c2)s1,18.57417562100671
O=C(O)c1cccc(-c2ncnc3sc(-c4ccc(OCCN5CCCC5)cc4)nc23)c1,18.57417562100671
CCn1cnc2scc(-c3ccc(Oc4c(-c5ccccc5)cnn4C)cc3)c2c1=O,18.57417562100671
Nc1csc(N2CCC(CCc3nnc(-c4ccccc4)nc3-c3ccccc3)CC2)n1,18.57417562100671
CNc1nc(=O)n(CCC2CCCCC2)c2scc(-c3ccc(-c4cncnn4)cc3)c12,18.601075237738275
Cn1c(-c2ccc(-n3nnnc3S)cc2)c(C#N)c2cc(OCC3CCCC3)ccc21,18.601075237738275
CN1CCC(Cn2cnc3c(O)nc(-c4ccc(Oc5cccc(F)c5)cc4)nc32)CC1,18.601075237738275
Cc1nc(CNc2ncnc3c2nc(-c2ccccc2)c(=O)n3CC2CCCCC2)cs1,18.601075237738275
CCc1sc2nc(-c3ccccc3)nn2c(=O)c1-c1ccc(Oc2cccnc2O)cc1,18.627936010197157
COc1cc(-c2nc(CNc3ccccc3-c3ccc4c(c3)OCCO4)cs2)ccn1,18.627936010197157
Cn1c(-c2ccc(OCc3ccc(F)cc3)cc2)c(-c2nccs2)c2c(N)ncnc21,18.627936010197157
COc1ccc(-c2nc(N3CCOCC3)sc2-c2ccc(-c3ncc(O)o3)cc2)cc1,18.627936010197157
COc1ccc(-c2nnc(-c3ccc(F)cc3)nc2Nc2ccnc(N3CCCC3)n2)cc1,18.627936010197157
COc1ccc(-c2csc(Oc3cccc(CN4CCC(C(=O)O)CC4)c3)n2)cc1,18.627936010197157
Cc1nnc(-n2c(-c3ccc(CN4CCC(CC(=O)O)CC4)cc3)nc3ccccc32)s1,18.627936010197157
CC1CN(c2ccc(Oc3ccc(-c4ccn(-c5ccc(O)cc5)n4)nc3)cc2)CCO1,18.627936010197157
Oc1nsc(N2CCC(Cc3ccc(Oc4nccnc4-c4ccccc4)cc3)CC2)n1,18.627936010197157
CC(C)Oc1ccc(-c2nc(N3CCC4(CCCC4)CC3)nc(N3CNC(=N)C3)n2)cc1,18.65475810617763
O=C(Cn1cnc2cc(-c3ccc(Oc4ccccc4)cc3)nn21)c1cc(F)ccc1O,18.65475810617763
N#Cc1ccc(-c2nc(-c3cccs3)cs2)cc1CN1CCC(CC(=O)O)CC1,18.65475810617763
CCOc1cccc(-c2cn(-c3ccc(C(=O)O)cc3)c(-c3ccc4c(c3)OCCO4)n2)c1,18.65475810617763
O=C(O)CC1CCN(Cc2nc3c(Oc4ccccc4)c(-c4ccccc4)nnc3s2)C1,18.65475810617763
CCOc1ccc(-c2nc3cc(-c4ccc(N5CCCCCC5)cc4)nn3nc2N)cc1,18.708286933869708
Nc1ccc(CN2CCN(c3nc(-c4ccc(Oc5ccccc5)cc4)cs3)CC2)o1,18.734993995195193
Cc1c(/C=C/C(=O)O)sn1C1CCN(c2nccc(Oc3ccc(Cl)cc3)n2)CC1,18.734993995195193
COc1ccc(-c2nc(N3CCCCC3)sc2-c2ccc3c(c2)OC(C(=O)O)CO3)cc1,18.76166303929372
O=C(O)c1ccc(-c2cc(-c3csc(N4CCN(Cc5ccccc5)CC4)n3)on2)cc1,18.76166303929372
O=C(O)CC1CCN(Cc2cc(C(F)F)c(-c3nc(-c4ccccc4)no3)s2)CC1,18.76166303929372
C=CCn1c(=O)c(-c2ccc(OC)cc2)cc2sc3ncnc(NC4CCCC4)c3c21,18.76166303929372
COc1ccc(-c2nc3sc4c(n3c2-c2ccccc2)CCCC4)cc1OCC(=O)O,18.788294228055936
CCOc1ccc(-c2nc(N3CCC(Oc4ccccc4)CC3)nc3scnc23)cc1,18.788294228055936
CN(C)c1ccc(-c2cc(-c3nn(CC4CCCCC4)c4ncnc(N)c34)cs2)cn1,18.788294228055936
C(=N/OCc1ccoc1)\c1ccccc1-c1nsc(N2CCN(c3ccccc3)CC2)n1,18.788294228055936
O=C(NCCn1ccnc1)Oc1ccc(-c2nc(-c3ccc4c(c3)OCO4)cs2)cc1,18.788294228055936
Cn1nc(-c2nc(NCC3CCCCC3)nc(N3CCCC3)n2)cc1-c1ccccc1,18.81488772222678
C#CCSc1cc(-c2nc(-c3cccs3)no2)ccc1CN1CCC(C(=O)O)CC1,18.841443681416774
Cc1ccc(-c2nc3c(C)cc(-c4nc(CN5CCC(O)CC5)cs4)cc3o2)s1,18.841443681416774
CC(C)(C)c1ncccc1-c1ccc(C2=Nn3c4nc(c3C=CC(OCCO)=C2)S4)cc1,18.841443681416774
COc1ccc(-c2cn3nc(-c4ccc(-c5ccc(O)n5C)cc4)c(C#N)c3s2)cc1,18.841443681416774
O=C(O)c1ccc(-c2nc(-c3ccc(OCCN4CCCCC4)c(Cl)c3)ns2)o1,18.841443681416774
COc1ccc(-c2cn3ncnc3c3ncn(CCc4cccc(C(=O)O)c4)c23)cc1,18.867962264113206
O=C(O)CC1CCN(c2nc(-c3ccccc3)n(Cc3cc4ccccc4s3)n2)CC1,18.867962264113206
O=C(O)COc1ccc(Oc2ccc(-c3nc4n(c3-c3ccccc3)COCC4)s2)cc1,18.867962264113206
Cc1nccc(/C=N/Nc2cc(-c3cccc(OC(=O)N4CCCC(C)C4)c3)cs2)n1,18.867962264113206
COc1ccc(-c2sc3ncnc(N4CC(c5ccc(C(=O)O)cc5)O4)c3c2C)cc1,18.894443627691185
c1cc2c(cc1CSc1nc(-c3ccc4nn[nH]c4c3)nn1CC1CCCCC1)OCO2,18.920887928424502
COc1ccc(-c2noc(-c3ccc(N4CCC(n5cnc(N)c5F)CC4)cc3)n2)cc1,18.920887928424502
Nc1ncnc(OCc2csc(-c3ccc(N4CCC4)cc3)c2-c2ccc(Cl)cn2)n1,18.920887928424502
c1ccc(-c2[nH]nnc2Oc2ccc(CSc3cn(-c4ccccc4)nn3)cc2)cc1,18.920887928424502
O=NNc1nc(-c2ccc(OCc3ccccc3)c(C(F)(F)F)c2)nc(N2CCCC2)n1,18.947295321496416
COc1ccc(-c2nc(NC3=NC=N3)nc(SCc3ccccc3)n2)cc1C(F)(F)F,18.947295321496416
Cc1cccc(N2CCC(Nc3ncnc4c3ncn4CC(=O)c3ccccc3)CC2)c1,18.947295321496416
CSc1nnc(-c2ccc(OCC(C)(C)C)nc2)c(-c2ccc3c(c2)CCC(O)C3)n1,18.947295321496416
Cn1ccc2cc(-c3nc(-c4ccccc4)nc(N4CCC(CC(=O)O)CC4)n3)sc21,18.947295321496416
Cn1c(-c2ccccc2)nc(CSc2nnnn2-c2ccccc2)c1-c1ccc(O)cc1,18.947295321496416
O=C(O)C[C@H]1CCCN(c2nc(-c3ccc(OCc4cccc(Cl)n4)cc3)ns2)C1,18.973665961010276
COc1ccc(-c2cc3c(N4CCC(C(=O)O)CC4)nc(-c4cccnc4)nc3s2)cc1,18.973665961010276
O=C(O)CC1CCN(c2ncnc3cc(COc4ccc(-c5ccccn5)cc4)sc23)C1,18.973665961010276
COc1ccc(-n2cc(-c3ccccc3)c3c(N)nc(N4CCC(C)CC4)nc32)cc1,19.026297590440446
Fc1ccc(COc2ncnc(N3CCC(Nc4ncco4)C3)c2-c2ccccc2)cc1,19.026297590440446
Cc1ccc(-c2nc(N)c3scc(-c4ccc(OCc5ccccc5)cc4)c(=O)n23)s1,19.026297590440446
COc1ccc(-c2nc(-c3cc(-c4ccccc4)c(N)s3)cc(N3CCOCC3)n2)cc1,19.026297590440446
COc1ccc(-c2nc(N3CCC(Oc4ccccc4)CC3)c3nc(N)sc3n2)cc1,19.05255888325765
Cc1ccc(-c2nn(CCN3CCCCC3)c3ncnc(Nc4ccccc4)c23)o1,19.05255888325765
N#Cc1c(NCCc2ccc3c(c2)OCO3)nc(-c2ccccc2)nc1N1CCCCC1,19.05255888325765
N#Cc1ccc(COc2ccc3nc(N)n(C4CCN(Cc5ccccc5)CC4)c3c2)s1,19.05255888325765
O=C(O)CCn1cc(-c2cccc(-c3sc(N4CCCC4)nc3-c3ccccc3)c2)nn1,19.05255888325765
CC(C)(C)Oc1ccc(-c2nc(-c3ccc4c(c3)CCN4CCSc3nnn[nH]3)co2)cc1,19.05255888325765
O=C(O)CC1CCN(Cc2ccc(-c3ncnc4scc(-c5ccco5)c34)cc2)CC1,19.078784028338912
Cc1ccc(CN2CCN(c3nc(-c4ccc(-c5ccc(C(=O)O)cc5)cc4)ns3)CC2)o1,19.078784028338912
COc1ccc(-c2nc(-c3ccc(C(=O)O)cc3)sc2C=C2CCC3(COC3)C2)cc1,19.078784028338912
Cc1nc(COc2ccc3c(c2)C(=O)C(O)C3)c(-c2ccc(Cn3ccnc3)cc2)s1,19.078784028338912
COc1ccc(-c2c(-c3ccc(-c4ccc(C(=O)O)cc4)s3)nn3nc(C)ccc23)cc1,19.1049731745428
COC(=O)c1ccc(-c2nc3c(NCCc4ccc5c(c4)OCC5)ncnc3s2)cc1,19.1049731745428
Cc1ccccc1-c1nc(N2CCN(Cc3ccc(Oc4ccccc4)cc3)CC2)no1,19.131126469708992
CC1(N)Oc2cc(-c3nnc(SCC(=O)c4ccc(C(F)(F)F)cc4)s3)ccc21,19.131126469708992
COc1ccc(-c2nc(-c3cnc(NC(=O)C(C)(C)C)s3)nc(N3CCCC3)n2)cc1,19.131126469708992
COc1ccc(-c2c(C)nc(N3CCC(C(=O)O)CC3)n2C2CCCCCCO2)cc1,19.157244060668017
CC(C)Oc1ccc(-c2cc3n(n2)Sc2ccc(Nc4ncccn4)cc2CC3)cc1,19.157244060668017
O=C(O)Cn1nnc(SCc2nc(-c3ccccc3)cs2)c1-c1ccc(Cl)cc1,19.157244060668017
O=C(CNc1nc(-c2ccccc2)nn1-c1cccc2sccc12)c1ccc(F)cc1,19.157244060668017
O=C(O)CCc1ccc2c(c1)sc1nc(SCC3CC3)c(-c3cccnc3)c(=O)n12,19.157244060668017
CCn1nc(-c2ccc3ccsc3c2)nc1-c1ccc(CN2CCC(C(=O)O)CC2)o1,19.183326093250876
COc1ccc(-c2nc3c4c(sn3n2)CN(Cc2ccc(C(=O)O)cc2)CC4)cc1,19.183326093250876
Cc1nc(-c2cccc(-c3ccn(C)c3)c2)c2sc(CN3CCC(C(=O)O)CC3)cc2n1,19.183326093250876
COc1ccc(-c2nnn3cc(-c4ccc(C(C)(C)C)cc4)c(C(=O)O)cc23)cc1OC,19.183326093250876
Cn1nc(-c2ccc(-c3ccsc3)cc2)n2cc(COc3cccc(C(=O)O)c3)nc12,19.209372712298546
C[C@H]1COCCN1c1nc(N)c2scc(-c3ccc(OCc4ccccc4)cc3)c2n1,19.235384061671343
CC(C#N)=C1CCN(CCOc2cccc(-c3nc4cc(Cl)ccc4nc3O)c2)CC1,19.235384061671343
COc1ccc(-c2csc3ncnc(NCC4CCN(c5ncccn5)CC4)c23)cc1,19.261360284258224
Cc1ncc(-c2nc(NCc3cccc(OC(F)(F)F)c3)nc(N3CCCCC3)n2)o1,19.261360284258224
Cc1csc(-c2nc(-c3ccc(CN4CCC(CC(=O)O)CC4)cc3)c3ncccn23)n1,19.261360284258224
COc1ccc(-c2c(-c3ccc4c(n3)CN4)nn3c2ncn3CCC2CCCCC2)cc1,19.261360284258224
CNc1ncnc2c1nc(-c1ccc(-c3ncc(C)s3)cc1)n2CC1CCCCC1,19.261360284258224
COc1ccc(-c2csc(-c3cc(-c4ccc5c(n4)CC(C(=O)O)C5)n(C)n3)n2)cc1,19.261360284258224
O=C(O)C1CCN(Cc2nnc(-c3ccc(Oc4ccc5ccccc5n4)cc3)s2)CC1,19.28730152198591
COc1ccc(-c2c(C(=O)O)ncn2Cc2ccc(-c3ccc4c(c3)OCO4)s2)cc1,19.28730152198591
CCOc1ccc(-c2noc(NC3CCN(c4ncccn4)CC3)n2)cc1C(F)(F)F,19.28730152198591
CC(C(=O)O)c1ccc(-c2csc3c(N4CCOCC4)nc(-c4ccco4)nc23)cc1,19.28730152198591
COc1ccc(-c2nc(N3CCCC3)sc2-c2cccc(-c3ncc(O)nn3)c2)cc1,19.28730152198591
O=C(COc1cc(-c2csc(-c3ccco3)n2)ccc1F)Nc1cnc2ccccn12,19.28730152198591
CC1(C)CC(CC(=O)O)CCN1c1ccc(-c2nc(-c3ccc4c(c3)OCCO4)no2)cc1,19.28730152198591
COc1ccc(-c2cnc(-c3ccc4c(c3)O[C@H]3CCN(C)[C@@H]3CO4)c(C(=O)O)c2)cc1,19.28730152198591
COc1ccc(-c2cc(-c3nnc(N4CCCC4)s3)oc2C(F)(F)F)cc1C(=O)O,19.28730152198591
O=C(O)CSc1cn(CC2CCC2)c2c(-c3ccccc3)nn(-c3ccccc3)c(=O)c12,19.28730152198591
CC1(N)CCc2cc(-n3nc(-c4ccccc4)nc3SCc3ccccc3)ccc2O1,19.339079605813716
Cc1ccc(-c2nc(NCc3ccc(OC(F)(F)F)cc3)nc(N3CCCCC3)n2)o1,19.339079605813716
[O-][n+]1ccc(-c2ccc(OCc3nc4ccccc4s3)c(F)c2)n1-c1cccc(O)c1,19.339079605813716
COc1ccc(-c2nc(-c3nc4ccccc4s3)nn2CC(=O)c2cccs2)cc1,19.339079605813716
Nc1cnc(Oc2ccc(-c3nc(N4CCOCC4)sc3CC3CCCC3)cc2)cn1,19.339079605813716
COc1cccc(-c2ccc3c(n2)-c2sc(CCn4cnc5c(N)ncnc54)cc2CC3)c1,19.339079605813716
O=C(O)CN[C@H]1CCCN(c2nccc(-c3ccccc3Oc3ccc(Cl)cc3)n2)C1,19.339079605813716
N#Cc1ccc(-c2cccc(-c3cnc4ccccn34)c2)nc1NCCN1CCCCC1,19.364916731037084
COc1ccc(N2CCN(c3nc(N)nc(-c4cccc(-c5ccccc5)c4)n3)CC2)cc1,19.364916731037084
CC1(Oc2ccc(Oc3nc(-c4ccccn4)ncc3-c3ccoc3)cc2F)CCNCC1,19.364916731037084
COc1ccc(-c2nc(N)nc3c2SC(=O)CN3Cc2ccc(-n3cccc3)cc2)cc1,19.364916731037084
O=C(O)C1CCN(CCn2nnc3cc(Oc4ccc(-c5ccccc5)nc4)ccc32)CC1,19.390719429665317
O=C(O)CC1CCN(Cc2nc(-c3ccc4c(c3)ncn4Cc3ccco3)cs2)CC1,19.390719429665317
COc1ccc(C(=O)Nc2cc(-c3ccc(-c4ccon4)cc3)nc(N3CCCC3)n2)s1,19.390719429665317
CC(C)Oc1ccc(-c2nc(-c3ccccc3)nc(N3CCc4sc(O)nc4C3)n2)cc1,19.390719429665317
Cn1cc(-c2nc3ccccc3s2)nc1-c1ccc(CN2CCC(CC(=O)O)CC2)cc1,19.390719429665317
CC(C)(C)Oc1ccc(-c2nc3c(N4CCC4)ncnc3n2CCC2CCCCC2)cc1,19.4164878389476
N#Cc1ccc(-c2noc(N3CCN(Cc4ccc(Oc5ccccc5)cc4)CC3)n2)cc1,19.4164878389476
Oc1ccc(-c2ccc(-c3csc(N4CCOCC4)n3)cc2)cc1OCc1ccon1,19.467922333931785
c1ccc(Oc2cccc(-c3cc(NCc4ccco4)nc(N4CCOCC4)n3)c2)cc1,19.467922333931785
Oc1nc2cc(OCCN3CCCCC3)ccc2nc1-c1ccc(-c2ncsn2)cc1,19.467922333931785
O=C(O)CSc1ncc(-c2ccc3c(c2)OCO3)cc1-c1cn(CC2CCCCC2)cn1,19.493588689617926
N#Cc1cc(-c2ccc(Sc3ccccc3)cc2)nc(N2CCC(CC(=O)O)CC2)n1,19.493588689617926
CCc1cn2c(-c3ccccc3)c(-c3ccc(OC4CCN(C(=O)O)C4)cc3)nc2s1,19.493588689617926
c1ccc(CN2CCC(Nc3nnnc(-c4cccc(Oc5ccccc5)c4)n3)CC2)cc1,19.493588689617926
Cn1cnc2c(c(-c3cccc(O)c3)nn2Cc2ccc(Oc3ccccc3)cc2)c1=O,19.493588689617926
COc1cc(-c2cccc3c2CN2OC[C@H](C(=O)O)N=C32)ccc1OCc1ccccc1,19.519221295943137
O=C(O)Cc1cnc(N2Cc3ccc(Oc4cccc(-c5cccnn5)c4)cc3C2)s1,19.519221295943137
c1ccc(Oc2ccc(-c3cc(N4CCC(COc5ncccn5)CC4)ncn3)cc2)cc1,19.519221295943137
Nc1ncnc2c1nc(-c1cccc(-c3cccn3C3COC3)c1)n2CC1CCCCC1,19.544820285692065
CS(=O)(=O)c1ccc(CCNc2ncnn3c(-c4ccccc4)c(-c4ccccc4)nc23)s1,19.570385790780925
CCCCc1nc2scc(-c3ccc(N4CCOCC4)cc3)c2n1C(=O)OC(C)(C)C,19.570385790780925
COc1ccc(-c2nnc(N3CCC(Nc4nccc(-c5ccccc5)n4)CC3)s2)cc1,19.595917942265423
COc1ccc(-c2nc3c(N4CCC(CC(=O)O)CC4)nc(-c4ccccc4)nc3s2)cc1,19.595917942265423
O=C(O)c1ccc(-c2nc(-c3cccs3)n(CCN3CCCCC3)c2-c2ccco2)nc1,19.595917942265423
N#Cc1c(-c2csc(N3CCCC3)n2)cc(-c2ccccc2)nc1NCCc1ccncn1,19.595917942265423
O=C(O)CC1CCN(c2ccc(-c3nc4ccc(OCc5ccccc5)cc4s3)nn2)C1,19.595917942265423
COc1ccc(-c2nc3c(N4CCC(CC(=O)O)CC4)nc(C(C)(C)C)nc3s2)cc1,19.595917942265423
O=C(O)c1cccc(-c2ccc(Oc3cc(N4CCC(C5CCO5)CC4)ncn3)cc2)c1,19.595917942265423
Cc1csc(-c2nc(-c3ccc(CN4CCC(C(=O)O)CC4C)o3)c3ccccn23)n1,19.595917942265423
O=C1CC(c2cccc(-c3nc(SCc4ccccc4)n(-c4ccccc4)n3)n2)CO1,19.621416870348583
COc1ccc(-c2nc3n(c2-c2ccccc2)Oc2ccc(OCC(=O)O)cc2S3)cc1,19.621416870348583
Nc1nc(-c2ccc3c(c2)OC(CCN2CCC2)c2ccccc2-3)nc(-c2cccs2)n1,19.6468827043885
COc1ccc(-c2csc3c(N4CCN(Cc5ccccc5)CC4)nc(N)nc23)cc1,19.6468827043885
COc1ccc(-c2csc3c(N4CCN(c5ccccc5)CC4)nc(N)nc23)cc1,19.6468827043885
O=C(O)C1CCN(c2nc(-c3ccccc3OCc3ccc(Cl)cn3)cs2)CC1,19.672315572906
O=C(O)c1ccc(-c2nnc(N3CC(OCc4ccco4)C(c4ccccc4)C3)s2)cc1,19.697715603592208
CCc1cn2c(-c3ccccc3)c(-c3ccccc3)c(/C=N/N3CCC(C(=O)O)=N3)c2s1,19.697715603592208
O=C(O)C1(c2ccc(CSc3nc(C4=CC=CS4=O)nn3-c3ccccc3)cc2)CC1,19.697715603592208
O=C(O)c1ccc(-c2ccc(-c3csc4c3nnn4CCN3CCCCC3)cc2)cc1,19.697715603592208
O=C(O)CCCCc1cn2c(=O)c(-c3cccs3)c(-c3ccc4c(c3)CCO4)nc2s1,19.697715603592208
Fc1ccc(-c2cn(CC3CCCCC3CNc3cccc(-n4nccn4)c3)nn2)cc1,19.697715603592208
CS(=O)(=O)c1ccc(-c2ccc(Sc3cc4ncn(CC(=O)O)c4s3)cc2)cc1,19.697715603592208
COc1ccc(-c2sc3ncnn3c2-c2ccc(C(=O)O)cc2)cc1OC(F)(F)F,19.697715603592208
COc1ccc(-c2sc3nc(C(=O)O)cn3c2-c2ccc(OC(F)(F)F)cc2)cn1,19.697715603592208
COc1c(CN2CCCCC2)sc2c(N)nc(-c3ccc(OC(F)(F)F)o3)nc12,19.72308292331602
COc1ccc(-c2ccc(-c3oc(N4CC(N)=N4)nc3SC=C3CCCCC3)cc2)cc1,19.72308292331602
O=C(O)CCCOc1ccc2c(c1)c1c(n2Cc2nccs2)-c2ccccc2OC1,19.72308292331602
O=C(O)c1ccc(-n2nc(-c3ccc4c(c3)OCO4)nc2SCc2ccccc2)cc1,19.72308292331602
COc1ccc(-c2csc(-c3cc(-c4ccc(N)cc4)cc(N4CCOCC4)n3)n2)cc1,19.748417658131498
Oc1ccc(-n2nnnc2Oc2ccc(C3CCN(CC4=CCCCC4)CC3)cc2)cc1,19.748417658131498
COc1ccc(-c2nc(N3CCCCC3)c3scc(C4CC(C(=O)O)C4)c3n2)cc1,19.77371993328519
COc1ccc(-c2csc(-c3nc(N)nc(N4CCN(c5ccccc5)CC4)n3)c2)cc1,19.77371993328519
O=C(O)CCc1sc(-c2c(-c3ccccc3)nc3n2COC3)cc1-c1ccccc1,19.77371993328519
O=C(Nc1ccccc1)Oc1ccc(-c2cc3ncn(CCN4CCCCC4)n3n2)cc1,19.77371993328519
Cc1nc2ccc(C(=O)O)cc2n2cc(-c3ccc(OCCN4CCCCC4)cc3)nc12,19.77371993328519
O=C(O)C1CCN(Cc2ccc(Oc3nc4sccn4c3-c3cccnc3)cc2)CC1,19.77371993328519
COc1csc(-c2cc3n(n2)-c2cc(OCc4ccc(C(=O)O)cc4)ccc2OC3)c1,19.79898987322333
COc1cccc(-c2nc(-c3cc4c(s3)CC(C(=O)O)N4C)nn2-c2ccccc2)c1,19.79898987322333
COc1ccc(-c2cn(C3CCOCC3Cl)c3sc4ncnc(N)c4c23)cc1OC,19.82422760159901
Nc1nnc(/C=C/c2nc(N3CCN(Cc4ccccc4)CC3)sc2-c2ccccc2)o1,19.849433241279208
Cc1ccc(-c2nc(N3CCN(Cc4ccc(C(=O)O)cc4)CC3)sc2C(=O)O)cc1,19.849433241279208
COc1ccc(-c2cccc(-c3nc(O)c4nc(CN5CCCCC5)sc4n3)c2)cn1,19.87460691435179
CCOC(=O)Oc1ccc(-c2ccc(/C=N/Nc3c4c(nc5c3OCO5)CCC4)cc2)cc1,19.87460691435179
COc1cccc(-c2nc3c(NC4CCCN(c5ccccn5)CC4)ncnc3n2C)c1,19.87460691435179
O=C(O)c1cccc(-c2c(-c3ccc(OCCN4CCCCC4)cc3)sc3ncnn23)c1,19.87460691435179
Cc1nc(SCC(=O)O)cnc1-c1ccc(-c2ncn(C)c2C#CC2CCCC2)cc1,19.87460691435179
CC(C)(C)n1nccc1-c1cccc(-c2csc(CN3CCC(CC(=O)O)CC3)n2)c1,19.8997487421324
CC(=O)OC1CCN(c2ncnc3c2nc(C)n3-c2ccc(-c3ccc(O)cc3)cc2)CC1,19.924858845171276
Nc1cnc(Oc2cccc(-c3csc(N4CCN(Cc5ccccc5)CC4)n3)c2)o1,19.949937343260004
N#CCCN1CCN(c2ccc(-c3cnc(N)c(Oc4ccc(Cl)cc4)n3)s2)CC1,19.949937343260004
CSc1nc(-c2cc(-c3ccccc3)cc3ncc(=N)oc23)nn1CCN1CCCCC1,19.949937343260004
Cc1ccc(CN2CCN(c3nc4c(C#N)nc(N)c(-c5ccccc5)c4s3)CC2)cc1,19.949937343260004
Nc1nccc(-n2nccc2-c2ccc(OCc3cccc(OC(F)(F)F)c3)cc2)n1,19.949937343260004
Nc1nc(-c2cccc(-c3cnn(CCN4CCC4)c3)c2)nc2sc3c(c12)CCCC3,19.949937343260004
CCOc1ccc2nc(-c3cc(-c4ccnc(N5CC(O)C5)c4)sc3C#N)sc2c1,19.974984355438178
COc1ccc(-c2cccc(-c3nc(N)cc(N4CCN(c5nccs5)CC4)n3)c2)cc1,19.974984355438178
COc1ccc(-c2cc(-c3ccc4c(c3)OCCCS4)nnc2SCC(=O)O)cc1,19.974984355438178
CSSc1nc(-c2ccc(OC(=O)NCc3ccccc3)cc2)n(C(=O)C(C)(C)C)n1,19.974984355438178
Oc1cc(-c2nc(SCc3ccccc3)n(-c3ccc4c(c3)OCO4)n2)ccc1F,19.974984355438178
COc1ccc(-c2ccc(-c3cn4c(cnc5sccc54)n3)cc2)cc1OCC(=O)O,20.0
CSc1nnn(C(=O)O)c1Cc1cc(-c2ccc(-c3cnccn3)cc2)cc2c1CCC2,20.0
O=C(O)c1cccc(-c2ccc3ncn(CCC4CCN(Cc5cscn5)CC4)c3c2)c1,20.0
O=C(NCCOc1ccccc1)Oc1ccc(-c2nc3sc4c(n3n2)CCCC4)cc1,20.0
COc1ccc(-c2cc(C(=O)O)nn2-c2ccc3c(ccn3C)c2)cc1OC(F)(F)F,20.024984394500787
CC(C)(C)C1CC(Oc2csc(-c3nc(N)nc(SCc4ccccc4)n3)c2)CCO1,20.049937655763422
c1ccc(-c2cc(-c3nc(OCC4CCCCN4)nc(-c4ccccc4)n3)sn2)cc1,20.049937655763422
C[C@H]1CN(c2ccc(Oc3ccccc3)c(N)n2)CCN1c1nc(-c2ccccc2)cs1,20.049937655763422
COc1cccc(-c2cc3c(NCC4CCN(c5ncccn5)CC4)ncnc3s2)c1,20.074859899884732
CC1(c2csc(NC(=O)CSc3nc4ccccc4c(=O)n3-c3ccccc3)n2)CC1,20.074859899884732
COc1ccc(-c2nc(C(=O)O)c(-c3ccc(C)cc3)n2C(C)(C)C)cc1N1CCOCC1,20.09975124224178
CC(C)(C)Oc1ccc(-c2nnc(NC3CCN(Cc4ccccc4)CC3)nc2C#N)cc1,20.09975124224178
CC1(C)CCN(c2ccc(Oc3nc(N4CCOCC4)sc3-c3ccno3)cc2)C1,20.09975124224178
COC(=O)CNc1nccc(-n2c(-c3cccs3)nc3ccc(-c4ccccc4)cc32)n1,20.09975124224178
[C-]#[N+]c1cccc(-c2c(C)oc3ncnc(NCCN4CCN(c5ccccc5)CC4)c23)n1,20.12461179749811
Cn1ccnc1SCc1cc(-c2cnn[nH]2)cc(-c2nc(-c3ccccc3)ns2)c1,20.149441679609886
CCCc1cn2nc(-c3ccc(-c4ccc(Cn5ncn(C)c5=N)cc4)cc3)nc2s1,20.149441679609886
Cc1ccc(-c2csc3ncnc(N4CCC(CCn5cnc(C(=O)O)c5)CC4)c23)cc1,20.174241001832016
O=C(O)CSc1nc(-c2ccccc2)c(-c2ccccc2)n1Cc1ccc2c(c1)OCO2,20.199009876724155
Cc1nc(NC2CCCC2)c(F)c(Oc2ccc(-n3nnc(-c4ccccc4)n3)cc2)n1,20.199009876724155
Cc1ccc(-c2cc(-c3ccc4c(c3)OCO4)nc(N3CCC(CC(=O)O)CC3)n2)s1,20.199009876724155
O=C(O)Cc1ccc2sc(-c3cc(-c4cccnc4)n(CCN4CCCC4)n3)nc2c1,20.199009876724155
COc1ccc(-c2csc(N3Cc4ccc(-c5ccnc(C(=O)O)n5)cc4C3)n2)cc1,20.223748416156685
O=C(O)CC1CCN(c2ncnc3c(-c4cccc(Oc5ccccc5)c4)csc23)O1,20.223748416156685
O=C(O)c1csc(Sc2ncn(CCc3ccccc3)c2-c2ccc(F)cc2)n1,20.223748416156685
CCOC(=O)N1CCC(Nc2nc(-c3ccc(OC(C)(C)C)c(OC)c3)cs2)CC1,20.223748416156685
O=C(O)c1nn2c(-c3ccccc3)c(-c3ccc(OCc4ccccc4)cc3)nc2s1,20.223748416156685
COc1ccc(-c2ccccc2-c2ncnc(N3CCC(Oc4ccccn4)CC3)n2)cc1,20.248456731316587
COc1ccc(-c2ccc(-c3cn(CC4CCCCC4)c4nc(N)nnc34)cc2)cc1,20.248456731316587
COc1ccc(-c2csc(N3CCC(C)(C(=O)O)CC3)n2)cc1OC(F)(F)F,20.273134932713294
O=C(O)CCCN1CC[C@H]2c3sc4ncc(-c5ccc(-n6nccn6)cc5)cc4c3[C@@H]2C1,20.273134932713294
COc1ccc(-c2ccnc3c2CSc2cc(CCn4cnc(C(=O)O)n4)ccc2-3)cc1,20.322401432901575
COc1ccc(-c2csc3c(N)nc(N4CCC(Cc5cccs5)C4)[n+]([O-])c23)cc1,20.346989949375804
COCC(=O)Nc1sc(-c2nc(N3CCCC3)c3sccc3n2)cc1-c1ccccc1,20.37154878746336
COc1cc(-n2cnc3c2nc(-c2ccccc2)c(=O)n3CC2CCCCC2)ccc1O,20.37154878746336
O=C(O)CC1CCCN1Cc1cn2nc(-c3ccc(Oc4ccccc4)nc3)cc2s1,20.37154878746336
O=C(O)c1cc(-c2ccc(-n3ncnc3SCc3ccccc3)cc2)n(-c2ccccc2)n1,20.396078054371138
Cc1cccc(-c2nnn(CC3CCC(NC4=N[C@H](c5ccccc5)CS4)CC3)n2)n1,20.396078054371138
COC(=O)c1ccc(CNc2ncnn3c(-c4ccccc4)c(-c4ccccc4)nc23)cc1,20.396078054371138
O=C(O)c1ccc(-c2nc(-c3ccc(OCc4ccccc4)cc3)n3c2CSCC3)nc1,20.396078054371138
COC(=O)CNc1cc(-c2sc(N3CCCC3)nc2Oc2ccc(Cl)cc2)ccn1,20.396078054371138
Cc1nnc(COc2ccc(-c3nc(-c4ccccc4)cs3)o2)c(C2CCNCC2)n1,20.46948949045872
COc1ccc(-c2nc(-c3ccc(C(=O)O)cc3)c3ccn(CC4CCOCC4)c3n2)cc1,20.46948949045872
CCSc1nnc(N2CCN(C(=O)Oc3cccc(N)c3-c3ccccc3)CC2)s1,20.46948949045872
O=C(O)c1nn(-c2ccccc2)c(-c2ccc(N3CCOCC3)cc2)c1Oc1ccccc1,20.493901531919196
O=C(O)C1(c2csc(SCc3nnn(-c4ccccc4)c3-c3ccccc3)n2)CC1,20.493901531919196
CC(C)Oc1ccc(-c2nc(N3CCC4(CC3)CCN(c3nccs3)C4)no2)cc1,20.493901531919196
O=C(O)CC1CCN(c2ncnc3c(-c4ccccc4)c(Cc4ccccc4)sc23)C1,20.493901531919196
COc1ccc(-c2cccc(-c3ncnc4c3cc(C(=O)O)n4CC3=NCCS3)c2)cc1,20.518284528683193
O=C(O)CSc1nnn(-c2ccc3c(c2)CCO3)c1-c1ccc(Oc2ccccc2)cc1,20.518284528683193
CNc1cc(-n2nc(Oc3ccccc3)c(-c3ccc(Cl)cc3)n2)nc2c1ncn2C,20.54263858417414
CCc1ccc(Sc2c(-c3ccc(-c4cscn4)cc3)nc3n2CCS3(=O)=O)cc1,20.54263858417414
COc1ccccc1-c1ccc(Oc2ccc(-c3nnn(C4CCNCC4)n3)cc2)cc1,20.566963801203133
O=C1CCCCC1Nc1ncnc2scc(-c3ccc(OCc4cccnc4)cc3)c12,20.566963801203133
COc1cccc(-c2cncc(-c3nc4c(s3)c(NC3CCCC3)nc(=O)n4C)c2)c1,20.566963801203133
Cc1ccc(-c2sc(N3CCC(C(=O)O)CC3)nc2COc2ccc3c(c2)CCC3)cc1,20.591260281974
O=C(O)CCc1sc(-c2ccc(N3CCCC3)nc2)nc1-c1ccc2c(c1)OCO2,20.591260281974
O=C(O)c1ccc(-c2nc(COc3ccc(-c4ccccc4N4CCO4)cc3)cs2)cc1,20.591260281974
Cn1ncc(-c2ccc(N3CCC(n4ccnc4)CC3)cc2)c1Oc1ccc(C(=O)O)cc1,20.591260281974
O=C(O)CSc1nc2ccccc2n1-c1ccc(-c2ccc(-n3cccn3)cc2)cc1,20.615528128088304
c1ccc(Oc2ccc(-c3nnn(CC4CCCCC4)n3)cc2-c2ccc(N3CC3)nn2)cc1,20.615528128088304
Nc1nc(-c2ccc(OCCN3CCCCC3)cc2)c2nc(-c3ccccn3)sc2n1,20.639767440550294
Cn1nc(N2CCCCC2)nc1-c1ccc(Oc2cnc(NCC(F)(F)F)cc2C#N)cc1,20.663978319771825
O=C(O)CSc1nc2cnc(OCc3ccc(Cl)cc3)cc2n1-c1ccccc1,20.663978319771825
Cc1ccc(-c2ccc(C#N)nc2Oc2ccc(CN3CCC(C(=O)O)CC3)s2)cc1,20.663978319771825
COc1ccc(-c2ccc(Oc3nc4ccnc(N5CCOCC5)c4s3)c(N)c2)cc1,20.663978319771825
CC(C)(C)Oc1ccc(-c2ccc(-c3nc4n(n3)CCCS4)c(OCC(=O)O)c2)cc1,20.688160865577203
Cc1ncc(-c2cnc3sc4c(c3c2)-c2cc(OC(C)(C)C(=O)O)ccc2OC4)n1C,20.688160865577203
COc1ccc(-c2csc3cc(-c4cccc(OC(=O)NC5CCCO5)c4)nn23)cc1,20.688160865577203
Cn1nncc1-c1c(Cl)cccc1-n1cc(-c2ccc(OCc3ccccc3)cc2)nn1,20.71231517720798
Cc1nc(N2CCC(CCn3ccnn3)CC2)c2scc(-c3ccc(O)cc3)c2c1C#N,20.73644135332772
Cc1nc2c(O)cc(-c3ccc(-n4nnnc4SCc4ccccc4)cc3)cc2s1,20.760539492026695
O=C(O)CSc1nc(-c2ccc(Cl)cc2)n(-c2ccc(OC(F)(F)F)cc2)n1,20.760539492026695
CCn1cnc2c(O)nc(-c3ccc(OC4CCN(c5ccccc5F)CC4)s3)nc21,20.760539492026695
COc1ccc(-c2cc3c(NCc4ccc(C#N)s4)ncnc3c(N3CCCC3)n2)cc1,20.784609690826528
O=C(O)Cc1ccc(OCC2CCN(c3nc(-c4ccc(Cl)o4)cs3)CC2)cc1,20.784609690826528
O=C(O)c1ccc(-c2ccc(CCCn3cnc4cc(-c5ccccn5)nn43)cc2)s1,20.784609690826528
COc1ccc(-c2cc(C(=O)Oc3ccccc3C(F)(F)F)nc(NC3=NCC3)n2)cc1,20.784609690826528
CCSc1nnc(-c2ccc(-c3ccccc3F)cc2)n1C/C=C1\SC(=O)NC1=O,20.784609690826528
O=C(O)COc1ccc2c(c1)sc1nc(-c3ccc(Oc4ccccc4)cc3F)nn12,20.784609690826528
COc1ccc(-c2cccc(C(=O)Oc3c(S)nc4cc(Cl)ccn4c3=O)n2)cc1,20.784609690826528
Cn1nnnc1Sc1ccccc1-c1ccc(OCc2ccc3ccccc3n2)cc1,20.808652046684813
Cc1ccc(Oc2c(-c3ccncc3)ncnc2N2CCC(Nc3ncccn3)CC2)cc1,20.85665361461421
COc1ccc(-c2csc3c(N4CCC(C(=O)O)CC4)nc4cccnc4c23)cc1OC,20.8806130178211
Cc1nn(C)c(Cl)c1Cn1nc(-c2cccc(OC(=O)NC3CCCCC3)c2)s1,20.8806130178211
COC(=O)C1CC(Nc2ncnc3scc(-c4ccc(Oc5ccccc5)cc4)c23)CO1,20.8806130178211
O=C(O)SSc1nn(CC2CCCCC2)c(-c2ccccc2)c1-c1ccccc1,20.8806130178211
CCSc1nn(-c2ccc(C(=O)O)nc2)c2cnc(-c3ccc(N4CCCC4)cc3)cc12,20.904544960366874
Nc1nc(SCc2ccc(-c3cccs3)o2)nc(N2CCC(c3ccccc3)C2)n1,20.904544960366874
Nc1nc(-c2nc(N3CC(COc4ccccc4)C3)ccc2Oc2ccccc2)ns1,20.92844953645635
Nn1nc(OCCSc2nc3ccccc3s2)nc1-c1ccc(C(F)(F)F)cc1,20.92844953645635
CCOc1ccc(-c2ncnc3c2n(C(=O)O)c(=S)n3CC2CCCCC2)cc1,20.952326839756964
CSc1nc2c(-c3ccc(Oc4ccccc4)cc3)nc(N3CCC[C@H](N)C3)nc2s1,20.952326839756964
Cc1ccc2cc(-c3ccc(-c4cn(CC5CCN(CC(=O)O)CC5)nn4)s3)cnc2c1,20.952326839756964
Nc1nccc(-c2csc(N3CCN(Cc4ccc(Oc5ccccc5)cc4)CC3)n2)n1,20.952326839756964
COc1ccc(-c2nc(-c3cncc(O)c3)c3ccc(CN4CCCCCC4)nn23)cc1,20.952326839756964
O=C(O)c1csc(CN2CCOCC(Oc3ccccc3Oc3ccccc3)CC2)n1,20.97617696340303
N#Cc1c(OCc2ccc3c(c2)OCO3)cccc1-c1ccsc1SCC(=O)O,21.0
O=C(O)c1ccc(-c2nc(-c3cccs3)n(CCOc3ccc(F)c(F)c3)n2)cc1,21.0
COC(=O)Cn1cc(-c2ccc(OC(C)(C)C)cc2)nc1NCc1ccc2c(c1)OCO2,21.0
CC(C)(C)OC(=O)n1nc(-c2ccc(Oc3ccccc3)cc2)nc1N1CCC[C@H]1CO,21.0
COC1CCN(c2ccc(-c3nc(N)nc(-c4ccc(OC(C)(C)C)cc4)n3)s2)CC1,21.047565179849187
Cc1ccc(Oc2nc(-c3ccc(Oc4ccccc4)cc3)nc(N3CCNCC3)n2)cn1,21.047565179849187
Nc1cc(N2CCCC2)nc(SCc2nc(-c3cccc(-c4ccccn4)c3)cs2)n1,21.047565179849187
COc1ccc(-c2nc(-c3ccc4ccsc4c3)nc(N3CCC(C(=O)O)CC3)n2)cc1,21.071307505705477
COc1cccc(-c2nnc3nc(N4CCC[C@@H]4CC(=O)O)sc3c2-c2ccccc2)c1,21.071307505705477
COc1ccc(-c2nc(-c3cc(F)cc(Cl)c3)c3c(SC)ncnn23)cc1C(=O)O,21.071307505705477
COc1ccc(-c2nc(SCC(=O)O)nnc2-c2ccc(C(F)(F)F)s2)cc1,21.095023109728988
Nc1nc(-c2ccc(OCc3csc(C(F)(F)F)n3)cc2)nc(N2CCCCC2)n1,21.118712081942874
c1cc2c(cc1CNc1nc(-c3ccc(OC4CC4)cc3)nc(N3CCCCC3)n1)OCO2,21.118712081942874
COc1ccc(-c2nc(NC3CCC4(CCO4)O3)nc(SCc3ccccc3)n2)cc1,21.118712081942874
CC(C)Oc1ccc(-c2c(-c3ccncc3)nc3c4c(sn23)CN(C(=O)O)CC4)cc1,21.166010488516726
O=C(O)OC1CCN(c2ncnc(SCc3ccccc3)c2-c2ccccc2)CC1,21.18962010041709
C[C@@H]1Cc2cc(OCc3nccs3)ccc2N1c1nc(C(=O)O)c(-c2ccccc2)o1,21.2602916254693
Cc1csc(-c2ccc(-c3nc4ccoc4n3CC3CCN(CC(=O)O)CC3)cc2)n1,21.2602916254693
Cn1c(-c2cccc(OC(=O)NC3CCCCC3)c2)nc2c(SCC3CC3)ncnc21,21.2602916254693
O=C(O)CCc1ncn(Cc2ccc3sc(-c4cccc(-c5ccccc5)c4)nc3c2)n1,21.2602916254693
CCOC(=O)Nc1nc(-c2ccc3ccn(C)c3c2)nc(N2CCc3ccccc3C2)n1,21.283796653792763
O=C(O)CSc1nc2ccc(OCc3ccc(Cl)cc3)cc2n1-c1ccncc1,21.330729007701542
COc1ccc(-c2cc(CSc3nnc4ccc(Cl)cn34)cc(C(=O)O)c2)cc1,21.330729007701542
CC(C)Oc1ccc(-c2nc3c4c(sn3n2)-c2ccc(C(=O)O)cc2OC4)cc1Cl,21.330729007701542
Nc1ccc(Cc2sc(N3CCOCC3)nc2-c2cccc(Oc3ccccc3)n2)cn1,21.330729007701542
Cc1csc(-c2cc(-c3cnn(CCC4CCCC(=O)CC4)c3)sc2C(=O)O)n1,21.354156504062622
O=C(O)Cn1cc(-c2ccc(Oc3ccccc3)c(N3CCOC3)c2)nc1-c1ccccc1,21.354156504062622
COc1ccc(-c2ccc3c(-c4nccc(C(=O)O)n4)c(N4CCOCC4)sc3c2)cc1,21.37755832643195
O=C(O)C[C@@H]1CCCN(c2nsc(-c3ccccc3Oc3ccc(Cl)cc3)n2)C1,21.42428528562855
c1ccc(COc2ccccc2-c2ncnc(N3CCC(Nc4ncccn4)CC3)n2)cc1,21.42428528562855
Cc1nc(N2CCCC2)ccc1Oc1ccc(-c2ccc3c(C4CC4)c(O)nn3n2)cc1,21.42428528562855
COc1ccc(-c2ncnc3sc4nc(N5CCCCCC5)cc(O)c4c23)cc1OC,21.447610589527216
O=C(O)CSc1nc(-c2ccc(Oc3ccc(F)c(F)c3)cc2)n(-c2ccccn2)n1,21.470910553583888
N#Cc1ccc(-c2nc3c4c(sc3n2-c2ccccc2)CN(CCCC(=O)O)CC4)cc1,21.470910553583888
Nc1nc(-c2ccccc2)cc(-c2csc(N3CCN(Cc4ccccc4)CC3)n2)n1,21.494185260204677
COc1ccc(-c2ccc(N3CCC(n4sc5ccccc5c4=O)C3)nc2C(=O)O)cc1,21.517434791350013
CC1(CN2CCC(Oc3ccc(-c4nc(O)c5ncsc5n4)cc3)CC2)CCCCO1,21.517434791350013
CCOC(=O)CCc1cc2c(N)nn3c(-c4ccccc4)c(-c4ccccc4)nc3c2s1,21.517434791350013
Oc1ccccc1Oc1ccc(-c2nc(-c3cccc(OCC(F)(F)F)n3)ns2)cn1,21.540659228538015
O=C(O)c1nc2nc(-c3cccc(OCc4ccccc4)c3)nc(N3CCCCC3)c2s1,21.540659228538015
O=C(O)c1nccc(CN2CCC(Oc3ccc(-c4nc5ccccc5s4)cc3)CC2)n1,21.563858652847824
O=C(O)c1ccc(-n2c(SCc3ccccc3)nc3c(N4CCCC4)ncnc32)cc1,21.563858652847824
CC(Oc1ccc(-c2nc(O)c3ncsc3n2)cc1C(F)(F)F)C(=O)OC(C)(C)C,21.563858652847824
CC(C)(C)Oc1ccc(-c2nc(-c3ccc(OCC(=O)O)c(Br)c3)ns2)o1,21.61018278497431
Cc1ccc(-c2c(C)sc3c(N4CCC(Oc5cccc(C(=O)O)n5)C4)ncnc23)cc1,21.633307652783937
Cn1c(N2CCC[C@H](CC(=O)O)C2=O)nc(C2CC2)c1-c1cccc(-c2ccsc2)c1,21.633307652783937
COc1ccc(-c2ccc(CN3CCC(c4nc5cnc(N)nc5s4)CC3)cc2)cc1,21.6794833886788
COc1ccc(Oc2cc(-c3ccc(C(C)(C)C)s3)nc(N3CCC[C@@H](N)C3)n2)cc1,21.6794833886788
O=C(O)CSc1nc2ccccc2c(=O)n1-c1ccc(Oc2ccc(F)cc2)cc1,21.72556098240043
COc1ccc(-c2nc(NC3CCCOC3=O)c3c4c(sc3n2)CC(OC)CC4)cc1,21.72556098240043
Cn1nc(-c2ccc(CN3CCCCC3)cc2)c2sc(-c3ccc(C(=O)O)cc3)nc21,21.72556098240043
O=C(O)CCc1ncn(Cc2ccc(-c3cc4c(s3)-c3ccccc3OCC4)s2)n1,21.72556098240043
COC[C@@H]1CCCN1c1nc(Nc2ccc(C(F)(F)F)cc2)nc(-c2ccco2)n1,21.79449471770337
O=C(O)c1ccc2sc(Cn3cnc4ccc(OCCN5CCCCC5)cc43)nc2c1,21.79449471770337
O=C(O)C1CCN(c2nc(-c3nccs3)oc2-c2ccc(OCc3ccccc3)cc2)CC1,21.79449471770337
Clc1ccc(OCCn2c(NC3CCCCC3)nnc2-c2ccc3c(c2)OCO3)nc1,21.79449471770337
O=C(O)c1ccc(OC[C@@H]2CCCN2c2nsc(-c3cccc4ccccc34)n2)cc1,21.817424229271428
O=C(CSc1nnc(-c2ccccc2)c(O)n1)Oc1ccc(-c2ccccc2)cc1,21.840329667841555
O=C(O)CN1CCC(c2ccc(Oc3nc(-c4ccccn4)ccc3C3=CN=C3)cc2)CC1,21.840329667841555
Nc1nc(SCc2cc(-c3ccc(F)cc3)co2)nnc1SCc1ccccc1F,21.863211109075447
Fc1ccc(-c2oc(NC3CCCC3)nc2CSc2nnnn2-c2ccccc2)cc1,21.88606862823929
Nc1nc(Oc2cccc(-c3ccccc3)c2)nc(N2CCN(c3ccccc3)CC2)n1,21.88606862823929
Cc1nc2ccc(-c3nc(-c4ccc(C(=O)O)cc4)nn3CCN3CCCCC3)cc2s1,21.88606862823929
CC(C)(C)Oc1cccc(-c2nn3c(=O)n(CCCCC(=O)O)c4cccc-4c3s2)c1,21.908902300206645
O=C(O)Cc1ccc(OCc2nc3sc(-c4ccncc4)c(-c4ccccc4)n3n2)cc1,21.908902300206645
CCn1nc(-c2ccc3cc(C(=O)OC)ccc3c2)c2c(N3CCCCC3)nc(NC)nc21,21.908902300206645
O=C(O)CC1CCN(c2ncnc3scc(-c4ccc(Oc5ccccc5)cn4)c23)C1,21.908902300206645
COc1cc(-c2nsc(-c3ccc(OC(F)(F)F)cc3)n2)ccc1OC(=O)NC1CC1,21.93171219946131
COc1ccc(-c2cc(C(=O)O)nc(-c3cc(N4CCOCC4)c4ncsc4c3)c2)cc1,21.93171219946131
COc1nc2c(-c3ccccc3Oc3ccc(F)cc3)nc(N3CCC[C@H](N)C3)nc2s1,21.97726097583591
COc1ccc(-c2nn(C3CCCC3)c3ncnc(NCc4ccc5c(c4)OCO5)c23)cc1,22.0
c1ccc(-c2ccc(Oc3ncccc3-c3nnnn3CC3CCCSS3)cc2)cc1,22.045407685048602
CCOc1ccc(-c2coc(N3CCN(C(=O)OC(C)(C)C)CC3)n2)cc1OC(C)(C)C,22.06807649071391
O=C(O)Cn1c(OCc2ccccc2)nc(-c2ccc3c(c2)OCO3)c1-c1cccs1,22.090722034374522
O=C(O)CCC1CCN(c2nnnc3c(-c4ccc(OC(F)F)cc4)csc23)CC1,22.090722034374522
CCOc1ccc(-c2ccc(N3CCN(c4ncccc4Cl)CC3)nc2C(=O)O)cc1,22.090722034374522
CC(C)(C)OC(=O)Oc1ccc(-c2ccc(C(=O)O)s2)cc1OCCN1CCCCC1,22.15851980616034
Cc1ccc(-c2nc(-c3cccs3)n(CC(=O)O)c2Sc2ccc(F)cc2)cc1,22.181073012818835
CCn1nc(-c2cccc(-c3cc4sccc4o3)c2)n(Cc2ccc(C(=O)O)cc2)c1=O,22.181073012818835
COc1ccc(-c2csc3nc(-c4ccc(CNC5CCC(=O)OC5)cc4)nn23)cc1,22.181073012818835
CC(C)(C)OC(=O)CNc1ccc(Oc2ccc(-c3ccnc(N4CCCC4)n3)cc2)cn1,22.181073012818835
Cc1cccc(SCc2nc(-c3ccc(Oc4ccc(Cl)cc4)cc3)n(N)n2)n1,22.20360331117452
O=C(O)c1ccc(-c2nc(SCc3ccc(F)cc3)n(-c3ccccc3F)n2)cc1,22.293496809607955
COc1ccc(-c2ccc(N3CCN(c4cccc(C(C)(C)C)n4)CC3)nc2C(=O)O)cc1,22.293496809607955
COc1ccc(-c2c(SCc3cccn3C(=O)O)nc3n2OCc2ccccc2-3)cc1,22.360679774997898
Cc1ccc(-c2c(-c3ccc(C(=O)O)cc3)nn3c2ncn3CCN2CCCCC2)cc1,22.360679774997898
COC(=O)N1CCCC(CCNc2ncnn3c(-c4ccccc4)c(-c4ccccc4)nc23)C1,22.360679774997898
N#Cc1ccc(C2CCN(CCOc3ccc4nc(-c5ccncc5)sc4n3)CC2)cc1,22.47220505424423
CC(C)(C)c1nc(-c2ccc(CCC(=O)O)cc2)nc(N2CCN(c3ccccc3)CC2)n1,22.538855339169288
CCn1cnc2c(-c3ccc4nc(SC)ccc4c3)nc(NC3CCCCC3)n2c1=O,22.58317958127243
N#Cc1ccccc1-c1ccc(-c2nc(O)c3ncn(CCN4CCCCC4)c3n2)cc1,22.67156809750927
c1ccc(CN2CCC(CNc3nc(-c4ccccn4)nc(-c4nccs4)n3)CC2)cc1,22.693611435820433
O=C1OC(c2cccc(Oc3ccccc3)c2)CN1c1nc(-c2cccc(O)c2)ns1,22.737634001804146
COc1cccc(NCC2=NOC3(CCN(c4nc(-c5ccccc5F)co4)CC3)C2)n1,22.781571499789035
COc1ccc(-c2ccc(-c3c(C(=O)O)n(CC4CCCCC4)c4ncnn34)cc2)cc1,22.80350850198276
C#Cc1ccc(OC)c(OC(=O)N2CCC(Nc3nc(-c4cccs4)ns3)CC2)c1,22.825424421026653
COc1cc(OC(=O)N2CCN(c3nc(-c4ccc(C)cc4)cs3)CC2)ccc1O,22.825424421026653
COc1ccc(-c2nc(Cl)n(CC(=O)O)c2Sc2nc3c(s2)CCCC3)cc1,22.956480566497994
COc1ccc(-c2nc(NC3CCCC3)nc(-c3ccc(OC(F)(F)F)cn3)n2)cc1,22.978250586152114
Nc1nc(Oc2ccc(-c3ccccc3)cc2F)c2cnn(CCN3CCCCC3)c2n1,23.0
Cc1ccc(Oc2nc(N)nc(N3CCCC(CN4Cc5ccccc5C4)CC3)n2)cc1,23.021728866442675
Nc1nc(-c2cccc(Oc3ccccc3)c2)nc(N2CCN(Cc3ccccc3)CC2)n1,23.043437243605826
Nc1nc(-c2ccc(Oc3ccccc3)s2)nc(N2CCN(Cc3ccccc3)CC2)n1,23.043437243605826
COc1sc(-c2nc(N)nc(N3CCN(c4ccccc4)CC3)n2)cc1-c1ccccc1,23.043437243605826
Nc1nc(-c2cccc(Oc3cccs3)c2)nc(N2CCN(Cc3ccccc3)CC2)n1,23.043437243605826
CC(C)(C)N1CCC(CCCc2nnc3nc(-c4ccc(C(=O)O)cc4)sc3n2)CC1,23.15167380558045
COc1ccc(-c2cc(SCc3ccc4c(c3)OCC4)nc3cc(C(=O)O)nn23)cc1,23.173260452512935
CCOC(=O)Nc1nc(-c2ccc(C)s2)nc(N2CCC(c3ccccc3)CC2)n1,23.173260452512935
c1ccc(Oc2ccc(-c3cc(N4CCCC(c5nnco5)C4)nc(NC4CC4)n3)cc2)cc1,23.2379000772445
O=C(O)c1cccc(-n2nnnc2SCc2ccc(Oc3ccc(F)c(F)c3)cc2)c1,23.259406699226016
Cc1ccc(-c2nc(NC3(c4ccc([SH](=O)=O)cc4)CC3)nc(-c3cccs3)n2)s1,23.366642891095847
CC(C)Oc1ccc(-c2nc(N3CCN(C(=O)OC(C)(C)C)CC3)sc2N)cc1Cl,23.388031127053
COc1ccc(-c2c(SCc3cccc(Cl)c3)nc3ncnn3c2C(=O)O)cc1,23.40939982143925
COc1ccc(-c2nn3cc(-c4ccc(C(=O)O)cc4)nc3nc2SC)cc1C(C)(C)C,23.430749027719962
Cn1cc(-c2nc(N)c3c(n2)sc2ncn(CCN4CCCC4)c23)cc1-c1ccccc1,23.473389188611005
CC(C)Oc1ccc(-c2nc(-c3nccs3)nc(N3CCC4(CCCN4)CC3)n2)cc1,23.49468024894146
O=C(O)Cn1c(SC2CCN(c3cc(-c4ccccc4)on3)CC2)nc2ccccc21,23.49468024894146
O=C(O)COc1ccncc1-c1cccc(-c2nc(N3CCCCC3)c3ccsc3n2)c1,23.49468024894146
O=C(O)c1ccc(-c2nnc(CC3(c4ccccc4)CCCC3)n2-c2nccs2)cc1,23.515952032609693
Nc1nccc(-c2csc3ncnc(N4CCC(CCOc5ccccc5)CC4)c23)n1,23.53720459187964
CCC1CCN(c2ncnn3c(-c4ccccc4)nc(-c4ccc(C(=O)O)cc4)c23)CC1,23.558437978779494
CSc1nnccc1-c1nc(-c2cccc(OC(=O)NCC3CCCCC3)c2)ns1,23.558437978779494
O=C(O)Cn1c(SCc2cccc(Cl)c2)nnc1-c1cc(-c2ccccc2)sn1,23.558437978779494
O=C(O)c1nc(OCc2ccccc2C(F)(F)F)nc(-c2ccc(CC3CC3)s2)n1,23.558437978779494
Cc1ccc(-c2nc(SCc3ccc(Cl)c(Cl)c3)nc(=O)n2CC(=O)O)cc1,23.57965224510319
O=C(O)c1ccc(-c2ncnc3c2nc(-c2ccccc2)n3CCN2CCCCCC2)cc1,23.57965224510319
CC(=O)C1CCN(c2cc(-c3ccc(-c4ccccc4)cc3)nc(SCC(=O)O)n2)CC1,23.57965224510319
O=C(O)CN1CCC(Oc2nc(-c3ccc(Oc4ccccc4)cc3)c3ccsc3n2)CC1,23.600847442411894
Nc1nc(SCC(=O)N2CCCCC2)sc1-c1ccc(Oc2ccccc2)cc1,23.600847442411894
COc1ccc(-c2nc(-c3ccccc3OC(=O)N3CCC(C(=O)O)CC3)cs2)cc1,23.643180835073778
Cc1nc(Nc2ccc(Oc3cccc(-c4ccccc4)n3)cc2)nc(N2CCOCC2)n1,23.643180835073778
Nc1nc(-c2cccc(Oc3ccccc3)c2)nc(N2CCN(CC3CCCCC3)CC2)n1,23.706539182259394
On1nncc1-c1ccc(-c2nnn(CC3CCCCC3)c2Sc2ccccc2)cc1,23.706539182259394
Nc1ncnc2c1nc(SCc1ccc(F)cc1)n2-c1ccc(Oc2ccccc2)nc1,23.811761799581316
COc1ccc2c(n1)CC(CSCc1ccc(C(=O)O)s1)=C2C(=O)OC(C)(C)C,23.916521486202797
O=C1NCCn2nc(-c3cccs3)cc2[C@@H]1CCCCn1cnc(-c2ccccc2)n1,24.06241883103193
Cc1ccc(Oc2nc(-c3coc(N4CCC[C@H]4C(=O)O)n3)sc2C(F)(F)F)cc1,24.08318915758459
COc1ccc(-c2cc(NC3CCCCC3)n3nc(-c4ccc(OC=O)cn4)cc3n2)cc1,24.166091947189145
O=C(O)CSc1nc(SCC(F)(F)F)nc(-c2ccc(-c3ccccc3)cc2)n1,24.596747752497688
Cc1ccc(-c2nc3cc(COc4ccc(O)cc4)sc3n(C3CCCC3)c2=O)cn1,24.657656011875904
CSc1ccc(Cn2nc(-c3ccc(OC(=O)C(=O)O)cc3)nc2-c2ccccc2)cc1,24.657656011875904
COc1ccc(-c2nc(NC3CCC(=O)CC3)nc(SCC#Cc3ccccc3)n2)cc1,24.657656011875904
Nc1nc(CN2CCN(c3ccc(-c4ccccc4Oc4ccccc4)cc3)C2=O)ns1,24.71841418861655
Nc1nc(CN2CCN(c3ccccc3-c3ccc(Oc4ccccc4)cc3)C2=O)ns1,24.71841418861655
COc1ccc(-c2ncnc3c2n(-c2ccccc2N)c(=S)n3C2CCCC2)cc1OC,24.859605789312106
COC1CCOC2(CCN(c3cc(-c4ccc(Oc5ccccc5)cc4)nc(N)n3)CC2)C1,24.95996794869737
CCOc1ccc(-c2nc(N3CCC(NC(=O)OC(C)(C)C)C3)nnc2-c2ccccc2)cc1,25.03996805109783
OOc1cccc(-c2nc(NCc3ccc(C(F)(F)F)cc3)nc(N3CCCCC3)n2)n1,25.059928172283335
CC1(c2cc3c(N4CCC(Nc5cccc(Oc6ccccc6)n5)CC4)ncnn3n2)CC1,25.13961017995307
Nc1snc(-c2ccc(-c3ccc(F)nc3)cc2)c1COc1ncnn1C1CCCC1,25.25866188063018
Cn1cnc2c(NC3CCCCC(=O)C3)nc(-c3ccc(OCc4ccccc4)cc3)nc21,25.337718918639855
COC(=O)c1cn2c(NN=C3CCCC3)nc(-c3ccnc(-c4ccccc4)c3)c2s1,25.37715508089904
O=C(O)CN1C(=O)/C(=C/c2ccn(-c3ccc(Oc4ccccn4)cc3)c2)SC1=S,25.45584412271571
COc1ccc(-c2nc(SCC(=O)O)cc(-c3ccccc3)n2)c2c1OC1(CCO1)CC2,25.612496949731394
CCOc1cccc(-c2c(-c3ccc(C(=O)O)cc3)nc3ncn(C4CCCCC4)n23)c1,25.612496949731394
NC1=NN(c2cc(-c3ccc(OCc4ccccc4)cc3)c3ncn(C4CCCC4)c3n2)C1,25.80697580112788
COc1ccc(-c2nc(NCc3ccc4c(c3)OCO4)nc3c2ncn3C2CCCC2)cc1,25.84569596664017
O=C(O)CN1CCC(Oc2nc(-c3cccc(Oc4ccccc4)c3)c3ccsc3n2)CC1,25.865034312755125
O=C(O)c1cccc(-c2nnn(C3CC3)c2Sc2ccc(OC(F)(F)F)cc2)c1,25.92296279363144
CCCn1nc2cc(-c3ccc(OC(C)(C)C)cc3)nc(NC3CCCCC3)n2c1=O,26.0
COc1ccc(-c2nc(NC3CCCCC3)c3ncn(Cc4cccc(F)n4)c3n2)cc1,26.038433132583073
Cc1c(-c2nc(-c3cccc(OC(=O)NC4CC4)c3)ns2)sc2c1CCN(C)C2=O,26.095976701399778
N#Cc1c(-c2ccccc2OCc2ccccc2)nc(NC2CC2)nc1N1CCCCC1,26.115129714401192
Cc1cnc(-c2ccc3ocnc3c2)nc1CSc1cn(C)c(=O)n1C1CCCCC1,26.1725046566048
O=C(O)N1CCCC1CCCc1nn2c(-c3ccccc3)c(-c3ccccc3)nc2s1,26.1725046566048
O=C(O)c1nc(N2CCN(c3ccccn3)CC2)nc(-c2ccccc2)c1Oc1ccccc1,26.30589287593181
COc1oc(-c2ccc3ncnc(NC4CCCCCC4)c3c2)nc1CN1CCOCC1,26.38181191654584
Cc1sc2ncnc(N3CCC[C@@H]3CO)c2c1-c1cccc(OC(=O)OC(C)(C)C)c1,26.40075756488817
CCC1CCN(c2ncc(-c3cnc(C(=O)O)s3)c(Oc3ccc(Cl)cc3)n2)C1,26.457513110645905
O=C(Nc1cn2c(-c3ccoc3)nc(N3CCCCC3)c2s1)OCCOc1ccccc1,26.514147167125703
COc1ccc(-c2ccc(-c3cc4sc(C(=O)O)cc4n(C4CCCC4)c3=O)cn2)cc1,26.77685567799177
O=C(Oc1cc(-c2csc(NC3CC3)n2)ccc1OCc1ccccc1)N1CCCC1,27.055498516937366
CC(C)(C)Oc1ccc(-c2nc(NC3CCCCC3)nc(N3CCOC(C)(C)C3)n2)cc1,27.110883423451916
Cc1ncc(-c2cnc(NC3CCCCC3)nc2Oc2ccc(N3CCOCC3)cc2)o1,27.258026340878022
Nc1nc(-c2ccc(C3CCN(Cc4ccccc4)CC3)cc2)nc2c1ncn2C1CCC1,27.313000567495326
COC(=O)CSc1nc2nc(-c3ccccc3OC(=O)NC3CCCCC3)ccc2s1,27.313000567495326
CSc1nc(N2CCOCC2)ncc1-c1ccc(NC(=O)Oc2ccc(C)cc2)cc1,27.349588662354687
CNc1ncnc2c1nc(-c1ccc(-c3ccc(OC)cc3)cc1)c(=O)n2C1CCCC1,27.40437921208944
Cn1cc(-c2ccc(OCc3ccccc3)c(OC(=O)NC3CCCCC3)c2)n2ncnc12,27.622454633866266
CCc1nnnn1Cc1ccc(-c2csc3ncnc(NC4CCCCCC4)c23)cc1,27.622454633866266
COc1nc(-c2ccc(C3(C(=O)O)CCCC3C3CCCC3)s2)nc(N2CCCC2)n1,27.730849247724095
COc1ccc(-c2nc(NC3CCCCC3)n3ncnc3c2OC)cc1OC(F)(F)F,27.76688675382964
O=C(NC1CCCCC1)Oc1ccc2nnc(-c3ccc(CCN4CCCC4)nc3)nc2c1,27.83882181415011
N=C1CCC(Nc2ncnc3c2ncn3CCOc2ccc(-c3ccccc3)cc2)CC1,27.874719729532707
CCOc1ccc(-c2ncnc3c2c2c(n3C3CCCC3)C(=O)NC2)cc1OC(C)(C)C,27.910571473905726
COc1ccc(Oc2ccc(N3CCN(C(=O)Oc4ccc(C(=O)O)s4)CC3)cc2)cc1,27.982137159266443
O=C(NC1CCCCC1)Oc1cc(N2CCOC2)ccc1-c1nc(-c2ccccc2)no1,28.0
COc1ccc(-c2ccc(-c3cnc4c(NC5CCCCC5)nc(N5CC5)nn34)cc2)cc1,28.106938645110393
CC(C)(C)c1ccccc1OCCNc1nc(-n2cccc2)nc2c1nnn2C1CCCC1,28.26658805020514
CSSc1nc(-c2ccc(OC(=O)NC3CCCCC3)cc2)n(-c2ccccn2)n1,28.26658805020514
COc1cccc(-c2csc3c(N)nc4c(nnn4CCN4CCCCCCC4)c23)c1,28.30194339616981
N#Cc1cnc(COc2ccc3ncn(C4CCN(CC5(O)CCCC5)CC4)c3c2)s1,28.407745422683583
Nc1ncnc2c1nc(-c1ccc(-c3cccc(CN4CC4)c3)s1)n2C1CCCCC1,28.948229652260256
Nc1cccc(-c2nc(-c3cccc(Oc4ccc(N5CC5)nc4)c3)n(C3CCCCC3)n2)n1,29.154759474226502
COC(=O)c1nc2c(NC3CCCCC(F)(F)C3)nc(-c3cccc(OC)c3)nc2s1,29.32575659723036
COc1ccc(-c2csc3ncnc(NC4CCN(C(=O)OC5CCC5)CC4)c23)cc1,29.46183972531247
Nc1ncnc2c1nc(-c1cc(-c3ccccc3)n(CCN3CCC3)c1)n2C1CCCCC1,29.58039891549808
O=C(NC1CCCCC1)Oc1ccc(-c2nnnc(SCc3cccs3)n2)cc1,29.647934160747187
COC(=O)c1nc(N(C)C)n2cc(-c3ccc(OC(=O)NC4CCCCC4)cc3)sc12,30.18277654557314
O=C(O)CSc1nc(-c2ccccc2)nc2c1n(C1CCCC1)c(=O)n2-c1ccccc1,30.397368307141328
Oc1cnc(N2CCC2)nc1-c1c(-c2ccc(Oc3ccccc3)cc2)nnn1C1CCCC1,30.83828789021855
CN(C)c1cc(-c2nc(-c3cccc(OC(=O)NC4CCCCC4)c3)ns2)ccn1,30.983866769659336
COC(=O)CSc1nc2ccc(-c3cccc(OC(=O)NC4CCCCC4)c3)nc2s1,31.400636936215164
O=C1OCCN1c1nc(NC2CCCCC2)nc(-c2ccc(Oc3ccccc3)cc2)n1,31.480152477394387
FC(F)(F)Oc1ccc(-c2cc(CSc3ncncn3)nc(NC3CCCCC3)n2)cc1,31.71750305430741
c1ccc(COc2ccc(-c3nc(NC4CC4)nc4c3ncn4C3CCCC3)cc2)cc1,32.802438933713454
Cc1ccc(-c2nc3c(=O)c(NC4CCCCC4)ncnc3n2CCN2CCCCC2)o1,35.53871128783372
COc1ccc(-c2cc(-c3ccnc(NC4CCC4)n3)c3c(N4CCCC4)ncnn23)cc1,35.874782229304195
COC1CCN(c2nc(NC3CCCCC3)nc(-c3ccc(OC(C)(C)C)cc3)n2)CC1,37.1887079635741
COc1ccc(-c2nc(NC3CCCCC3)c3c(N4CCC(C)OC4)ncnc3n2)cc1,38.24918299781056
O=C(CSc1cc(-c2ccc(O)cc2)nc(N2CCCCC2)n1)OC1CCCCC1,39.20459156782532
Cc1nc(-c2ccccc2-c2cc(N3CCCC3)nc(NC3CCCCC3)n2)nn1C,39.42080668885405
c1ccc(COc2cccc(-c3nc(NC4CCCCC4)nc(N4CCCC4)n3)n2)cc1,43.80639222761902
COc1cc(CSc2nc(NC3CCCCC3)nc(N3CCCCC3)n2)ccc1C#N,50.38849074937649
