SMILES,cats_euclidean_dist
c1csc(COc2ccc(Nc3ncnc4nc(-c5cscn5)sc34)cc2)n1,9.1104335791443
CNc1nnc(-c2cn(-c3ccc4nc(-c5ccc(N6CCNC6)cc5)oc4c3)nn2)s1,9.486832980505138
Cn1ccc(-c2ccc(Cn3nnc4s/c(=N\Nc5cscn5)sc43)cc2)n1,10.0
Oc1cccc(-n2cc(COc3ccc(-c4nc5sc(=S)[nH]n5n4)s3)nn2)c1,10.488088481701515
Oc1ccc(-c2nc3nc(-c4ccc(OCCn5cncn5)cc4)c(=S)sn3n2)cc1,10.583005244258363
CN1CCN(c2csc(Nc3nc(-c4nc(-c5cccs5)no4)cs3)n2)CC1,10.723805294763608
COc1ccc(-n2c(=S)sc3nc(-c4ccc(O)cc4)nc(N4CCOC4)c32)cc1,10.723805294763608
c1csc(-c2nc3sc(Nc4ccc(OCCN5CCOCC5)cc4)nn3n2)c1,10.908712114635714
C#CCNCc1nc(C)sc1-c1nc2sc(Nc3ccc4ccccc4n3)nn2n1,11.0
COc1cccc(-n2cc(-c3nc(N)c4sc(=S)n(-c5cccs5)c4n3)nn2)c1,11.045361017187261
Oc1ccc(-c2nc3c(Nc4ccc(Cn5cnc6ccccc65)nc4)csn3n2)cn1,11.180339887498949
Oc1ccccc1CNc1nn2nc(-c3nnc(N4CCOCC4)s3)cc2s1,11.224972160321824
Cn1nc2nc(NCc3ccc(-n4nc(-c5cccs5)sc4=S)cc3)ncn2c1=O,11.269427669584644
COc1ccc(-c2nc3sc(Nc4nc(N5CCOCC5)co4)cc(=S)n3n2)cc1,11.313708498984761
Oc1ccc(-n2cc(-c3cc4sc(NCc5cccs5)nn4n3)nn2)nc1Cl,11.313708498984761
C/C(=N/Nc1csc(-n2nc(-c3ccc4c(c3)OCO4)sc2=O)n1)c1cccs1,11.61895003862225
Nc1nc(-n2ccc(-c3csc(=S)s3)n2)sc1C(=O)NCc1nccs1,11.661903789690601
COc1ccc(-c2cn3nc(-c4ccc(Cl)cc4)n(-c4nc(N)ns4)c3n2)cn1,11.704699910719626
COc1ccc(-n2cc(-c3nc(N)c4c(n3)sc(=S)n4C)nn2)cc1C(F)(F)F,11.74734012447073
C/C(=N\Nc1nn2nc(-c3ccsc3)nc2s1)c1ccc(N2CCOCC2)cc1,11.789826122551595
c1cc(Nc2nn3nc(-c4ccc5c(c4)OCCN5)cc3s2)ccc1Cn1cnnn1,11.916375287812984
Nc1csc(SCc2cn(-c3cnc(-c4nc5ccccc5s4)s3)nn2)n1,11.916375287812984
CCn1nc(-c2cc3nc(-c4ccc(N5CCOCC5)nc4)sc3nc2N)sc1=S,11.958260743101398
Nc1ccc(-c2nc3nc(N/N=C/c4ccc(N5CCOCC5)cc4)sn3n2)cc1,12.041594578792296
COc1ccc(/C(C#N)=N\Nc2cc(-c3ccc4nc(=S)sn4n3)cs2)cc1,12.288205727444508
Oc1ccc(-n2nc(-c3nnc(NCC(F)(F)F)s3)nc2-c2cscn2)cc1,12.36931687685298
O=C(O)c1ccc(Nc2nn3nc(-c4ccc(N5CCOCC5)cc4)cc3s2)nc1,12.449899597988733
COc1cccc(-n2cc(/C=C3\Sc4ncn(-c5ccc(O)cc5)c4S3)nn2)c1,12.449899597988733
CCn1nnc2c(=S)sc(Nc3ccc(-c4nnnn4-c4ccccc4)cc3)nc21,12.489995996796797
C/C(=N\Nc1nc2cnn(C)c2c2nc(-c3ccc(F)s3)nn12)c1ccc(O)cc1,12.529964086141668
O=C(O)c1cc(-c2nsc3c2nnn3Cc2ccc(-c3cscn3)cc2)cs1,12.529964086141668
Cn1cnc2sc(N/N=C\c3cn(-c4ccc(O)cc4)nc3-c3nccs3)nc21,12.529964086141668
COc1ccc(-c2nc3c(N)nc(-n4snc4-c4ccc(F)cc4)nc3s2)cc1,12.609520212918492
Cn1cc(-c2nc3cnc(Nc4ccc(OCc5nccs5)cc4)nc3s2)cn1,12.609520212918492
Cc1nc2ccc(-n3nc(C)c(-c4nn(-c5ccc(O)cc5)c(=S)s4)n3)cn2n1,12.609520212918492
Cc1ccc(-n2cc(-c3nc4sc(NNc5ccc(Cl)cc5)nn4n3)nn2)cc1,12.649110640673518
Cn1c(=S)sc2nc(-c3ccc(CNNc4nc5ccccc5s4)nc3)nn21,12.68857754044952
C=NNNc1nc(-c2cnc3nc(-c4ccc(Cn5cncn5)cc4)sn23)cs1,12.727922061357855
C/C(=N\Nc1cc(-c2ccc(O)cc2)ns1)c1cnn(-c2ccc3c(c2)OCCO3)n1,12.727922061357855
CSc1nn2c(=O)nc(-c3ccc(N/N=C(/C)c4ccc(F)cc4)s3)nc2s1,12.767145334803704
Cn1c(=S)sc2c(N)nc(-c3ccc(-c4ccnc(N5CCOCC5)n4)s3)nc21,12.767145334803704
C/C(=N\Nc1nc(=S)sc2nc(-c3ccc(O)c(F)c3)nn12)c1ccc(F)cc1,12.84523257866513
CN(CC(=O)O)c1nc(-c2ccc(O)cc2)nc2sc(=S)n(-c3cccs3)c12,12.884098726725126
O=C(O)c1ccc(CNc2nn3nc(-c4ncn(-c5ccccc5)n4)cc3s2)s1,12.884098726725126
Oc1ccc(-c2nnn(-c3ccc4sc(-c5cccc(N6CCOCC6)n5)nc4c3)n2)cc1,12.96148139681572
CCNc1nnc(-c2cc3c(ncn3-c3nc4ccc(OC)c(N)c4s3)s2)s1,12.96148139681572
Cc1nnnn1Cc1ccc(Nc2cc3nc(-c4cccc5c4NCS5)nn3cn2)cc1,13.0
C=CNc1nn2nc(COc3ccc(-c4ccc5nc(S)nn5n4)cc3)cc2s1,13.038404810405298
CNc1nc(Nc2ccc(-c3nn(C)c(=S)n3C)cc2)nc2c1ncn2-c1nccs1,13.038404810405298
Nc1nnn2nc(SSc3cn(-c4ccccc4)nc3-c3ccccc3)sc12,13.341664064126334
O=C(O)COc1ccc(Nc2ncnc3c2sc(=S)n3-c2ccnc(F)n2)cc1,13.341664064126334
C=NNNc1ccc(-c2nc3snc(-c4ccc(N5CCOCC5)cc4)c3s2)cn1,13.341664064126334
COc1ccc(-c2cn3nc(-c4ccns4)n(-c4ccc5c(c4)OCO5)c3n2)cc1O,13.379088160259652
S=c1nc(N/N=C/c2cnn(-c3ccccc3)c2)nc(-n2ccc(-c3ccco3)n2)s1,13.379088160259652
Oc1ccc(-c2nc3c(=S)sc(NCc4ccccc4-n4cnnn4)nn3n2)cc1,13.45362404707371
Fc1ccc(-c2csc(NCCNc3nsc4nc(-c5ccco5)nn34)n2)cc1,13.490737563232042
C/C(=N\Nc1nc2c(N3CCOCC3)cc(-c3cccs3)nn2n1)c1cccs1,13.527749258468683
CCn1nc(-c2nc3nc(C)ccc3s2)c2c(nnn2-c2ccc(O)cc2)c1=S,13.527749258468683
NCc1cn(Cc2ccc(Nc3nsn4nc(-c5cccs5)nc34)cc2)nn1,13.564659966250536
S=c1sc(NCCn2nccn2)nn1-c1ccc2nnn(-c3ccccc3)c2n1,13.564659966250536
C/C(=N\Nc1nn2nc(-c3ccsc3N)nc2s1)c1ccc(N2CCOCC2)cc1,13.601470508735444
COc1ccc(-c2nc3c(=S)sc(-c4c(N)sc5ncn(C)c45)nn3n2)cc1,13.638181696985855
C1=NN(c2nc(NCc3ccc(-c4cn(-c5cccs5)nn4)cc3)ns2)CCN1,13.638181696985855
C/C(=N\Nc1nnc(-c2cccc(O)c2)s1)c1ccc(-n2nnc(=S)s2)cc1,13.638181696985855
S=c1nc(Nc2ccc(OCc3ccsn3)cc2)c2sc(-n3ccnn3)nc2[nH]1,13.674794331177344
COc1ccc2ncc(-n3c(=S)sc4c(=O)n(-c5ccc(O)cc5)cnc43)nc2c1,13.674794331177344
C/C(=N\Nc1nc(=S)sn2nc(-c3ccco3)nc12)c1ccc(N2CCOCC2)cc1,13.711309200802088
CNc1nc(-n2cc(-c3nnc(N)s3)sc2=S)ncc1-c1ccc(F)nc1,13.74772708486752
N#Cc1cccc(-n2nc(NCCNc3nc4ccccc4s3)sc2=S)n1,13.74772708486752
N=c1occ(-c2nc3sc(Nc4ccc(OCCN5CCCC5)cc4)nn3n2)s1,13.74772708486752
CSc1ccc(CNc2nc3c(=S)sc(-c4ccc(=O)n(O)c4)nn3n2)cc1,13.784048752090222
Cc1csc(N2CCN(Nc3nnc(-c4nsc5cc(O)ccc45)s3)CC2)n1,13.784048752090222
C/C(=N\Nc1nc2c(nnn2-c2ccccc2)c(=S)n1-c1cccs1)c1nccs1,13.820274961085254
N#CCSc1nnn(-c2ccccc2)c1-c1nn(-c2ccc(O)cc2)c(=S)s1,13.820274961085254
c1ccc2oc(-c3nc4sc(Nc5ccc(OCCN6CCCC6)cc5)nn4n3)nc2c1,13.820274961085254
C/C(=N\Nc1nccc(-n2nc(-c3cccs3)s2)n1)c1ccc2c(c1)OCCO2,13.820274961085254
CN1CCNc2nc(-c3nc4ccc(OCc5nnc(N)s5)cc4s3)sc2C1,13.892443989449804
Sc1nnc(NCc2ccc(-c3nnnn3-c3ccc4c(c3)OCCO4)cc2)s1,13.892443989449804
Oc1cc(-n2nccn2)ccc1CNc1nn2nc(-c3ccccc3)nc2c(=S)s1,13.92838827718412
C/C(=N/Nc1nc2c(cnn2-c2ccc(O)cc2)s1)c1cnc(N2CCOCC2)s1,13.92838827718412
Oc1ccc(-c2nsc(NN3CCN(c4nc(-c5nccs5)cs4)C3)n2)cc1,13.92838827718412
C/C(=N\Nc1cc(-c2ccc3nc(=S)sn3n2)nn1-c1ccccc1)c1nccs1,13.96424004376894
C/C(=N\Nc1ncco1)c1ccc(-n2c(=S)sc3nc(N4CCOCC4)ncc32)cc1,14.0
c1csc(-c2nc3sc(Nc4ccc(OCCN5CCOCC5)cc4)nn3n2)n1,14.0
C/C(=N\Nc1nc(-n2nc(-c3ccc[nH]3)sc2=O)sc(=S)n1)c1cccs1,14.071247279470288
COc1ccc(Nc2nn3nc(-c4ccc(=N)sc4N4CCOCC4)nc3s2)cc1,14.071247279470288
Sc1nc(-c2cccs2)c2c(NCCN3CCOCC3)nn(-c3ncco3)c2n1,14.071247279470288
O=c1c2nc(-c3cnns3)sc2nc(NCCNc2nccs2)n1-c1ccccc1,14.071247279470288
Cn1nc(-c2ccccc2)nc1NCc1nnn(-c2ccc3c(=S)ssc3c2)n1,14.106735979665885
c1csc(-c2nc3nc(NCCNc4nc5ccccc5s4)c4c(n3n2)COC4)c1,14.177446878757825
Cn1c(-c2ccccc2)nc2cc(-n3cc(/C=N/Nc4nnc(S)s4)nn3)ccc21,14.212670403551895
O=C(O)COc1ccc(Nc2nn3nc(-c4ccc(F)cc4)nc3c(=S)s2)cc1,14.247806848775006
C/C(=N\Nc1cccc(-n2ccc(-c3ccc4nc(=S)sn4n3)n2)c1F)C(=O)O,14.247806848775006
Nc1nc(NCCN2CCOCC2)nc2c1sc(=S)n2-c1cc2ncccc2s1,14.317821063276353
c1cc2c(cc1CNc1nnc(-c3cc4sc(NC5CC5)nn4n3)s1)OCCO2,14.352700094407323
CNc1cc(NCc2ccc3c(c2)OCO3)nn2nc(-c3nc4ccccc4s3)nc12,14.352700094407323
NCCn1c(=S)sc2nc(-c3nn(-c4ccccc4)c(=S)s3)oc(=O)c21,14.38749456993816
C(=N/Nc1nc(-c2csnn2)n(-c2ccccc2)n1)\c1ccc(N2CCOCC2)cc1,14.422205101855956
Nc1nn(Cc2cccs2)c2nc(-c3ccc4sc5c(CO)csc5c4c3)nn12,14.422205101855956
Fc1ccc(CSc2nnc(-c3cc4sc(NC5CCNCC5)nn4n3)o2)cc1,14.45683229480096
C=NNNc1cc(-c2ccc(N3CCOCC3)cc2)nc(-n2cnc3cnsc32)n1,14.45683229480096
COc1ccc(-c2nc(NN)c3c(n2)sc2nc(-c4cc(Cl)cs4)nn23)cc1,14.52583904633395
C/C(=N\Nc1cn(-c2ccc(Cl)c3c2CCS3)nn1)c1ccc(-n2cnnn2)cc1,14.52583904633395
C/C(=N\Nc1nc2c(cnn2-c2ccccc2)c(=S)s1)c1nnn(-c2ccccc2)n1,14.560219778561036
Nc1ccc(-c2csc(N/N=C(\c3ccc4c(c3)OCO4)c3csnn3)n2)cc1,14.594519519326424
C/C(=N\Nc1cc(=S)n(C(=O)c2cccs2)c2cc(-c3cccs3)nn12)C(=O)O,14.628738838327793
CSc1nnc(-c2sc(=S)n(-c3ccccc3)c2NN=c2c(=O)[nH]c2=O)s1,14.66287829861518
C/C(=N\Nc1nnc(-c2cccs2)n1-c1cc2cc(N3CCOC3)ccc2s1)C(=O)O,14.66287829861518
Cc1ccc(-c2nc3sc(=S)nc(Nc4ccc(OCC(=O)O)cc4)n3n2)cc1,14.66287829861518
Cn1c(Nc2nc(-c3nnc(N)s3)cs2)nc2cccc(CN3CCCCC3)c21,14.66287829861518
CSc1ncc(-c2nc3cn(-c4ccc(O)cc4)nc3nc2N2CCOCC2)s1,14.696938456699069
CSOc1ccc(-n2cc(C3=CCSc4nnn(-c5ccc(O)cc5)c43)nn2)cc1,14.696938456699069
Nc1ccc(-c2nc3snc(-c4nnc(NCc5ccccc5)s4)n3n2)cc1,14.696938456699069
C/C(=N/Nc1csc(-n2sc3c(N)ncnc32)n1)c1ccc(N2CCOCC2)cc1,14.730919862656235
Fc1cnc(NCCNc2nc3sc(-c4nnnn4-c4ccccc4)cc3s2)nc1,14.7648230602334
O=C(O)CNCc1ccc(-c2nnc3c(n2)sc(=S)n3-c2cccs2)cc1,14.7648230602334
COc1ccc(-c2nc3sc(-c4cnc(NN5CCC5)sc4=S)nn3n2)cc1,14.798648586948742
Nc1coc(-c2nn3c(NCc4ccc(Cl)s4)nc(N4CCOCC4)c3s2)n1,14.798648586948742
O=C(O)C1CCN(CCNc2nc3nc(-c4ccc(O)cc4)nn3c(=S)s2)CC1,14.798648586948742
CCn1c(=S)c2nnn(-c3ccc(O)cc3)c2n(Cc2csc(C#N)n2)c1=S,14.798648586948742
C/C(=N\Nc1ncnc2nc(-c3cccs3)nn12)c1ccc(N2CCOCC2)cc1,14.832396974191326
S=c1oc(-c2nnc3nc(NCCNc4ccc5c(c4)CCO5)sc3n2)cs1,14.89966442575134
Cn1cc(-c2c(-c3ccc(CNc4nnc(S)s4)cc3)nn3cncnc23)cn1,14.89966442575134
COc1cc(F)cc(-c2cc3nc(NN=C4CCCS4)n(-c4nccs4)n3n2)c1,14.933184523068078
Cn1cc(CNc2nc(-c3ccc4c(c3)OCCO4)n(-c3nc4cccnc4s3)n2)cn1,14.966629547095765
S=c1nc2ccc(-c3nnc(NCCNc4ccc(Cl)cn4)s3)nn2s1,15.0
CNCc1ccc(-c2nnc3sc4nc(-c5ccc(C(=O)O)s5)ncc4n23)s1,15.033296378372908
Oc1ccc(-c2nc3c(Nc4ccc(CN5CCOCC5)cc4)nc(=S)sn3n2)cc1,15.033296378372908
CN1CCN(Cc2ccc(Nc3nnc(-c4cc5ncsc5s4)s3)nn2)CC1,15.0996688705415
C/C(=N/Nc1nc2c(ncn2C2CNC2)c2nc(-c3cccs3)nn12)c1cccs1,15.132745950421556
COc1nc(-c2ccc3sc(CN4CCNCC4)nc3c2)n(-c2nc(N)cs2)n1,15.132745950421556
CNc1cc(N2CCN(c3ncc(Cl)s3)CC2)nc2nc(-c3ccc(O)cc3)nn12,15.132745950421556
OC[C@@H]1CCS/C(=N/Nc2nc(-c3cncs3)nc3nc(-c4cccs4)cn23)C1,15.165750888103101
Nc1nc(-c2csc(Cn3nccn3)c2)nc2sn(-c3ccc(N4CCC4)cc3)c12,15.165750888103101
Oc1ccc(-n2ncc(SSc3nc4c(nnn4-c4ccccc4)s3)n2)cc1,15.231546211727817
COc1ccc(-c2nc3sc(=S)n(-c4ccc(/C=N/NC(N)=S)nc4)n3n2)cc1,15.231546211727817
CSSc1nnn(-c2ccc3nsnc3c2)c1-c1nc2ccc(O)cc2s1,15.231546211727817
Oc1ccc(-c2nn3nc(N/N=C4\CCCC4CN4CCOCC4)nc3s2)cc1,15.264337522473747
C(=N/Nc1nnc(Nc2ncnc3ccsc23)s1)\c1ccc(N2CCOCC2)cc1,15.264337522473747
C=NNNc1nc(-c2cccs2)nc2nnn(-c3ccc(N4CCOCC4)cc3)c12,15.264337522473747
C=NNNc1nnc(-c2nn(-c3ccc4c(c3)SCO4)c3ccc(OC)cc23)s1,15.264337522473747
CN1CCC(Oc2ccc(Nc3nn4nc(-c5ccc(O)cc5)cc4s3)nn2)CC1,15.297058540778355
c1ccc(-c2nc3c(Nc4ccnc(N5CCOCC5)n4)cc(-c4cccs4)nn3n2)cc1,15.362291495737216
COc1ccc(Nc2nc(N3CCOCC3)nc3c2sc(=S)n3-c2ncco2)cc1,15.362291495737216
FC(F)(F)Oc1ccc(C=NNc2nc(-c3cccs3)n(-c3nnsn3)n2)cc1,15.362291495737216
C=NNNc1nc(-c2ccn(-c3nnc(SC)n3-c3ccc(Cl)cc3)n2)cs1,15.394804318340652
c1csc(CNc2nn3nc(-c4nnc(NC5CCOCC5)s4)cc3s2)c1,15.394804318340652
Oc1ccc(-c2nc3c(NC4CCN(c5nccs5)C4)cc(-c4nccs4)nn3n2)cc1,15.394804318340652
Cc1c(-c2nnc(N[C@H]3CCCNC3)o2)nc2n(-c3cccs3)c(-c3ccsc3)nn12,15.427248620541512
Cn1cnc2ncc(NCCNc3csc4nc(-c5ccc(Cl)s5)nn34)nc21,15.491933384829668
Clc1nc2c3nc(-c4cccs4)sc3nc(NCCNc3nccs3)n2n1,15.491933384829668
CNc1cc(-c2cn3nc(Cl)sc3n2)nc(Nc2ccc(-n3nccn3)cc2)n1,15.524174696260024
Oc1ccc(-c2nc3sc(=S)nc(NCCN4CCOCC4)n3n2)cc1,15.556349186104045
Oc1ccc(-c2nc3c(NCCN4CCOCC4)nc(=S)sn3n2)cc1,15.556349186104045
CCn1cnc2c(Nc3nn(-c4ccccc4)c(=S)s3)nc(N3CCOCC3)nc21,15.620499351813308
OCCNc1nn(-c2cccs2)cc1-c1nc2nnc(-c3cccs3)nc2s1,15.652475842498529
OC1CCN(Cc2ccnc(-c3nnc(Nc4nc(-c5cccs5)cs4)s3)n2)C1,15.652475842498529
Cn1c(CNc2nc(-c3nnc(S)s3)nn2-c2ccccc2)nc2ccccc21,15.652475842498529
Oc1ccc(-c2nc3nc(Cl)nc(NC4CCN(c5nccs5)CC4)n3n2)cc1,15.652475842498529
Nc1nnc(Nc2ccc(-c3ccc(N4CCOC4)s3)cc2)c2nnn(-c3cccs3)c12,15.652475842498529
Oc1ccc(-c2nc3cc(-n4ccnc4)nc(NCc4ccc5c(c4)OCO5)n3n2)cc1,15.684387141358123
COc1ccc2c(c1)nnn2C(S)=NNc1nc(-c2cn3ccccc3n2)cs1,15.684387141358123
CNc1nc(Nc2ccc(N3CCOCC3)cc2)n2nc(-c3cn4ccnc4s3)cc2n1,15.684387141358123
CC(C)(C)NCCOc1ccc(-c2nc3nc(-c4ccc(O)cc4)nn3s2)nn1,15.684387141358123
C/C(=N\Nc1nnc(N)s1)c1ccc(-n2nc(N3CCOCC3)sc2=S)cc1,15.748015748023622
Cn1cc(Nc2csc3c2ncn3-c2nc(N)cc(N3CCCC3)n2)sc1=S,15.748015748023622
Cn1c(-c2ccco2)cc2cc(-c3csc(NN=C(S)n4cccn4)n3)nn2c1=O,15.7797338380595
CNc1nn2nc(-c3nc4sc(SC)nn4c3NC(=O)C(F)(F)F)cc2s1,15.811388300841896
C/C(=N\Nc1nc2nn(C)cc2c2nc(-c3ccc4c(c3)NCO4)nn12)c1cccs1,15.811388300841896
Fc1ccc2oc(-c3nc4sc(NCc5ccccc5SS)nn4n3)nc2n1,15.811388300841896
COc1ccc(Nc2nn3nc(-c4scc(O)c4N4CCOCC4)nc3s2)cc1,15.811388300841896
O=C(O)COc1ccc(Nc2nc3sc(=S)nc-3n(-c3ccc(F)cc3)n2)cc1,15.84297951775486
CCOC(=O)c1sc(-n2nc(-c3cc4ccsc4s3)c(=O)[nH]c2=S)nc1NC,15.84297951775486
Cc1nc(-c2cn(-c3cc(N/N=C4/CCCS4)nc(N4CCOCC4)n3)s2)co1,15.874507866387544
Cn1c(SCC(=O)NN)nnc1-c1nc2c(s1)sc(=S)n2-c1ccccc1,15.905973720586866
COc1ccc(-c2nc3sc(NN=C(S)n4cnc5cccnc54)cn3n2)cc1,15.937377450509228
Nc1nc(-c2ccsn2)nc2sc(-c3ccc(OCCn4nc[nH]c4=S)cc3)nc12,15.937377450509228
c1csc(-c2cc3nc(-c4ccc(OCCn5cnc6c5NCCN6)cc4)cnn3n2)n1,15.937377450509228
COc1ccc2nnn(C(S)=NNc3cc(-c4nn(C)c5ccccc45)cs3)c2n1,15.937377450509228
CCCn1c(=S)sc2c(-n3nnc(NN=C4CCCS4)n3)cc(Cl)nc21,15.968719422671311
C/C(=N\Nc1csc(-n2nnc(-c3ccc4c(c3)OCCS4)n2)n1)c1cccs1,16.0
CC(=NNNc1nc(-c2nc3ccccc3s2)ns1)c1ccc(N2CCOCC2)nc1,16.0312195418814
S=c1sc2c(NCCNc3ccc(Cl)cn3)ncnc2n1-c1ncns1,16.0312195418814
COC(=O)c1ccc(/C=N/Nc2ncnc3c2sc(=S)n3-c2cccnc2)s1,16.0312195418814
CNc1nc(N2CCO[C@@H](c3ccc(Cl)s3)C2)nc2nc(-c3ccc(O)cc3)nn12,16.0312195418814
CSc1nc2c(s1)N[C@H](C)C/C2=N\Nc1ncn2nc(-c3cccnc3)sc12,16.0312195418814
COc1ccc2c(c1)nc(-n1nccn1)n2C(S)=NNc1cc(-c2ccncc2)cs1,16.06237840420901
Cc1ccc(-c2ncn(-c3ccc(N/N=C4/CCc5nc(C)sc5S4)nn3)n2)cc1,16.09347693943108
O=C(O)/C(=N/Nc1csc2nc(-c3cccs3)nn12)C1=CCN2CCCCC2C1,16.15549442140351
Cn1cc(-c2sc(=O)n3nc(-c4csc(NNc5ccccc5)n4)ncc23)cn1,16.15549442140351
CNc1nn2nc(-c3nnc(N4CCCOCC4)s3)c(-c3ccc(O)cc3)c2s1,16.15549442140351
Oc1ccc(-n2cc(/C=N/Nc3nc4ccccc4s3)c(-c3nnsn3)n2)cc1,16.186414056238647
Nc1nnc(SSc2nn(-c3ccc(F)nc3)nc2-c2ccc(F)cc2)s1,16.217274740226856
Cn1nc2nncnc2c1-c1nnc(Nc2ccc(OSC(F)(F)F)cc2)s1,16.217274740226856
COc1ccc(-c2nc3sc(=S)n(-c4nc(N)nc(C)c4F)c(=S)n3n2)cc1,16.217274740226856
O=C(O)CSc1nnc2ccc3cc(-n4nc(-c5ccsc5)s4)ccc3c2n1,16.24807680927192
C/C(=N/Nc1nc(N2CCOCC2)c2sc(-c3ccsn3)nc2n1)c1cccs1,16.24807680927192
Nc1nc(Nc2ccc(CN3CCOCC3)s2)nc2sc(-c3nccs3)nc12,16.278820596099706
Oc1ccc2nc(-c3nn4nc(NCCN5CCOCC5)nc4s3)sc2c1,16.30950643030009
CN1CCc2sc(-c3nc4sc(NCc5ccc(C(=O)O)cc5)nn4n3)nc2C1,16.34013463836819
Nc1nc(Nc2ccc3c(c2)OCCO3)nc2c1ncn2-c1ccc(N2CCC2)s1,16.3707055437449
Oc1ccc(-c2nc3cc(-c4ccsc4)nn3n2-c2ncnc(NC3CC3)n2)cc1,16.401219466856727
Nc1cc(-n2nc(-c3cccs3)s2)nc(N/N=C/c2ccc(N3CCOCC3)cc2)n1,16.401219466856727
O=c1c2nc(-c3nccs3)sc2nc(NCCNc2ccncn2)n1-c1ccccc1,16.431676725154983
CNc1nc(Nc2ccc(OC(F)(F)F)cc2)n(-c2cnc3n2SCCS3)n1,16.431676725154983
S=c1sc(-c2nn3nnc(NCCN4CCCC4)c3s2)nn1-c1ccccc1,16.46207763315433
COc1ccc2c(c1)CCCC2=NNc1nc(-c2ccc3nc(SC)nn3n2)cs1,16.492422502470642
C/C(=N\Nc1nsc(N)n1)c1ccc(-n2nc(N3CCOCC3)sc2=S)cc1,16.492422502470642
Cc1sc(-n2c(-c3nc(NN)cs3)nc3ncnc(N4CCOCC4)c32)cc1F,16.522711641858304
C/C(=N\Nc1ncnc2nc(-c3ccc(O)cc3)nn12)c1ccc(N2CCOCC2)cc1,16.522711641858304
Clc1cnc(NCCNc2nsc3nc(-c4ccc5c(c4)OCCO5)nn23)s1,16.522711641858304
CNc1nn(-c2nc(NCc3ccc(F)cc3)nc(=S)s2)c2ncsc(=O)c12,16.55294535724685
COc1ccc(-c2nc(Nc3nn(-c4ccccc4)c(=S)s3)c3c(n2)C(O)=N3)cc1,16.55294535724685
Cn1cccc1-c1nc2c(nnn2-c2nc(CN/N=C3\CCCCS3)cs2)s1,16.583123951777
C/C(=N/Nc1nc(N2CCOCC2)cc2nc(-c3ccc(F)cc3)nn12)c1nccs1,16.61324772583615
Fc1ccc2sc(NCCNc3nc(-n4nccn4)nc4sccc34)nc2c1,16.64331697709324
Nc1nc(NCCN2CCOCC2)nc2nc(-c3nc4cc(F)ccc4s3)sc12,16.64331697709324
Cc1nsc(-c2csc(Nc3nc(N4CCNCC4)c(-c4cncnc4)s3)n2)n1,16.76305461424021
c1csc(NCCNc2nc3sc(-c4ccc5c(c4)OCC5)nc3c3ncnn23)n1,16.792855623746664
c1coc(-c2nc3c(NCCN4CCOCC4)nc(Nc4nccs4)nc3s2)c1,16.792855623746664
C/C(=N\Nc1nsc2nc(-c3ccc(O)cc3)nn12)C1=NCCN1c1ccccc1F,16.792855623746664
COc1ccc(Nc2nn3nc(-c4nc5[nH]c(N6CCOC6)nc5s4)cc3s2)cc1,16.822603841260722
C/C(=N/Nc1cc2scnc2c(-c2nnn(-c3ccccc3)n2)n1)c1ccccn1,16.852299546352718
C=NNNc1nc(-n2cc(-c3ccccc3)nn2)nc2sc3nc(Cl)n(C)c3c12,16.881943016134134
Oc1ccc(-n2nnnc(-c3nnc(NCc4cccs4)s3)c2=S)cc1Cl,16.881943016134134
C/C(=N/Nc1nnc(-c2nn(-c3ccccc3)c3ncnc(N)c23)s1)c1cccs1,16.881943016134134
COc1ccc(NC2=[SH][C@@H](C)C(=O)C(Nc3nc(-c4cccs4)ns3)=N2)cc1,16.911534525287763
c1ccc(-c2nc3c(nc(NCCNc4nc5ccccc5s4)n4nnnc34)s2)cc1,16.911534525287763
Fc1ccc(CNc2nc(NN3CCOCC3)nc(-n3cnc4ccccc43)n2)cc1,16.911534525287763
COc1ccc(Nc2nc(N3CCOCC3)c3sc(-c4csnn4)nn23)cc1Cl,16.941074346097416
c1ccc(-n2nc(N/N=C(/C3=NOCCO3)c3cccs3)c(-c3nccs3)n2)cc1,16.97056274847714
C(=N/Nc1nc(-n2ncnn2)c(Nc2ccccc2)s1)\c1ccc(N2CCOCC2)cc1,17.0
CNc1nc2sc(-c3cc(NN4CCCCC4)nc(-n4ccc(Cl)n4)c3)nn2n1,17.0
Oc1ccc(-n2nnnc2-c2cnc3sc(NCCN4CCCCC4)nc3c2)cc1,17.0
COc1ccc(NNc2nc3sc(-c4ccc5c(c4)OCO5)nn3c3ncnc2-3)cc1,17.0
COc1ccc2cnn(C(S)=NNc3nc(-c4cc5ccccn5n4)cs3)c2n1,17.029386365926403
c1ccc2c(NCCNc3nn4nc(-c5nncs5)nc4s3)c3c(nc2c1)CCCC3,17.029386365926403
c1ccc2sc(NCCNc3nc(-n4nnc5ccccc54)nc4scnc34)nc2c1,17.029386365926403
Cn1cccc1-c1nc2nc(NCc3ccc4c(=S)ssc4c3)nc(N)n2n1,17.204650534085253
CC(C)=NNNc1nc(-c2nc3cnn(-c4cccc(Cl)c4)c(=S)n3n2)cs1,17.233687939614086
Fc1ccc(-n2nc(-c3nnc(S)s3)nc2NCc2ccc3c(c2)OCO3)nc1,17.233687939614086
S=c1nc(NCCNc2cnc3ccccc3n2)n2nc(-c3cccs3)nc2s1,17.26267650163207
CSc1nn(C2CCNCC2)cc1-c1nc(N)c2nc(-c3cccs3)sc2n1,17.320508075688775
CC(C)(C)C(=O)Nc1nc(NCCc2ccc(-c3nnsn3)cc2)nc(=S)s1,17.320508075688775
S=c1sc(NCCNc2nc(Cl)nc3scnc23)nn1-c1ccccn1,17.349351572897472
C/C(=N\Nc1nsc(=S)n1-c1ccc(O)cc1)c1nnc(N2CCOCC2)s1,17.46424919657298
C/C(=N\Nc1ncc(-c2ccc3nc(S)nn3n2)s1)c1ccc(N2CCCC2)nc1,17.46424919657298
COc1ccc(-c2ccc3nnc(-c4ccc(O)cc4)n3n2)nc1NC1=NCCS1,17.46424919657298
c1csc(Nc2nc(NCCN3CCOCC3)n3nc(-c4cccs4)nc3n2)c1,17.4928556845359
O=C(O)c1nc(N/N=C/c2cnc3c(c2)sc(=S)n3C2CC2)nn1-c1ccccc1,17.52141546793523
CSc1nnc(Nc2nc(N3C=NN(C)CC3)nc3ccc(C(C)(C)C)cc23)s1,17.52141546793523
COc1ccnc(-c2nn3nc(NN=C4CCCS4)sc3c2-c2nccs2)c1,17.549928774784245
C/C(=N\Nc1nc(N2CCN(c3nccs3)CC2)c2scnc2n1)c1cccs1,17.549928774784245
COc1ccc(-c2nc3scc(-c4nnc(N[C@H]5CCNC5)s4)n3n2)nc1Cl,17.578395831246947
S=C(S)NCCOc1ccc(-c2nc(=S)n3nc(-c4ccco4)sc3n2)cn1,17.578395831246947
CCn1ncc2c(=S)n(C(=O)OC)c(-c3nn(-c4ccc(O)cc4)c(=S)s3)nc21,17.578395831246947
CC(C)(C)/C(CSc1nc2ccccc2s1)=N/Nc1cc(-n2ccnn2)nnn1,17.60681686165901
CNc1nc(NC2CCOCC2)c2nc(-c3nc(F)c(-n4cccn4)s3)sc2n1,17.60681686165901
O=C(O)c1ccc(CNc2nc(N3CCOCC3)nc3cc(-c4cccs4)nn23)cc1,17.635192088548397
Cn1cnnc1-c1nc2cnc(NCCNc3nc4ccc(Cl)cc4s3)nc2s1,17.69180601295413
c1csc(Nc2nc(N3CCOCC3)c(Nc3ccc(-n4nccn4)cc3)s2)n1,17.72004514666935
Fc1ccc(-c2nsc(NNc3sc(N4CCOCC4)nc3-c3ncco3)n2)cc1,17.72004514666935
c1ccc2sc(NCCNc3nnc4sc(-c5ccc6c(c5)OCO6)nn34)nc2c1,17.72004514666935
Cc1ccc(-n2nc(NNc3cnc4ccsc4n3)c(=O)n(-c3cccs3)c2=O)cc1,17.804493814764857
COc1ccc2c(cnn2C(S)=NNc2nc(-c3nc4ccccn4n3)cs2)c1,17.832554500127006
Cn1ccc(-c2nc3c(NCc4cccs4)nc(Nc4ccc5c(c4)OCO5)nn3n2)c1,17.832554500127006
COc1ccc(-c2nc3c(=S)sc(-c4ccnc(NN5CCOC5)c4)nn3n2)cc1,17.86057109949175
Oc1ccc(-c2nsc(Nc3ccnc(N4CCN(c5nccs5)CC4)n3)n2)cc1,17.916472867168917
c1csc(-c2ccc(CNc3nc(NN4CCOCC4)nc(-c4cncs4)n3)cc2)n1,17.916472867168917
COc1ccc(NNc2nn3nc(-c4nnc(C(F)(F)F)s4)nc3c(=S)s2)cc1,17.916472867168917
CN1CCC(=NNc2nc(-c3nccs3)cc3nc(-c4ccc(O)cc4)nn23)CC1,17.944358444926362
O=C(O)COc1ccc(Nc2nc(=S)n3c(=S)n2N=C(c2cccs2)N=C3)cc1,17.944358444926362
Nc1nc(Nc2ccc(CN3CCOCC3)cc2)c2nc(-c3csc(=S)s3)nn2n1,18.0
COc1ccc(-c2nc3nc(S)sc3s2)nc1NC(=O)c1cn(C(F)F)nn1,18.027756377319946
CN1CCc2c1nnn2-c1nc2c(N)nc(NCc3ccc(C(C)(C)C)s3)nc2s1,18.027756377319946
CNc1nc(N/N=C/c2ccc(N3CCOCC3)cc2)nc2nnn(-c3ccccc3)c12,18.027756377319946
Cn1c(NCC(=O)Nc2nc3nnc(-c4cccs4)nc3s2)csc1=S,18.05547008526779
Nc1nc(NCc2ccc(Cl)s2)nc2sc(-c3cn(C4CCS4)nn3)nc12,18.110770276274835
Oc1ccc(-c2nnn(-c3nc4sc(NCCN5CCCCC5)nc4s3)n2)cc1,18.138357147217054
Cn1c(S)nc2c1nc(NCc1ccc(Cl)cc1)n1nc(-c3nncs3)nc21,18.138357147217054
Cc1c(-n2nnc3c(Nc4cccs4)nc(S)nc32)nnn1-c1ccccc1F,18.16590212458495
CSc1nc2nc(-c3ccc(N4CCC4)cc3)nc(Nc3ccc4c(c3)OCO4)n2n1,18.16590212458495
Cn1cc(-c2nc3c(Nc4ccc(OCc5cccs5)nc4)nc(=S)[nH]n3n2)cn1,18.193405398660254
C/N=C1\Sc2c(nnn2-c2ccc(O)cc2)SC=C1c1cc(-n2cccn2)n(C)n1,18.2208671582886
C/C(=N/Nc1nsc(=S)c(-n2cnc3sc(N)nc32)n1)c1ccc(F)s1,18.24828759089466
c1ccc2sc(NCCNc3nc(-n4nccn4)ns3)nc2c1,18.24828759089466
c1csc(CNc2nc(NN3CCCOCC3)nc(-n3cnc4ccccc43)n2)c1,18.24828759089466
CNc1nc(N)c2nc(-c3cc4c(nnn4-c4ccccc4)c(=S)s3)n(C)c2n1,18.24828759089466
Fc1ccc(-c2nsc3nc(NCCNc4nc5scnc5s4)nnc23)cc1,18.275666882497067
Nc1nc(NCc2ccc(-c3nc4c(s3)SCC4)nc2)nc2sc(N3CC3)nc12,18.33030277982336
CSc1ccc(-c2nc(NC3CCNCC3)n3nc(-c4cccs4)nc3n2)o1,18.35755975068582
Clc1ccc(-c2nc3c(nc(NCCNc4ncccn4)n4ncnc34)s2)s1,18.35755975068582
COc1cc(-c2nc(NC3CCNCC3)n3nc(-c4cccs4)nc3n2)sc1F,18.35755975068582
COc1ccnc2sc(Nc3nc(N/N=C4/CCSC4)nn3-c3ccccc3)nc12,18.35755975068582
Nc1nsc(-n2nc(NCc3ccc(C(F)(F)F)cc3)nc2Nc2ccsc2)n1,18.384776310850235
CN1CCC(Nc2nc(-c3nnc4sc(-c5ccc(O)cc5)nn34)ns2)CC1,18.384776310850235
C=NNNc1nc(-c2cn3nc(C)cc(F)c3n2)nc2sc(-c3cccs3)nc12,18.384776310850235
Cc1nc(NCCn2nc3nc(-c4cscn4)sc3nc2=S)ncc1Cl,18.411952639521967
Cc1nsc(C2CSC(=S)N2NNc2nc(-c3ccc(O)cc3)cs2)n1,18.411952639521967
COc1ccc(-c2nc3nc(-n4cccn4)nc(N/N=C4/CC5CCC4C5)n3n2)cc1,18.439088914585774
COc1ccc(Nc2nc(N3CCOCC3)c3nc(-c4nccs4)sc3n2)cc1,18.439088914585774
CNc1cc(N)nc(-n2nnc3ccc(-c4csc(N5CCSCC5)c4)nc32)n1,18.439088914585774
CSc1nc2n(-c3cccc(O)c3)c(-c3cc4sc(NC5CC5)nn4n3)cn2n1,18.466185312619388
COc1ccc(Nc2nc(-c3nn4c(=N)nc(N5CCOCC5)nc4s3)cs2)cc1,18.466185312619388
CSc1nnc(-c2nnc(Nc3ccc(C(=O)NN4CCCC4)cc3)s2)s1,18.466185312619388
Oc1ccc(-c2nnn(-c3csc(N/N=C/c4ccc(N5CCOCC5)cc4)n3)n2)cc1,18.466185312619388
O=C(O)C1CCCC/C1=N\Nc1nnc2sc(-c3ccc(N4CCCC4)cc3)nn12,18.49324200890693
Cc1nn(NC(=O)/C(=N/Nc2nc(-c3ccccc3)ns2)c2cccs2)c(=O)s1,18.49324200890693
Oc1ccc(-c2nn(-c3ncnc(N/N=C\c4ccc(N5CCOCC5)cc4)n3)s2)cc1,18.57417562100671
Nc1nnc(SCc2nc(-c3ccc(=S)[nH]n3)n(-c3ccc(Cl)cc3)n2)s1,18.57417562100671
Cc1c(-c2csc(NN=C(S)n3nc4ccccc4n3)n2)nnn1-c1ccccc1,18.601075237738275
O=C(O)C1CCCC/C1=N\Nc1nc(N2CCOCC2)c2sc(-c3ccccc3)nn12,18.601075237738275
Cc1csc(-c2nn3nc(NCc4ccc(C(=O)O)cc4)nc3c(=S)s2)n1,18.627936010197157
Cc1noc2c1N(c1nc(Nc3ccc(CN4CCCCC4)cc3)s[n+]1[O-])CCN2,18.627936010197157
Nc1nc(Nc2ccc(OCCN3CCOCC3)cc2)n2nc(-c3cccs3)nc2n1,18.65475810617763
Nc1nc2sc(=S)n(-c3ccccc3)c2nc1-c1nnc(NCCN2CCC2)s1,18.65475810617763
c1ccc2sc(-c3cc(Nc4nncs4)nc(NCCN4CCOCC4)n3)nc2c1,18.681541692269406
Cc1nc(Nc2ccc(C(=O)N3CCOCC3)cc2)c2nc(-c3ccc(O)cc3)nn2n1,18.681541692269406
Oc1ccc(-c2nc3c(Nc4ccc(CN5CCOCC5)nc4)nc(=S)sn3n2)cc1,18.681541692269406
Clc1cnc(-c2nc3c(nc(NCCNc4ccccn4)n4ncnc34)s2)s1,18.681541692269406
Cc1sc2c(N3CCCCC3)nnc-2nc1-n1ccc(NN=C(S)n2cccc2)n1,18.681541692269406
Oc1ccc(-c2nc3c4nc(Cl)sc4nc(NCCN4CCOCC4)n3n2)cc1,18.681541692269406
Cn1cc(-c2nc(N)c3sc(=S)n(CCNc4nc5ccccc5s4)c3n2)nn1,18.681541692269406
C/C(=N\Nc1nc(-c2cn(-c3ccc(N4CCSCC4)cc3)nn2)cs1)C(=O)O,18.708286933869708
S=C(S)NCCOc1ccc(-c2nc(=S)n3nc(-c4ccncc4)oc3n2)cn1,18.81488772222678
c1ccc2sc(NCCNc3ncnc4sc(-c5cc6n(n5)COC6)nc34)nc2c1,18.81488772222678
COC(=O)c1cc(-n2nnc(-c3nnc(SS)s3)c2C(F)(F)F)ccc1O,18.81488772222678
COc1ccc(-c2nc3sc(-c4ncco4)nn3c(=S)c2NN2CCOCC2)cc1,18.867962264113206
COc1ccc(-c2nc3sc(-c4ccon4)nn3c(=S)c2NN2CCOCC2)cc1,18.867962264113206
Clc1nc2c3nc(-c4cscn4)sc3nc(NCCNc3ccccn3)n2n1,18.894443627691185
Oc1ccc(-c2nnc(N/N=C3/CCSC3)n2-c2ccnc(N3CCCC3)n2)cc1,18.894443627691185
Fc1ccc(CNc2nc(Nc3cccnc3)nc3nc(-c4ccns4)nn23)cc1,18.920887928424502
c1csc(-c2cc3nc(N4CCOCC4)nc(NCCNc4nccs4)n3n2)c1,18.920887928424502
C/C(=N\Nc1nc(N2CCC2)nc2nc(-c3ccc(Cl)s3)nn12)c1nccs1,18.947295321496416
C/C(=N/Nc1nc(N2CCOCC2)nc2nc(-c3ccc(F)cc3)nn12)c1cccs1,18.973665961010276
C/C(=N/Nc1nc(N2CCOCC2)nn2nc(-c3cccs3)nc12)c1cccs1,18.973665961010276
COc1ccc(Nc2nc(-c3nc4sc(N5CCOCC5)nc4s3)ns2)cc1,18.973665961010276
C/C(=N/Nc1nc(N2CCOCC2)nc2nc(-c3ccccc3)nn12)c1cccs1,18.973665961010276
C/C(=N/Nc1nc(N2CCOCC2)nc2nc(-c3cccs3)nn12)c1cccs1,18.973665961010276
Oc1ccc(-c2nnc(N3CCCC3)n2-c2ccc(N/N=C3\CCSC3)nn2)cc1,19.0
O=C(O)C1CN(Cc2ccc(-c3csc(NN=C4SCCS4)n3)s2)CO1,19.026297590440446
c1nc(-c2nc3cnc(Nc4ccc(OCCN5CCOCC5)cc4)nc3s2)ns1,19.05255888325765
CNCc1nc(-c2nc3c(=S)sc(N4CCCC4)nc3n2-c2ccccn2)ns1,19.078784028338912
COc1cccc(-c2nc3sc(Nc4ncnc(N5CCNCC5)n4)nc3s2)c1,19.1049731745428
FC(F)(F)Oc1ccc(CNc2nc(NN3CCOCC3)nc(-c3nccs3)n2)cc1,19.1049731745428
CNc1nc(NC2CCOCC2)nc2nc(-n3snc3-c3cccs3)sc12,19.1049731745428
CC1CCCN(c2nc3c(N)nc(-n4c(S)nnc4-c4ccsc4)nc3s2)C1,19.183326093250876
CN1CCN(c2csc(Nc3ccc(Oc4nc5ccccc5s4)nc3)n2)CC1N,19.209372712298546
CSc1ccc(-c2nc3c4ccsc4nc(N/N=C4/C(C)=NNCN4C)n3n2)cc1,19.209372712298546
Oc1ccc(-c2nnn(-c3csc(N/N=C/c4ccc5c(c4)OCCS5)n3)n2)cc1,19.209372712298546
COc1nc2ccccc2cc1CNc1nc(S)n2nc(-c3cccs3)nc2n1,19.235384061671343
Nc1nc(-c2ccc(OCC3CCSS3)cc2)nc2c1sc(=S)n2CC(=O)O,19.28730152198591
CNc1nc(-c2cc3sc(NC4CC4)nn3n2)nc2sc(-c3cnn(C)c3)cc12,19.313207915827967
COc1csc2c1nnn2C(S)=NNc1nc(-c2ccc(OC(F)F)cc2)ns1,19.313207915827967
Oc1ccc(-c2nc3nc(-n4nccn4)nc(NCc4ccc(Cl)s4)n3n2)cc1F,19.4164878389476
C/C(=N\Nc1ncnc(-c2nc3ccccc3s2)n1)c1ccc(N2CCOCC2)nc1,19.467922333931785
C(=N\Nc1nc(Nc2ccccc2)nc(-n2ncs2)n1)\c1ccc(N2CCOCC2)cc1,19.519221295943137
C/C(=N/Nc1nc(N2CCOCC2)nc2nc(-c3ccc(O)cc3)nn12)c1cccs1,19.519221295943137
c1coc(-c2nc3c4c(nc(NCCNc5ncnc6c5CCS6)n3n2)CSC4)c1,19.519221295943137
CSc1nsc(-c2cn3nc(-c4cccs4)nc3c(NC3CCNCC3)n2)n1,19.544820285692065
COc1ccc(-c2nc(N3CCNCCCO3)n3nc(-c4ccc(O)cc4)nc3n2)cc1,19.595917942265423
C/C(=N/Nc1nnc(N2CCOCC2)c2nc(-c3cccs3)nn12)c1cccs1,19.595917942265423
Nc1csc(SCC(=S)N2CCSc3nc(-c4ccc(O)cc4)nn32)n1,19.595917942265423
C/C(=N/Nc1nnc(N2CCOCC2)c2nc(-c3ccsc3)nn12)c1cccs1,19.595917942265423
O/C(=N\Nc1ncnc2nc(-c3ccc(F)cc3)nn12)c1ccc(N2CCOCC2)cc1,19.621416870348583
CSc1noc(-c2nc(N3CCNCC3)c3sc(-c4ccc(O)cc4)nc3n2)n1,19.621416870348583
Nc1cc(-c2ccc(C(=O)O)s2)nc2nc(-c3ccc(CN4CCOCC4)s3)nn12,19.6468827043885
O=C(c1nc2ccsc2s1)N1CC(/C(O)=N\Nc2nc(-c3ccc(O)cc3)ns2)C1,19.748417658131498
CSc1nc(-c2c(-c3cccs3)nn3nc(NN=C4CCCC4)sc23)nn1C,19.77371993328519
Nc1nc(N/N=C\c2ccc(N3CCOCC3)cc2)n2nc(-c3cccs3)nc2n1,19.79898987322333
CSc1nn2c(=O)cc(NCC(=S)Nc3nc(-c4cccs4)ns3)nc2s1,19.82422760159901
S=c1nc2c(nnn2-c2ccccc2)c(NCCNc2ncc(Cl)cn2)s1,19.82422760159901
c1ccc2sc(NCCNc3cc(N4CCOCC4)nc(-c4nncs4)n3)nc2c1,19.82422760159901
CSc1nn2c(Nc3ccc(C(=O)O)cc3)nc(N3CCOCC3)nc2c1Cl,19.82422760159901
CNc1nc(-c2sc3nc(-c4cccs4)nn3c2NC2CC2)nc2scnc12,19.82422760159901
c1coc(-c2nc3c(N4CCOCC4)nc(NCCNc4nccs4)nc3s2)c1,19.849433241279208
CC(S)=NNc1nc(-c2ncc3c(n2)n(C)c(=S)n3CC(=O)OC(C)(C)C)cs1,19.849433241279208
c1cc2c(cc1CNc1nc(-c3nn4nc(NC5CCC5)nc4s3)cs1)OCO2,19.924858845171276
S=c1nc(NCCNc2nc3ccccc3s2)c2nc(-c3ccncn3)nn2s1,19.924858845171276
c1ccc2sc(NCCNc3nc(-c4ccc5c(c4)OCO5)nn4ncnc34)nc2c1,19.924858845171276
S=c1sc2nc(NCCNc3cnc4ccccc4n3)nnc2n1-c1cccnc1,19.924858845171276
CNc1nc(NN=C2CCCC2)nc2nc(-c3ccc(N4CCSCC4)cc3)nn12,20.024984394500787
CNc1snc2nnc(-c3csc(Nc4ccc(N5CCOCC5)cc4)n3)nc12,20.024984394500787
Sc1nc2nc(-c3ccc4c(c3)OCO4)nc(NCCc3ccc4c(c3)OCO4)n2n1,20.049937655763422
Cc1ccnc(SSc2nnc(-c3cc4sc(NC5CC5)nn4n3)[nH]2)n1,20.049937655763422
COc1ccc(-c2nnn(C(S)=NNc3cc(-c4nc5ccccn5n4)cs3)n2)cc1,20.12461179749811
Cn1c(=S)sc2c(NCCNc3nc4ccccc4s3)nc(-n3nccn3)nc21,20.149441679609886
O=C(CSc1nc(=S)n2nc(-c3ccoc3)sc2n1)Nc1ccc2c(c1)OCCO2,20.174241001832016
CN1CCN(Cc2nsc(-c3nnc(S)s3)n2)C[C@@H](c2ccc(N)cc2)O1,20.199009876724155
Clc1csc(NCCNc2nnc3sc(-c4cccc5c4OCO5)nc3n2)n1,20.199009876724155
Nc1nc(-c2nc3c(N4CCOCC4)nsc3nc2NCc2cccs2)cs1,20.223748416156685
C(=N/Nc1nc(NN2CCCCC2)nc2ccsc12)\c1cn(-c2ccccc2)nn1,20.322401432901575
Oc1ccc(-n2nnc3cnc(N/N=C(/C4=CCOCS4)c4cccs4)nc32)cc1,20.322401432901575
CNc1nc(Nc2nnc(CN3CCCCC3)s2)c2ncn(-c3cccs3)c2n1,20.322401432901575
c1ccc(Nc2nc(NCCN3CCOCC3)c3nc(-c4nncs4)sc3n2)cc1,20.322401432901575
CNc1nc(Nc2nc(CN3CCCCC3)cs2)c2nc(-c3cccs3)nn2n1,20.42057785666214
c1csc(-c2nc3nc(Nc4ccc(N5CCOCC5)cc4)nc(NC4CC4)n3n2)c1,20.445048300260872
Sc1nnc2n(-c3ccccc3)c(-c3ccnc(N/N=C/c4cccs4)n3)nn12,20.445048300260872
C/C(=N\Nc1nc2c(=S)n(N3CCCC3)c(-c3cncs3)nn2n1)c1ccccc1,20.493901531919196
Nc1nc(-c2cccc(O)c2)nc2c1sc(=S)n2Cc1csc(N2CCOCC2)n1,20.518284528683193
S=C(CNc1nc(-c2cn3scnc3n2)no1)Nc1ccc(N2CCOCC2)cc1,20.518284528683193
COc1nn(C)cc1-c1nc2c(s1)-c1c(nnn1-c1ccc(O)cc1)SC(=S)N2,20.518284528683193
COc1ccc(Nc2nn3nc(-c4ccc(N5CCOCC5)c(O)n4)nc3s2)cc1,20.518284528683193
Cn1cccc1-n1c(=S)sc2ncnc(N3CCC(Nc4nccc(N)n4)CC3)c21,20.518284528683193
C=NNNc1ccnc(-n2nnc3ccc(-c4ccc(N5CCSCC5)cc4)nc32)n1,20.54263858417414
CNc1ccc(-c2nnc(SS)s2)c(-c2cn(-c3ccc4c(c3)OCO4)nn2)n1,20.54263858417414
COc1ccc(Nc2nc(N3CCOCC3)c3nc(-c4nncs4)sc3n2)cc1,20.663978319771825
COc1ccc(Nc2nc3n(n2)Sc2c(ncn2-c2sccc2C(N)=O)S3)cc1,20.688160865577203
CSc1ccc(CNc2nc3c(=S)sc(-c4cc5c(nn4)OCO5)nn3n2)cc1,20.688160865577203
COc1ccc(-c2csc(NN3C=NCC/C3=N\Nc3nnc4sccn34)n2)cc1,20.688160865577203
COc1ccc(-c2nc3c(=S)sc(-c4cncnc4NNC(C)(C)C)nn3n2)cc1,20.71231517720798
CSC(S)=NNc1nc(-c2ccc3ncnn3c2)n(-c2ccc3c(c2)CCO3)n1,20.71231517720798
C/C(=N\Nc1nc(N2CCNCC2)nc(C(C)(C)C)n1)c1nsc(-c2cccs2)n1,20.71231517720798
Nc1cc(N2CCOCC2)nc(SSc2nn(-c3ccc(Cl)s3)s2)n1,20.73644135332772
C=NNNc1nc(-c2cc(C)n(C3CC3)n2)nc2sc(=S)n(-c3nccs3)c12,20.73644135332772
c1ccc(Nc2nc3c(c(NCc4cc5nc(-c6cncs6)nn5s4)n2)COC3)cc1,20.73644135332772
C/C(=N\Nc1nc(NN2CCOCC2)nc(-n2sc3cccnc32)n1)c1ccccc1,20.808652046684813
O=C(O)/C(=N/Nc1cnc(N2CCOCC2)c2cc(-c3cccs3)nn12)c1cccs1,20.85665361461421
C#Cc1ncnc2sc(NCCNc3nc4nnc(-c5ccccc5)nc4s3)nc12,20.904544960366874
CC(=NNc1nc(C2=Nn3c(NC4CC4)nc4c3cnn4C2=S)cs1)C(F)(F)F,20.92844953645635
CC(S)=NNc1nc(-c2ncc3nnn(Cc4ccc5c(c4)CCO5)c3n2)cs1,21.0
COc1ccc(-c2nc(N3CCSCC3)n3nc(-c4ccc(O)cc4)nc3n2)cn1,21.047565179849187
Oc1ccc(-n2nc(-c3ncc4nnn(CCN5CCCCC5)c4n3)sc2=S)cc1,21.047565179849187
COC(=S)/C(=N/Nc1nnn(-c2ccc(O)cc2)c1-c1ncsn1)c1ccccc1,21.095023109728988
Nn1c(SCC(=O)Nc2nn(-c3ccccc3)c(=S)s2)nnc1-c1cccs1,21.095023109728988
COc1ccc(C2COCCN2c2nc(-c3ccc(O)cc3)nn3c(S)nnc23)cc1,21.095023109728988
Cc1nc(Nc2nc(-c3nc(-c4cccs4)ns3)cs2)nc(N2CCNCC2)n1,21.095023109728988
Nc1nc(Nc2nc(CN3CCOCC3)cs2)c2nc(-c3ccc(Cl)cc3)nn2n1,21.142374511865974
CSc1nc2nc(Nc3ccc4c(c3)OCCO4)nc(Nc3ccc(C)cc3)n2n1,21.18962010041709
COc1ccc(-c2nnn(C(S)=NNc3cc(-c4ccc(F)nc4)ns3)n2)cc1,21.18962010041709
S=c1sc(Nc2ncnc3c2nnn3CCN2CCCCC2)nn1-c1ccccc1,21.236760581595302
CN(C)c1ccc(-n2cnc3c2Oc2nc(Nc4nccs4)nc(O)c2S3)cc1,21.283796653792763
COc1csc(-c2nc(NC3CCNCC3)n3nc(-c4cccs4)nc3n2)n1,21.307275752662516
COC(=O)Oc1ccc2c(c1)NCCN2Nc1nnc(-c2csc(SC)n2)s1,21.42428528562855
C/C(=N\Nc1nnc2sc(-c3ccc(Sc4ccccc4F)s3)nn12)C(=O)O,21.42428528562855
C/C(=N\Nc1nnc2sc(-c3cccc(Sc4cccs4)c3)nn12)C(=O)O,21.42428528562855
Nc1nnc2cc(-n3c(CN4CCCC4)ccc3-c3nnc(SS)s3)ccc2n1,21.447610589527216
C=NNNc1nc(-c2nc3n(n2)Sc2ccc(-c4cnn(C)c4)cc2S3)cs1,21.470910553583888
Oc1ccc(-n2cc(/C=N/Nc3nnc4n3SCCS4)c(-c3ccccn3)n2)cc1,21.470910553583888
CSc1ccc(-c2nnn(-c3nc(NN4CCNCC4)nc4sccc34)n2)cc1,21.470910553583888
Cn1cc(SCC(=S)Nc2nnc(Nc3ccc4c(c3)OCCO4)s2)nn1,21.494185260204677
c1ccc(-n2c(NNc3ncnc4sc(N5CCC5)nc34)nnc2-c2cccs2)nc1,21.540659228538015
Oc1ccc(-n2nc(CN3CCOc4cccnc4C3)nc2-c2nnc(S)s2)cc1,21.563858652847824
Oc1ccc(-c2nc3ncnc(NC4CCCCN4Cc4cscn4)n3n2)cc1,21.563858652847824
C/C(=N\Nc1nnc2sc(-c3cc(Cl)c(CN4CCCCC4)s3)nn12)C(=O)O,21.587033144922902
CSc1c(-n2nnc(-c3cc(C(=O)O)cs3)n2)ccc(O)c1N1CCSCC1,21.6794833886788
NNc1nnc(-c2ccc(-n3ncnc3SCC(=S)N3CCCCC3)cn2)s1,21.72556098240043
COc1ccc(Nc2nc(N3CCCNCC3)nn3nc(-c4nccs4)nc23)cc1,21.72556098240043
S=c1sc2nc(NCCNc3nnc4ccccc4n3)nnc2n1-c1ccccc1,21.748563170931547
Cn1c(-c2nn3nc(NCc4ccc(C(=O)O)cc4)nc3c(=S)s2)nccc1=S,21.77154105707724
COc1ccc(C2=NN(C(S)=NNc3nn4nc(-c5ccco5)nc4s3)CC2)cc1,21.817424229271428
CSSc1nc(NN=C2CCCC2)n2nc(-c3ccc(Cl)s3)c(=O)n2n1,21.88606862823929
O=C(CSc1nnc2n1CCS2)NNc1nc(-c2csc3ccccc23)ns1,21.93171219946131
C/C(=N\Nc1nnc2n1S1(CCCC1)CCS2)c1ccc(-n2cc(O)nn2)cc1,21.95449840010015
CSc1csc(Nc2nc(-c3ncc[nH]3)nc3snc(N4CCOCC4)c23)n1,21.95449840010015
c1cn(-c2cc(CN3CCOCC3)ccc2-c2nnc(NN=C3CCCC3)s2)nn1,22.0
COc1ccc(Nc2nc(NN=C3CSCCS3)nn2-c2nccs2)cc1,22.02271554554524
CC(=O)NNc1nc2c(c(-c3nsc(=S)s3)n1)CN(c1nc(C)cs1)CC2,22.02271554554524
CC(C)(C)n1nnnc1SCC(S)=NNc1nn(-c2cccnc2)c2ccccc12,22.02271554554524
S=c1nc(Nc2ccc(OCc3cccs3)cc2)c2nc(-c3nnn[nH]3)nn2s1,22.045407685048602
CC(S)=NNc1nc(-c2nnn(CCN3CCCCC3)c3nc4ccccc4c2-3)ns1,22.090722034374522
O=C(NNc1nc(-c2ncc3cnc(SCc4nccs4)n3n2)cs1)C1CC1,22.090722034374522
Clc1ccc(NNc2nc(N3CCOCC3)nc(N3CCC(c4ncco4)C3)n2)cc1,22.090722034374522
c1ccc(-c2nc(NNc3cnc(-c4cccs4)s3)nc(N3CCOCC3)n2)nc1,22.11334438749598
C=NNNc1nc(-c2ccsc2)nc2c(N3CCOCC3)nc(-c3ccsc3)nc12,22.11334438749598
Cn1c(/C(S)=N\Nc2nsc(-n3nnc(-c4ccccc4)n3)n2)nc2ccccc21,22.11334438749598
CC(=O)Oc1cccc(NNc2sc(=S)nc3c2c(-c2ccncn2)nn3C)c1,22.135943621178654
c1ccc(Nc2nc(Nc3ccc(-c4csnn4)s3)nc(N3CCOCC3)n2)cc1,22.20360331117452
CSC(S)=NNc1cc(-c2nnc(-c3ccccc3)s2)n(-c2cn(C)nn2)n1,22.20360331117452
CNc1nc(NC2CCN(c3nccs3)CC2)nc2nc(-c3cccs3)nn12,22.22611077089287
COc1ccc(-c2nc3c(nnn3-c3ccc(O)cc3)c(=S)s2)c(N2CCOC2)n1,22.24859546128699
c1nc(NCCNc2nsc(-c3nc4n(n3)CCCCS4)n2)c2ccsc2n1,22.293496809607955
Sc1nnc(NCc2ccc(-c3nc4cnsc4n3-c3ccccc3)cc2)nn1,22.315913604421397
CC(C)(C)c1nc(NCCNc2nc3ccccc3s2)nc(-n2nccn2)n1,22.315913604421397
N=C1N=C(c2nc3sc(Nc4ccc(OCCN5CCCCC5)cc4)nn3n2)S1,22.47220505424423
CN1CCCc2cc(-n3nnc(-c4csc(NNC(=O)OC(C)(C)C)n4)n3)ccc21,22.47220505424423
c1ccc2sc(NCCNc3nc(-c4ccc5c(c4)OCO5)n4ncnc4n3)nc2c1,22.47220505424423
Clc1cccc2nc(NCCNc3nc(-c4nc5n(n4)SCC5)cs3)nnc12,22.538855339169288
CC(C)(C)c1nc(NCCNc2nc3ccc(Cl)cc3s2)nc(-n2nccn2)n1,22.561028345356956
CSc1cc(NN2CCN(c3nnsn3)C2)nc(-c2ccc(O)c(C(C)(C)C)c2)n1,22.58317958127243
O=C(O)/C(=N/Nc1cnc(N2CCCC2)c2nc(-c3cccs3)nn12)c1cccs1,22.60530911091463
Fc1ccc(-c2csc(Nc3cc(-n4nccn4)nc(NN4CCOCC4)n3)n2)cc1,22.64950330581225
O=C(O)CN1CCN(Cc2ccc(-c3nsc(NN=C4CCCC4)n3)s2)CC1,22.693611435820433
COc1ccc(Nc2nc(NN=C3CCCCS3)nn3c(-c4cnsc4)nn23)cc1,22.737634001804146
COc1ccc(-c2nc(N3CCCCC3)c3nnc(N/N=C4/CCCCS4)n3n2)cc1,22.781571499789035
CC1CCN(c2cc3sc(-n4nnc(-c5ccc(O)cc5)n4)nc3c(N)n2)CCS1,22.891046284519195
c1ccc(Nc2nc(Nc3ccc(N4CCOCC4)cc3)nc(N3CCOCC3)n2)cc1,22.9128784747792
CNc1nc(NNc2ccc(Cl)cc2)n2nc(-c3ccc4c(c3)SCO4)nc2n1,22.93468988235943
c1csc(-n2nnnc2Sc2ccc(Nc3ncnc(N4CCCCC4)n3)cc2)c1,22.93468988235943
CC(C)(C)O/N=C/c1ccc(Oc2nc(N/N=C(\S)N3CCOCC3)ns2)cc1,22.93468988235943
Cc1nc(N2CCC(Nc3nc(=S)sc4nc(-c5ccc(O)cc5)nn34)CC2)ns1,23.0
CSc1nnc(-c2nc(NNC(=S)c3ccccc3)nc(-n3ccs3)n2)s1,23.0
COc1ccc(-c2nc(NNc3nc4ccccc4s3)nc(N3CCNCC3)n2)cc1,23.043437243605826
C/C(=N\Nc1nc(=S)sc2c1ncn2-c1cnc(N2CCC2)nn1)c1ccccc1,23.108440016582687
CSC(S)=NNc1nc(-c2ccc(C)cc2)nc2nn(-c3cccs3)c(=O)n12,23.108440016582687
CSc1nsc(-c2cc3nc(-c4ccc(O)cc4)nn3c(NC3CCNCC3)n2)n1,23.130067012440755
COc1ccc(-n2nc(NN=C3SCCS3)nc2-c2nnc(C(C)(C)C)s2)cc1,23.2163735324878
Cc1ccc(-c2nc(N3CCCCC3)c3nnc(N/N=C4\CCCCS4)n3n2)cn1,23.2163735324878
CSc1ccc(-c2nc3nc(NC4CCOCC4)nc(Nc4ccccn4)n3n2)s1,23.259406699226016
Oc1ccc(-c2nc(N3CCSCC3)c3nnc(NN=C4CCCC4)n3n2)cc1,23.259406699226016
C=CCSc1nn2c(-c3csc(NNC(=O)OC(C)(C)C)n3)nnc2s1,23.280893453645632
COc1ccc(Nc2nc(N3CCOCC3)c3nc(-c4ncsn4)sc3n2)cc1,23.302360395462088
COc1ccc(Nc2nc(N3CCCCNCC3)nn3nc(-c4nccs4)nc23)cc1,23.345235059857504
Cc1nc2nnc(SCC(=S)Nc3nnc(Nc4ccc(F)cc4)s3)cn2n1,23.366642891095847
Cc1ccc(-c2nc(N3CCOCC3)c3nnc(N/N=C4\CCCCS4)n3n2)cc1,23.388031127053
c1csc(CSc2nc(NC3CCNCC3)n3nc(-c4ccsc4)nc3n2)n1,23.45207879911715
Cn1c(-c2cccs2)nc2nc(NCC(=O)O)nc(N3CCN(C(C)(C)C)CC3)c21,23.473389188611005
C/C(=N\Nc1nnc2sc(-c3ccc(N4CCSCC4)c(Cl)c3)nn12)C(=O)O,23.515952032609693
O=C(CSc1nnnn1-c1ccccc1)NNc1nc(-c2nc3ccccc3s2)cs1,23.515952032609693
S=C(CSc1nnnn1-c1ccccc1)NNc1nc(-c2cscn2)cs1,23.515952032609693
O=C(CSc1nnnn1-c1ccccc1)NNc1nc(-c2cscn2)cs1,23.515952032609693
CSc1cc(-c2nncn2C)ccc1-c1nc2sc(NN=C3CCCCC3)nn2n1,23.558437978779494
Fc1ccc(-c2nsc(NNc3nc(-c4cccs4)nc(N4CCOCC4)n3)n2)cc1,23.600847442411894
COc1ccc(Nc2nc(N3CCNCC3)nc3nc(-c4cncs4)sc23)cn1,23.600847442411894
CNc1nsc(-c2cc3nc(-c4ccn(CC5SCCS5)n4)nc(N)c3s2)n1,23.664319132398465
Nc1c(N2CCOCC2)nc(NCc2ccc(Cl)s2)n2nc(-c3cscn3)nc12,23.664319132398465
Oc1ccc(-c2nnn(-c3ccc(O)c(/C=N/N4N=C(c5cccs5)CS4)c3)n2)cc1,23.68543856465402
CC1=NN(c2nc(NC3CCOCC3)n3nc(-c4ccc(O)cc4)nc3n2)CCS1,23.706539182259394
CN1OCCOc2ccc(CNc3nc(F)nc(Nc4nc5ccccc5s4)n3)nc21,23.706539182259394
CSc1nc(NC2CCN(c3nccs3)CC2)n2nc(-c3ccc(O)cc3)nc2n1,23.769728648009426
c1csc(Nc2nc(N3CCCCC3)c(Nc3ccc(N4CCOC4)nn3)s2)n1,23.83275057562597
Nc1nc(N2CCC[C@@H]2c2ccccc2)nc2cc(-c3nnc(SS)s3)nn12,23.83275057562597
c1ccc2sc(Nc3nc(NCC4CCCCC4)nc(N4CCOCC4)n3)nc2c1,23.853720883753127
CSc1nc(Nc2nn(-c3ccccc3)c(=S)s2)nc(N2CCOCC2)n1,23.895606290697042
Fc1ccc(-n2ncc(NN=C(S)CSc3nnnn3-c3ccccc3)n2)cc1,23.93741840717165
Oc1ccc(-c2nc3nc(N4CCN(c5nccs5)CC4)nc(NC4CC4)n3n2)cc1,23.93741840717165
Cn1nc(-n2c(NN=C3CCCC3)nc3nnn(-c4ccccc4)c32)sc1=S,23.979157616563597
O=C(O)Cn1nc(-c2cccs2)nc1-n1c(=S)sc2c(NC3CC3)ncnc21,23.979157616563597
SC(=NNc1nnc2c(N3CCOCC3)nc(-c3ccsc3)nn12)C1CCCC1,24.08318915758459
C/C(=N/Nc1nnc(N2CCOCC2)c2nc(-c3ccc(O)cc3)nn12)c1cccs1,24.1039415863879
c1ccc2sc(Nc3ncnc(NC4CCN(Cc5csnn5)CC4)n3)nc2c1,24.1039415863879
C/C(=N\Nc1cnc(N2CCSCC2)c2nc(-c3cccc(F)c3)nn12)C(=O)O,24.124676163629637
Cn1cnc(-c2cc(OC(C)(C)C)c3nc(N/N=C(/S)C4CCCCC4)nn3n2)n1,24.166091947189145
COc1ccc(-c2nc3nc(NNC(=O)OC(C)(C)C)nn3n2C2CCSC2)cc1,24.20743687382041
COc1ccc(Nc2nc(NN=C3CCCS3)n3nc(-c4ccsc4)nc3n2)cc1,24.269322199023193
COc1ccc(-n2nnc(-c3nnc(NNC(=S)SC)s3)n2)c2sccc12,24.372115213907882
CC1CCN(c2nc(N/N=C3\C[C@@H](C)NC3=O)n3nc(-c4cccs4)nc3n2)CC1,24.413111231467404
COc1ccc(-c2nc(NN3CSC3=S)n3nc(-c4ccc(O)cc4)nc3n2)cc1,24.454038521274967
c1ccc(Nc2nc(Nc3ccc(-c4nnsn4)cc3)nc(N3CCOCC3)n2)cc1,24.535688292770594
c1ccc2c(c1)cnn2-c1nc(NCCNc2nc3ccccc3s2)nc(N2CCO2)n1,24.596747752497688
COC(=O)CN1CCC2(CC1)CS/C(=N\Nc1nnc(-c3ccc(O)cc3)s1)S2,24.63736998950984
Clc1ccc(NCCNc2nc(N3CCOCC3)nc3nc(-c4nccs4)nn23)cc1,24.657656011875904
C/C(=N\Nc1cnc(N2CCOCC2)c2nc(-c3ccc(Cl)cc3F)nn12)C(=O)O,24.839484696748443
C=NNNc1cccc(-c2nc(SC(=S)N3CC3)n3nc(-c4ccoc4)cc3n2)n1,24.859605789312106
O=NNc1nc(NCc2ccc(-c3ccc(Cl)cc3)s2)nc(N2CCOCC2)n1,24.899799195977465
CCSc1nn2nc(-c3csc(NNC(=S)N4CCCCC4)n3)nc2s1,24.979991993593593
S=c1sc(Nc2nnc(NCCc3ccccc3)n3nnnc23)nn1-c1ccccc1,25.079872407968907
c1csc(Nc2nc(Nc3ccc(-c4nnns4)cc3)nc(N3CCOCC3)n2)c1,25.179356624028344
Cc1csc(-c2nc(N)c3sc(=S)n(NC(=O)CN4CCCCC4)c3n2)n1,25.219040425836983
C1=NN(c2nc(NCc3ccc(-c4ccon4)cc3)nc(-c3cccs3)n2)SCN1,25.39685019840059
C/C(=N/Nc1nc(Nc2ccc(F)cc2)nc(N2CCOCC2=O)n1)c1cccs1,25.39685019840059
COc1ccc(NC(=S)CNc2nc(-n3nccn3)nc3sc(=S)sc23)cc1,25.475478405713993
c1ccc2sc(NCCNc3nc(-c4cscn4)nc(N4CCOCC4)n3)nc2c1,25.553864678361276
O=C(CSc1nnns1)NNc1nn(-c2cccc(-c3ccccc3)n2)c(=S)s1,25.573423705088842
CN(C)C(=O)NNc1nc(=S)sc2nc(-c3cnn(C4CCSC4)n3)sc12,25.65151067676132
C/C(=N\Nc1nnc2c(N3CCO3)nc(-c3ccc4c(c3)CCCN4)nn12)c1cccs1,25.69046515733026
COc1ccc(-c2nc3nc(-c4nncs4)nn3nc2C(=S)NNc2ccccc2)cc1,25.729360660537214
c1ccc(-c2nc(SSc3cnc(NC4=NCCN4)nn3)n(-c3cccs3)n2)cc1,25.729360660537214
O=C(NNc1nc(-c2nc3nccnn3n2)cs1)c1ccc(CN2CCCCC2)s1,25.84569596664017
Cn1ccc(-c2nc3nc(NC4CCCCC4)nc(NN=C4CCCCS4)n3n2)n1,25.865034312755125
C=NNNc1cccc(-c2nc(N3CCCCC3)n3nc(-c4cccs4)nc3n2)n1,25.92296279363144
CNc1nc(-c2cc3sc(NC4CCCCC4)nn3n2)nc2sc(SC)nc12,25.942243542145693
c1nc(-c2ccc(CNc3nc(NN4CCOCC4)nc(N4CCCC4)n3)s2)cs1,25.942243542145693
CNc1nc(Nc2ccc(N3CCOCC3)cc2)nc(N2CCC(c3nncs3)C2)n1,26.019223662515376
COc1ccc(Nc2nc(N3CCCCC3)c3nc(-c4cnns4)sc3n2)cn1,26.115129714401192
COc1ccc(Nc2nc(Nc3nc4ccccc4s3)nc(N3CCOCC3)n2)cc1,26.1725046566048
COc1ccc(Nc2nc(Nc3nccs3)nc(N3CCN(C(C)(C)C)CC3)n2)cc1,26.1725046566048
c1nc(-c2nc(CN3CCNC3)ccc2-c2nc(NN=C3CCCC3)ns2)ns1,26.1725046566048
Nc1nc(NCCN2CCCCC2)nc2nc(-c3ccc4c(c3)SCCS4)nn12,26.210684844162312
CSc1nc2nc(-c3cccs3)nn2c(=S)n1NC(=O)NCc1csc(C)n1,26.248809496813376
CCSc1nc(N/N=C2/CCN=CN2)n2nc(-c3ccc(Cl)c(Cl)c3)nc2n1,26.248809496813376
Cc1ccc(-c2nc3c(N4CCC4)nnc(N/N=C(/C(=O)O)c4cccs4)n3n2)cc1,26.40075756488817
Sc1nc2ccc(-c3nc(NCc4cccc(Cl)c4)nc(N4CCCC4)n3)nn2n1,26.758176320519304
C=NNNc1ccnc(-n2nc(-c3cccs3)c3ncnc(N4CCCCC4)c32)n1,26.90724809414742
Clc1ccc2sc(NCCNc3nc(N4CCCC4)nc(-n4nccn4)n3)nc2c1,26.981475126464083
CN1CCN(c2nc(NCc3nccs3)nc(Nc3nc4ccccc4s3)n2)CC1,27.0
c1ccc(Nc2nc(Nc3cnn(-c4cccs4)c3)nc(N3CCOCC3)n2)nc1,27.0
c1ccc(CNc2nc(Nc3nc4sccc4s3)nc(N3CCOCC3)n2)nc1,27.0
c1ccc2sc(Nc3nc(NCc4nccs4)nc(N4CCOCC4)n3)nc2c1,27.0
COc1ccc(Nc2nc(NN=C3CCCS3)nn2-c2nnc3ccccc3n2)cc1,27.018512172212592
CCOc1nc(Cl)nn2nc(-c3csc(NNC(=S)N4CCCC4)n3)nc12,27.073972741361768
CC(S)=NNc1nc(-c2ccc3c(c2)OCO3)n(-c2ccnc(N3CCCC3)n2)n1,27.16615541441225
CSc1nnc(-c2csc(NC(=S)CNc3ccc4ncnnc4n3)n2)s1,27.2213151776324
c1ccc2sc(NCCNc3nc(N4CCCCC4)cc(-n4nccn4)n3)nc2c1,27.2213151776324
COc1ccc(Nc2nc(NC3CCNCC3)n3nc(-c4cccs4)nc3n2)cn1,27.258026340878022
N#CCSc1nc(Nc2nn(-c3ccccc3)c(=S)s2)nc(N2CCOCC2)n1,27.27636339397171
Cn1nc(SSc2cnc3ccccc3n2)nc1NN=C1CSCCS1,27.27636339397171
OC1CCN(Cc2ccc(-c3nc4c(=S)sc(NC5CCCCC5)nn4n3)o2)C1,27.367864366808018
COc1ccc(Nc2nc(NN=C3CSCCS3)nc3nnc(C(C)(C)C)n23)cc1,27.386127875258307
CSc1nc(NN2CCNCC2)nc(-n2nnc3ccc(-c4ccccc4)nc32)n1,27.386127875258307
CNc1nc(-n2nnc(-c3ccc4c(c3)OCO4)n2)c(NC2CCOCC2)sc1=S,27.459060435491963
C/C(=N/Nc1nc(Nc2ccc3c(c2)OCO3)nc(N2CCOCC2)n1)c1cccs1,27.459060435491963
S=C1CSc2nnn(-c3ccc(SCCNc4ncc(Cl)cn4)nn3)c2N1,27.49545416973504
COc1ccc(Nc2nc(N3CCNCC3)nc(N3N=NCC3c3cccs3)n2)cc1,27.53179979587241
CNc1nc(-c2nc(NNC(=S)SC)nn2-c2ccc3c(c2)OCO3)cs1,27.640549922170507
CCNc1nc(Nc2nc3cc(N4CCOCC4)sc3s2)nc(N2CCCC2)n1,27.730849247724095
CSc1nc2c(N/N=C(/C)SC(=S)N3CCCC3)nc(-c3ccoc3)nn2n1,27.784887978899608
Cn1nnc(-c2ccc(CNc3nc(NC4CCCCC4)nc(=S)s3)cc2)n1,27.874719729532707
c1ncn(-c2ccc(Nc3nc(NN=C4CCCCS4)nc(N4CCCC4)n3)s2)n1,27.892651361962706
Cc1ccn(-c2nsc(Nc3cc(N4CCOCC4)nc(N4CCCCC4)n3)n2)n1,28.035691537752374
c1csc(-c2nc3nc(NCC4CCCS4)nc(N/N=C4/CCCS4)n3n2)c1,28.089143810376278
COc1ccc(Nc2nc(Nc3nc4c(s3)SCC4)nc(N3CCOCC3)n2)cc1,28.106938645110393
COc1ccc(NC(=S)NNc2nc(=O)n3nc(-c4cscn4)nc3s2)cc1,28.21347195933177
Cc1csc(-n2nc(NN=C(S)N3CCCCC3)nc2-c2nc(C)ns2)n1,28.21347195933177
Cn1c(=N)sc2cc(-c3nc(NCCN4CCCCC4)c4nnc(S)n4n3)cnc21,28.24889378365107
CSc1ncc(-c2cc3nc(N4CCOCC4)nc(NN=C4CCCC4)n3n2)s1,28.407745422683583
COc1ccc(-c2nc(NN=C(S)SC)nc3nc(N4CCCC4)nn23)cc1,28.460498941515414
c1cnn(-c2ccc(Nc3nc(NN=C4CCCS4)nc(N4CCOCC4)n3)cc2)c1,28.460498941515414
CSC(S)=NNc1nc(-c2ccc3nc(C)sc3n2)cc(N2CCOCC2)n1,28.53068523537421
Cc1ccc(-c2nc3nc(NN=C4CCCC4)n(-c4csc(N5CCC5)n4)n3n2)cc1,28.53068523537421
COc1ccc(Nc2nc(NN=C3CCCS3)nc3nc(N4CCCC4)nn23)cc1,28.600699292150182
Fc1ccc(Nc2nc(NCc3cc4nsnc4s3)nc(N3CCOCC3)n2)cc1,28.653097563788805
c1ccc(Nc2nc(Nc3ccc(-c4ncsn4)s3)nc(N3CCOCC3)n2)cc1,28.653097563788805
COc1ncc(-c2nc3nc(N4CCOCC4)nc(NN=C4CCCC4)c3s2)s1,28.687976575562104
c1cnn(-c2nc(CN3CCNCC3)ccc2-c2nsc(NN=C3CCCCC3)n2)n1,28.705400188814647
CSc1cc2nc(-n3cc(NN=C4CCCCC4)nn3)nc(N3CCOCC3)c2s1,28.74021572639983
CNc1nc(Nc2ccc(OC(F)(F)F)cc2)nc(N2CCO[C@H](c3nncs3)C2)n1,28.74021572639983
C/C(=N/Nc1nc(Nc2ncnc3sccc23)nc(N2CCOCC2)n1)c1ccccc1,28.879058156387302
S=c1sc(Nc2nc(NC3CC3)nc(N3CCOCC3)n2)nn1-c1ccccc1,28.930952282978865
CNc1nc(Nc2ccc3ncsc3c2)nc(N2CCN(c3nccs3)CC2)n1,28.930952282978865
Fc1ccc(-c2nsc(NNc3nc(-c4cscn4)nc(N4CCOCC4)n3)n2)cc1,28.948229652260256
COc1ccc(-c2nsc(N/C(S)=N/Nc3ncnc4c3CCSC4)n2)cn1,29.03446228191595
CNc1nc(Nc2ccc(C(=O)OC(F)(F)F)cc2)nc(N2CCN(C(C)=N)CC2)n1,29.068883707497267
Sc1nc(NN=C2CCCC2)n2nc(-c3ccc(Cn4ccnc4)s3)nc2n1,29.086079144497972
CC(C)(C)OC(=O)CSc1nc(NN=C2CCCC2)n2nc(-c3ccsc3)cc2n1,29.34280150224242
CNc1nc(-c2nc(C#N)nc(N/N=C3/CC4(CCN(C)CC4)CS3)n2)cs1,29.359836511806396
Oc1ccc(-c2nc3nc(-c4cnn(C5CCC5)c4)nc(NC4CCNCC4)n3n2)cc1,29.444863728670914
Cc1nc2sc(Nc3nc(NN=C4CCCS4)nc(N4CCOCC4)n3)cc2s1,29.631064780058107
COc1ccc(-c2nc(NN)nc(N/N=C3\SCC4(CCCCC4)C3=S)n2)cc1,29.8496231131986
COc1ccc(-c2cc3nc(N4CCOCC4)nc(NN=C4CCCCC4)n3n2)s1,29.916550603303182
C/C(=N/Nc1nc(NN2CCOCC2)nc(N2CC(c3cccs3)=N2)n1)c1ccccc1,30.033314835362415
c1cnc2sc(Nc3nc(NN=C4CCCCS4)nc(N4CCCC4)n3)nc2c1,30.099833886584822
CSc1nc(NN=C2CCCC2)n2nc(-c3ccc(N4CCOCC4)cc3)nc2n1,30.18277654557314
Nc1nc(-c2nnc(SS)s2)nnc1SCc1ccc(Br)cn1,30.199337741083
CSc1csc(-c2nc3c4cn(C)nc4nc(NNC(=S)N4CCCC4)n3n2)n1,30.23243291566195
CC(C)(C)CNCc1ccc(-c2ncnc(N/N=C3/NC4(COCCO4)CS3)n2)cc1,30.265491900843113
O=C(O)C1CNCCN1c1nc(NCc2cccs2)n2nc(-c3cccs3)nc2n1,30.331501776206203
CSc1ccc(-c2nc3nc(N4CCOCC4)nc(NN=C4CCCC4)n3n2)cc1,30.512292604784715
Oc1ccc(-c2nc3c(Sc4ccc5c(n4)NCCO5)nnc(NC4CC4)n3n2)cc1,30.528675044947494
CNc1nc(NN2CCCCC2)nc(-n2nnc3sc(-c4ccc(F)cc4)nc32)n1,30.59411708155671
COc1cc(Nc2nnc(NN=C3CCCS3)nc2Cl)nc(N2CCOCC2)c1,30.59411708155671
CNc1nc(Nc2nc3sc(CN4CCCC4)nc3s2)nc(N2CCCC2)n1,30.675723300355934
CSc1nc(Nc2cc3nc(-c4ccccc4)nn3s2)nc(NN2CCOCC2)n1,30.692018506445613
CSc1csc(Nc2nc(NC3CCNCC3)n3nc(-c4ccncc4)nc3n2)n1,30.983866769659336
c1cncc(Nc2nc(NCc3nc(-c4cccs4)ns3)nc(N3CCOCC3)n2)c1,31.016124838541646
Cn1nnnc1SCc1nc(NNC2CCCC2)nc2sc(-c3cccs3)nc12,31.064449134018133
COc1ccc(Nc2nc(NN=C3CCCC34CSC4)nc(N3CCOCC3)n2)cc1,31.144823004794873
c1csc(Nc2nc(Nc3ccc(N4CCOCC4)nc3)nc(N3CCCC3)n2)n1,31.144823004794873
O=C1CCCCN1c1cc(-n2nccn2)nc(NN=C(S)SCC2CCCC2)n1,31.272991542223778
COc1ccc(Nc2nc(NN=C3CCCC3)n3nc(-c4ncsn4)cc3n2)cc1,31.32091952673165
CSc1nc2c(NNN=C3CCCC3)nc(-c3cnn(-c4ccccc4)n3)nc2s1,31.575306807693888
CN(C)c1ccc(Nc2nc(Nc3nc4ccccc4s3)nc(N3CCOCC3)n2)cn1,31.906112267087632
Cc1sc(Nc2nc(NN=C3CCCCS3)nc(N3CCOCC3)n2)cc1C#N,32.03123475609393
c1ccc2sc(NCCNc3nc(N4CCCCC4)nc(-n4nccn4)n3)nc2c1,32.0624390837628
Oc1ccc(-c2nn3c(NN=C4CCCC4)nc(N4CCOCC4)nc3c2S)cc1,32.109188716004645
Cc1csc(Nc2nc(NN=C3CCCCS3)nc(N3CCOCC3)n2)n1,32.155870381627054
CNc1ncc(-c2cc3nc(N4CCOCC4)nc(NN=C4CCCCC4)n3n2)s1,32.31098884280702
CSc1ccc(-c2nc3nc(N4CCOCC4)nc(NN=C4CCCC4)n3n2)s1,32.41913015489465
c1cnn(-c2cc(Nc3nc(NN=C4CCCCS4)nc(N4CCCC4)n3)sn2)c1,32.46536616149585
c1csc(Nc2nc(Nc3ccc(N4CCOCC4)nc3)nc(N3CCCCC3)n2)n1,32.87856444554719
CCn1nnnc1-c1csc(NNC(=S)SSC(=S)N2CCCC2)n1,33.0
CC(C)(C)CNc1nc(Nn2c(S)nc3ccccc32)nc(N2CCOCC2)n1,33.13608305156178
c1csc(-c2ccc(Nc3nc(NN=C4CCCS4)nc(N4CCOCC4)n3)nc2)n1,33.18132004607411
Fc1ccc(-c2nsc(Nc3nc(NC4CCC4)nc(N4CCOCC4)n3)n2)cc1,33.645207682521445
c1cc(-c2nc3nc(Nc4ccc(N5CCC5)cc4)nc(NN=C4CCCC4)n3n2)sn1,33.76388603226827
Cc1cn2c(-c3csc(NNC(=S)SSC(=S)N(C)C)n3)nnc2nn1,33.793490497431605
CCNc1nc(Nc2ccc(N3CCOCC3)cc2)nc(N2CCNc3nccnc32)n1,33.80828300875393
C(=NNc1nc(-c2ccnc(N3CCCCC3)n2)n(-c2nccs2)n1)N1CCCCC1,34.219877264537345
CSc1nc(NN=C2CCCCC2)n2nc(-c3ccc(N4CCOCC4)cc3)nc2n1,34.26368339802363
c1c(-c2nnc(N/N=C3\CCCCN3C3CCC3)s2)nn2nc(NC3CC3)sc12,34.61213659975356
CSc1nc(NC(=S)Nc2nc3cc(C)sc3s2)nc(N2CCOCC2)n1,34.899856733230294
CSc1nnc(-c2cc(N3CCOCC3)nc(NNC(=O)OC(C)(C)C)n2)s1,34.95711658589707
C/C(=N/Nc1nc(S)nc(N2CCN(C(=O)OC(C)(C)C)CC2)n1)c1cccs1,35.08560958569767
CSc1nc(NN=C2SCCCS2)nn1-c1cc(N2CCCCC2)nc(N)n1,35.09985754956849
CSSc1nc(NN=C2CCCCC2)n2nc(-c3nc4c(s3)COC4)cc2n1,35.185224171518364
COc1ccc(Nc2nc(NN=C3CSCCS3)nc(N3CCCC3)n2)cn1,35.510561809129406
CSN1CCCC/C1=N\Nc1nnc2c(N3CCCC3)nc(-c3cccs3)nn12,35.63705936241092
COc1nc(Nc2nc(NN=C3CSCCS3)nc(N3CCCCC3)n2)cs1,35.79106033634656
c1ccc2sc(NCCNc3nc(N4CCCCCC4)nc(-n4nccn4)n3)nc2c1,35.84689665786984
c1cc(N2CCOCC2)ccc1Nc1nc(NC2CCCCC2)nc(N2CCOC2)n1,35.94440151122286
COc1ccc(Nc2nc(NC3=NCCSC(C)=N3)nc(N3CCOCC3)n2)cc1,36.235341863986875
CN1CCN(c2nc(NN=C3CCCC3)nc(Nc3nc4scnc4s3)n2)CC1,36.359317925395686
CN1CCCN(c2nc(NC3CCCCC3)c3nc(-c4ccc(O)cc4)nn3n2)CC1,36.6333181680284
COc1ccc(Nc2nc(NN=C3CCCCC3)n3nc(-c4cscn4)nc3n2)cc1,37.469987990390386
N#Cc1nc(NN=C(S)SCC(=O)c2ccc(F)cc2)nc(N2CCOCC2)n1,37.589892258425
CSc1nc(NN=C2CCCCC2)n2nc(-c3ccc(N4CCCO4)s3)nc2n1,37.66961640367472
c1ccc(-c2nsc(Nc3nc(NC4CCCC4)nc(N4CCOCC4)n3)n2)cc1,37.749172176353746
Oc1ccc(-c2nc(N3CCCOCC3)c3nnc(NN=C4CCCCC4)n3n2)cc1,38.06573262134856
c1cc(N2CCC2)ccc1Nc1nc(NN=C2CCCCC2)n2nc(-c3cnsc3)nc2n1,38.27531841800928
SC(=NNc1nccs1)Nc1nc(Oc2ccccc2)nc(N2CCOCC2)n1,39.433488306260706
CNc1nc(N2CCOCC2)nc(-n2c(NC3CCCCC3)nnc2-c2cccs2)n1,39.74921382870358
Cc1ccc2nc(-c3cc4nc(N5CCCC5)nc(NN=C5CCCC5)n4n3)nn2c1,39.74921382870358
CSc1ccc(-c2nc3nc(N4CCCC4)nc(NN=C4CCCC4)n3n2)s1,40.149719799769464
CC(=S)SSc1nc(NNC2CCCCC2)n2nc(-c3ccco3)c(=O)n2n1,41.036569057366385
Oc1ccc(C2=NN3SC(=NN=C3NCc3ccc4c(c3)OSCS4)N=N2)cc1,41.30375285612676
CSc1nnc(-c2cc3nc(N4CCCCC4)nc(NN=C4CCCC4)n3n2)s1,41.78516483155236
c1csc(-n2cc(Nc3nc(NC4CCOCC4)nc(N4CCCCC4)n3)nn2)c1,43.45112196480086
c1csc(C2=NN(c3nc(NNC4CCCCC4)nc(N4CCOCC4)n3)CC2)c1,44.328320518603
CCSc1nc(NNC(=O)SSC(=S)N2CCCC2)nc(-n2cccn2)n1,44.96665431183423
c1sc(N2CCOCC2)nc1Nc1nc(NN=C2CCCC2)nc(N2CCCC2)n1,45.67274898667694
CSc1nccc(Nc2nc(NN=C3SCCS3)nc(N3CCCCC3)n2)n1,45.760244754590204
CSC(S)=NNc1nc(Nc2ccc3ncccc3n2)nc(N2CCOCC2)n1,46.98936049788292
COc1ccc(Nc2nc(N3N=CNCS3)nc(N3CCCC34CCCCO4)n2)cc1,51.84592558726288
CSSc1nc(NN=C2CCCCC2)nc(N2N=C(Nc3ccncc3)CS2)n1,56.859475903318
