SMILES,cats_euclidean_dist
Cn1c(Nc2nccs2)nc2sc(-c3cccn4nc(-c5ccco5)nc34)nc21,8.717797887081348
Cc1nc(NCc2cncs2)n2cc(-c3nn(-c4ccncc4Cl)s3)nc2n1,8.831760866327848
CCn1c(=O)n(-c2cccs2)c2c(Nc3nccs3)nc(-c3ccco3)nc21,8.888194417315589
Cc1nn(-c2ccccc2)c2nc(Nc3ccc4sc(-c5cnn(C)c5)nc4c3)nn12,8.94427190999916
Cn1c(-c2ccc3nc(Nc4nccs4)n(C)c3n2)nc2cc(-n3nccn3)ccc21,9.327379053088816
Cn1cc(-c2nc3c(nc(Nc4cccs4)n3C)c3nc(-c4ccco4)nn23)cn1,9.591663046625438
Cc1nc2ccc(CNc3nc4c(cnn4C)c4nc(-c5ccco5)nn34)cc2s1,10.0
CCn1c(-c2ccco2)nc2sc(Nc3nc4cccc(C)c4c4cnnn34)nc21,10.0
Cc1ccc2nc(-c3cn4c(Nc5nccs5)nc5nn(C)cc5c4n3)n(C)c2n1,10.344080432788601
CSC1CCN(c2cc3c(-c4ccco4)nnn3c(Nc3nccs3)n2)CC1,10.344080432788601
CCn1cnc2c(=O)n(-c3cccs3)c(Nc3nc4cc(C#N)sc4n3C)nc21,10.392304845413264
Cn1cnc(Nc2ncnc3nc(-c4ccco4)n(Cc4nc5ccsc5s4)c23)c1,10.392304845413264
Cn1ncc2c1nc(NCc1cnn(-c3cccs3)c1)n1nc(-c3ccco3)nc21,10.392304845413264
CN(C)c1ccsc1-c1nc2sc(-c3nc4ncnc(N)c4s3)nc2s1,10.488088481701515
Cn1c2c3n(nc(-c4ccco4)n3c1=S)C(NCc1cccs1)=NC(c1ccco1)=N2,10.535653752852738
Cc1nc(Nc2cccnn2)n2cc(-c3nc4c(nc(-c5ccco5)n4C)s3)cnc12,10.535653752852738
Cc1ccc(Nc2ncnc3nc(-c4ccco4)n(-c4cnc5cnn(C)c5n4)c23)s1,10.535653752852738
CSC1CCN(c2cc3nc(-c4ccco4)nn3c(Nc3nccs3)n2)CC1,10.723805294763608
CCn1cnc2cc(-c3nc4c5cn(C)nc5nc(Nc5nccs5)n4n3)ccc21,10.723805294763608
Cc1csc2nc(-c3csc(Nc4ccc5nc(-c6cnn(C)c6)nn5c4)n3)nn12,10.723805294763608
Cc1noc(-c2nc(-c3csc(C)n3)c3n2CCc2c(nc4scc(C)n24)N3)n1,10.770329614269007
CN(C)c1nc2nc(NCc3cccs3)n3nc(-c4cccs4)nc3c2s1,10.770329614269007
CCn1cc2c(nc(Nc3ccc4nc(C)sc4c3)n3nc(-c4ccco4)nc23)n1,10.770329614269007
CCn1cc2c(=O)n(C)c(-c3cc4c(S)nc(-c5nccs5)nc4s3)nc2n1,10.908712114635714
Cn1ccnc1C1CCN(c2cc3nc(-c4ccco4)nn3c(Nc3nccs3)n2)C1,11.045361017187261
CC1CCN(c2ccc(Nc3nn4c(-c5ccco5)nnc4s3)c3c2ncn3C)S1,11.045361017187261
c1ccc(CCn2ncc3c(Nc4nnc(-c5nccs5)s4)ccnc32)nc1,11.090536506409418
COc1ccc2nc(Nc3nc(-c4cscn4)nc4c3n(C)c(=O)n4C)sc2c1,11.090536506409418
Cc1ccc2nc(Nc3nc4c(nc(-c5ccco5)n4C)s3)c(-c3nccs3)n2n1,11.135528725660043
O=Cc1ccc(Cn2cnc3nc(-c4nccs4)nc(Nc4nccs4)c32)s1,11.269427669584644
Cn1c(-n2c(-c3ccco3)nc3c(NCc4ccco4)ncnc32)nc2ccsc21,11.269427669584644
Cn1c(-c2ccco2)nn2cc(-c3c(Nc4ccncn4)nc4c(S)cccn34)nc12,11.357816691600547
CCn1c(=O)n(C)c2nc(Nc3nccs3)nc(-c3ccc4c(c3)SCCO4)c21,11.445523142259598
Cc1nc(Nc2nc3ccccc3s2)c2nc(-c3csn3-c3cn(C)cn3)nn2n1,11.445523142259598
Cc1nc2n(C)c(-c3nc4c(nc(Nc5ccc6sccc6n5)n4C)s3)cn2n1,11.489125293076057
c1coc(-c2nc(NCc3ccc4ncsc4c3)c3nc(-c4ccco4)nn3n2)c1,11.489125293076057
Cn1cc(-c2nc3c(nc(NCc4cccs4)n4nc(-c5ccco5)nc34)s2)cn1,11.489125293076057
CSc1ncc(-c2cc3nc(-c4ccco4)nn3c(Nc3nccs3)n2)s1,11.61895003862225
Cn1cc2nc(-c3nc(Nc4nccs4)nn3-c3ccc4c(cnn4C)c3)sc2n1,11.61895003862225
COc1ccc2c(c1)nc(-c1ncn3c(Nc4nc5ccccc5s4)ncnc13)n2C,11.61895003862225
Cn1nccc1-c1cnc2sc3nc(Nc4ccc5c(c4)OCO5)n(C)c(=O)c3c2n1,11.661903789690601
CCn1ncc2c1nc(Nc1nc3ncncc3s1)n1cc(-c3cccs3)nc21,11.789826122551595
c1coc(-c2nc3c4cnn(-c5nccs5)c4nc(NCc4cccs4)n3n2)c1,11.832159566199232
Cc1ccc(Nc2nc3c(cnn3Cc3nccs3)c3nc(-c4ccco4)nn23)s1,11.832159566199232
CNc1nc2nc(-c3nn(C)s3)n(-c3cccs3)c2c2nc(-c3ccco3)nn12,11.832159566199232
c1coc(-c2nc(NCc3cncs3)n3nc(-c4sn5ccccc45)nc3n2)c1,11.832159566199232
Cn1c(-c2ccco2)nc2sc(Nc3ccc4nnn(Cc5cccs5)c4n3)nc21,11.832159566199232
c1coc(-c2nc3nc(-c4ccc(N5CCC5)cc4)nc(Nc4nccs4)n3n2)c1,11.916375287812984
Cn1c(-c2ccco2)nc2c(N3CCC(n4ccnn4)C3)nc(Nc3cccs3)nc21,11.916375287812984
c1csc(CNc2nc3nn(CC4CC4)cc3c3nc(-c4cccs4)nn23)c1,11.916375287812984
Nc1csc(N2CCC(Cn3c(-c4ccco4)nn4nc(-c5cccs5)nc34)C2)n1,11.916375287812984
COc1ccc(-n2c(=S)n(C)c3nc(-c4nccs4)nc(Nc4ncco4)c32)cc1,11.958260743101398
Cn1cnnc1-c1cc(Nc2nc3ccccc3s2)n2nc(-c3ccco3)nc2n1,11.958260743101398
c1csc(-n2c(-c3c[nH]nn3)nc3nc(SCc4nc5ccccc5s4)nn32)c1,12.083045973594572
Cc1ccc(-c2nc(Nc3nccs3)c3nc(-c4cccn5ncnc45)n(C)c3n2)o1,12.12435565298214
COc1ccc(NC(=S)n2c(-c3ccco3)nn3nc(-c4cccs4)nc23)nc1,12.12435565298214
Cn1cc(-c2nc(Nc3nc4ccccc4s3)n3nc(-c4ccco4)nc3n2)s1,12.165525060596439
Cn1c(Nc2nc(-c3ccco3)nc3nc(-c4cccs4)nn23)nc2ccccc21,12.165525060596439
Cn1cnc2ncc(-c3nc4c(NCc5cccs5)nc(-c5ccco5)nc4s3)n21,12.165525060596439
Cn1ccc2nc(Nc3nc(-c4ccco4)nn4nc(-c5cccs5)nc34)n(C)c21,12.165525060596439
Cn1ccc(-c2nc(Nc3nc4ccccc4s3)n3nc(-c4ccco4)nc3n2)c1,12.165525060596439
CC(=N)Nc1nc(-n2cccn2)nc2c1c(Cl)nn2CCc1ccc2c(c1)OCO2,12.206555615733702
CSc1nc2nc(-n3cncc3-c3cnn(C)c3-c3cccs3)nc(N)c2s1,12.24744871391589
Cc1cc(Cn2nnc3nc(-c4ccco4)nc(Nc4nccs4)c32)c2c(n1)CCC2,12.24744871391589
Cn1cccc1-c1nc2ncc3sc(CNc4ncc5ncn(C)c5n4)nc3c2s1,12.288205727444508
COc1cccc2nc(Nc3nc(-c4sccc4F)nc4c3nnn4C)sc12,12.288205727444508
CCc1nc2nc(Nc3cc(-c4cccs4)nc4nc(-c5ccco5)nn34)ccn2n1,12.288205727444508
Cc1ccc(Nc2nnc3c(n2)n(C)c(=O)n3-c2nc(-c3nccs3)cs2)s1,12.288205727444508
c1coc(-c2nc3nc(-c4ccc5c(c4)OCO5)nc(NCc4cccs4)n3n2)c1,12.288205727444508
Cn1c(-c2ccc3c(c2)OCO3)ccc1-c1nc(Nc2nccs2)c2nnn(C)c2n1,12.328828005937952
Cc1noc(-c2nc(N3CC3)sc2-c2csc(Nc3ccc4c(c3)OCCO4)n2)n1,12.328828005937952
Nc1nc(-c2ccns2)nc2c1ncn2Cc1c(-c2cncs2)nc2sccn12,12.409673645990857
Cn1ncc2c(Nc3nc4c(ncn4CC4CCC4)s3)nc(-c3nccs3)nc21,12.409673645990857
COc1ccc(F)c2sc(Nc3nc(-c4nccs4)nc4nn(C)cc34)nc12,12.449899597988733
Cn1cc(-c2nc3c(NCc4ccccc4)nc4nc(-c5ccco5)nn4c3s2)cn1,12.489995996796797
CCn1c(=O)sc2nc(-c3nc4cccnc4n3C)c(Nc3nccs3)nc21,12.609520212918492
CCn1c2nnc3cn(C)cc3c2c2nc(-c3csc(Nc4ccccn4)n3)nn21,12.609520212918492
Cc1nc2cc(-c3nc(Nc4nccs4)n4nc(-c5ccco5)nc4n3)ccc2n1C,12.609520212918492
c1csc(CNc2nc3c(-c4cn5ncccc5n4)cc(-c4cscn4)nn3n2)c1,12.609520212918492
Cn1c(-c2ccco2)nc2c1nc(NCc1cccs1)n1nc(-c3cccs3)nc21,12.609520212918492
c1coc(-c2nc(NCc3cccs3)n3nc(-c4cn(-c5ccco5)s4)nc3n2)c1,12.609520212918492
Cc1c(-c2ccn3ncnc3c2)nc(NCc2nccs2)n2nc(-c3ccco3)nc12,12.609520212918492
Cc1nc2sc(Nc3nc(-n4cccn4)nc4c3cnn4C)nc2n1-c1cccs1,12.609520212918492
Cn1ncc(-c2nc3nc(NCc4cccs4)nc(C#N)n3n2)c1-c1cccs1,12.609520212918492
Cn1cc(CNc2nc(-c3ccco3)nn3cc(-c4nccs4)nc23)c2ccsc21,12.609520212918492
CCn1ncc2c(N3CCc4c(-c5nccs5)nc(N)n4C3)nc(-c3ccco3)nc21,12.727922061357855
Cc1noc(-c2nc(Nc3ccncc3)nc3c2ncn3Cc2sccc2Cl)n1,12.727922061357855
Cn1c(NCc2nc3c(N4CCOC4)nc(-c4ccco4)nc3s2)nc2ccccc21,12.767145334803704
COC(=O)c1cc2c(Nc3nn(-c4nccs4)c4c3ccn4C)ncnc2s1,12.806248474865697
c1coc(-c2nc3nc(-c4cccs4)nc(NCc4ccc5c(c4)OCO5)n3n2)c1,12.922847983320086
c1coc(-c2nc3c4c(nnn4CCc4cccs4)nc(Nc4nccs4)n3n2)c1,12.922847983320086
CCn1cnc2c(=O)n(-c3nccs3)c(Nc3nc(-c4cccs4)ns3)nc21,12.922847983320086
CSc1nc(-n2c(-c3nc4ccccc4s3)cc3ccc(NC=O)nc32)n(C)n1,13.076696830622021
Cn1cnc2c(Nc3nc(-c4ccc(N5CCC5)nc4)cs3)nc(-c3nccs3)nc21,13.076696830622021
Cc1ncc(C)n2nc(-c3nc4c(nc(Nc5nc6ccccc6s5)n4C)s3)nc12,13.076696830622021
Cn1c(Nc2ccc3scnc3c2)nc2sc(-c3ccnc(N4CCC4)n3)nc21,13.19090595827292
c1coc(-c2nc3c4sc(-c5cncs5)nc4nc(NCCN4CCC4)n3n2)c1,13.19090595827292
Cc1ccc(-c2nc([SH](=O)=S)c3nc(Nc4nc5ccccc5s4)n(C)c3n2)o1,13.19090595827292
Cn1c(-c2nccs2)nn2nc(-c3sc4cc(OC(C)(C)C)ccc4c3N)nc12,13.228756555322953
Cn1cc(-c2nc3cnc(Nc4ccc(Cn5cnc6ncccc65)nc4)nc3s2)s1,13.228756555322953
CN(C)c1nc(-c2cc(Nc3nccs3)n3nc(-c4ccco4)nc3n2)c(F)s1,13.228756555322953
Cn1c(-c2cn3ncnc3s2)nc2c(NCc3cncs3)nc(-c3ccco3)nc21,13.228756555322953
CCn1c(=S)n(C)c2nc(-c3snnc3Nc3ncnc4ccsc34)cnc21,13.2664991614216
Cn1c(-c2ccco2)nc2sc(N3CCN(c4cnc(Nc5ncccn5)s4)C3)nc21,13.2664991614216
Cn1c(Nc2nc(-c3nccs3)nc3nc(-c4ccco4)nn23)ccc1N1CCC1,13.341664064126334
Cc1noc(-c2nc3ncnc(NC4CCN(c5nccs5)CC4C)c3s2)n1,13.379088160259652
COc1ccc(Cn2cc(-c3nc4c(Nc5cccs5)ncnc4s3)nn2)cn1,13.416407864998739
Cc1nsc(-c2nc(NCc3cccs3)c3ncn(-c4cccs4)c3n2)n1,13.416407864998739
CNc1nc(-c2c3c(nc(NC(C)(C)C)n4nc(-c5ccco5)nc34)nn2C)cs1,13.45362404707371
Cn1cc(-c2nn3ccc(-c4nc5c(NCc6cccs6)ncnc5s4)nn23)cn1,13.527749258468683
COc1ccc2c(c1)CCN(c1nc(-c3ccco3)nc3nc(-c4ccco4)nn13)N2,13.527749258468683
Cn1cnc2c(Nc3nc4ccccc4n3Cc3ncsn3)nc(-c3ccco3)nc21,13.527749258468683
Cc1ccc(Nc2nc3nc(-c4nc5c(N6CCC6)ncnc5s4)n(C)c3s2)nc1,13.527749258468683
Cn1cnc2cc(-n3ccnc3Nc3nc(-c4nccs4)nc4c3ncn4C)ccc21,13.527749258468683
C#CCSc1nc(-n2cccn2)nc2c(Nc3nccs3)nc(-c3ccco3)n12,13.527749258468683
Cn1c(-c2ccco2)nc2sc(Nc3ncc4nnn(Cc5cccs5)c4n3)nc21,13.527749258468683
c1coc(-c2nc(Nc3cn(CC4CC4)c(-c4cnccn4)n3)c3ncsc3n2)c1,13.638181696985855
Cn1ccc(Cn2c(=S)sc3c(N)nc(-c4cn(-c5cccs5)nn4)nc32)n1,13.638181696985855
Cn1nc(-c2cccs2)nc1-c1nc(Nc2ncc(Cl)s2)nc2c1ncn2C,13.638181696985855
Nc1nc(-c2nn(CCF)nc2-c2cccs2)nc2nc(-c3nccs3)sc12,13.638181696985855
Cn1c(-c2cnn(C3CCOC3)c2)nc2c(Nc3nccs3)nc(-c3ccco3)nc21,13.638181696985855
CC1CN(c2ccc(Oc3nn4c(-c5nccs5)nc(N)c4s3)s2)CCO1,13.638181696985855
COc1ccc(Nc2nc3nc(N4CCC4)sc3c3nc(-c4cscn4)nn23)cc1,13.674794331177344
Fc1ccc(-c2nc(NCc3cncs3)n3nc(-c4nccs4)nc3n2)s1,13.674794331177344
Cn1cc(CNc2nc(-c3ccco3)nn3nc(-c4nc5ccccc5s4)nc23)cn1,13.674794331177344
Cn1cc(-c2cc3c(-c4nc5c(nc(Nc6ccccc6)n5C)s4)ncnn3n2)cn1,13.674794331177344
CNc1nccc2sc(Cn3c(-c4ccco4)nn4nc(-c5cccs5)nc34)nc12,13.711309200802088
c1coc(-c2nc(NCc3cccs3)n3nc(-c4cn5ccsc5n4)nc3n2)c1,13.711309200802088
c1csc(-c2nnnn2-c2nc(Nc3ccsc3)nc3c2ncn3CC2CC2)c1,13.784048752090222
c1coc(-c2nc3nc(-c4ccc(N5CCC5)s4)nc(Nc4nccs4)n3n2)c1,13.784048752090222
c1coc(-c2nc3nc(-c4ccsc4CN4CCC4)nc(Nc4nccs4)n3n2)c1,13.784048752090222
Cn1nc(-c2nc3c(NCc4cccs4)ncnc3s2)n(-c2nccs2)c1=O,13.820274961085254
c1csc(CNc2nc(N3CC3)oc2-c2nc3nnc(-c4cccs4)nc3s2)c1,13.820274961085254
COc1ccc(-c2nc3c(Nc4nccs4)nc(-c4nccs4)nc3n2C)cc1,13.820274961085254
CNc1nc(-c2nc3nn(Cc4cccs4)nc3c3nc(-c4ccco4)nn23)cs1,13.820274961085254
CCn1c(-c2nccs2)c(Nc2nc(-c3nccs3)nc3c2ncn3C)sc1=O,13.820274961085254
c1coc(-c2nc(Sc3nc4c(s3)CNCC4)n3nc(-c4ccco4)nc3n2)c1,13.820274961085254
Cn1cc(Cn2nc(-c3nc4ccccc4s3)nc2Nc2nccs2)n2ncnc12,13.820274961085254
Cn1c(-c2cn3nnnc3s2)nc2c(NCc3cccs3)nc(-c3ccco3)nc21,13.820274961085254
Cn1ccnc1-c1cnc(Nc2nc(-c3nccs3)nc3c2sc(=O)n3C)s1,13.820274961085254
Cn1cc(-c2nc3c(nc(NCc4ccccc4)c4nc(-c5ccsc5)nn43)s2)nn1,13.820274961085254
Cn1cnc2nc(-c3nc4nc(-c5ccco5)nc(NCc5cccs5)n4n3)sc21,13.820274961085254
c1ccc(Nc2nc3sc(-c4cscn4)nc3n2CCn2cncn2)cc1,13.856406460551018
Cc1sc2nnc(N3CCCC3)nc2c1-c1nc(Nc2ccsc2)n(C)c1C#N,13.96424004376894
Cn1ccnc1C1CCN(c2ccc(Nc3ncnn4c(-c5ccco5)nnc34)s2)CC1,13.96424004376894
Cc1noc(-c2nc3cn(C)nc3nc2Nc2ccc(N3CCSCC3)c(F)c2)n1,14.0
Cc1ncn(-c2ccc(Nc3nc(-c4nccs4)c4ncn(C)c4n3)c(Cl)c2)n1,14.071247279470288
CCn1cnc2c1nc(NCc1cccs1)n1nc(-c3cccc4c3OCO4)nc21,14.106735979665885
Cn1c(Nc2cccs2)nc2c(N3CCC(C4CC4)CO3)nc(-n3ccnc3)nc21,14.106735979665885
CN(C)c1nc(Nc2nccs2)c2sc(-c3nc4ccccc4n3C)nc2n1,14.106735979665885
Cn1c(-c2nccs2)nc2sc(-c3ccoc3Nc3ncnc(N4CCC4)n3)nc21,14.106735979665885
COc1nnc(-c2nc3c(NCc4cccs4)ncnc3n2-c2cccs2)s1,14.106735979665885
c1ccc(-n2nnc3c(Nc4ccc(-n5nccn5)cc4)nc(-c4cncs4)nc32)cc1,14.142135623730951
COc1ccc(-c2nc(Nc3nc(-c4cncs4)nc4scnc34)n(C)n2)cc1,14.142135623730951
COc1ccc2nc(Nc3sc(N4CCOCC4)nc3-c3nc(C)no3)sc2c1,14.142135623730951
COc1ccc(Nc2nc(-c3nc4ccccc4s3)nn2-c2nccs2)cn1,14.247806848775006
Cn1cc(CNc2nc3c(nc(-c4cscn4)n3-c3ccccc3)c3ncnn23)cn1,14.247806848775006
CCn1c(-c2nccs2)nc2c(N)nc(-c3cccn3-c3ccc4ccnn4c3)nc21,14.247806848775006
CCn1c(=S)n(C)c2c(-c3nc4ccc(=O)on4n3)nc(Nc3ccsc3)nc21,14.247806848775006
CC1OCCN1c1nc(Nc2nccs2)sc1-c1nc(-c2ccccn2)ns1,14.2828568570857
c1coc(-c2nn3nc(-c4cccs4)nc3n2CCNc2ncc3ccsc3n2)c1,14.2828568570857
Cn1c(-c2nc3n(C)c(-c4ccco4)nn3n2)cc2cnc(Nc3cccs3)nc21,14.2828568570857
Cc1cc2c(nc(-c3nc4c(NCc5cccs5)ncnc4s3)c(=O)n2C)s1,14.2828568570857
CN(C)c1nc2c3sc(-c4cscn4)nc3nc(NCc3ccc(C#N)cc3)n2n1,14.2828568570857
CCC1CN(c2nc(Nc3nccs3)c3nc(-c4ccco4)sc3n2)CCO1,14.352700094407323
Cc1ccc(CNc2nc(N3CCC(C#N)C3)n3nc(-c4cccs4)nc3n2)s1,14.352700094407323
CCn1nc2sc(Sc3nc(N)c4nc(-c5cccs5)sc4n3)cn2c1=O,14.352700094407323
CSc1nc2sc(-c3nc4sc(-c5cccs5)nc4nc3N)nc2n1C,14.352700094407323
Nc1nc(-c2nccs2)cn2nc(CSc3nsn3-c3ccccc3F)nc12,14.352700094407323
CSc1nc2nc(-c3ccco3)nc(Nc3ccc4ncn(C5CN5)c4n3)c2s1,14.352700094407323
c1coc(-c2nc3c4nn(CCc5cscn5)nc4nc(Nc4cccs4)n3n2)c1,14.38749456993816
CCNc1nc(-c2ccc(-n3nccn3)cc2)nc2sc3nc(-c4ccco4)nn3c12,14.38749456993816
Cn1ccnc1Nc1nc(-c2cccs2)nn2nc(-c3nc4ccccc4o3)nc12,14.38749456993816
Cn1nc(-c2nccs2)nc1-c1nc2sc(Nc3ccccc3)nc2n(C)c1=O,14.38749456993816
Nc1nc(CCn2c(-c3nc4ccccc4s3)nn3nc(-c4ccco4)nc23)cs1,14.52583904633395
c1ccc(CNc2nc(-c3ccco3)nc3sc(-c4nn5nccc5s4)nc23)nc1,14.52583904633395
CN(C)c1csc(-n2nc(-c3nccs3)nc2Nc2ncnc3ccccc23)n1,14.560219778561036
Cc1noc(-c2csc(Nc3ccc(N4CCN(c5ncccn5)CC4)s3)n2)n1,14.560219778561036
c1csc(-c2nc3sc(-c4nc5c(NCC6CC6)ncnc5s4)nn3n2)c1,14.628738838327793
CC1CCN(c2nc(Nc3nccs3)nc3c2nc(-c2ccco2)n3C)CCO1,14.628738838327793
C=CCn1cc(-c2nc(N)c3sc(N4CCOCC4)nc3n2)nc1-c1cccs1,14.628738838327793
COc1ccc(Nc2nc3sc(-c4nc5ccsc5n4C)nc3c3ncnn23)cc1,14.66287829861518
Cn1cnc(-c2cc3nc(-c4ccco4)nc(Nc4nc5ccccc5s4)n3n2)n1,14.66287829861518
Cn1cc2c(nc(NCc3cccs3)n3nc(-c4ncnn4-c4cccs4)nc23)n1,14.66287829861518
Cn1ccnc1Nc1nc2nc(-c3ccco3)nn2nc1-c1nc2ccccc2s1,14.66287829861518
Cn1cc2c(nc(NCc3cccs3)n3nc(-c4ncnn4-c4ccccc4)nc23)n1,14.66287829861518
Cn1ncc(CNc2nc(-c3ccco3)nn3nc(-c4cc5ccccc5s4)nc23)n1,14.66287829861518
CC1CN(c2nc(Nc3nccs3)nc3c2nc(-c2cccs2)n3C)CCO1,14.66287829861518
Cn1cnc2c1nc(-c1nc3ncnc(NCc4ccsc4)n3n1)n2-c1cccs1,14.66287829861518
Cc1csc(-c2nc3c(NCc4cccs4)ncnc3n2-c2ccc3ncnn3c2)n1,14.66287829861518
Cn1nc(-c2nc3c(NCc4cccs4)ncnc3n2-c2ccc3nonc3c2)s1,14.66287829861518
COc1cnc(Nc2nc3nc(-c4ccco4)nc(N4CCOCC4)c3s2)s1,14.696938456699069
Nc1nc(-c2nc(N3CC3)cs2)nc2c1nc(-c1ccco1)n2C(=O)c1cccs1,14.7648230602334
C=CCn1c(Nc2nccs2)nc2nc(-c3ccco3)nc(N3CCSC3)c21,14.798648586948742
Cn1nnc2c1nc(NCc1cccs1)n1nc(-c3ccc(-c4ncco4)s3)nc21,14.798648586948742
Cn1c(=O)n(C)c2sc(-c3nc(Nc4cccnc4)nc(-c4cccs4)n3)nc21,14.798648586948742
CN(C)c1nc(Nc2nccs2)c2sc(-c3ccc4c(c3)OCCO4)nc2n1,14.832396974191326
Cn1c(-c2ccco2)nc2c1nc(NCc1cccs1)n1nc(-c3cscn3)nc21,14.832396974191326
Cn1cc(-c2nc3nc(Nc4nc(-c5cccs5)nc5c4ncn5C)ncc3s2)cn1,14.832396974191326
Cn1c(-c2ccco2)nc2c1nc(NCc1cccs1)n1nc(-c3nccs3)nc21,14.832396974191326
Cn1c(-c2nccs2)nc2c(N3CCC3)nc(Nc3ccc4nsnc4c3)nc21,14.933184523068078
c1coc(-c2cc3nc(-c4nnc(N5CCC5)s4)nn3c(Nc3nccs3)n2)c1,14.933184523068078
Cn1cc(-c2nc3c(NCc4cccs4)ncnc3n3nc(-c4ccco4)nc23)cn1,14.933184523068078
Cc1nc(-c2nc(Nc3nc(N4CC4)c4sccc4n3)n(-c3ccccc3)n2)cs1,14.933184523068078
CSc1nc2nc(-c3cc4nc(Cl)n(C)c4nc3Nc3nccs3)ccn2n1,14.933184523068078
Cn1nnc2c(Nc3ccc4nc(N5CCC5)sc4c3)nc(-c3nccs3)nc21,14.933184523068078
Cn1cc2ncc(-c3nc4sc(Nc5ccccc5)nc4n3Cc3cscn3)nc2n1,14.933184523068078
c1coc(-c2nc(Nc3nccs3)c3c(nnn3Cc3ccc4c(c3)OCO4)n2)c1,14.966629547095765
CN(C)c1nc2c(Nc3nccs3)nc(-c3ccc4c(c3)OCCO4)nc2s1,14.966629547095765
Cn1cnc2c(Nc3nc(-c4ccc(N5CCOCC5)cc4)ns3)nc(-c3ccco3)nc21,14.966629547095765
Cc1cc(Nc2nc3ccsc3c3nc(-c4ccco4)nn23)nc(N2CCOCC2)n1,14.966629547095765
COC(=O)c1ccc(Nc2ncc(-n3nccn3)c(-c3nc4sccc4s3)n2)cc1,15.0
Cn1cc2ncn(-c3nc(N)n4nc(SCc5cc6ccccc6s5)nc4n3)c2c1,15.033296378372908
CSc1sc(N)nc1-c1nc2nc(-c3cccs3)n(C)c2c2nc(F)nn12,15.033296378372908
c1coc(-c2nc3nc(-c4cccs4)nc(Nc4ccc(N5CCC5)nc4)n3n2)c1,15.033296378372908
c1ccc(-c2nc3c4ncn(Cc5ccsn5)c4nc(NCc4cccs4)n3n2)nc1,15.066519173319364
Cn1nnc2c(Nc3ccc(N4CCC(c5nccs5)=N4)s3)nc(-c3ccco3)nc21,15.066519173319364
Cn1cc(-c2nc(N)c3sc(-c4cscn4)nc3n2)cc1Sc1cnccn1,15.066519173319364
COc1nc2ncnc(Nc3nc4sc(-c5ccccc5)nc4c(=O)s3)c2s1,15.0996688705415
CCn1c2nc(NCc3cccs3)ncc2c2nc(-c3nc4sccn4n3)cn21,15.0996688705415
CSc1nc2ccc(CNc3nc(-c4nccs4)nc4c3nnn4C)cc2s1,15.0996688705415
Cn1nccc1-c1nc(N)c2nc(SCc3nc(-c4cccs4)ns3)sc2n1,15.198684153570664
Cn1cnc2nc(-c3nc(NCc4ccccc4)n4nc(-c5ccco5)nc4n3)sc21,15.198684153570664
CNc1nc2nc(SCc3cc4ccccc4o3)nn2c2nc(-c3ccco3)nn12,15.198684153570664
Cn1cc2c(-c3nccn3C)cc(Nc3cnc4sc(-c5nccs5)nn34)nc2n1,15.198684153570664
Cn1ccc(-c2nc(NCc3ccc4c(c3)OCO4)n3nc(-c4ccsc4)nc3n2)n1,15.231546211727817
CSc1nc(Nc2nccs2)c2nc(-c3cc(-c4ccncc4)cs3)nn2n1,15.231546211727817
c1coc(-c2nc3nc(-c4nccs4)nc(NCc4ccc5c(c4)OCO5)n3n2)c1,15.231546211727817
Cc1noc(-c2cc(N3CCN(c4cccs4)CC3)nc(Nc3nccs3)n2)n1,15.231546211727817
COC(=O)c1cc2sc(Nc3nc(-c4nccs4)nc4ncn(C)c34)nc2s1,15.264337522473747
Cn1c(-c2ccco2)nc2c(N)nc(-c3sc(F)nc3Sc3nccs3)nc21,15.297058540778355
Cc1cc2c(-c3nc(-c4ccco4)nn3C)nnn2c(NC2CCN(C(C)(C)C)CC2)n1,15.329709716755891
Cc1nn(C)n2nc(-c3nc4c(nc(Nc5ccc6ncsc6c5)n4C)s3)nc12,15.329709716755891
CSc1nc(Nc2nc3ccccc3s2)c2nc(-c3nsc(=O)n3C)cn2n1,15.362291495737216
CC(C)(C)N1CC(n2nc3nc(-c4ccco4)nc(N)c3n2)CCN1Cc1ccccc1,15.394804318340652
OC1CN1c1ccc(-c2nc3c(Nc4cnccn4)nc(-c4ccco4)nc3s2)s1,15.427248620541512
CCn1c(=S)sc2nc(-c3nn(C4CCC4=O)s3)nc(-c3csc(N)n3)c21,15.427248620541512
Nc1nc2c(nc1-c1nc3ccccc3s1)nc(-c1ccco1)n2CCN1CCOC1,15.427248620541512
c1ccc2sc(-c3nc(NCc4nnnn4CC4CC4)c4scnc4n3)nc2c1,15.459624833740307
Cn1nc(-c2ccco2)nc2c(Nc3nccs3)c(-c3ccc4c(ncn4C)n3)nc1-2,15.459624833740307
Cn1cnc(-n2c(-c3nc4cccn4s3)nc3c(NCc4cccs4)ncnc32)n1,15.459624833740307
C=CCn1c(Nc2cccs2)nc2c(N3CCOCC3)nc(-c3nccs3)nc21,15.459624833740307
Cn1c(-c2nc(NCc3cscn3)nc3nc(-c4ccco4)nn23)nc2ccccc21,15.459624833740307
Cn1nnnc1-c1nc2c(NCc3ccsc3)nc(-c3cccs3)nc2n1C,15.459624833740307
CN(C)c1ncc2sc(Nc3nc(-c4ccc(F)nc4)nc4ccsc34)nc2n1,15.491933384829668
c1ccc(-n2c(-c3nccs3)nc3nc(SCc4nc5ccccc5s4)nn32)nc1,15.524174696260024
COc1ccc2oc(-c3nc(-c4nccs4)n(-c4ccc5ncn(C)c5n4)n3)nc2c1,15.524174696260024
Cc1ccc(Oc2nc(-c3nc4ncnc(N)c4s3)sc2N2CCOCC2)s1,15.588457268119896
CN(C)c1ccc(-c2cc(Nc3ncccn3)n3nc(-c4nccs4)nc3n2)s1,15.620499351813308
Cn1nc(-c2ccc(N3CCCC3)nc2)nc1Nc1nc(-c2ccco2)nc2scnc12,15.620499351813308
Cn1c(Nc2csc3nc(-c4ccccc4OC4=NCCO4)nn23)nc2ncccc21,15.620499351813308
COc1ccc(Cn2cnc3nc(Nc4nccs4)nc(-n4nccn4)c32)cc1F,15.620499351813308
Cc1noc(-c2nc(N3CCOCC3)sc2-c2ccnc(Nc3ccccc3)n2)n1,15.620499351813308
c1ccc(-n2c(-c3ncc[nH]3)nc3nc(SCc4nc5ccccc5s4)nn32)nc1,15.684387141358123
c1csc(-n2c(-c3nccs3)nc3cc(SCc4nc5cccnc5o4)nn32)c1,15.684387141358123
Cn1cc(-c2nc3c4nc(-c5cccs5)n(C)c4nc(Nc4nccs4)n3n2)cn1,15.716233645501712
O=C(O)C1CCN(c2nc(-c3cccs3)nn2-c2nc(-c3nccs3)co2)CC1,15.716233645501712
CC1(C)CN(c2csc(-c3nc(N)c4sc(-c5cscn5)nc4n3)n2)CCO1,15.716233645501712
Cn1ccc(CNc2nc(-c3nc4ccccc4s3)nn3nc(-c4ccco4)nc23)n1,15.716233645501712
Cc1nc(-c2nc3c(N4CCOCC4)nc(NCc4ccsc4)nc3s2)co1,15.716233645501712
c1coc(-c2nc(Nc3nccs3)n3nc(-c4ccn(C5CCOCC5)c4)nc3n2)c1,15.716233645501712
COC(=O)c1ccc(Nc2nc3c(N4CCN(c5nccs5)C4)ncnc3s2)cc1,15.748015748023622
Cn1c(-c2ccco2)nc2cnc(Nc3nc4ccc(CN5CCOC5)nc4s3)nc21,15.748015748023622
CSc1nc(-c2nc(N)c3nc(-c4cccs4)n(C)c3n2)n2sc3c(c12)CCO3,15.811388300841896
Cn1c(SCc2nc3ccccc3s2)nc2c(-c3nccs3)nc(N)nc21,15.811388300841896
Cc1cc2nc(Nc3nc4nc(-c5ccco5)n(C)c4s3)nc(N3CCCC3)n2n1,15.84297951775486
Nc1nc(-c2nn(-c3nccs3)s2)nc2c1nc(-c1ccco1)n2Cc1cccs1,15.84297951775486
Cn1c(-c2nc3c(NCc4nccs4)nc(-c4cccs4)nc3s2)noc1=O,15.84297951775486
c1csc(-c2nc(-n3ncnn3)c3nc(NCc4ccc5c(c4)OCO5)sc3n2)c1,15.84297951775486
c1csc(CNc2nc(N3CCC3)c3c(n2)nc(-c2nccs2)n3-c2cnco2)n1,15.84297951775486
Cn1ncc2c(-c3ccn4nc(CN5CCCC5)cc4n3)nc(Nc3nccs3)nc21,15.874507866387544
COc1ccc(-n2ncnc2-c2nc3ccsc3nc2Nc2nccs2)cn1,15.874507866387544
N#CSCn1ccc(-c2nc3c(NN4CCCC4)nc(-c4cccs4)nc3s2)n1,15.874507866387544
CNc1nc2cc(C)ccc2c2nc(-c3nnc(-c4cncs4)n3-c3nccs3)nn12,15.874507866387544
Cc1nc(-c2nc(Nc3ccc4scnc4c3)nc(N3CCO[C@H](C)C3)n2)cs1,15.874507866387544
Cn1nc(-c2cccs2)nc1CSc1nnc2nc(-c3cccs3)sc2n1,15.905973720586866
Cc1nc2c(s1)N(c1nc(NCc3ccccc3)n3nc(-c4ccco4)nc3n1)CCC2,15.937377450509228
CCC1CSN(c2cc3nc(-c4ccco4)nn3c(Nc3nccs3)n2)CCO1,15.968719422671311
CN(C)c1cnc(-c2nc3sc(Nc4ncnc5ncsc45)nc3s2)cn1,15.968719422671311
CSc1nnc(Nc2nc3ccccc3s2)c(-c2nc3ccccc3n2C)n1,15.968719422671311
Cn1cnn2cc(-c3nc(NCc4cccs4)n4nc(-c5ccccc5)nc4n3)nc12,15.968719422671311
C#CCn1nc(-c2cccs2)nc1Nc1nc(-c2nccs2)nc2c1ncn2C,15.968719422671311
Cc1nc(NCc2cccc(F)c2)c2nc(-c3nc4nc(C)sn4n3)sc2n1,15.968719422671311
CCn1cnc2c(Nc3ncc4c5n(cc4n3)CCCN5C)nc(-c3nccs3)nc21,15.968719422671311
Cn1ccc(-c2nc3c(N4CCOC4)nc(Nc4nc5ccccc5s4)nc3o2)n1,16.0
CN(C)c1ccc(-c2nc(Nc3nccs3)n3nc(-c4nccs4)nc3n2)cc1,16.0
Cc1ccc2sc(-c3nnc(-n4cccn4)nc3Nc3nccs3)nc2n1,16.0
Cn1cc2nc(Nc3csc(N4CCCCC4)n3)n3nc(-c4ccco4)nc3c2n1,16.06237840420901
Cn1cnc2sc(-c3nc(N)c4nc(-c5ccco5)n(Cc5cccs5)c4n3)nc21,16.09347693943108
C=C(C)Oc1ccc(Nc2nc(N3CCOCC3)n3nc(-c4ccco4)nc3n2)s1,16.1245154965971
Cn1c(-c2cc3nc(S(C)(=O)=O)c(Nc4ncns4)nc3s2)nc2ccccc21,16.1245154965971
CCc1nc2c(Nc3nccs3)nc(-c3cn(C4CCOCC4)nn3)nc2s1,16.1245154965971
Cn1c(SCC(F)(F)F)nc2c(Nc3nnc(-c4nccs4)s3)ncnc21,16.1245154965971
CSc1nc2ncnc(Nc3nc4sc(-c5ccccc5)nc4n(C)c3=O)c2s1,16.1245154965971
c1cnn(-c2nc(Nc3ccsc3)nc(SCc3ccc4c(c3)OCO4)n2)c1,16.1245154965971
COc1ccc(-n2nnc3c(Nc4nc5ccccc5s4)nc(SC)nc32)cc1,16.1245154965971
CN(C)c1ccc(-c2nc3c(Nc4nccs4)nc(-c4ccco4)nc3s2)nn1,16.1245154965971
Cn1c(-c2cccs2)nc(Nc2nc(-c3nccs3)nc3c2nnn3C)c1Cl,16.186414056238647
Nn1c(-c2ccco2)nc2c(CSc3nnc4n3CCS4)c(-c3cccs3)nn21,16.186414056238647
CN1CCC(Nc2nc(-c3ccco3)nn3nc(-c4nc5ccccc5s4)nc23)C1,16.186414056238647
CNc1nc([SH]=Nc2cnccn2)c2nc(-c3ccco3)n(-c3cccs3)c2n1,16.186414056238647
Cc1cnc(Nc2nc(-c3ccco3)c3nnn(CC4CCSS4)c3n2)s1,16.217274740226856
c1ccc(CNc2nc3nnc(-c4ccco4)nc3c3nc(-c4css4)nn23)cc1,16.217274740226856
Cn1c(CNc2nc(-c3cccs3)nc3nc(-c4cscn4)nn23)nc2ccccc21,16.217274740226856
Cn1nc(-c2nc3c(N4CCOC4)nc(Nc4cccs4)nc3s2)c2ncccc21,16.24807680927192
COc1ccc2nc(Nc3cc(-n4nccn4)nc(-c4csc(C)n4)n3)sc2c1,16.24807680927192
CC1(C)CON(c2cc3nc(-c4ccco4)nn3c(Nc3nccs3)n2)CCO1,16.24807680927192
Cn1c(=S)n(C)c2c(Nc3ccnc(-c4ccccn4)n3)nc(-c3nccs3)nc21,16.24807680927192
Cn1nc(-c2ccccc2)n1-c1nc(N)c2nc(SCC(F)(F)F)ncc2n1,16.30950643030009
COc1ccc(Nc2nc3sc(-c4nc(Cl)nn4C)nc3c3ncnn23)cc1,16.34013463836819
c1csc(-c2noc(Cn3nc(N4CCCC4)nc3Nc3nccs3)n2)c1,16.34013463836819
Cn1c(Cn2c(-c3cccs3)nc3c(N)nc(-c4nccs4)nc32)nc2sncc21,16.431676725154983
Cc1nn(C2CCC2)c2sc(-c3nc4c(C)nc(Nc5nccs5)nn4n3)cc12,16.431676725154983
Cn1cnc(-c2nc3c4cn(-c5cccs5)nc4nc(NCc4cccs4)n3n2)n1,16.46207763315433
O=Cn1nc(-c2nc3c(NCc4cccs4)ncnc3s2)nc1-c1cccs1,16.46207763315433
CN(C)c1nc(N)nc2nc(-c3nc4scnc4s3)n(-c3ccc4ncsc4c3)c12,16.46207763315433
c1ccc(CNc2nc(-c3cn4sccc4n3)nc3nc(-c4cscn4)nn23)cc1,16.46207763315433
COc1csc(CNc2nc3c(N4CCOCC4)nc(-c4ccco4)nc3s2)n1,16.492422502470642
c1csc(CNc2nc(N3CC3)c3nc(-c4nccs4)n(-c4ccncn4)c3n2)c1,16.492422502470642
CSc1nccn1-c1ccc(Nc2nc(-c3cscn3)nc3c2ncn3C)nc1,16.492422502470642
CC1(C)OCCN(c2nc(Nc3nccs3)c3nc(-c4ccco4)sc3n2)CO1,16.492422502470642
COc1ccc(Nc2nc(N3CCc4scnc43)n3nc(-c4ccco4)nc3n2)cc1,16.492422502470642
c1csc(-c2nc3nc(NCc4ccncc4)nc(Sc4nccs4)n3n2)c1,16.492422502470642
Cn1cc(-c2nc(N)c3sc(-c4ccco4)nc3n2)nc1Sc1nccs1,16.55294535724685
Cn1c(-c2nc(N)sc2-c2cncs2)nn2c(SCc3ccccc3)nnc12,16.55294535724685
Cc1noc(-c2nc(Nc3ccc(N4CCSCC4)nc3F)c3cn(C)nc3n2)n1,16.583123951777
Cc1nc2n(C)c(-c3nc4c(nc(Nc5ccc6ncsc6c5)n4C)s3)nn2n1,16.583123951777
c1coc(-c2nc3nc(-c4cc(N5CCC5)ns4)nc(Nc4nccs4)n3n2)c1,16.583123951777
CC1(C)CCON(c2cc3nc(-c4ccco4)nn3c(Nc3nccs3)n2)CCO1,16.583123951777
Nc1nc2c(nc1-c1ccc(OCc3nncs3)s1)sc(=S)n2-c1ccccn1,16.583123951777
Cn1cc(N2CCCOCC2)nc1-c1nc2c(Nc3cccs3)nc(N)nc2s1,16.61324772583615
COC(=O)c1ccc(Nc2nc(-c3nc4ccccc4s3)nc(-n3cccn3)n2)cc1,16.64331697709324
Cn1c(-c2cccs2)nc2c(N)nc(-c3nc4nc(CN5CCC5)sc4s3)nc21,16.64331697709324
CC1OCCN(c2ccc(Oc3nc4nc(N)sc4nc3-c3cccs3)nc2)O1,16.673332000533065
Cn1c(-c2ccco2)nc2c1nc(NCc1cccs1)n1nc(-c3ncns3)nc21,16.703293088490067
Cn1cccc1-c1nc2c(nc1N1CCC1)nc(-c1nccs1)n2Nc1ccncn1,16.703293088490067
Cn1cc(Nc2nc(-c3nc4ccccc4s3)nc(-n3cccn3)n2)nc1N1CCC1,16.703293088490067
COc1cccc(Cn2nc(-c3nccs3)nc2Nc2nc3ccccc3s2)n1,16.703293088490067
COc1ccccc1-c1nc2c(N3CCOCC3)nc(Nc3nccs3)nc2s1,16.73320053068151
CSc1nc(-c2cccs2)n(-c2nc(Nc3nccs3)c3ncn(C)c3n2)n1,16.73320053068151
c1ccc(OCc2cnn3c(Nc4nccs4)nc(-c4nn5cncc5s4)nc23)cc1,16.73320053068151
c1coc(-c2nc3nc(N4CCN(CC5CC5)CC4)nc(Nc4cccs4)n3n2)c1,16.792855623746664
Nc1nc(-c2cccnc2)nc2c1nc(SCc1cscn1)n2-c1nccs1,16.822603841260722
c1coc(-c2nc(Nc3nccs3)c3nn(-c4ccc(N5CCC5)nc4)nc3n2)c1,16.822603841260722
Cc1nc(F)c(-c2nc(N)n3nc(SCc4nc5ccccc5s4)nc3n2)s1,16.822603841260722
CCn1cnc2c1nc(Nc1ccc3c(c1)OCO3)n1nc(-c3cnc(C)s3)nc21,16.852299546352718
COc1ccc(-c2cc(Nc3nc(-c4nccs4)nc4c3nnn4C)sn2)cc1,16.852299546352718
Cn1nc(-c2nc3c(NCc4cccnc4)nc(-c4cccs4)nc3s2)n2ncnc12,16.852299546352718
CC(=O)C1CN(c2nc(Nc3nc4ccccc4s3)nc(-c3ccco3)n2)CCO1,16.852299546352718
COc1ccc(-c2cc3nc(-c4nccs4)nn3c(NCc3cccs3)n2)nn1,16.852299546352718
Cc1ccc(-c2nc(N3CCO[C@H](C)C3=O)c3nc(Nc4nccs4)sc3n2)o1,16.852299546352718
Cc1nc(Cn2c(N3CCCC3)nc3nc(N)n4nc(-c5cccs5)nc4c32)cs1,16.911534525287763
Cn1c2nc(NCCc3ccc4c(c3)OCO4)ncc2c2nc(-c3nccs3)nnc21,16.941074346097416
CSc1ncc(Nc2nc(N3CCCOCC3)cn3nc(-c4ccco4)nc23)s1,16.941074346097416
CCn1nnc2c3c(c(Nc4nc(-c5nccs5)n(-c5ccccc5)n4)nc21)COC3,16.97056274847714
COc1ccc2cnc(Nc3nc(-c4nccs4)nn3-c3ccns3)nc2c1,16.97056274847714
CSC1CCSN(c2nc(Nc3ccco3)n3nc(-c4ccco4)nc3n2)CC1,16.97056274847714
Cc1cnc(-c2nc3c(Nc4nccs4)nc(N4CCS[C@@H](C)C4)nc3s2)o1,16.97056274847714
COc1ccc(Nc2nc(N3CCOCC3)c3nc(-c4cncs4)sc3n2)cc1,16.97056274847714
CN(C)c1cccc2nc(Nc3nc4c(nnn4C)c4nc(-c5ccco5)nn34)sc12,16.97056274847714
CCn1cnc2c(-c3nc4sc(C)nc4s3)nc(Nc3ccc4c(c3)OCO4)nc21,16.97056274847714
CSC1CCN(c2nc(Nc3nccs3)n3nc(-c4ccco4)nc3n2)CC1,16.97056274847714
Cc1ccc(-c2ncc(N3CCOCC3)nc2Nc2nnc(-c3nccs3)s2)o1,16.97056274847714
Cn1ncc2cc(Nc3nc(N4CCOCC4)c4nc(-c5cnco5)sc4n3)ccc21,16.97056274847714
Cn1cc(-c2nc(-c3ccco3)ns2)nc1C1=NC2=C(N3CCCC3)N=C(N)S2=C1,17.029386365926403
Cc1csc(-c2nc3n(Nc4ccncn4)nc(-c4ccco4)nc-3c2N2CCC2)n1,17.05872210923198
COc1nc(Nc2nc3nc(-c4ccco4)nnc3s2)ccc1N1CCOCC1,17.05872210923198
c1coc(-c2nc(NCC3CCS3)c3nc(-c4nc5ccccc5s4)nn3n2)c1,17.05872210923198
COc1ccc(-c2nc(NCc3cccs3)n3nc(-c4nccs4)nc3n2)cn1,17.08800749063506
C=C(OC)OC1CCN(c2cn3nc(-c4ccco4)nc3c(Nc3nccs3)n2)CC1,17.08800749063506
CCSc1nc(Nc2ccnc3sccc23)c2nc(-c3nccs3)nn2n1,17.08800749063506
COc1c(Cl)sc2c(-c3nc4c(Nc5ncns5)ncnc4n3C)snc12,17.175564037317667
CNc1nc2nc(-c3nn4nc(-c5cccs5)nc4n3-c3nccs3)ccc2n1C,17.175564037317667
COc1csc(-c2nc3nc(-c4nccs4)nc(NCc4nccs4)n3n2)c1,17.204650534085253
Cn1c(-c2nc3ccccc3s2)nn(CC(=O)c2nnc3cccc(O)c3n2)c1=S,17.204650534085253
Fc1ccc(-n2nc(SCc3nc4ccccn4n3)nc2Nc2nccs2)nc1,17.204650534085253
COC(=O)c1ccc(Nc2nc(N3CCC3)c3nc(-c4nncs4)sc3n2)cc1,17.291616465790582
c1coc(-c2nc(NC3CC3)n3nc(SCc4nc5ccccc5s4)nc3n2)c1,17.291616465790582
C=Cn1nc(-c2nc3c(NCc4ccccn4)nc(-c4nccs4)nc3n2C)s1,17.406895185529212
Cc1nn2c(-c3cnc4nc(CNc5nc6ccccc6n5C)sc4n3)cnc2s1,17.406895185529212
Cc1nsc(-c2nc(-c3nsc(C)n3)nc3c2CC(c2cnc(C)s2)N3)n1,17.435595774162696
COc1ccc(Cn2nnc3c(Nc4nccs4)nc(-c4nccs4)nc32)s1,17.435595774162696
Cn1cc(Nc2nc(-c3cncs3)nc(-c3nc4ccccc4s3)n2)c(N2CC2)n1,17.435595774162696
CSc1nc2c(Nc3ccc4c(c3)OCCO4)nc(-c3cscn3)nc2n1C,17.435595774162696
CSc1nc(Nc2nccs2)c2nc(-c3cncs3)c3cn(C)nc3c2n1,17.435595774162696
Cc1ccc(Nc2nc(N3CCN(c4nccs4)C3)n3nc(-c4ccco4)nc3n2)cc1,17.435595774162696
COC(=O)CC1CCN(c2nc3nc(-c4ccco4)nc(Nc4cccs4)n3n2)CC1,17.435595774162696
Cc1ccc2sc(-c3nc(Nc4ccc(-n5cccn5)nc4)n(C4COC4)n3)nc2n1,17.435595774162696
CN(C)c1ccc(Nc2cc(-c3nccs3)nc3nc(-c4nccs4)nn23)cn1,17.435595774162696
COc1nn(C)cc1-c1nc(Nc2nccs2)nc(-c2nc3ccccc3s2)n1,17.435595774162696
CSc1nsc(-c2nc3nc(-c4ccco4)nc(NC4CCOCC4)c3s2)n1,17.435595774162696
COC(=O)c1ccc(Nc2nc(-c3cn4ncsc4n3)cc(N3CCCC3)n2)cc1,17.46424919657298
CCCn1c2nc(-c3nc4ccccc4s3)nc(Nc3ccsc3)c2n[n+]1[O-],17.4928556845359
Cn1cnc2c(N)nc(-n3nc(-c4cccs4)nc3Sc3sccc3F)nc21,17.4928556845359
Cc1nc2ccc(-c3nc(NCc4cccs4)n4nc(N5CCC5)nc4n3)nc2s1,17.52141546793523
CSc1nnc(Nc2nc(-c3ccco3)nc3nc(N4CCOCC4)sc23)s1,17.52141546793523
CC1CCN(c2ccc(Oc3cn4nc(Nc5nccs5)nc4s3)nc2)C(=O)O1,17.52141546793523
CSc1nc2nc(-c3ccco3)nc(Nc3nnc(N4CCOCC4)s3)c2s1,17.52141546793523
COc1ccc2nc(N3CCC3)c(-c3nc4nc(NN=C5CCOC5)sc4o3)nc2c1,17.52141546793523
CSc1cccc2sc(Nc3nc(-c4nccs4)nc4c3nnn4C)nc12,17.549928774784245
N#CCNc1nc(-c2cccs2)nc2nc(SCc3nc4ccccc4s3)nn12,17.549928774784245
Cc1nsc(-c2nc(N)c3nc(SCc4nc5ccccc5s4)sc3n2)n1,17.635192088548397
Cn1cnn2c(-c3nc4c(NCc5cccs5)nc(-c5ccco5)nc4s3)nnc12,17.635192088548397
Nc1nc(-c2ccccc2)nc2nc(SCc3nc(-c4cccs4)ns3)nn12,17.635192088548397
Cc1ccc2nc(-c3nnc(N4CCOC4)nc3Nc3nc4ccccc4s3)n(C)c2c1,17.663521732655695
c1coc(-c2nc(Nc3nccs3)c3nc(-c4nc(CN5CCC5)ns4)cn3n2)c1,17.74823934929885
c1ccc(CNc2nc(N3CCC(c4nccs4)=N3)n3nc(-c4ccco4)nc3n2)cc1,17.74823934929885
Cc1cnn2nc(CSC3=S4C=CN=C4C(Nc4ccncc4)=N3)n(C)c(=O)c12,17.776388834631177
CCn1cnc2c(=O)sc(Nc3nc(-c4nccs4)nc4sc(C)nc34)nc21,17.776388834631177
Cc1csc2nc(-c3nc4nc(-c5ccco5)nc(NCc5cccs5)n4n3)nn12,17.86057109949175
CN(C)c1nc(Nc2nccs2)c2ncn3nc(-c4ccc(Cl)s4)nc3c2n1,17.86057109949175
CNc1ncc(Sc2nccs2)c2nc(-c3nncn3-c3ccc(F)cc3)nn12,17.88854381999832
CCn1c(=S)n(C(=O)c2cccs2)c2c(-n3nccn3)nc(Nc3ccncc3)nc21,17.88854381999832
COc1ccc2nnc(-c3nc4sc(-c5nc(SC)ns5)nc4s3)nc2c1,17.916472867168917
CCOC(=O)c1csc(NN=C2CCSCn3c2nnc3-c2cccs2)n1,17.916472867168917
c1csc(CNc2nc(-c3nccs3)n(-c3cnc4nc(C5CC5)ncn34)n2)c1,17.97220075561143
COc1cnc(-c2nc3nc(N4CCOCC4)nc(Nc4nccs4)c3s2)s1,17.97220075561143
c1cc(-c2cn3nc(SCc4nccs4)nc(Nc4nccs4)c3n2)cnn1,17.97220075561143
Cc1nc(N2CCC2)nc2nc(Nc3nc(-c4nccs4)nc4c3cnn4C)sc12,18.05547008526779
Cc1nnc(NCc2cccc(-c3nc(Cl)cs3)n2)n2nnc(-c3nccs3)c12,18.083141320025124
Cc1nnc(-c2nc3c(N)nc(CSc4nc5ccccc5s4)nc3s2)s1,18.083141320025124
Nc1nc(-c2nn(C3CC3)s2)nc2c1nc(-c1cscn1)n2Cc1cccs1,18.083141320025124
CN(C)c1nc(Nc2ccc3c(c2)OCO3)nc2nc(-c3ncc(C#N)s3)sc12,18.083141320025124
c1ccc2sc(-c3nc(Nc4ccc(-n5nccn5)cc4)nc(N4CCOC4)n3)nc2c1,18.083141320025124
c1cc(OCC2CC2)c2nc(Nc3nc(-c4nccs4)ns3)c3ncnn3c2c1,18.083141320025124
Cn1nc(N2CCC2)nc1-n1nc(Nc2nccs2)nc1-c1nc2ccccc2s1,18.083141320025124
CC(=O)Nn1c(-c2nc3cccnc3s2)nc2sc(-c3csc(N(C)C)n3)nc21,18.110770276274835
COc1ccc(-c2nc(Nc3nccs3)c3nc(-c4nccs4)n(C)c3n2)nc1,18.110770276274835
CSc1nn2cc(-c3cc(-n4nccc4F)nc(Nc4ccccn4)n3)nc2s1,18.110770276274835
Cn1ncc2sc(Nc3nc(N4CCCC4)nc4sc(-c5ncco5)nc34)nc21,18.110770276274835
CSCn1nc(-c2nc(N)c3nc(-c4nccs4)n(C4CCCCC4)c3n2)s1,18.16590212458495
Cn1c(Nc2nc(N3CCC3)n3nc(-c4cccs4)nc3n2)nnc1-c1cccs1,18.193405398660254
CSc1nc2nc(-c3nc4c(NCc5cccnc5)ncnc4s3)sn2n1,18.193405398660254
COc1nccc(-c2nc3sc(Nc4cccc(N5CCOCC5)n4)nc3s2)n1,18.193405398660254
Cn1cnc2c1nc(NCc1nc(-c3ccccc3)ns1)n1nc(-c3cscn3)nc21,18.2208671582886
N#CNc1nc(-c2cscn2)nc2c1c(N1CCOCC1)nn2Cc1cccs1,18.2208671582886
c1csc(Nc2nc(N3CCCCC3)nn2Cc2sccc2-n2nccn2)n1,18.275666882497067
CCSc1nnc(Nc2nc3nc(Cl)nc(N4CCOCC4)c3s2)s1,18.275666882497067
Cn1ccnc1C1CCN(c2nc(Nc3nccs3)nc3ccc(-n4nccn4)cc23)C1,18.303005217723125
COC1CCN(c2cc(-c3nc4nnc(-c5csc(N)n5)nc4s3)cs2)CC1,18.303005217723125
Cc1ncc(-c2nc3c(N4CCOCC4)nc(Nc4ccc5c(c4)OCO5)nc3s2)o1,18.303005217723125
CSc1nc2nc(-c3nnc(Nc4ccc(OC(F)(F)F)cn4)s3)ccn2n1,18.303005217723125
COc1ccc(-c2nc3nc(N4CCOCC4)nc(Nc4nccs4)c3s2)nc1,18.303005217723125
Cn1cnc2c(Nc3nccs3)nc(Sc3nccn4nc(C5CC5)cc34)nc21,18.33030277982336
CSc1nc(Nc2nccs2)c2nc(-c3nc4ccccc4n3C)nn2n1,18.33030277982336
CN(C)c1nc(Nc2nccs2)c2nc(-c3nc4ccccc4s3)nn2n1,18.33030277982336
Cc1nc(-c2cc(N3CCOCC3c3ccsc3)nc(Nc3nccs3)n2)no1,18.33030277982336
Cn1c(-c2ccco2)nc2ncc(Nc3nc4cc(CN5CCCC5)nnc4s3)nc21,18.33030277982336
COc1csc(-c2nc3c(NC4CCOCC4)nc(-c4nccs4)nc3s2)n1,18.33030277982336
CC(=O)Oc1ccc(-c2nc(Nc3ccccc3)nc3nc(-c4cncs4)nn23)s1,18.35755975068582
c1coc(-c2nc3nc(-c4ccn(C5CCSS5)c4)nc(NC4CC4)n3n2)c1,18.384776310850235
CSc1nnc(Nc2nc(N3CCN(c4ncco4)CC3)nc3ccccc23)s1,18.411952639521967
c1coc(-c2nc3nc(N4CCN(CC5CCC5)CC4)nc(Nc4nccs4)n3n2)c1,18.411952639521967
COc1cccc2nc(Nc3nnc4nc(-c5cccnc5N5CC5)sc4n3)sc12,18.411952639521967
Cn1nnc2c(Nc3nccs3)nc(-c3ccc(OC4CCCOCC4)s3)nc21,18.411952639521967
c1ccc(-n2nccc2CSc2nnc3c(n2)sc2nc(NC4CC4)nn23)cc1,18.439088914585774
Cn1c(=O)c(-c2nos2)nc2c(NCc3ccc(F)cc3)nc(-c3nccs3)nc21,18.520259177452136
CSc1nn(-c2ccc(N)cc2)c2nc(-c3nccs3)nc(N3CCOCC3)c12,18.520259177452136
O=C(O)CC1CN(c2nc(-c3nccs3)nc3sc(-c4ccco4)nc23)CCO1,18.547236990991408
Cc1nc(-c2nc3c(N4CCOCC4)nc(Nc4nccs4)nc3s2)cn1C,18.547236990991408
Cc1nc(-n2c(-c3cccs3)nc3c(NCc4ccccc4)ncnc32)nc2ncnn12,18.547236990991408
C=Cc1nnc(-c2nc(NCc3cccs3)c3nc(-c4ccco4)nnc3n2)s1,18.547236990991408
Cc1cc2c(Nc3nccs3)nc(-c3nnn4c(C)nn(C5CCC5)c34)nc2s1,18.601075237738275
CC1(C)ON(c2ccc(Nc3nnc4nc(-c5ncco5)sc4n3)cc2)CCS1,18.627936010197157
Cc1ccc(Nc2nc(N3CCCOCC3)c3nc(-c4nccs4)n(C)c3n2)cn1,18.627936010197157
CSc1nc(-c2ncccn2)c(Nc2nc(N3CCSCC3)c(C#N)s2)s1,18.627936010197157
c1cnnc(-n2nc(SCc3nc4ccccc4s3)nc2Nc2ccncn2)c1,18.627936010197157
c1ccc(CSc2nc(Nc3ccc4c(c3)OCO4)nc(-c3nncs3)n2)cc1,18.627936010197157
Cc1nc2c(Nc3cc(-c4ccco4)c4nnn(C)c4n3)nc(N3CCCC3)nc2s1,18.65475810617763
CSc1nc(Nc2nccs2)nc2sc(-c3cccc(N4CCOC4)n3)nc12,18.734993995195193
Cc1cc2nc(Sc3nc(-c4nccs4)nc4c3cnn4C)nc(N)c2s1,18.734993995195193
COc1csc(-c2nnc3nc(CSc4nc5ccccc5s4)n(N)c3n2)c1,18.734993995195193
COc1ccc(-c2nc3c(N4CCOCC4)nc(Nc4cscn4)nc3s2)cn1,18.734993995195193
COc1ccc(-c2nc3c(N4CCOCC4)nc(Nc4nccs4)nc3s2)cn1,18.734993995195193
CSc1nc(Nc2cscn2)c2nc(-c3ccccc3)c3nn(C)c(=O)n3c2n1,18.76166303929372
COC(=O)c1ccc(Nc2nc(-c3nccs3)nc(N3CCc4cnsc4C3)n2)cc1,18.76166303929372
Cc1nc2cnc(Nc3nc(-c4nccs4)nc4c3n(C)c(=S)n4C)nc2s1,18.76166303929372
CCn1nc2c3c(nc(-c4ccc5ncsc5c4)nc31)N(C)C(Nc1nccs1)=N2,18.76166303929372
CSc1nc2nc(-c3nc4ccccc4s3)nc(NCc3cscn3)n2n1,18.76166303929372
Cn1cnc(-c2nc3c(NCc4cccs4)ncnc3n2-c2ccc3c(c2)OCO3)n1,18.76166303929372
CC(=O)OC1CCN(c2cc3nc(-c4ccco4)nn3c(Nc3nccs3)n2)CC1,18.788294228055936
Cc1nc2c(Nc3nnc4cn(CC5CC5)nc4n3)nc(-c3cccs3)nc2s1,18.841443681416774
Cn1c(-c2nnc(Nc3ccc(N4CCOC4)nc3)nc2-c2nccs2)nc2ccccc21,18.841443681416774
Cn1c(-c2ccco2)nc2c(Nc3ncnc4ncsc34)nc(N3CCCC3)nc21,18.867962264113206
Cn1ccnc1CSc1nc2ccccc2nc1Nc1nnc(-c2nccs2)s1,18.867962264113206
Cc1nn(C)c2nc(Nc3nc4ccccc4s3)c(-c3nnc(N4CCCC4)o3)nc12,18.867962264113206
Cc1nnc(-c2nc3c(NCc4ccccn4)nc(-c4nccs4)nc3s2)s1,18.867962264113206
CN1CCN(c2ccc(Oc3nc4nc(-c5ccco5)sc4nc3N)s2)CS1,18.947295321496416
c1ccc(Cn2ncc3c(Nc4nc(-c5ccco5)ns4)nc(N4CCC4)nc32)nc1,18.947295321496416
CN(C)c1ncnc(Nc2nc(-c3ccco3)nc3sc(-c4cccs4)nc23)n1,18.973665961010276
c1csc(Nc2nc(-c3nccs3)nc3c2nnn3CCC2CCSS2)c1,18.973665961010276
Cn1cnc2nc(-c3nc4c(NCc5cccs5)ncnc4n3-c3cncnc3)sc21,18.973665961010276
c1ccc(-n2nc(-c3nc4c(nnn4NCC4CC4)s3)nc2-c2nccs2)cc1,19.026297590440446
CCC1OCCN(c2nc(Nc3ccccn3)nc3sc(-c4ccco4)nc23)S1,19.05255888325765
Cc1cc(Nc2nc3ccsc3nc2-c2nc(C)ns2)nc(N2CCOCC2)n1,19.05255888325765
COC(C)N1CCN(c2nc(Nc3ccsc3)n3nc(-c4ccco4)nc3n2)CC1,19.078784028338912
Cc1csc(-c2nc(Nc3ccc4ncsc4c3)nc(N3CCN(O)CC3)n2)n1,19.1049731745428
CC(=O)Sc1nc(-c2nccs2)nc2c1nc(Nc1ccc3c(c1)OCO3)n2C,19.157244060668017
C[C@H]1COCCN1c1nc(Nc2nc3ccccc3s2)nc2nc(-c3ccco3)nn12,19.183326093250876
Cc1nc(-c2nc(F)cnc2Nc2nc(-c3cccs3)nc3c2ncn3C)ns1,19.183326093250876
CN(c1ccccn1)c1nc(Nc2nccs2)nc2nc(-c3nccs3)sc12,19.183326093250876
CNc1nc(-c2ccco2)nc2c1nc(-c1nc3c(N4CCC4)ncnc3s1)n2C,19.261360284258224
Cn1cc(CSc2nc(Nc3nc4ccccc4s3)nc(-c3nccs3)n2)nn1,19.261360284258224
Cn1ccc2sc(Sc3nc(N)c4sc(-c5nccs5)nc4n3)nc2c1=O,19.261360284258224
CCn1c2c3c(nc(-c4ccco4)nn3c1=S)N=C(c1cncs1)N=C2NC1CC1,19.261360284258224
Cc1nnc2ccc(-c3nc4nc(N5CCCC5)nc(NCc5cccs5)n4n3)cn12,19.28730152198591
COC(=O)c1ccc(Nc2nnc3c(-c4cscn4)nn(-c4nccs4)c3n2)cc1,19.28730152198591
COc1ccc(Nc2nnc(N3CCCCOCC3)c3nc(-c4ccco4)nn23)cc1,19.28730152198591
Cc1ccc(N2CCN(c3nc(-c4nc5ccsc5nc4N)sc3O)C2=O)s1,19.313207915827967
COc1cc(-c2nc3nnc(-c4csc(N)n4)nc3s2)ccc1N1CCOCC1,19.339079605813716
C#CCSc1cc2nc(-c3ccco3)n(-c3nc(N)nc(N4CCCC4)n3)c2s1,19.339079605813716
Cn1c(-c2ccco2)nc2c1nc(NCc1cccs1)n1nc(-c3cnns3)nc21,19.364916731037084
CSc1nc(-c2nc(-c3nccs3)ns2)nc2c1ncn2C1CCNCC1C,19.364916731037084
CSc1ncc(-c2nc3c(N4CCOCC4)nc(Nc4nccs4)nc3s2)o1,19.364916731037084
CC1COc2ccc(Sc3nc(Nc4nccs4)nc4c3nnn4C)cc2S1,19.364916731037084
CSc1nc(NCc2cccs2)n2nc(C3=Nc4ccccc4S3=O)nc2n1,19.390719429665317
Cn1ccnc1-c1nc2c3nc(-c4ccsc4)nnc3nc(NCc3ccccc3)n2n1,19.390719429665317
Cc1csc(C2COCCN2c2nc(Nc3nccs3)nc(-c3ccco3)n2)n1,19.390719429665317
Cc1ccc(Nc2nc(N3CCOCC3C3CC3)n3nc(-c4ccco4)nc3n2)nc1,19.467922333931785
CCNc1nc(N2CCC2)c2nc(-c3nc4cccc(C5CCCO5)n4n3)sc2n1,19.467922333931785
c1csc(Nc2ncc(CN3CCSC3)nc2-c2nc(-c3nccs3)no2)n1,19.467922333931785
Cn1cc(-c2nc3ncc(Nc4nc5ncnc(N6CCCC6)c5s4)nc3s2)cn1,19.467922333931785
CSc1nsc(-c2nc3c(N4CCCC4)nc(NCc4ccccc4)nc3s2)n1,19.493588689617926
Cc1nc(-c2sc(Nc3nncs3)nc2N2CCC(c3ccccn3)CC2)no1,19.493588689617926
COc1cccc2sc(-c3nc(Nc4nccs4)nc(N4CCOCC4)n3)nc12,19.570385790780925
CSc1nc(-c2cccs2)nc2ncnc(N/N=C/c3ccc4c(c3)OCO4)c12,19.570385790780925
Cn1c(-c2nccs2)nc2c(N)nc(-c3scnc3Sc3cccnc3)nc21,19.570385790780925
COc1ccc(Nc2nc(N3CCCCOCC3)nc3nc(-c4ccco4)nn23)cc1,19.595917942265423
COC(=O)c1ccc(Nc2nc(-c3nc4ccccc4s3)nc(N3CCOC3)n2)cc1,19.595917942265423
CNc1ncnc2sc3c(nc(NCc4nccs4)n4nc(-c5ccco5)nc34)c12,19.6468827043885
Cn1cc(CN2CCSc3c(-c4nccs4)nc(Nc4nccs4)nc32)nn1,19.672315572906
O=C(Nc1nc2c(N3CCOCC3)nc(-c3ccco3)nc2s1)Sc1nccs1,19.672315572906
Cc1nc(-c2nnc(N3CCCC3)c3nc(Nc4ccc5ncccc5c4)nn23)cs1,19.697715603592208
COC(=O)c1ccc(Nc2nc(N3CCSCC3)n3nc(-c4ccco4)nc3n2)cc1,19.697715603592208
N#CCCn1nc(-c2ccc3nc(N4CCCC4)sc3n2)nc1Nc1nccs1,19.77371993328519
COc1ccc(-c2nc(Nc3nc4ccccc4s3)n3nc(SC)nc3n2)cn1,19.77371993328519
c1ccc(CSc2nc(Nc3cscn3)c3nc(-c4ncns4)cn3n2)nc1,19.77371993328519
CCc1nnc(-c2nc3nc(N4CCOCC4)nc(Nc4nccs4)c3s2)s1,19.77371993328519
CN(C)c1nc(Nc2nc3ccccc3s2)nc2nc(-c3nc(Cl)cs3)nn12,19.77371993328519
c1coc(-c2nc3nc(Oc4ccc(N5CCOCC5)cc4)nc(NC4CC4)n3n2)c1,19.79898987322333
Cc1ccc(Nc2ncc3nc(-c4cncs4)n(Cc4nc5cccnc5o4)c3n2)nc1,19.79898987322333
Cc1nc2nc(Nc3ncc(N4CCOCC4)nc3C)nc(-c3nccs3)c2s1,19.87460691435179
CN(C)c1ccc(-c2nnc3c(Nc4nccs4)nc(-c4ccco4)nc3n2)cn1,19.87460691435179
c1coc(-c2nc3nc(NCc4cccs4)nc(N4CCCC4c4nccs4)n3n2)c1,19.87460691435179
Cc1nc(-c2nc3c(N4CCOCC4)nc(Nc4ccc5c(c4)OCO5)nc3s2)co1,19.87460691435179
Cc1csc(-c2nc(N)n3nc(SCc4nc5ccccc5s4)nc3n2)n1,19.87460691435179
Cc1cnc(-c2nc3c(N4CCOCC4)nc(Nc4ccc5c(c4)OCO5)nc3s2)o1,19.87460691435179
Cc1csc(N2CCN(c3nc(Nc4nccs4)nc(-c4ccco4)n3)CC2)n1,19.8997487421324
Cc1nc(-c2cc(Nc3ncnc4ccsc34)c3nc(N(C)C4CC4)nn3n2)cs1,19.8997487421324
Cc1cnc(Nc2nc(-c3ccco3)nc(N3CCN(c4nccs4)CC3)n2)s1,19.8997487421324
CNc1nc(N)n2nc(C3Sc4nc(-c5nccs5)nn4C3c3ccccc3)sc12,19.924858845171276
C1=NN(c2nc(Nc3nccs3)nc(-c3ccco3)n2)CN1Cc1ccsc1,20.0
Cc1nccn1C1CCN(c2nc(Nc3nccs3)nc(-c3nccs3)n2)CC1,20.0
COC(=O)c1ccc(Nc2nc(-c3cc4c(s3)CSC4)nc(-n3nccn3)n2)cc1,20.0
CSc1nccc(Nc2nc3nc(-c4ccco4)nc(N4CCOCC4)c3s2)n1,20.074859899884732
COc1ncccc1-c1nc(N2CCOCC2)c2sc(Nc3nccs3)nc2n1,20.074859899884732
CN1CCc2nc(Sc3nc(Nc4nccs4)nc(-c4ccco4)n3)sc2C1,20.09975124224178
c1coc(-c2nc3nc(-c4ccsc4)nc(Nc4ccnc(N5CCCC5)n4)n3n2)c1,20.09975124224178
c1csc(CNc2nc(N3CCCC3)nc3nc(-c4ncoc4-c4nccs4)nn23)c1,20.09975124224178
c1coc(-c2nc3nc(-c4cccs4)nc(Nc4ccnc(N5CCCC5)n4)n3n2)c1,20.09975124224178
Cn1c(-c2nccs2)nc2c(Nc3nccc(N4CCC4)n3)nc(-c3nccs3)nc21,20.149441679609886
c1cc(OCC2CC2)c2nc(Nc3nc(-c4cncs4)nc4scnc34)nnc2c1,20.149441679609886
COc1ccc2nc(Nc3nc4ccc(Cl)nc4s3)c(-c3nnn(C)n3)nc2c1,20.248456731316587
COC1CCN(c2nc(-c3nc(N)c4sc(-c5cscn5)nc4n3)cs2)CC1,20.273134932713294
CNc1nc(SC)c2nc(-c3cc(F)c4nc(-c5nccs5)nn4n3)sc2n1,20.273134932713294
Nc1nc(N2CCC2)nc(-n2c(-c3nccs3)nc3sc(-c4ccccc4)nc32)n1,20.346989949375804
Cn1ncnc1-c1nc(Nc2nccs2)c2nc(CN3CCCCC3)sc2n1,20.37154878746336
Cn1cncc1CSc1nc(Nc2nc3ccccc3s2)nc(-c2nncs2)n1,20.37154878746336
COc1cccc2nc(-c3nc(Nc4nccs4)nc(N4CCSCC4)n3)oc12,20.37154878746336
Cn1c(-c2cccs2)nc2c(N)nc(-c3nc4nc(N5CCCC5)ncc4s3)nc21,20.37154878746336
Cc1ccc2sc(-c3ncsc3Nc3nc(C)nc(N4CCCCC4)n3)nc2n1,20.37154878746336
COC(=O)c1ccc(Nc2nc(N3CCCC3)c3nc(-c4ncns4)sc3n2)cc1,20.396078054371138
CCn1ncc2c(N3CCc4nc(Nc5nccs5)ncc43)nc(-c3ccco3)nc21,20.396078054371138
CSc1nc(Nc2ccc(-n3nc4ccccc4n3)s2)nc(-c2cscn2)n1,20.396078054371138
CCn1cnc(-c2nc3c(N4CCOCC4)nc(Nc4cccs4)nc3s2)n1,20.396078054371138
Sc1ccccc1-c1nc(NCc2nccs2)n2nc(-c3cscn3)nc2n1,20.445048300260872
Cc1noc(-c2nc(Nc3ccc4c(cnn4C)c3)nnc2N2CCC3(CCC3)CS2)n1,20.445048300260872
Cc1noc(-c2nc3c(Nc4nccs4)nc(N4CCSC(C)C4)nc3s2)n1,20.46948949045872
c1ccc(Nc2nc3c(N4CCC(c5ncco5)C4)nc(-n4nccn4)nc3s2)cc1,20.46948949045872
Cc1c(-c2nc3nc(N4CCCC4)nc(NCc4cccs4)n3n2)nc2ncccn12,20.493901531919196
CCSc1nc2c(N3CCOCC3)nc(Nc3nc4ccccc4s3)nc2n1C#N,20.566963801203133
CCn1cc(-c2nc3c(N4CCOCC4)nc(Nc4ccns4)nc3s2)nn1,20.566963801203133
COc1ccc(Nc2nc(N3CCOCC3)c3nc(-c4nncs4)sc3n2)cc1,20.663978319771825
Cn1cc(-c2nc(N)c3sc(-c4nccs4)nc3n2)c(Sc2ccccn2)n1,20.663978319771825
COc1cccc2nc(Nc3ncc4nc(-c5nc6n(n5)CN(C)C6)sc4n3)sc12,20.663978319771825
c1csc(CNc2nc(N3CCCC3)nc3nc(-c4nc5cccnc5s4)nn23)c1,20.688160865577203
c1nc(NCc2cncs2)c2nc(-c3nc4c(N5CC5)ncnc4s3)sc2n1,20.760539492026695
Cn1c(-c2nc(Nc3nccs3)nc(-c3nc4ccccn4n3)n2)nc2ccccc21,20.784609690826528
O=C(O)CN1CCN(c2nc(Nc3nc4ccccc4s3)nc(-c3ccco3)n2)CC1,20.83266665599966
CSc1nc(Nc2nc3ccccc3s2)nc(-c2csc(N3CCOCC3)n2)n1,20.85665361461421
COc1ccccc1Nc1nc2c(N3CCSC3)nc(-c3nc(C)no3)nc2s1,20.85665361461421
CSc1nnc(-c2nc3c(N4CCOCC4)nc(Nc4cccs4)nc3s2)o1,20.952326839756964
Cc1nccc(-c2nc3c(N4CCOCC4)nc(Nc4ncsc4C)nc3s2)n1,20.952326839756964
CSc1nnc(-c2nc3c(N4CCOCC4)nc(Nc4ccsc4)nc3s2)o1,20.952326839756964
CCn1cc(-c2nc3c(N4CCOCC4)nc(Nc4nccs4)nc3s2)nn1,20.952326839756964
CCc1nc(-c2nc3c(Nc4nccs4)nc(N4CCOCC4)nc3s2)ns1,20.952326839756964
Cc1noc(-c2sc(Nc3nccs3)nc2N2CCN(c3ncccn3)CC2)n1,20.952326839756964
COc1ncccc1-c1nc2c(N3CCOCC3)nc(Nc3cscn3)nc2s1,20.952326839756964
Cc1nc2ccc(-c3nc4nc(N5CCCC5)nc(NCc5cccs5)n4n3)nc2o1,20.97617696340303
CN(C)c1ccc(-c2cc(Nc3ncns3)n3nc(-c4nccs4)nc3n2)nc1,21.047565179849187
Nc1ncnc2c1nc(-n1nc(-c3cccs3)nc1-c1nccs1)n2CC1CS1,21.047565179849187
Cc1nc(-c2nc(Nc3ccc(N4CCOCC4)c(C#N)c3)nc3c2nnn3C)cs1,21.047565179849187
C=C(OC)OC1CCN(c2nc3nc(-c4ccco4)nc(Nc4ccsc4)n3n2)CC1,21.071307505705477
c1csc(CNc2nc(N3CCCC3)n3nc(-c4ccsc4-c4ncon4)nc3n2)c1,21.071307505705477
COc1ccc(Nc2nc(N3CCCCOCC3)n3nc(-c4ccco4)nc3n2)cc1,21.071307505705477
CC1=C(Sc2c3ncn(C4CC4)c(=N)c3nn2C)NSc2nc(-c3ccco3)nn21,21.118712081942874
CN(C)c1nc2c(Nc3nccs3)nc(-c3ccc4c(n3)OCO4)nc2s1,21.142374511865974
Cc1nsc(-n2nc(Nc3nccs3)nc2-c2cccc(N3CCCCC3)n2)n1,21.142374511865974
CNc1nc(-c2cc3nc(-c4ccco4)nn(C)c-3n2)nc2sc(N3CCCC3)nc12,21.166010488516726
COc1nc(N2CCOCC2)ccc1Nc1ncc2sc(-c3nccs3)nc2n1,21.236760581595302
CSc1nnc(Nc2nc(N3CCCCC3)c3nc(-c4ccco4)cn3n2)s1,21.236760581595302
CCn1ccc(-c2nc3nc(N4CCCC4)nc(Nc4nc5ccccc5s4)n3n2)n1,21.2602916254693
COC(=O)c1ccc(Nc2nc(-c3nccs3)nc(N3CCCCOCC3)n2)cc1,21.2602916254693
COC(=O)c1ccc(Nc2nc(-c3nc4ccccc4s3)nc(-n3cccn3)n2)s1,21.283796653792763
Cc1ccc(Nc2nc(N3CCC(C)SC3)n3nc(-c4nccs4)nc3n2)cn1,21.330729007701542
COc1ccc(Nc2nc3c(c(OC)n2)Sc2nc(-c4nccs4)nn2CC3)cc1,21.330729007701542
CSc1ncc(Nc2nc(N3CCCCC3=O)cn3nc(-c4ccco4)nc23)s1,21.330729007701542
CCC1OCCN(c2nc(Nc3nc4ccccc4s3)nc(-c3ccco3)n2)C1=N,21.37755832643195
COc1ccc(Nc2nc(-c3nccs3)c3c(nnn3SC(C)(C)C)n2)cn1,21.42428528562855
Cn1nnc2c(NC3CC3)nc(Sc3nc(-c4ccco4)nn3-c3cccs3)nc21,21.447610589527216
CSc1ccc(NC2CC2)c(-c2nc3nn(C)cc3c3nc(-c4nccs4)nn23)n1,21.447610589527216
Cn1c(-c2cccs2)nc2c(Nc3nccs3)nc(-c3nnn(C4CC4)n3)nc21,21.447610589527216
CCn1nnc2c3c(c(Nc4nc(-c5nccs5)nc5c4ncn5C)nc21)CCS3,21.517434791350013
Cc1nnc(-c2nc3nc(N4CCOCC4)nc(NCc4cscn4)c3s2)s1,21.517434791350013
Cc1ccc(CNc2nc(-c3nc4ccccc4s3)nc3nc(-n4nccn4)nn23)s1,21.540659228538015
COC(=O)SC1CCCC1Nc1nc(-c2ccco2)nn2nc(-c3ccccc3)nc12,21.563858652847824
CSc1nc2nc(Nc3ccc(-c4nncs4)cn3)nc(N3CCOCC3)c2s1,21.633307652783937
Cc1nsc(-c2nc(Nc3nc4ccccc4s3)nc(N3CCOC(C)C3)n2)n1,21.702534414210707
Cc1nsc(-c2nc(Nc3nccs3)nc(N3CCN(c4ccco4)CC3)n2)n1,21.702534414210707
Cn1c(-c2nnc(NCc3cscn3)n3nc(-c4nccs4)nc23)nc2ccccc21,21.72556098240043
CC1CN(c2ccc(Oc3nc4sc(-c5cscn5)nc4nc3N)s2)CCO1,21.79449471770337
CN(C)c1nc(Nc2nc3ccccc3s2)nc2sc(-c3nc4cccnn4n3)nc12,21.79449471770337
CC(=O)c1nnc(-c2nc3c(N4CCCC4)nc(Nc4nccs4)nc3s2)s1,21.79449471770337
Cn1cnc(-c2ncnc(N3CCC(=NNc4nc(-c5nccs5)cs4)CC3)n2)c1,21.88606862823929
CC1(C)OCCN(c2nc(Nc3nc4ccccc4s3)nc(-c3cncs3)n2)O1,21.88606862823929
COC(=O)Nc1nc2c(N3CCN(c4ccc(C)s4)O3)nc(-c3ccco3)nc2s1,21.908902300206645
COc1csc2ncc(-c3nc4c5nn(C)cc5nc(Nc5cccs5)n4n3)nc12,21.908902300206645
COc1nnc(-c2nc3c(NC4CCOCC4)nc(-c4nccs4)nc3s2)s1,21.97726097583591
COc1cccc2sc(Nc3nc(-c4nccs4)nc(N4CCOCC4)n3)nc12,22.06807649071391
Cn1nc(N2CCCC2)nc1-c1nc(N)c2sc(-c3nc4ccccc4s3)nc2n1,22.06807649071391
COC(=O)c1ccc(Nc2nc(N3CCC4(CCCC4)CC3)nc(-n3nccn3)n2)cc1,22.06807649071391
COc1ccc(Nc2nc3c(N4CCO4)nc(-c4ccc5c(c4)OCO5)nc3s2)cn1,22.090722034374522
CCn1nnc2c(N3CCN(c4ccon4)CC3)nc(Nc3nc4ccccc4s3)nc21,22.15851980616034
COc1nc(N2CCOCC2)c2c(n1)nc(-c1nc(Nc3ccsc3)ns1)n2C,22.15851980616034
Cn1c2nc(N3CCCC3)c(-c3cccnn3)nc2c2ncnc(Nc3nccs3)c21,22.15851980616034
COc1ccc(Nc2nc(N3CCOCC3)c3nc(-c4nccs4)sc3n2)cn1,22.15851980616034
c1coc(-c2nc3nc(SC4CC4)c4c(NCc5cccs5)ncnc4n3n2)c1,22.15851980616034
Cn1c(Nc2nccs2)nc2c(N3CCCCC3)nc(-c3csc(OC=O)c3)nc21,22.181073012818835
Cc1nc(C2CCN(c3nc(Nc4ccncc4)nc(-c4ccco4)n3)CC2)ns1,22.181073012818835
COc1ccc(Nc2nc(-c3nc4ccccc4s3)nc3nc(N4CCC4)nn23)cn1,22.22611077089287
Cn1cc2nc(Nc3nc(-c4csc(N5CCCCC5)n4)c(N4CCC4)o3)cnc2n1,22.271057451320086
CSc1nc(Nc2nc3c(N4CCCC4)ncnc3s2)n(-c2ccccn2)n1,22.338307903688676
Cn1cnc(-c2nc(Nc3cc(N4CCCCC4)nc(-c4nccs4)n3)ns2)c1,22.338307903688676
N#CCc1cnc(-c2nc3nc(N4CCCCC4)nc(NCc4cccs4)n3n2)s1,22.338307903688676
CSc1nc2c(Nc3ccnc(-n4cccn4)n3)nc(N3CCCC3)nc2s1,22.427661492005804
Cc1nc(-c2nc3c(N4CCOCC4)nc(Nc4cnccn4)nc3s2)sc1C,22.427661492005804
Nc1nc(-c2nc3scnc3s2)nc2c1nc(-c1ccco1)n2CCN1CCCC1,22.494443758403985
COC(=O)N1CCN(c2nc(-c3ccccc3)nc3c2nc(Nc2nccs2)n3C)C1,22.538855339169288
CN(C)c1ncnc(Nc2nc(-c3nc4ccccc4s3)nc3scnc23)n1,22.60530911091463
CSc1cccnc1Nc1nc(-c2ccns2)nc2nc(-c3nccs3)nn12,22.60530911091463
c1coc(-c2nc(Nc3nccs3)c3nnn(CCN4CCCCCC4)c3n2)c1,22.60530911091463
Cn1c(-c2nc(Nc3cccs3)nc(-n3nccn3)n2)nc2nccc(N3CCC3)c21,22.67156809750927
Cn1cnc2c(Sc3cnc4ccc(NC5CCC5)n4n3)nc(-c3nccs3)nc21,22.693611435820433
Cn1c(Nc2ccccn2)nc2c(Sc3cnccn3)nc(-c3nccs3)nc21,22.693611435820433
CN(C)c1nsc(Nc2nc(N3CCCCC3)nc3sc(-c4ccco4)nc23)n1,22.693611435820433
Cc1nc2c(N3CCC3)nc(-c3nc4cnc(Nc5cncs5)nc4n3C)nc2s1,22.759613353482084
Cc1nsc(-c2nc(Nc3ncncn3)c3c(C4CCCO4)c(C)sc3n2)n1,22.781571499789035
COC(=O)C1CN(c2nc(Nc3nc4ccccc4s3)nc(-c3ccco3)n2)CCO1,22.80350850198276
COc1ccc(-n2nc(-c3nc4nc(N)nc(N5CCCCC5)c4s3)nc2C)s1,22.847319317591726
CSc1nc(-c2ccco2)n(-c2nc(N)c3nc(N4CCCCC4)sc3n2)n1,22.847319317591726
Cc1ccc(Nc2nnc3cc(-c4nc(N5CCC5)c5nsnc5n4)n(C)c3n2)s1,22.847319317591726
CSc1nccc(-c2nc3c(N4CCCC4)nc(Nc4nccs4)nc3s2)n1,22.869193252058544
CSc1nnc2nc(-c3nc4c(NCc5ccccc5)ncnc4s3)sc2n1,22.869193252058544
COc1c(Nc2nc(-c3nccs3)nc(N3CCOCC3)n2)ncc2sccc12,22.869193252058544
CNc1nc(-c2csc(N3CCCCCC3)n2)nc2sc(-c3nc(C)no3)nc12,22.978250586152114
Cc1nc(C)nc(N2CCC(Nc3nc(-c4nccs4)nc4ncsc34)CC2)n1,23.043437243605826
c1ccc2sc(CNc3nc(-c4ccc5c(c4)OCO5)nc(-n4nccn4)n3)nc2c1,23.130067012440755
CSc1nnc(Nc2nc(N3CCC(c4ncccn4)=NC3)nc3ccsc23)s1,23.130067012440755
Cc1nnc(Nc2nc(-c3cc(N4CCSCC4)no3)nc(N3CCCC3)n2)s1,23.15167380558045
CNc1nc2sc(-c3nccs3)nc2nc1Oc1ccc(N2CCOC2=O)s1,23.15167380558045
CNc1nc2c(N3CCC(OC(=O)OC)C3)nc(-c3nc4ccccc4s3)nc2s1,23.2163735324878
CCn1c(-c2nc(F)ns2)nc2c(N3CCCCC3)nc(Nc3nccs3)nc21,23.2163735324878
Cn1c(-c2nccs2)nc2c(N)nc(Sc3nc(N4CCCC4)ns3)nc21,23.280893453645632
CSc1nc2nc(-c3csc(N)n3)sc2nc1N1CCOC(c2cccnc2)C1,23.280893453645632
O=c1ccnc2nc(Sc3cc(NN4CCCCC4)nc(-c4nccs4)n3)sn12,23.366642891095847
COc1ccc(-c2nc3c(Nc4nccs4)nc(N4CCCCC4)nc3s2)nn1,23.366642891095847
Cc1ncnc(-c2nc3c(N4CCOCC4)nc(Nc4ccc(C)s4)nc3s2)n1,23.388031127053
COC1CCN(c2nc(Nc3nccs3)c3sc(-c4nncs4)nc3n2)CC1,23.473389188611005
COc1ncsc1-c1cn2nc(Nc3nccs3)nc(N3CCCCC3)c2n1,23.558437978779494
[C-]#[N+]c1cnc(N2CCN(c3nc(Nc4nccs4)nc4c3ncn4CC)CC2)nc1,23.600847442411894
FCCn1ncnc1Nc1nc(N2CCCCC2)nc2sc(-c3nccs3)nc12,23.727621035409346
CC1CN(c2nc(Nc3nccs3)n3c(N4CCCC4)nc(-c4ccco4)c3n2)CO1,24.08318915758459
Cc1nc(NCc2ccccc2)c2nc(-c3nnc4c(N5CCC5)ncnn34)sc2n1,24.124676163629637
CN(C)c1nccnc1Nc1nc2nnc(-c3nc4ccccc4s3)nc2s1,24.145392935299274
Cc1nsc(-c2nc(Nc3ccc(N4CC4)nn3)nnc2-c2nc3ccccc3s2)n1,24.166091947189145
C=CCn1cnc2c(Nc3nc(N4CCCC4)nc4sc(SC)nc34)ncnc21,24.228082879171435
Cc1ncc(Nc2nc(-c3nccs3)nc(N3CCN(c4ncco4)CC3)n2)s1,24.228082879171435
c1csc(CNc2nc3nn(C4CC4)cc3c3nc(-c4ccn(C5CC5)n4)nn23)c1,24.24871130596428
Cc1ccc(Nc2nnc3c(-c4nccs4)nc(N4CCN(C5CC5)CC4)nn23)o1,24.24871130596428
COc1nsc(-c2nc3c(Nc4nccs4)nc(N4CCCCC4)nc3n2C)n1,24.289915602982237
Nc1nc(-c2nc(Oc3ccccc3)cc(N3CCN(c4ncsn4)CC3)n2)cs1,24.289915602982237
CN(C)c1nc(-c2ccns2)nc2nnc(Nc3ccc4c(c3)SSC4)nc12,24.331050121192877
Cc1cc(N)nc(Sc2nc(N3CCCC3)nc3sc(-c4nccs4)nc23)n1,24.372115213907882
Cc1ccc(-c2nc(N3CCC(NC4CCC4)CC3)n3nc(-c4ccco4)nc3n2)o1,24.392621835300936
CSc1nnc(Nc2nccs2)nc1-c1nc2n(C)nc(-c3cccs3)n2n1,24.55605831561735
COc1ccc(Nc2nc3c(c(-c4nccs4)n2)SC(c2cn(C)nn2)S3)cn1,24.576411454889016
c1ccc(-n2nnc3c(N4CCCC4c4ncon4)nc(NCc4cccs4)nc32)cc1,24.576411454889016
Cc1nc(-c2nsc(Nc3cc(-n4ccnn4)nc(N4CCCCC4)n3)n2)cs1,24.61706725018234
CC(=O)Nc1nc(N2CCCC2)nc2nc(SCc3nc4ccccc4s3)nn12,24.63736998950984
N#CCCn1nc(-c2nccs2)nc1Nc1nc2ccsc2nc1N1CCCC1,24.879710609249457
Cc1nccc(Sc2cn3nc(Nc4nccs4)nc(N4CCCCC4)c3n2)n1,24.939927826679853
CSc1nc2nc(N3CCC(c4nccs4)CC3)nc(Nc3nccs3)n2n1,24.95996794869737
CSc1nc(Nc2ccc(N3CCN(c4ncsn4)C3)cc2)nc(-c2ccco2)n1,24.95996794869737
COc1csc(-c2nc3nc(N4CCCCC4)nc(Nc4cnccn4)c3s2)n1,25.019992006393608
CSc1nc2c(Nc3nc4nc(C)cnc4s3)nc(N3CCCCC3)nc2s1,25.099800796022265
CSc1nc(NN2CCCC2)nc(-c2nc(-c3nccs3)nn2-c2ccccc2)n1,25.199206336708304
c1cn(-c2ccc(Nc3nc(Nc4nccs4)nc(N4CCOCC4)n3)cc2)nn1,25.25866188063018
c1ccc(-c2nnc(CNc3ncnc4nc(-c5cccs5)nn34)c(N3CCCC3)n2)cc1,25.357444666211933
Nc1nc(-c2nn(Cc3cscn3)s2)nc2c1nc(-c1ccco1)n2C1CCCC1,25.436194683953808
Cn1c(SCC(=O)OC(C)(C)C)nc2c(N)nc(-c3cc4c(s3)OCCO4)nc21,25.436194683953808
O=COc1c(Nc2nc(-c3nccs3)nc(N3CCOCC3)n2)sc2ccccc12,25.45584412271571
CSc1nc(NCc2cscn2)nc2c1nc(-c1nccs1)n2-c1cncnc1,25.514701644346147
Cc1ccc(-c2nc(S)c3nc(N4CCOCC4)nc(Nc4nccs4)c3n2)o1,25.865034312755125
CSc1nc(N)c2nc(-c3nc(C)ns3)n(C3=NN(c4ccccc4)CC3)c2n1,25.865034312755125
COc1nnc(-c2nc3nc(Nc4nccs4)nc(N4CCCCC4)c3n2C)s1,25.88435821108957
Cn1nc(N2CCC2)nc1Nc1nc(N2CCCCC2)nc2sc(-c3ccco3)nc12,26.0
CSc1ncnc(Nc2cnc(-c3nc4ccnc(N5CCCCC5)n4n3)s2)n1,26.057628441590765
COC(=O)c1ccc(Nc2nc(N3CCOCC3)c3ncn(C4CCCC4)c3n2)cc1,26.476404589747453
CN(C)c1ncc(-c2nc(Nc3nccs3)nc3ncn(C4CCCS4)c23)nn1,26.68332812825267
COc1nsc(-c2nc(N3CCCCC3)nc3nc(Nc4nccs4)sc23)n1,26.720778431774775
c1ccc2sc(Nc3ncnc4c3c(-n3nccn3)nn4CCN3CCCCC3)nc2c1,26.739483914241877
COC1CCN(c2nc(Nc3nccs3)nc3nc(-c4ccco4)nn23)C(=S)C1,26.814175355583846
Cc1ccc(Nc2nc(-c3nc4c(ncn4C)s3)c3ncn(C4CCCC4)c3n2)cn1,26.888659319497503
COc1nc2cc(-c3nc(N)c4nc(-c5cccs5)n(C5CCCC5)c4n3)nn2s1,26.94438717061496
CC1CCN(c2nc(N)nc3nnc(SCc4nc5ccccc5s4)n23)CS1,27.018512172212592
Cc1nc(-c2nc(Nc3ccc(N4CC4)nn3)nnc2-c2nc3ccccc3s2)ns1,27.129319932501073
Cn1ccnc1Oc1nc2c(NN=C3CCCC3)nc(-c3nccs3)nc2s1,27.129319932501073
c1cnn(-c2nc(Nc3ccc4ncsc4c3)nc(Sc3ccc(N4CC4)cn3)n2)n1,27.349588662354687
COc1cc2nc(-c3cc(N4CCCCC4)nc(Nc4nccs4)n3)nnc2s1,27.386127875258307
c1ccc(CNc2ncnc3sc(-c4nc5cnnc(N6CCCC6)n5n4)nc23)cc1,27.477263328068172
CSc1nnc(-c2nc(N3CCCCC3)c3c(n2)nc(Nc2nccs2)n3C)s1,27.53179979587241
COc1nsc(-c2nc3nc(Nc4nccs4)nc(N4CCCCC4)c3n2C)n1,27.53179979587241
COc1nc(-c2nc(N)nc3c2nc(S)n3C2CCN(c3ccccc3)C2)ns1,27.54995462791182
CN(C)c1nc(-c2nc3c(N4CCCCC4)nc(Nc4nccs4)nc3s2)no1,27.676705006196094
Cc1cc2nc(N(C)c3nc(N4CCOCC4)ns3)c(Nc3cncnc3)nc2s1,27.712812921102035
COc1nc(Nc2nc3sc(-c4nccs4)nc3s2)nc(N2CCCCC2)n1,28.035691537752374
CSc1nnc(N2CCCCC2)c2c1nc(Nc1nc(-c3nccs3)ns1)n2C,28.178005607210743
CNc1nc(-c2nc3nc(Nc4ccc(F)cn4)nc(N4CCCCC4)n3n2)cs1,28.284271247461902
CCC1CCCN(c2nc(Nc3ccncn3)nc3nn(-c4cccs4)nc23)S1,28.319604517012593
CSc1nccnc1Nc1nc(N2CCCC2)nc2sc(-c3nccs3)nc12,28.89636655359978
Cn1cccc1-c1nc(NC2CCCC2)c2nc(-c3cnc(S(=O)(=O)O)s3)sc2n1,29.03446228191595
CSC1=Nc2nc(-c3cccs3)nc3nc(NCc4cscn4)nc(c23)S1,29.171904291629644
COC(=O)Oc1ccc(Nc2nc(-c3nccs3)nc(N3CCSCC3)n2)cc1,29.206163733020468
COC(=O)c1nc(SCC(=S)Nc2nc3ccccc3s2)n(C2=NNCC2)n1,29.29163703175362
CSc1noc(-c2nc(Nc3nc4ccccc4s3)nc(N3CCSC3)n2)n1,29.732137494637012
FCCn1nnc(-c2nc3nc(Nc4nccs4)nc(N4CCCCC4)c3s2)n1,29.765752132274432
c1coc(-c2nnc3c4c(N5CCCCC5)nc(NCc5cccs5)nc4nnn23)c1,29.9833287011299
CN(C)c1ncnc(Nc2nc(N3CCCC3)nc3sc(-c4cscn4)nc23)n1,30.066592756745816
Cc1nc(Sc2nc(-c3nccs3)nc3nc(N4CCC4)nc(N)c23)cs1,30.083217912982647
CSc1nc2nc(N3CCCC3)nc(Nc3nc(-c4ncccn4)ns3)c2s1,30.199337741083
COC1OCCN(c2nc(Nc3nc4ccccc4s3)nc(-c3nccs3)n2)O1,30.265491900843113
Cn1c(=N)n(C2CCCCC2)c2c(SCc3nnn(-c4ccccc4)n3)ncnc21,30.495901363953813
COc1nnsc1-c1nc2nc(Nc3nccs3)nc(N3CCCCC3)c2n1C,30.692018506445613
CCOc1ncc2c(n1)nn1c(N/N=C3\CCCSC(=S)S3)nc(C)nc21,30.708305065568176
c1csc(Nc2nc(Nc3ccc(-n4nccn4)s3)nc(N3CCCC3)n2)n1,31.38470965295043
CSc1nc(NC2CCCCC2)c2nc(-c3nc4nc(C)nn4c(=O)s3)sc2n1,31.52776554086889
CSc1nc2nc(N3CCCC3)nc(Nc3ncnc(-c4nccs4)n3)c2s1,31.68595903550972
CCOC(=O)Nc1nc(-c2cccs2)nc2nnn(C(=S)N3CCCCC3)c12,31.921779399024736
CN(C)c1cnn(-c2nc(Nc3nc4ccccc4s3)nc(N3CCCCC3)n2)n1,32.155870381627054
CSc1nc2nc(N3CCCC3)nc(Nc3ncnc4c3ncn4C3CC3)c2s1,32.48076353782343
CSc1nc2nc(N3CCCCC3)nc(Nc3nccc(-c4cnnn4C)n3)c2s1,32.60368077380221
CC1=CSc2nc1nc(C)c2-c1nc2nc(N3CCCC3)nc(Nc3nccs3)n2n1,32.863353450309965
CSc1noc(-c2nc(C3CCCC3)cn3c(Nc4ccc(F)cn4)nnc23)n1,33.04542328371661
CSc1nc(Nc2nc(-c3cscn3)nc3c2ncn3C)nc(N2CCCCC2)n1,33.391615714128
COc1nc2scnc2nc1Nc1nc(N2CCCCC2)nc2sc(SC)nc12,34.219877264537345
CSc1nc2nc(-n3cnnc3-c3cccs3)nc(NC3CCCCC3)n2n1,34.45286635390443
Nc1nc(-c2ccn(C3CCCO3)n2)nc2c1nc(-c1ccco1)n2C1CCCCC1,35.014282800023196
c1coc(-c2nc3nc(Sc4ccc5c(n4)OCO5)nc(NC4CCCCC4)n3n2)c1,36.193922141707716
CCSC(=S)Nc1nc(-c2nncs2)nc(N2CCCC2)c1-c1nccnn1,36.59234892706397
Cc1nnc(C2CCCN2c2nc(Nc3nccs3)nc(N3CCCCC3)n2)s1,41.593268686170845
c1csc(Nc2nc(-c3nc(NC4CCCO4)ns3)nc(N3CCCCC3)n2)n1,43.508619835614184
COC(=O)c1ccc(Nc2nc(N3CCCC34CCCC4)nc(-n3nccn3)n2)cc1,43.58898943540674
O=[N+]([O-])c1ccc(N2CCC(Nc3nc(N4CCCC4)nc(N4CCC4)n3)CC2)s1,46.2709412050371
CSc1ncc(-c2nc3c(N4CCCCC4)nc(NC4CCCCC4)nn3n2)s1,47.20169488482379
COc1cc(-c2nc(Nc3nccs3)nc(N3CCCC3)n2)nc(N2CCCCC2)n1,49.50757517794625
COc1nc(-c2cc(N3CCCCC3)nc(Nc3nccs3)n2)nc(N2CCCC2)n1,51.95190083144215
