SMILES,cats_euclidean_dist
COc1ccc(-c2cc3c(c(N)n2)c(SC)nc(=O)n3Cc2ccccc2Cl)cc1,10.44030650891055
Cc1cc(CN2CCC(n3nc(C)c4c(Nc5ccncn5)ncnc43)CC2)ccc1Cl,10.908712114635714
COc1ccc(C(=O)Nc2nc(Cl)c(-c3ccc4c(c3)OCCO4)s2)c(OC)c1,11.090536506409418
COc1cccc(Oc2cc3c(cn2)c(O)nc(=O)n3Cc2ccc(C(F)(F)F)s2)c1,11.958260743101398
COc1ccc(Cn2c(=O)nc(Sc3ccc(Cl)c(F)c3)c3ccc(O)nc32)cc1,12.083045973594572
Cc1ccc(=O)n(C)c1Oc1ccc2c(n1)nc(O)n2Sc1ccc(Cl)c(Cl)c1,12.288205727444508
CN(C)c1cc(Oc2ccc(Cl)cc2F)nc2cc(O)c(-n3nnc4c3CS4)cc12,12.449899597988733
O=C(Nc1nc2cc3c(c(OCCn4cnc5ccccc54)c2s1)OCO3)C1CCC1,12.449899597988733
COc1ccc2c(c1)c(=O)nc(Sc1ccn(O)n1)n2Cc1ccc(Cl)cc1Cl,12.609520212918492
Cc1ccc2cc(Cn3c(=O)ncn(Cc4cc(-c5ccccc5)cnc4O)c3=O)sc2c1,12.649110640673518
COc1cc2c3c(c(O)nc2cc1OCc1cccc(Cl)c1)COc1nc(C)sc1-3,12.727922061357855
CNc1cc(Oc2nc3ccccc3n2Cc2ccc(Cl)cc2)nc(-n2cccn2)n1,12.884098726725126
COc1ccc2nc(O)c3c(c2c1)N(c1nc(Oc2ccccc2)c(Cl)n1C)CCC3,13.038404810405298
COc1ccc2nc(-c3cnc(N)nc3SC)n(Cc3ccc(C(F)(F)F)s3)c2c1,13.341664064126334
Cc1cnn2nc(SCc3cc(C(F)(F)F)no3)n(Cc3ccc(Cl)cc3O)c12,13.379088160259652
COc1ccc(-n2nc(C)c3c(N4CCC(Nc5ccccn5)CC4)ncnc32)c(Cl)c1,13.379088160259652
COc1cccc(OC(=O)c2c(O)nn(-c3ccc(Cl)c(Cl)c3)c2-n2ccnc2)c1,13.416407864998739
COc1cc(O)cc2c1-c1c(c(Sc3ccccn3)nc(=O)n1Cc1ccccc1)CO2,13.416407864998739
COc1ccc(-c2nn(Cc3cccc(Cl)c3Cl)c(=O)n2-c2nc(O)cs2)cc1,13.416407864998739
O=S(=O)(c1ccccc1)n1cc(-c2cc(OCc3ccccc3)cc(O)n2)sc1=S,13.527749258468683
COc1cccc(Cn2c(=O)n(-c3nc4cc(Cl)ccc4s3)c3nc(N)cc(C)c32)c1,13.638181696985855
COc1cc2c(c(OC)c1)C(=O)/C(=C/c1ccc3sc(=O)n(C)c3c1)C(S)=N2,13.638181696985855
COc1ccc(Sc2nc3cccc4c3n2C(=O)NC(c2ccc(OC)cc2)=C4)cc1,13.674794331177344
COc1ccnc(OC(=O)c2cccc3c(=O)n(-c4ccc(SC)cc4)c(=S)[nH]c23)c1,13.856406460551018
Oc1nc(-c2ccc(OCc3ccccc3)nc2)nn2cc(Sc3ccc(F)cc3)nc12,13.856406460551018
Oc1cc(OCCn2nc(-c3ccc4c(c3)OCO4)c3ccsc32)c2ccccc2n1,13.96424004376894
COc1ccc(-c2cc(C(=O)O)c(Sc3ccc(C(F)(F)F)cc3)n3ncnc23)n1C,14.0
COc1cc2nc(-c3ccc(C(C)(C)C)cc3)nc(N3CCc4c3ncn4O)c2cc1OC,14.0
COc1cc(OCc2ccc(Cl)c(Cl)c2)ccc1-c1nc(O)c2c(n1)C(=O)SC2,14.0
COc1ccc(-c2ccc3c(c2)C(=O)CC(Nc2nc(-c4cncs4)cn2C)C3)cn1,14.071247279470288
O=C(c1cccs1)c1cnc(OCc2nnc(-c3ccc(Cl)cc3)s2)cc1O,14.071247279470288
COc1cc2nc(N3CCC(C(=O)O)C3)n(C)c2cc1Oc1ccc(Cl)cc1Cl,14.142135623730951
COc1cc2c(c(OC)c1)C(=O)/C(=C/c1cc3cccc-3n(Cc3nccs3)c1)C(=O)N2,14.212670403551895
Cn1nc(C(=O)O)cc1CSc1nc2ncccc2n1Cc1ccc(Cl)cc1Cl,14.2828568570857
COc1cc(Oc2nsc3cc(CN4CCOCC4)c(Cl)cc23)ccc1C(=O)O,14.2828568570857
O=C1NC(=O)/C(=C/c2cn(CCOc3cccc4ccccc34)nc2-c2cncs2)S1,14.2828568570857
COc1ccc(-n2c(Sc3cccc(O)n3)nn(-c3ccc(Cl)c(Cl)c3)c2=O)cc1,14.38749456993816
Cc1cc(OCc2cc3c(c(-c4cnn(C)c4)c2)N(C)Nc2nccn2C3=O)ccc1Cl,14.491376746189438
CCN1CCc2c(Oc3ccc(Cl)c(Cl)c3)nc(O)nc2C1c1nn(C)cc1C#N,14.560219778561036
Cc1cc(-n2cnc3ccccc32)ccc1Oc1nc(O)nc2c1ccn2CC1CCOC1,14.628738838327793
COc1ccc2c(c1)n(-c1ccc(C(=O)O)cn1)c(=O)n2Sc1ccc(Cl)c(C)c1,14.66287829861518
COc1ccc2c(c1)c1c(Sc3ccccc3)nn(O)c1c(=O)n2Cc1ccsc1,14.696938456699069
Cc1nc(O)nc(Sc2nc3ccccc3n2Cc2ccc(OC(F)(F)F)cc2)n1,14.696938456699069
Cn1c(Sc2ccc3oc(N)nc3c2)nc2cccc(OCc3ccc(Cl)cc3)c21,14.7648230602334
COc1ccc(-n2c(SCc3ccc(Cl)cc3Cl)nc3ncnc(O)c32)cn1,14.832396974191326
COc1cc(OCc2ccc(OC(F)(F)F)cc2)c(/C=C2\SC(=O)NC2=O)s1,14.832396974191326
Cn1c(=S)oc2nc(O)cc(Oc3ccc(OCc4ccc5c(c4)OCO5)c(Cl)c3)c21,14.933184523068078
COc1cc(C)c2nc(Sc3cccn3C(=O)O)n(-c3ccc(Cl)cc3)c(=O)c2c1,14.933184523068078
COc1ccc(C(F)(F)F)cc1CN1N=C(c2ccc(Cl)cc2)Oc2cc1nc(O)n2,14.933184523068078
Cn1c(-c2ncc(C(=O)O)s2)nc2cc(OCc3ccc(OC(F)(F)F)cc3)ccc21,14.966629547095765
COc1ccc(Cn2c(=O)n(-c3ccc(C(=O)O)c(OC)c3)c3cc(Cl)ccc32)cc1,14.966629547095765
COc1ccc(C(=O)Oc2cccc3c2ncn3-c2ncc(C(F)(F)F)s2)c(O)c1,14.966629547095765
COc1ccc(-c2ccc(Cn3c(=O)n(-c4nscc4C(=O)O)c4ccccc43)cc2)cc1,15.0
COc1cc(OC)c(/C=C2\SC(=S)N(Cc3ccc(Cl)cc3)C2=O)cn1,15.0
Cc1csc(SCN2C(=O)C(=C\NO)/C(=C\c3ccc(Cl)cc3Cl)C2=O)n1,15.033296378372908
Cc1cc(COc2ccc(-n3ncnc3-n3ncc4c3COC4)cc2)c2ccccc2c1O,15.066519173319364
C#CSc1c(-n2cc(OCCn3ccc4ccccc43)nn2)ccc(Cl)c1C(=O)O,15.066519173319364
Cc1ncc(NC(=O)c2ccccc2Oc2nc3ccc(N4CCOCC4)cc3n2C)s1,15.0996688705415
Cc1nnc(SCc2ccc(-c3ccc(N4Cc5ccnc(O)c5C4=O)cc3)cn2)s1,15.198684153570664
COc1cc(OC)c2cc(Sc3ccc4c(c3)Cc3nccn3CCO4)c(O)nc2c1,15.362291495737216
COc1c(O)cc2nc(SCc3ccc(-c4cccc5c4OCCO5)cc3)nn2c1F,15.362291495737216
COc1cc2c(cc1OC)n1c(nc(=S)n1C(=O)O)n2Cc1ccc(Cl)c(Cl)c1,15.362291495737216
COc1cc(Oc2cccc(-n3cnc4ccccc43)c2N2CCOCC2)ccc1C(=O)O,15.394804318340652
COc1cc(OC)c2c(c1)[SH](c1cccc(O)c1)/C(=C\c1ccc3c(c1)OCO3)C2=O,15.427248620541512
COc1ccc(CNc2nc3cccnc3c3c(-c4cc5ccccc5n4C)nnn23)cc1,15.459624833740307
COc1cc2nnc(Sc3ccc4c(c3)OCc3ccccc3C4O)nc2cc1OC,15.459624833740307
COc1ccc(-c2c(-c3cc(OC(F)(F)F)ccc3O)nc3scc(C)n3c2=O)o1,15.491933384829668
Cn1c(OCc2cc(-c3ccc(O)cc3)nn2-c2ccc3c(c2)OCO3)ccc(Cl)c1=O,15.556349186104045
Nc1nc(-c2cccc(COc3cc(N4CCOCC4)nc(-c4ccccc4)n3)c2)cs1,15.588457268119896
Cc1nc(Cl)ccc1OCc1cc(-n2cnc3cc(O)ccc32)nc(N2CCCC2)n1,15.588457268119896
COc1ccc(-n2sc(=S)n(-c3ccc(C)c(Cl)c3)c2=O)cc1C(=O)OC(C)=N,15.588457268119896
COc1cc2c(=O)c3cc(C(=O)Nc4nc5ccccc5s4)ccc3n(C)c2cc1OC,15.588457268119896
Nc1ccnc(-n2ncc3c(Oc4ccc(OCc5ccccc5)c(Cl)c4)cccc32)n1,15.652475842498529
COc1ccc(-c2nc(-c3ccc(N)nc3)nn2Cc2ccc(C(F)(F)F)s2)nc1,15.684387141358123
COc1ccc2nc(Sc3ccc(Cl)cc3)n(-c3ccc(C(=O)O)c(=O)n3C)c2c1,15.716233645501712
COc1ccc2nc(-c3nnc(C(=O)O)s3)n(Cc3ccc(Br)cc3)c2c1,15.716233645501712
COc1ccc(-c2cnc3nc(S)n4nc(-c5ccc(F)cc5)nc4c3c2)cc1OC,15.748015748023622
COc1ccc(Nc2nc3cccc(OCc4ccc5c(c4)OCCO5)c3c(=O)s2)cc1,15.748015748023622
Cc1cc(Oc2cc(Cl)cc(Cl)c2CN2CCCC2)nn1-c1cc(C(=O)O)sn1,15.748015748023622
Oc1nc(OCc2ccc(OC(F)(F)F)cc2)c2c(n1)SCC(c1ccccn1)O2,15.84297951775486
COc1ccc2c(c1)n(-c1nc(N)cs1)c(=O)n2Cc1cccc(OC(F)(F)F)c1,15.84297951775486
COc1cc2nc(O)c(Sc3ccc(-n4cnc5ccccc54)cc3)c(=O)n2cc1C,15.84297951775486
FC(F)(F)Oc1ccc(COc2ccc(-c3nn(-c4ccccn4)c(=S)[nH]3)nn2)cc1,15.84297951775486
CN(c1ccc2c(c1)nc(O)c1ccccc12)c1nn(C)c2c(-c3cnn(C)c3)ccnc12,15.84297951775486
Oc1cn(CCOc2ccc3c(c2)COC3)c2nnnc(Sc3ccc(Cl)cc3)c12,15.84297951775486
COc1ccc(CSc2nc(O)c3nnn(-c4cccc(C(F)(F)F)c4)c3n2)cc1,15.874507866387544
COc1cc(Oc2c3c(cc4c(/C=C5\SC(=O)NC5=O)cn(C)c24)COC3)ccc1C,15.874507866387544
COc1ccc(-c2ccc(O)c3c2oc(=O)c2cc4c(nc23)N(C)CCS4)cc1OC,15.874507866387544
COc1cc(O)c2c(=O)c(Sc3ccc(Cl)cc3)c(Cn3ccnn3)sc2c1,15.937377450509228
Cn1nc2c(c1COc1ccc(Cl)c(-c3cnc(CC(=O)O)s3)n1)-c1ccccc1C2,15.968719422671311
COc1cn2c(=O)c3nc(Sc4ccccc4)n(Cc4ccccc4)c3nc2cc1O,15.968719422671311
Oc1nc2cc(OCc3nnc(-c4ccccc4)s3)ccc2n1Cc1ccc(F)cc1,16.0
COc1ccc(-c2nsc(N3CCN(c4ccc(C(=O)O)cc4)CC3)c2C#N)cc1C,16.0312195418814
COc1cc2c(cc1OC)C(=O)/C(=C/c1cn(Cc3nccs3)c3ccccc13)C(=O)N2,16.06237840420901
Oc1cc(Oc2ccc(Cl)cc2)ccc1OCc1nnn(-c2ccc(Cl)cc2)n1,16.09347693943108
COc1cc2c(cc1OC)OCc1c(nc(SC)nc1-c1ccc(F)c(Cl)c1)N2,16.09347693943108
CCn1c2c(c3c1C(C(=O)O)C3)CN(c1ccc(-c3cc(OC)cc(Cl)n3)cn1)CC2,16.09347693943108
COc1ccc(-c2nsc3c2cc(C(=O)O)c2c3cnn2CC(F)(F)F)c(OC)c1,16.1245154965971
COc1ccc2nc(-c3cc(C(=O)O)n(C)n3)n(Cc3ccc(C(F)(F)F)s3)c2c1,16.15549442140351
O=C(O)c1cnc(-n2nc(-c3cccc(OCc4ccc(Cl)cc4)c3)cc2N2CC2)s1,16.217274740226856
O=C(COc1cccs1)Nc1nnc(Sc2cccc(Cl)c2)n1-c1ccncc1,16.217274740226856
COc1ccc(-c2nn(CC3Nc4cc(OC)ccc4O3)c3c2COc2ncccc2-3)cc1,16.24807680927192
C=C1N(c2ccc(C(=O)O)c(Cl)c2)C(=O)c2c(C)csc2N1c1ccc(OC)cn1,16.24807680927192
COc1cc(C)cc2c1OCc1c-2c(OC)n(/C=C2/SC(=O)NC2=O)c1-c1ccccc1,16.24807680927192
COc1ccc(Cn2c(O)nc3cnc(Oc4ccc5c(c4)CCCC54COC4)nc32)cc1,16.24807680927192
COc1ccc(Oc2nc(O)nc3c2cnn3Cc2cc(F)cc3c2CCC3)cc1Cl,16.30950643030009
Cn1cncc1SC1=C(O)CCC(Cc2ccc(Cl)cc2Cl)=C(C(=O)O)C1=O,16.30950643030009
COc1cc(OC)c2c(c1)S/C(=C\c1cc(-c3ccc(N4CCOCC4)cc3)no1)C2=O,16.30950643030009
COc1cccc(C=C2C(=O)N(CSc3cccc4[nH]c(=S)sc34)C2=O)c1OC,16.30950643030009
COc1ccc(-c2cc3c(O)nc(=O)n(Cc4ccc(C(F)(F)F)s4)c3nn2)c(C)c1,16.34013463836819
COc1ccc(-c2nn(CC(=O)O)c(=O)c3scc(Sc4ccccc4Cl)c23)cc1,16.34013463836819
COC(=O)c1c(O)ccc2c1sn2CCOc1ccc(-c2ccc(Cl)c(Cl)c2)nn1,16.3707055437449
COc1cccc(Cn2c(Sc3ccc(Cl)c(Cl)c3)nc3nc(O)nnc32)c1,16.3707055437449
COc1cc2c(cc1-c1nnc(O)s1)n(Cc1ccc(Cl)cc1Cl)c(=O)n2C,16.3707055437449
Cn1c(OCc2cc(C(=O)O)n(-c3ccc(Cl)c(Cl)c3)n2)cnc1-c1cccs1,16.401219466856727
COc1ccc(Cn2c(Sc3ccc4c(c3)OCO4)nc3ccccc32)cc1C(=O)O,16.401219466856727
COc1cc2c(nn1)nc(Sc1ccccn1)n2Cc1ccc(OC(F)(F)F)cc1,16.431676725154983
COc1cc2c(c(OC)c1)N(CC1CCC1)c1onc(/C=C3/SC(=O)NC3=O)c1CC2,16.46207763315433
COc1cc2nc(-n3sc4ccccc4c3=O)cc(Nc3ccc(F)cc3)c2nc1OC,16.46207763315433
COc1c(/C=C2\SC(=O)NC2=O)ccc(OCc2ccc(C(F)(F)F)cc2)c1OC,16.492422502470642
CSc1ccc(Cn2c(=O)n3c4ncc3c(Oc3cnccc3Cl)cccc2n4)cc1,16.492422502470642
COc1ccc(O)c2ccc(Oc3ccc(-n4cnc(-n5cccc5)n4)c(Cl)c3)nc12,16.55294535724685
COc1ccc(-c2ccc(Cn3c(=O)n(SC(C)(C)C)c4c(N)ncnc43)cc2)cc1,16.55294535724685
COc1ccc2c(-c3[nH]nnc3C)nn(Sc3cc(C(F)(F)F)cc4c3OCO4)c2c1,16.583123951777
COc1cc2ccc(-n3c(C)c(C)n(-c4nc5ccc(Cl)cc5s4)c3=O)cc2nc1O,16.583123951777
COc1ccc(C(=O)Oc2ccc(-n3c(C4CCC4)c4ccsn4c3=O)cc2)c(O)c1,16.61324772583615
Cn1c(Sc2ccc(Cl)cc2)nc(CC(=O)O)c1Sc1ccc2c(c1)OCO2,16.61324772583615
Oc1ncn(CCOc2ccc(Oc3ccc(Cl)c(Cl)c3)cc2F)c2nnnc1-2,16.61324772583615
COc1cccc(Sc2nnnc3c(O)nn(Cc4cccc(C(F)(F)F)c4)c23)c1,16.61324772583615
Cc1csc(N2CC3(CC3)COc3ccc(Oc4ccccc4/C=C/C(=O)O)cc3O2)n1,16.61324772583615
COc1ccc2c(c1)n(-c1nc(C)cc3ccccc13)c(=O)n2Cc1ccc(C(=O)O)s1,16.64331697709324
O=c1c(O)cc(-c2ccc3cc(Cl)ccc3c2)nn1CCOc1ccc2c(c1)OCCO2,16.673332000533065
Cn1ncc2c(Oc3ccc(CN4CCCCC4)nc3)nc(Nc3ccc(F)cc3)nc21,16.703293088490067
COc1ccc(-c2nc(Sc3ccc4c(c3)OCCO4)c3ncc(O)c(C)c3n2)cc1,16.703293088490067
Cn1c(=S)n(Cc2cc(OCc3ccccc3)cc3nnnc(O)c23)c2ccccc21,16.703293088490067
COc1ccc(-c2nn(-c3ccccc3C(F)(F)F)c(=O)c3c(CS)noc23)cc1,16.73320053068151
COc1ccc(Cn2c(=O)n(-c3sc(Cl)cc3Cl)c3nc(C=O)c(O)cc32)cc1,16.73320053068151
COc1ccc(-c2nn(CC(=O)O)c(=O)c3scc(Sc4ccc(F)cc4)c23)cc1,16.73320053068151
COc1nc(-c2ccc(CC(=O)O)cc2)nc2c1cnn2Cc1ccc(C(F)(F)F)s1,16.73320053068151
COc1cccc(Oc2ccc(-n3cc(Cn4cnc5ccccc54)c4c3OCO4)cn2)c1,16.76305461424021
COc1ccc(Cn2c(=O)n(SC(C)(C)C)c3c(-c4cccc(Cl)c4)ncnc32)cc1,16.76305461424021
COc1ccc(Cl)c(OCc2cn(-c3ccc4c(c3)C(=O)c3c(O)cccc3-4)nn2)c1,16.792855623746664
Cc1nnc(-n2c(SCC(=O)c3ccc(F)cc3)nc3cc(O)c(Cl)cc32)s1,16.792855623746664
COc1ccc(-c2nc3cc(O)c(OC)nc3n2-c2nc3c(s2)CC(F)(F)CC3)cc1,16.792855623746664
Cc1cc2c(=O)n(Cc3cscn3)c(Sc3ccc(Cl)cc3)c(C#N)c2cc1O,16.822603841260722
COc1ccc(Nc2nc3c4ncnc(n24)N(c2ccc(Cl)cc2F)C=C3)cc1OC,16.822603841260722
COc1cc2c(cc1O)O/C(=C\c1nn(Cc3ccc(Cl)s3)c3ccccc13)C2=O,16.822603841260722
CSc1ccnc2c1n(-c1ccccc1Cl)c(=O)n2CCOc1ccc(C(=O)O)cc1,16.822603841260722
Cn1c(OCc2ccc(Cl)c(Cl)c2)nc2ccc3nc(O)n(Cc4nncs4)c3c21,16.822603841260722
CSc1ccc(Oc2ccc(-c3nn(Cc4ccccc4)c(=O)c4cncn34)cc2)nc1,16.881943016134134
O=c1n(S)c2ccccc2n1Cc1cc(OCc2ccc3c(c2)OCO3)c(Cl)cn1,16.911534525287763
Oc1ncnc(N2CCC3(CCc4cc(OCCOc5cc(Cl)cs5)ccc43)CC2)n1,16.941074346097416
CSc1nc(O)n(-c2ccc(Cl)c(Oc3ccc(OC(F)(F)F)cc3)c2Cl)n1,16.941074346097416
Cn1cnc(Cl)c1Sc1c(O)nc2ccccc2c1OCc1ccc2c(c1)OCO2,16.941074346097416
COc1ccc2c(nnn2-c2csc(Cl)c2Cl)c1NC(=O)c1cc(C)nn1C,16.941074346097416
O=C1c2cc(Oc3ccc(-n4cncn4)cc3)c(OCc3cccc(F)c3)cc2SC1O,16.97056274847714
Cn1c(=O)n(Cc2ccc(C(=O)O)s2)c2cc(Oc3cc(F)nc(Cl)c3)ccc21,16.97056274847714
Cc1cc2c(cc1OCc1cnc3ccccc3c1)c(-c1cnns1)nc(=O)n2CC1CC1,16.97056274847714
O=C(O)c1cc(Cl)ccc1OCCn1nc(Sc2ccc(Cl)cc2)c2c1COC2,16.97056274847714
O=C(O)c1cc(Br)sc1Oc1cc(Cl)cc(OCCn2ccnn2)c1,16.97056274847714
Cn1c2cccc3nnn(CCOc4ccc(-c5nccs5)cc4Cl)c3c-2cc1=O,17.0
COc1cc(OC)nc(Oc2c(Cl)ccc3c2-c2nn(C(F)(F)F)c(O)c2OC3)c1,17.05872210923198
Cc1c(/C=C2\SC(=O)NC2=O)n(C)c2ccc(OCCn3cnc4ccccc43)cc12,17.05872210923198
COc1ccc(-c2nn(Cc3ccc(C(F)(F)F)cc3)c3c(SC)nnn3c2=N)cc1,17.05872210923198
COc1cc(OC)c(Oc2csc3cc(/C=C4\SC(=O)NC4=O)ccc23)c(F)n1,17.05872210923198
O=C(O)c1ccc(OCCn2cc(-c3cc4ccccc4o3)c(N3CCSCC3)n2)cc1,17.08800749063506
COc1ccc2nc(-c3ccc(N4CCCC4)cc3)n(Cc3cnc(C(=O)O)s3)c2c1,17.08800749063506
Clc1ccc(COc2c(Cl)ccc3oc(-c4cn(CC5CCNC5)nn4)nc23)s1,17.08800749063506
COc1ccc(-n2ccc(Sc3ccc4c(c3)OCO4)c3c(C)c(C(=O)O)nc2-3)cc1,17.11724276862369
Cn1c(COc2ccc(Cl)c(Sc3cc[nH]n3)c2)cc2cnc(-n3ccnc3)nc21,17.11724276862369
COc1ccc(Cn2c3ccccc3c3c(=O)n(-c4nccs4)c(=O)[nH]c32)cc1OC,17.175564037317667
COc1cc(-c2nnnn2Cc2ccc(C(F)(F)F)cc2)c2sc(NC(C)=O)cc2c1,17.175564037317667
Cn1c(=S)n(Cc2cc(N)no2)c2nc(OCc3ccc(Cl)c(Cl)c3)ccc21,17.175564037317667
O=C(O)COC1=C(Sc2ccc(Cl)cc2)C=Cc2cc1nc(=O)n2CC(F)(F)F,17.175564037317667
FC(F)(F)Oc1ccnc(NC2CCN(Cc3cccc(Oc4ncco4)c3)CC2)n1,17.204650534085253
COc1ccc(OC)c(Cn2c(=O)c3sc4c(O)cc(=O)sc4c3c3ccccc32)c1,17.204650534085253
O=C1c2c(c(-c3ccc(OCc4ccccc4)c(Cl)c3)nn2-c2nccs2)CC1NO,17.204650534085253
COc1ccc(-n2c(=O)nc(SCc3ccc(Cl)c(Cl)c3)n2C(=O)O)cc1C,17.204650534085253
COc1ccc(-c2csc(Oc3ccc(N4CCOC(C(=O)O)C4)cc3Cl)n2)cc1,17.204650534085253
Cn1c(=O)n(Cc2ncc(C(=O)O)s2)c2cc(Oc3c(Cl)cccc3Cl)ccc21,17.233687939614086
COc1cc2c(nc(Nc3cccc4c3OCO4)n2C)c(-c2ccc3c(c2)COC3=O)c1C,17.233687939614086
CSc1ccc(Cn2c(-c3nnn(-c4ccc(O)cc4)n3)nc3ccc(Cl)cc32)cc1,17.26267650163207
COc1ccc(Cn2c(Sc3cccc4oc(=O)sc34)nc3ccccc3c2=O)cc1,17.26267650163207
Cn1nnc(-c2cnc3sc(O)nc3c2OCc2ccc(C(F)(F)F)cc2)c1Cl,17.26267650163207
Clc1ccc(-c2nc(Sc3nn[nH]n3)cn2CCOc2ccccc2)c(Cl)c1,17.26267650163207
COc1ccc(-c2nc(Sc3ccc(Cl)cc3Cl)nn3cnnc23)c(OC)c1,17.26267650163207
COc1cc2c(cc1O)nc(SCc1cc(Cl)cc(Cl)c1)n2-c1cnccn1,17.291616465790582
Cn1c(-c2cc(COc3cc(Cl)cc(Cl)c3)on2)nn(-c2ccc(O)cc2)c1=S,17.320508075688775
COc1c(Cl)ccc(Sc2ncc(C(=O)O)c(=O)n2Cc2cccs2)c1Cl,17.320508075688775
COc1cc2c(cc1Oc1ccc(Cl)cc1)n(C)c(=O)n2Cc1csc(C(=O)O)c1,17.320508075688775
COc1cc(/C=C2\SC(=O)N(Cc3ccc(OC(F)(F)F)cc3)C2=O)sc1O,17.320508075688775
COc1ccc(Oc2c(-n3ccnc3)c(/C=C3\SC(=O)NC3=O)cc3c2ccn3C)cc1,17.320508075688775
COc1cc(N2CCCC2)ccc1Cn1nc(-c2cnc(C(=O)O)s2)c2ccccc21,17.320508075688775
COc1ccc(Sc2nnnc3c2c(C)nn3Cc2ccc(Cl)cc2Cl)cc1,17.349351572897472
COc1ccc2nc(Sc3cccc4c3OCO4)n(Cc3cccc(C(=O)O)c3)c2c1,17.349351572897472
Cn1c2ccccc2c(=O)c2ccc(OCc3cc(C(=O)O)nn3-c3ccccc3)cc21,17.349351572897472
COc1ccc2nc(Sc3cccc4c3OCO4)n(-c3ccc(C(=O)O)c(C)c3)c2c1,17.349351572897472
COc1cc(-c2cn(Cc3ccc(SC)cc3)c3nnnn3c2=O)cc(Cl)c1Cl,17.349351572897472
Cn1c(COc2cccc(C(=O)O)c2)nc2cccc(Sc3ccc4c(c3)OCO4)c21,17.349351572897472
Cc1csc(-n2c(C)c(-c3cccc(Cl)c3)c3cc(Cn4cncn4)c(O)cc32)n1,17.378147196982766
Cc1nc(O)c2c(n1)OCc1c(-c3ccc(Cl)cc3)nn(CCOc3cccs3)c1-2,17.378147196982766
COc1ccc(-n2c(O)nc3c(Sc4ccc(Br)cn4)cccc32)nc1C,17.378147196982766
Cn1c(CNc2ccc3c(c2)OCO3)nc2sc(COc3ccc(Cl)cc3)cc2c1=O,17.378147196982766
CS[SH]1C(=O)NC(=O)/C1=C/c1ccc(Cl)c(OCc2ccc3c(c2)OCO3)c1,17.378147196982766
Cc1ncn(CC2OCc3c(O)nc4c(OCc5ccc(Cl)cc5)cccc4c3S2)n1,17.406895185529212
COc1nc(Oc2ccc(O)c(F)n2)c2ccn(Cc3cccc(C(F)(F)F)c3)c2n1,17.406895185529212
Cc1cc2c(c(C)c1O)n(Cc1ccc(-c3ccccc3)cc1)c(=O)n2-c1ncsn1,17.406895185529212
Cn1c(Nc2ccc(OC(F)(F)F)cc2)nc2ccc(OCc3cncc(Cl)n3)nc21,17.406895185529212
Cc1nc2c(NCc3cn(C4CC4)nn3)ncnc2n1Cc1ccc(Cl)c(Cl)c1,17.406895185529212
Cc1c(O)cc(Cl)c2c1nc(-c1cnn(-c3ccc(F)cc3)c1)n2Cc1cn(C)nn1,17.406895185529212
CNC(=O)n1cc(Sc2nc3cc(Cl)ccc3n2Cc2ccc(OC)c(F)c2)nn1,17.406895185529212
COc1ccc(-n2c3nccc-3c(O)c(=O)n2Cc2csc(-c3ccc(F)cc3)n2)cc1,17.435595774162696
COc1cc2c(c(-c3cnn(C)c3)c1)C(=O)/C(=C/c1ccc(-c3ccc(O)cc3)s1)O2,17.435595774162696
COc1ccc(OCc2ccc3c(c2)OCO3)cc1-c1nc2c3c(ccc2n1C)C(=O)NC3,17.435595774162696
COc1cc(OC)c2c(c1)nc(Cn1cc3ccccc3n1)n2-c1ccc(N)c(Cl)c1,17.4928556845359
COc1ccc(-c2nc(COc3ccc4sc(N)nc4c3)cc(C(F)(F)F)n2)cc1,17.4928556845359
COc1cccc(-c2ccc(Cn3c4c(c5nc(SC)nc(N)c53)CCC4)cc2F)c1,17.4928556845359
Clc1ccc2c(c1Nc1nc(-c3ccc(OCCN4CCCCC4)cc3)no1)OCO2,17.52141546793523
Cc1csc(-c2cc(/C=C3\SC(=O)NC3=O)ccc2OCc2ccc3c(c2)OCO3)n1,17.52141546793523
COc1ccc(-c2ccc(NCc3cn(-c4cccc5c4OCO5)nn3)cc2Cl)cn1,17.52141546793523
O=C(O)COc1ccc(Cl)cc1Cn1ncc2snc(SCC(F)(F)F)c21,17.52141546793523
CSc1ccccc1Oc1ccc(-c2nn(CC(=O)O)c(=O)n2-c2ccccc2)cc1,17.549928774784245
COc1ccc(-c2nc3c(N4CCC4)nc(N)nc3n2Cc2csc3ccccc23)cc1,17.578395831246947
Cn1c(=O)n(Cc2ccc(Oc3ccc(C(=O)O)cc3)cc2)c2cc(-n3cccn3)ccc21,17.578395831246947
Cn1c(Sc2ccc3c(c2)OCO3)cc2cc(COc3ccc(O)c(Cl)c3)cnc21,17.60681686165901
COc1ccc(Nc2nc(Oc3cccc(Cl)c3)c(C(=O)N3CCOCC3)s2)cc1,17.635192088548397
Cc1nc2c(=O)n(Cc3ccsc3)c(=O)n(Cc3cccc(-c4ccco4)c3)c2cc1O,17.635192088548397
COc1ccc(-n2c(OCc3ccc4c(c3)CCCO4)nc3cc(C(=O)O)ccc32)s1,17.635192088548397
COc1ccc(OCC(=O)O)c2c1C1Cc3cccc(-n4ccnc4)c3SC1CCO2,17.663521732655695
COc1ccc(OC)c2c1nc(C(=O)O)n2-c1ccc(N2CC3CCCCCC3C2)cc1,17.663521732655695
COc1cnc(O)c(C(F)(F)F)c1Oc1cc(-c2ccc(N3CCOCC3)cc2)no1,17.663521732655695
COc1ccc2c(c1)C(=Cc1nnc(-c3ccc(SC)nc3)o1)c1ccccc1C2=O,17.69180601295413
COc1ccccc1-c1ccc(OCC(=O)O)c(-n2c(=S)sc3ccccc3c2=O)n1,17.69180601295413
COc1cc(Nc2ccc(SCc3cc(Br)cc4c3OCO4)nn2)ccn1,17.72004514666935
CC(C)(C)n1cc(O)c(=O)n2nc(COc3ccc(OCc4ccc(Cl)cc4)nc3)cc12,17.72004514666935
COc1cnc2c(c1Oc1ccc(Cl)cc1Cl)n(Cc1cscn1)c(=O)n2C,17.72004514666935
Cc1ccc(-c2c(OCc3ccc4c(c3)OCO4)nnn2-c2ccc(O)cc2Cl)cc1,17.72004514666935
COc1nsc2c1-c1c(cc(COc3ccc(Cl)c(O)c3)cc1-c1cnn(C)c1)C2=O,17.72004514666935
COc1ccc(Cl)c(Cn2c(C)nc3c(Nc4ccc5c(c4)OCO5)ncnc32)c1F,17.74823934929885
COc1ccc(Oc2c(Br)cnc3c2cnn3-c2ccccc2C(=O)O)cc1C,17.74823934929885
Clc1ccc(-c2nc3c(NCc4ccncc4)ncnn3n2)cc1OCc1ccccc1,17.74823934929885
COc1ccc(-c2nn3c(=O)c(Oc4ccc(C(F)(F)F)cc4)c(O)n3s2)cc1C,17.776388834631177
Cc1cn(-c2cc3ccn(CCOc4ccc5nc(O)c6ccc(F)n6c5c4)c3cn2)cn1,17.776388834631177
COc1cc2nc(-c3ccc(N4CCOCC4)cc3)c(C(=O)O)c(Cl)c2cc1OC,17.776388834631177
COc1ccc(-c2nn(CC(=O)O)c3cc4c(cc23)Sc2ccccc2O4)c(OC)c1,17.804493814764857
Cn1cc(-c2ccc(OCc3ccc4c(c3)OCO4)cc2)nc1Sc1ccc(=O)[nH]c1,17.832554500127006
COc1cc2oc(-n3ccc(N4CCOCC4)n3)c(O)c2cc1Oc1ccc(Cl)cc1,17.832554500127006
Oc1ccc(-n2nnc(-c3ccc(OCCn4cnc5ccccc54)cc3)n2)cc1Cl,17.832554500127006
COc1ccc2c(c1)nc(-c1nc(C)cnc1O)c(=O)n2Cc1ccc(C(F)(F)F)s1,17.86057109949175
COc1ccc2c(c1Oc1ccc(Cl)cc1)n(C(=O)O)c(=S)n2CC1CCCO1,17.86057109949175
COc1ccc(-n2c(=O)n(Cc3ccc(Cl)c(Cl)c3)c3cc(O)c(C=O)nc32)cc1,17.88854381999832
O=C(O)COc1ccc(Sc2nc3c(F)cccc3c(=O)n2Cc2ccccc2)cc1,17.88854381999832
Cc1nc(-c2ccc(Cl)cc2)sc1COc1cccc2c(=O)c(C(=O)O)cn(C)c12,17.88854381999832
OCc1c(-c2cn(-c3nsc4ccccc34)nn2)ccc(OCc2ccccc2)c1F,17.88854381999832
Cc1ccc(Sc2nc(O)c3c(n2)n(C)c(=O)n3Cc2ccc(Cl)cc2Cl)cc1,17.88854381999832
COc1ccc(/C=C2/C(=O)C(Sc3ccccc3)=CS23CCCO3)cc1OCC(=O)O,17.88854381999832
COc1cc2c(cc1OCC(=O)O)C(Cn1nnc3ccccc31)=Cc1ccccc1S2,17.916472867168917
COc1cc(-c2cccc3c(=O)n4ncnc4[nH]c23)ccc1OCc1ccc(Cl)cc1,17.944358444926362
CSc1nn(-c2ccc(Oc3n[nH]c4sccc34)c(Cl)c2)c(=O)n1CC1CC1,17.944358444926362
COc1ccc(/C=C2\SC(=O)NC2=O)c(Oc2c(OC)cnc3cc(Cl)sc23)c1,17.944358444926362
Cc1csc(-n2nc(COc3ccc(Cl)c(=O)n3O)cc2-c2ccc3c(c2)OCO3)c1,17.944358444926362
Oc1nc2ccccc2c2c1ccn2CCOc1ccc(-c2cccnc2)nc1N1CCC1,17.944358444926362
Cn1c(=O)n(CCOc2cccc3sc(-c4ncccc4O)nc23)c2ccc(Cl)cc21,17.97220075561143
COc1ccc(-c2ccc(-c3cccc4nc(O)n(Cc5ccc6ncnn6c5)c34)cn2)cc1,17.97220075561143
O=C(O)c1cnn(-c2cc(OCCN3CCCCC3)ccc2-c2nc3ccccc3s2)c1,17.97220075561143
COC1=CC2C(=NN1)COc1c(OC)ccc(OCc3nc4ccc(Cl)cc4s3)c12,17.97220075561143
COc1ccc2nc(O)n(Cc3c4snc(-c5c(Cl)cccc5Cl)c4nn3C)c2c1,18.0
Oc1ccc(C2=NN=C(c3ccc(OCc4cn(-c5ccccc5)nn4)cc3)CS2)cc1,18.0
Cn1ncc(COc2ccc(N3CCN(c4coc5ccccc45)CC3)cc2)c1C(=O)O,18.0
COc1cc2c(cc1Oc1ccc(C(=O)O)cc1)CN(c1nc(Cl)c(C)s1)CCO2,18.0
COc1c(Oc2ccc(Cl)cc2)ccc2c1n(C)c(=O)n2Cc1ccc(C(=O)O)s1,18.0
Cn1nc(-c2cnn(-c3ccc(C(=O)O)cc3)c2)c2c(OCc3ccccc3)cccc21,18.027756377319946
COc1ccc(-c2c(Sc3ccc4c(c3)OCCO4)noc2C)c(N2CCC(=O)N2)c1,18.05547008526779
Cc1nc2c(OCc3ccc4cc(CN5CCCCC5)nn4c3)c(Cl)ccc2nc1O,18.05547008526779
Cc1nsc(-n2c(=O)n(-c3ccc(O)c(Cl)c3)c3ccc(OCc4ccccc4)cc32)n1,18.083141320025124
COc1ccc(-c2ccc3c(c2)C(=O)/C(=C/c2cc(-n4ccnc4)ns2)NC3=O)c(C)c1,18.083141320025124
COc1ccc(-c2nnc(Sc3c(Cl)ccc4c3-c3ncccc3CO4)n2C)cc1O,18.083141320025124
O=C(O)c1ccc(Sc2c3ccc4c2N(C=CC(OCCN2CCCCC2)=C3)CO4)cc1,18.110770276274835
O=C(O)Cn1nc(-c2ccc(OCc3ccccc3)c(Cl)c2)n(-c2cccs2)c1=O,18.110770276274835
COc1ccc2c(c1OC)n(Cc1ccc(Cl)s1)c(=O)n2-c1ccc(C(=O)O)cc1,18.110770276274835
COc1cccc(-c2nnn(-c3ccccc3)n2)c1Oc1cc(Cl)cc2c1COC2=S,18.138357147217054
COc1ccc(Cn2c(Sc3ccc4c(c3)OCO4)cc3ccnc(C(=O)O)c32)cc1,18.138357147217054
COc1cc(O)cc(Cl)c1Cn1c(=O)n(C2CCCCC2)c2c(C3CC3)nsc21,18.16590212458495
COc1ccc(C(=O)c2cc(Cl)cc3nc(-c4cn5ccsc5n4)[nH]c23)c(OC)c1,18.16590212458495
O=c1oc2cccc(OCc3cc(-c4ccc(Cl)cc4)cs3)c2n1Cc1ccnn1O,18.16590212458495
COc1ccc(-n2c(=S)n(C)c3cc(Oc4ccc(F)c(Cl)c4)ccc32)nc1N,18.16590212458495
COc1ccc(-n2sc3c(C(=O)O)c(OCc4ccc5c(c4)CCCO5)ccc32)nc1,18.193405398660254
COc1ccc(O)c2nc(Cn3c4ccc(F)cc4n4c(-c5ccccc5)nnc34)cnc12,18.193405398660254
Nc1ncnc2c1nc(-c1ccc(OCc3ccc(F)cc3)cc1)n2Cc1cccs1,18.193405398660254
CCN1C2=NCC=Cc3cc(OC)c(O)cc3C2=Nc2cnc(Sc3ccccc3)nc21,18.193405398660254
Cn1c(=O)n(-c2ccc(C(=O)O)cc2)c(=S)c2ccc(OCCN3CCCCC3)cc21,18.193405398660254
COc1cc2c(cc1OC)/C(=C/c1ccc3c(c1)n(O)c(=O)n3C)C(=O)c1ccccc1S2,18.193405398660254
COc1ccc2c(Sc3nc4ccccc4n3C)c(-n3ccc(C(=O)O)n3)ccc2c1,18.2208671582886
COc1ccc(O)c(Oc2cc3c(s2)c(=O)n(-c2ccc(C(C)(C)C)cc2)c(=O)n3C)c1,18.2208671582886
COc1ccc(OC)c2c1COc1c-2ccc2c1OC(O)c1c-2c(OC)nn1C(C)(C)C,18.2208671582886
Cc1nc(-n2cnc3ccccc32)ncc1Oc1c(N2CCOCC2)cc(F)c(O)c1C,18.2208671582886
COc1ccc(OCc2ccc3c(c2)OCc2cc(-c4nc(N)ns4)ccc2CN3)cc1,18.24828759089466
Cn1c(Sc2cccnc2)nc2c(OCc3ccc(OC(F)(F)F)cc3)ccnc21,18.24828759089466
COc1ccc(-c2cn(Cc3ccc(Cl)cc3)c3ncnc(N4CCC(N)=N4)c23)cc1,18.24828759089466
COc1ccc(-c2cc3c(c4c2OCC4)n(C)c(=O)n3Cc2ccc(C(=O)O)s2)cc1,18.24828759089466
Cc1ccc2c(c1)ncn2CCOc1cccc2ccn(-c3ccc(C(=O)O)cc3)c(=O)c12,18.24828759089466
Cc1cc2c(Sc3ccc4c(c3)OCO4)nn(C)c(=O)c2n1-c1ccc(O)c(Cl)c1,18.275666882497067
COc1ccc(C2=Nn3nc(C)nc3/C(=C/c3ccc(O)c(Cl)c3)S23CCO3)cc1,18.275666882497067
COc1ccc(-c2ccc(OCc3csc4c3nnn4-c3cccc(F)c3)nc2)c(O)c1,18.303005217723125
COc1cc(OCc2cn(-c3ccc(C(=O)O)cc3)nn2)c(C(F)(F)F)cc1Cl,18.303005217723125
COc1ccc(COc2cccc3c2oc(=O)c2c4n[nH]c(-c5ccccc5)nn-4c23)cc1,18.303005217723125
COc1ccc(-c2nnn(-c3ccc(Cl)cc3)n2)cc1Oc1cccc2c1CCCO2,18.33030277982336
CCn1cnc2c(nc(Nc3ccc(Oc4cccc(Cl)c4Cl)cc3)n2C)c1=O,18.33030277982336
Clc1ccc(COc2cnc(/C=N/Nc3nnc(-c4cccnc4)s3)cc2Cl)cc1,18.33030277982336
CC(=O)c1cc(-n2c(=O)n(Cc3nnc(C)s3)c3cccc(Cl)c32)cc(Cl)c1O,18.33030277982336
Cn1c(=O)n(-c2ccccc2OCc2nnc(-c3ccc(O)c(F)c3)s2)c2ccccc21,18.33030277982336
COc1ccc(-c2ccc(OC)c3c2c2sc(Cl)cc2c(=O)n3CC(=O)O)s1,18.33030277982336
O=C(O)COc1ccc(Cn2c(SCc3ccccc3)nc3ncnc(Cl)c32)cc1,18.33030277982336
COc1ccc(-c2nc(C(=O)O)sc2Cn2c(=O)n(C)c3ccc(Cl)cc32)cc1,18.33030277982336
COc1ccc(C#N)c2c(-c3nc(CO)cs3)nn(Cc3ccc(C(F)(F)F)cc3)c12,18.33030277982336
COc1ccc(-n2c(=O)n(Cc3csc(C(=O)O)c3)c3cc(OC(F)F)ccc32)cc1,18.35755975068582
COc1c(OCC(=O)O)ccc(Cn2c(=S)sc3c(Cl)ncnc32)c1Cl,18.35755975068582
C=CCn1c(=O)n(-c2ccc(Oc3ccnc(OC)c3)c(Cl)c2)c(=O)c2sccc21,18.35755975068582
O=C(O)COc1cccc2c1C(=O)c1ccc(N3CCCC3)cc1N(Cc1nccs1)C2,18.35755975068582
Cn1cc2ncn(-c3ccc(C(=O)O)cc3)c(=O)c2c1Sc1ccc(Cl)cc1Cl,18.35755975068582
COc1ccc(-c2cc3n(Cc4csc(C(F)(F)F)n4)c(=O)c(C(=O)O)cn3c2)cc1,18.35755975068582
COc1ccc2c(c1)n(-c1cnc3cc(C)ccc3c1)c(=O)n2Cc1ccc(C(=O)O)s1,18.35755975068582
COC(=O)Oc1ccc(-c2csc(N3CCC(c4ccccc4OC)CC3=N)n2)cc1,18.35755975068582
COc1cc(Cl)c(Oc2cc(O)cc3sc(-c4nnn(C)n4)cc23)c(C(F)(F)F)c1,18.384776310850235
COc1cc2c(cc1OC)n(C(C)(C)C)c(=O)n2-c1nnc(NC2CCC2)cc1Cl,18.384776310850235
COC(=O)c1sc2c(c1O)OC(c1ccc(Cl)cc1)c1nc3cc(OC)ccc3n1-2,18.411952639521967
COc1cc(Cn2c(O)nc3cc(Cl)cc(Cl)c32)sc1-n1cnc(C)n1,18.439088914585774
COc1cc(OC)c2c(c1)n(Cc1ccc(Cl)s1)c(=O)n2-c1ccc(C(=O)O)cc1,18.439088914585774
Cn1c(Sc2ccccc2)nnc1-c1ccc(OCc2ccccc2Cl)n2nncc12,18.439088914585774
COc1ccc(-c2nc3ccccc3n2Cc2ccc(C(=O)O)cc2)c2c1SCCO2,18.439088914585774
Cc1cc(C(=O)O)nc(-n2sc3c(OCc4ccc(C(F)(F)F)cc4)ccnc32)n1,18.439088914585774
COc1cc2c(cc1OC)C(=O)/C(=C/c1ccc(C(=O)O)n1-c1ccc3c(c1)CSC3)O2,18.466185312619388
Cn1cc(COc2ccc3c(c2)nc(-c2nc(C(=O)O)cs2)n3C)c2ccccc21,18.466185312619388
O=C(O)CCN1CCCc2c(Oc3ccc(Cl)cc3)c(Cl)cc(Cn3cnnn3)c21,18.466185312619388
Nc1nnc(-c2ccc(Cn3c(=O)sc4ccccc43)cc2)c(Sc2ccc(F)cc2)n1,18.49324200890693
Oc1nc2ccc(OCc3ccc(Cl)cc3)cc2n1Cc1ccc(-c2nnns2)cc1,18.49324200890693
Oc1ccc(-n2nnc(-c3ccc(OCCn4cnc5ccccc54)cc3)n2)c(Cl)c1,18.49324200890693
Cn1ccc2cc(-n3nnnc3-c3cnc(O)c(OCc4cc(F)c(F)c(F)c4)c3)ccc21,18.520259177452136
Cc1cc(C(=O)O)ccc1-c1cc(COc2nc3ccccc3n2C2CCN(C)C2)sn1,18.520259177452136
COc1ccc(-c2nn(Cc3ccc(Cl)cc3Cl)c3cnc4c(ncn4O)c23)n1C,18.547236990991408
COc1ccc(-c2ccc3nc4n(c3c2O)N(Cc2nc(C)cs2)C(=O)CS4)cc1,18.547236990991408
COc1ccc(-c2nn(CC(=O)O)c(=O)c3cc(Sc4ccc(F)cc4)sc23)cc1,18.547236990991408
Cn1c(=S)sc2c(=O)n(CC(=O)O)nc(-c3ccc(OCc4ccccc4)cc3)c21,18.547236990991408
COc1ccc(-c2ccc(OC)c(-c3nsc4c3COc3ccc(C(=O)O)n3-4)c2)cc1,18.547236990991408
COc1ccc(-n2c(=O)n(CC(=O)O)c3ccc(OCc4ccccc4)cc32)c(Cl)c1,18.547236990991408
COc1cccc(Sn2c(=O)n(-c3ccc(Cl)cc3C(=O)O)c3ccccc32)c1,18.547236990991408
Cn1cc(Cc2nnc3ccccc3c2O)cc(Oc2ccc(C(F)(F)F)cc2)c1=O,18.547236990991408
COc1cc2c(cc1-c1ccc(/C=C3/C(=O)c4cccc(OC)c4SC3N)s1)CCO2,18.57417562100671
Cc1csc(Cn2c(OCc3ccc4c(c3)OCO4)nc3cc(Cl)ccc32)n1,18.57417562100671
COc1ccc(-c2nc3c(cnn3-c3cccc(C(=O)O)c3)n2Cc2ccsc2)cc1,18.57417562100671
COc1cc2c(cc1Cl)C1C(=NOC1c1cccs1)c1c(cc(C)c(O)c1OC)O2,18.601075237738275
COc1ccc(OC(=O)c2cc3ncnc-3n(C)c2Oc2ccc(C(F)(F)F)cc2)cc1,18.601075237738275
COc1ccc(-n2c(O)nc(=O)c3ccc(OCc4nc5ccccc5s4)cc32)cc1F,18.627936010197157
Cc1cc(Nc2cccnc2)c(Cl)cc1Oc1nc(N2CCCC2)nc2c1cnn2C,18.627936010197157
COc1ccccc1Oc1sc(-n2c(=O)n(C)c3cc(O)ncc32)cc1Br,18.627936010197157
Cn1c(=O)n(C)c2ncc(COc3ccc(Nc4nc5ccccc5o4)cc3Cl)cc21,18.627936010197157
COc1ccc(OCc2ccc3c(n2)c(O)nn2c(-c4ccc5c(c4)OCCO5)ccc32)cc1,18.65475810617763
COc1cccc2nc(Cn3c4ccc(-c5nccn5C)cc4c4sc(O)nc43)ccc12,18.65475810617763
Cc1cc(Oc2nc(=O)n(C)c3c2sn3Cc2ccc(C(=O)O)cc2)ccc1Cl,18.65475810617763
COc1ccc2nc(Oc3ccc(Cl)c(Cl)c3)n(CC3CCN(C(=O)O)C3)c2c1,18.65475810617763
Cc1nc2cc(OCC(=O)O)ccc2n1Cc1ccc(-c2ccc(C(F)(F)F)nc2)nc1,18.65475810617763
CCOC(=O)Cn1c(=O)c(O)nc2cc(-c3ccc(N4Cc5ccccc5C4)s3)ccc21,18.65475810617763
O=C(O)c1ccc(OCCN2C(=O)/C(=C/c3snc4ccsc34)c3ccccc32)cc1,18.65475810617763
COc1ccc(-c2nn(Cc3csc(C(F)(F)F)n3)c3ccc(C(=O)O)nc23)cc1,18.65475810617763
Cc1nc2cc(COc3ccc(Cl)c(Cl)c3F)ccc2n1-c1cn(CC(=O)O)nn1,18.65475810617763
CSc1nn(-c2ccc(COc3ccc(C#N)cc3)cc2)c(=O)n1-c1ccc(Cl)cc1,18.681541692269406
COc1cccc(COc2c(Cl)ccc3c2OC/C3=N\Nc2nnc3ccccc3n2)c1,18.708286933869708
COc1ccc(OCc2cn(-c3ccsn3)c3c2C(=O)c2cccc(O)c2-3)nc1Cl,18.708286933869708
COc1nc2ccn(Cc3ccn4cnnc4c3O)c2cc1Oc1ccc(Cl)cc1,18.708286933869708
C=C(O)CN1C(=O)CSc2cc(-c3ccc(OC)c(Cl)c3)cc(Cn3ccnn3)c21,18.734993995195193
COc1ccc(Nc2nncn2Cc2csc3c(=O)n(C)c4cc(Cl)ccc4c23)cc1,18.734993995195193
COc1cc(Oc2c(Cl)ccc3c(C)c(C(=O)O)sc23)cc(N2CCOCC2)c1,18.734993995195193
COc1ccc(/N=C2\C(=O)N3C(Sc4ccc(Cl)c(C)c4)=C(C(=O)O)C3N2C)cc1,18.734993995195193
COc1cc(OCC(=O)O)c2c(c1)n(C)c(=O)n2-c1nc2c(Cl)cc(Cl)cc2s1,18.76166303929372
Cc1cc(Cn2c(=O)c3sccc3n(-c3ccccc3Cl)c2=O)ccc1OCC(=O)O,18.76166303929372
COc1ccc(-c2c3c4c(cccc4c(=O)n2CC(F)(F)F)OC=C3)cc1OCC(=O)O,18.76166303929372
COC(=O)C1Cc2c(OCc3cn(-c4ccc(Cl)c(Cl)c4)nn3)ccc(O)c2S1,18.788294228055936
Cn1cc(Sc2c(Cl)cccc2OCc2cn(-c3cccc(Cl)c3)nn2)nn1,18.788294228055936
COc1ccc2nc(Sc3ccc(Cl)c4[nH]nc(C(=O)OC(C)(C)C)c34)n(C)c2c1,18.81488772222678
C[SH]1C=C(C(=O)O)C(Sc2ccccc2)=C1c1nnnn1Cc1ccccc1Cl,18.81488772222678
Cn1nc2c(c1-c1cc(COc3ccc(Cl)c(O)c3)ccc1-c1nnns1)CCCC2,18.81488772222678
COc1cc2c(cc1O)O/C(=C\c1cc(-c3cccc(N4CCOCC4)c3)cs1)C2=O,18.841443681416774
Oc1cc(-c2nsc3c2ccc2c3ccn2CCOCc2cncs2)ccc1F,18.841443681416774
COc1ccc(C2=Nc3c(cccc3OCc3nc4ccccc4s3)OC2)cc1O,18.841443681416774
O=C(O)CSc1nnc(-c2ccc(OCc3cccc(C(F)(F)F)c3)cc2)s1,18.867962264113206
COc1cc2c(cc1OC)C(=O)/C(=C/c1ccc(-c3ccc(C(=O)O)cc3)s1)S2,18.867962264113206
COc1ccc2c(c1)S/C(=C\c1cnc3c(ccn3Cc3ccc(C(=O)O)cc3)c1)C2=O,18.867962264113206
Cn1c(=O)n(CCOc2c(Cl)ccc3c(Cl)cn(CC(=O)O)c23)c2ccccc21,18.867962264113206
COc1cc(Sc2nnnn2C)c2c(c1)nc(C)n2Cc1ccc(Cl)cc1Cl,18.894443627691185
COc1ccc(OC(=O)c2c(O)nn3c2CN(c2cc(Cl)ccc2Cl)CC3C)nc1,18.894443627691185
COc1ccc(-c2ccc3nc(C(=O)O)n(Cc4csc(C(F)(F)F)n4)c3c2)cc1,18.894443627691185
COc1cc(Sc2cc3ccc(Cl)cc3n2C)c(O)nc1-n1nnc2ccccc21,18.920887928424502
Cn1cc2c(OCc3ccccc3Cl)nc(N)nc2c1Sc1ccc2c(c1)OCO2,18.920887928424502
COc1cc(-c2c3ncnc-3n(Cc3ccsc3)c(=O)n2C2CCC2)cc(Cl)c1O,18.947295321496416
COc1c(Oc2ccc(Cl)cc2)cc(O)c2nc(-c3ccc4c(n3)OCCO4)n(C)c12,18.947295321496416
O=C(O)c1cc(Cn2ccnc2)c(Cl)cc1OCc1nc(-c2ccc(Cl)cc2)ns1,18.973665961010276
COc1cc2c(s1)n(C)c(=O)n2Cc1ccc(Cl)c(Oc2cccc(C(=O)O)c2)c1,18.973665961010276
COc1cc(-c2nnn(-c3nccn3C)n2)cc(Cl)c1Oc1ccc(Cl)c(Cl)c1,18.973665961010276
O=C(O)SCC(Oc1ccc(Cl)nc1)c1cn(-c2ccc(Cl)c(Cl)c2)nn1,18.973665961010276
O=C(O)COc1ccc(Cl)cc1Sc1cc(-c2ccc3c(c2)OCO3)nn1C1CC1,18.973665961010276
Cn1cc(SC(F)(F)F)c2cc(OCc3cn(-c4ccc(C(=O)O)cc4)nn3)ccc21,18.973665961010276
COc1cccc(Oc2ccc(-n3nc(O)n(-c4ccc(Cl)cc4)c3=O)cc2Cl)c1,18.973665961010276
COc1ccc(-c2nnn(-c3ccccc3Cl)n2)cc1OCc1ccc2c(c1)OCO2,19.0
Cn1cc2c(n1)c(Sc1ccc(OC(F)(F)F)cc1)c(C(=O)O)n2Cc1ccco1,19.0
CC(=O)c1ccc(OCCn2nc(-c3ccc(C(=O)O)cc3)c3c2SCCS3)cc1,19.0
COc1ccc(Cn2c3ccccc3c3c(=O)n(-c4cccs4)nc(C)c32)cc1C(=O)O,19.0
Cn1nnnc1-c1cc2nn(Cc3ccc(Cl)s3)c(N3CCC(C)(C)CC3)c2[nH]1,19.026297590440446
COc1ccc(-n2c(Oc3cccc4c3CCCN4CC(=O)O)nc3ccccc32)s1,19.05255888325765
COc1cc(OC)c2nc(C(=O)O)n(Sc3ccc(Cl)c(C(F)(F)F)c3)c2c1,19.05255888325765
CSc1nc(-c2ccc(OCc3ccc(Cl)cc3Cl)c(=O)o2)nn1C1CCNC1,19.05255888325765
Cc1cc(-n2c(=S)n(CCOc3nc(O)nc4ccc(Cl)cc34)c3ccccc32)ncn1,19.05255888325765
COc1ccc(-c2nn(-c3cccc(OC)c3)c3c2C=Cc2nc(N4CCC4)ncc2N3)cc1,19.05255888325765
COc1ccc(-n2cc(Sc3cc(C)c(O)c(Cl)c3)c(=O)n3ncnc23)cc1Cl,19.05255888325765
O=C(O)CSc1nnc(-c2ccc(OCc3cccc(Cl)c3)nc2)n1C(F)(F)F,19.078784028338912
COc1ccc(-c2cccc3c2nc(C(=O)O)n3Cc2csc(C(F)(F)F)n2)nc1,19.078784028338912
Cn1cc(Sc2ccc(OCC(=O)O)c(F)c2)c2cc(-c3cn(C(F)F)nn3)ccc21,19.078784028338912
Cn1c(-c2ccc(OCc3ccccc3)cc2Cl)nn(-c2ccc(C(=O)O)cc2)c1=O,19.078784028338912
Cn1c(Sc2cccc(Cl)c2)nc(-c2ccc3c(c2)OCO3)c1SCC(=O)O,19.078784028338912
Cn1cc(/C=N/Nc2nccs2)c(=O)n2cc(OCc3ccc(Cl)cc3Cl)cc12,19.078784028338912
Cc1ccc(-c2ccc3c(cnn3Cc3nnc(C(F)(F)F)s3)c2)cc1OCC(=O)O,19.078784028338912
COc1cccc(-c2nn(CC(=O)O)c(=O)c3cc(Sc4ccc(F)cc4)ccc23)c1,19.078784028338912
COc1ccc(-c2nnn(-c3ccc(OC(F)(F)F)cc3)c2/C=C2/CNC(=O)S2)cc1,19.078784028338912
O=C(O)c1ccc(-c2cc(COc3ccc(Cl)cc3Cn3ccnc3)sn2)cc1,19.078784028338912
COC(=O)c1ccc(Cn2c(-c3[nH]nnc3C)nc3c(Cl)cc(Cl)cc32)s1,19.078784028338912
O=C(O)c1ccc(-c2csn(CCOc3cc(-c4ccccc4)cs3)c2=O)cc1,19.078784028338912
COc1ccc2c(c1)nc(Sc1ccc3c(c1)OCO3)n2Cc1ccc(C(=O)O)cc1,19.1049731745428
COc1ccc(OCc2cc3c(c4sccc24)n(-c2ccc(C(=O)O)cc2)c(=O)n3C)cc1,19.1049731745428
O=C(O)COc1cc(Sc2ccc3c(c2)OCO3)ccc1-n1ccnc1-c1ccccc1,19.1049731745428
COc1cc(OC)cc(Oc2ccc3c(c2Cl)C2(CCOCC2)C(=O)N3c2nccs2)c1,19.1049731745428
COc1cc2c(c(OC)c1O)C(=O)/C(=C/c1cn(C3CCSCC3)c3ccccc13)O2,19.157244060668017
O=C(O)COc1cccc(Sc2cc(=O)n3nccc3n2Cc2cccc(Cl)c2)c1,19.157244060668017
COc1ccc(-c2ccc3c(c2)n(Cc2ccc(C(=O)O)s2)c(=O)n3C)cc1Cl,19.157244060668017
Cc1cc(Oc2ccc(-n3ncc(=O)n(-c4ccc(O)cc4)c3=O)cc2Cl)sc1C,19.157244060668017
Cn1nc(C(=O)O)cc1CCN1CCCc2sc(Oc3cccc(Cl)c3)nc2CC1,19.157244060668017
Cn1c(=S)n(-c2ccccc2)c2c(Oc3ncc(OCC(=O)O)cc3Cl)cccc21,19.157244060668017
Cn1c(Oc2ccc(OCc3cc4ccccc4s3)[nH]c2=O)nn(-c2ccccc2)c1=O,19.157244060668017
COc1ccc(OC)c2c1nc(O)n2Sc1cc(C(F)(F)F)cc2c1OCCCO2,19.157244060668017
COc1ccc(SC(F)(F)F)c(-c2c(C(=O)Nc3nncs3)noc2C)c1,19.183326093250876
CCn1c(-n2cncn2)nc2c3cc(O)ccc3n(Cc3cc(Cl)c(Cl)nc3C)c21,19.183326093250876
COc1ccc(-c2cc3nc(O)c(=O)n(Cc4ccc(-c5cnn(C)c5)cc4)c3s2)cc1,19.183326093250876
COc1cc(OC2CC2)c(C#CC2CC2)cc1Oc1cccc2cc(-n3cnnn3)sc12,19.183326093250876
Cc1cc(OCc2cccc(Cl)c2Cl)ncc1-c1nnc(SCC(=O)O)s1,19.209372712298546
COC(=O)Sc1cc(Cl)ccc1-c1cn(Cc2ccc(OC)cc2)c2ncnn12,19.209372712298546
Cn1c(-n2sc(-c3ccccc3)nc2=O)cc2ccc(OCc3ccc(C(=O)O)cc3)cc21,19.209372712298546
Cn1cc(-c2cc(Sc3ccc4c(c3)OCO4)ccc2OCC(=O)O)c2cccnc21,19.209372712298546
COc1ccc(-n2c(=O)n(C)c3c(N=O)scc32)c(Cl)c1Oc1ccc(Cl)cc1,19.235384061671343
Nc1c(-c2cccc(OCc3cccc(Cl)c3)c2)nnn1Cc1cc2c(s1)COC2,19.235384061671343
COc1cc(-c2nnc(Sc3ccc(O)c(C(F)(F)F)c3)n2C)c(C#N)cc1Cl,19.235384061671343
C=C(C)Oc1cc(-c2nsc(NC(=O)c3ccc4c(c3)OCCO4)n2)ccc1SC,19.261360284258224
COc1nc(C)cc(N2CCC3(C2)c2cccc(OC)c2Oc2cc(O)cc(Cl)c23)n1,19.261360284258224
Oc1nc(-c2cccs2)nc2c1ncn2CCOc1ccc(-c2ccccc2F)nc1,19.261360284258224
COc1cc2c(cc1OC)C(=O)/C(=C/c1cccc3c1sc(=O)n3Cc1cscn1)N2,19.261360284258224
O=C(O)COc1cc2ccc(=O)n(Cc3nccs3)c2cc1Sc1cccc(Cl)c1,19.261360284258224
OCCn1cc2c(n1)COc1cc(OCc3csc(-c4ccc(Cl)cc4)n3)ccc1-2,19.261360284258224
O=C(O)CN1CCC(n2cc(-c3ccc(OCc4ccc(Cl)cc4Cl)cc3)nn2)C1,19.28730152198591
COc1ccc(-c2ccc3c(nnn3Cc3ccc(-c4ccc(C(=O)O)cc4)cc3)n2)s1,19.28730152198591
COc1ccc(OC)c2c1OCc1c(Sc3ccc(C(F)(F)F)cc3O)ncnc1-2,19.28730152198591
COc1ccc(-c2cn(-c3cccs3)c(Cn3nc(C(=O)O)c4ccccc43)n2)cc1,19.313207915827967
COc1cc(-c2cnc(N3CCOC3)c3non23)cc(C)c1Oc1cc(Cl)cc(Cl)c1,19.313207915827967
COc1cccc(-c2ccc(OC)c(Oc3cc4c(c5c(=O)n(C)ccc35)OCCO4)c2)c1,19.313207915827967
O=C(O)COc1ccc(Cn2c3ccccc3c3ncnc(-c4ccc5c(c4)OCO5)c32)cc1,19.313207915827967
Cn1cnc(F)c1OCCn1c(-c2ccc(Cl)s2)nc2c(O)nc3ccccc3c21,19.364916731037084
COc1ccc2c(Sc3cc(C(=O)O)ccc3-n3nc(Cl)ccc3=O)cn(C)c2c1,19.364916731037084
COc1cc(-c2ccc(OC)c3c2CCO3)c2sc(N3CCC(C(=O)O)CC3)nc2c1,19.390719429665317
COc1ccc2cc(COc3c(Cl)cccc3Cl)n(-c3nc(C(=O)O)cs3)c2n1,19.390719429665317
COc1ccc(OCc2cn(-c3nc(C(=O)O)cs3)c3c(C(F)(F)F)ccnc23)cc1,19.390719429665317
O=C(O)C1CCN(c2ncnc3sc(COc4ccc(-c5ccccc5)cc4)cc23)OC1,19.390719429665317
COc1cccc(-c2nn(Cc3ccc(C(=O)O)cc3)c3cc(N4CCOCC4)ccc23)c1,19.390719429665317
COC(=O)c1c(COc2ccc(Cl)cc2Cl)c2c3snc(O)c3ncc2n1C,19.390719429665317
CCOc1ccc2c(c1)n(Cc1ccc(Cl)cc1F)c(=O)n2-c1nc(C(=O)O)cs1,19.390719429665317
COc1ccc(-c2c(SC(=O)O)n(Cc3ccc(Cl)cc3)c3cc(Cl)nn23)cn1,19.390719429665317
COc1cc2c(cc1C)n(-c1nc3cc(C(=O)O)ccc3s1)c(=O)n2Cc1ccccc1,19.4164878389476
COc1ccc(-c2cc(Cn3c(=O)c4c(c5c3sc(=N)n5C)CCC4)no2)cc1Cl,19.44222209522358
COc1cc(Cn2c3c(c4ncsc(=O)c42)-c2cc(O)ccc2OC3)c(OC)cc1Cl,19.44222209522358
COc1ccc(-c2ccc(OC)c3c2ccc2ccc(Cn4ccn5ncnc45)cc23)nc1,19.44222209522358
COc1cccc(Sc2ccc3c(c2)n(C)c(=O)n3-c2nccc(C(=O)O)c2Cl)c1,19.467922333931785
CC1(c2cccs2)COc2ccc(OCCn3nc(C(=O)O)c4ccccc43)cc2O1,19.493588689617926
COc1cc(-c2cccc3c2nnn3Cc2csc(=O)n2-c2ccccc2)ccc1O,19.493588689617926
O=C(O)c1ccc(-n2cc(-c3cc(COc4ccc(Cl)c(F)c4)cs3)nn2)cc1,19.493588689617926
Cn1nc(-c2ccc3c(c2)OCO3)cc1Sc1ccc(OCC(=O)O)c2ccccc12,19.519221295943137
COc1ccc(-c2c(C)sc3c2c(=O)n(-c2ccccc2)c(=S)n3CC(=O)O)cc1,19.519221295943137
Cc1cc(Cn2ccc3c4ccccc4n(-c4nccs4)c(=O)c32)ccc1OCC(=O)O,19.519221295943137
COc1ccc(Cl)c(C(=O)Nc2nnc(-c3ccc4c(c3)SCCO4)s2)c1OC,19.544820285692065
COc1ccc(Cn2c(Sc3ccc(Cl)cc3)nc3c(O)c(Cl)ccc32)cc1,19.570385790780925
COc1c(O)ccc2c1c(=O)nc(-c1cn(C)cn1)n2Sc1cccc(C(F)(F)F)c1,19.570385790780925
Cc1c(Oc2ccc(Cl)cc2C2=NC(c3ccc(F)cc3)C(C(=O)O)S2)cnn1C,19.570385790780925
COc1c(O)nc2ccc(Oc3ccc(Cl)cc3)cc2c1Sc1ccnn1C=O,19.570385790780925
COc1ccccc1Oc1ccc(Cn2c3c(c4nc(Cl)nc(C)c42)OCCN3)cn1,19.570385790780925
Cc1nn(-c2nnn(Cc3ccc(O)c(F)c3)n2)c(Oc2ccc(Cl)cc2)c1Cl,19.570385790780925
COc1ccnc2c1nc(Sc1ccc(O)nc1)n2Cc1ccc(Cl)c(Cl)c1,19.570385790780925
Cn1c(Sc2ccc(OCCN3CCCCC3)c3ccc(Cl)cc23)nnc1C(=O)O,19.595917942265423
COc1cc2c(cc1OC)S1(CCNCC1)c1cc(-c3c(C)noc3C)ccc1C2=O,19.595917942265423
Cc1cc(Oc2ccc3c(c2Cl)SCC(c2nccs2)=N3)ccc1OCC(=O)O,19.595917942265423
O=C(O)COc1cccc2c1ncn2Cc1nc(-c2ccc(Cl)s2)n2ccccc12,19.595917942265423
COc1cc(O)c2c(c1)CC(CSc1nnnn1-c1ccc(Cl)cc1Cl)=CC2=O,19.595917942265423
Cn1c(=O)sc2nc(SCc3ccc(Cl)cc3)n(Cc3ccc(C(=O)O)cc3)c21,19.595917942265423
COc1ccc2c(c1)n(-c1ccc(O)cc1)c(=O)n2-c1ccc(-c2nncs2)cc1C,19.595917942265423
COc1ccc(OC(=O)C(C)(C)C)cc1Cn1c2cc(O)ccc2c2ccn(C(C)=O)c21,19.595917942265423
O=C(O)Cn1c(-n2nc(-c3ccc(OCc4ccccc4)cc3)ccc2=O)csc1=S,19.595917942265423
COc1cccc2c(-c3ccc(OCc4ccc5c(c4)OCO5)c(Cl)c3)nn(C(=O)O)c12,19.595917942265423
Cn1c(Sc2cc(Cl)c(-n3cccn3)cc2Cl)nc2cc(OCC(=O)O)ccc21,19.595917942265423
O=C(O)c1c(Cl)ccc(OCCn2cnc3ccccc32)c1Sc1nccnc1F,19.595917942265423
COc1ccc(-c2nn(Cc3ccccc3F)c(=O)n2-c2ccc(C(=O)O)cc2)s1,19.621416870348583
CCOC(=O)COc1ccc2c(c1)C(=O)/C(=C/c1csc3cc(Cl)ccc13)C(N)=N2,19.6468827043885
Cc1cc(OCc2cn(-c3ccc(Cl)c(Cl)c3)nn2)ncc1-n1c(C)n[nH]c1=S,19.6468827043885
COc1cccc(-c2nnsc2Cn2cnc3ccc4c(c32)-c2ccccc2C4=O)c1,19.6468827043885
COc1cc(Cn2c3c(c4ccc(-c5nc(C)ns5)cc42)OCCC3)c(Cl)nc1O,19.6468827043885
COc1cccc(N2CCN(c3nc(Oc4ccc(Cl)cc4)c4c(O)noc4n3)CC2)c1,19.6468827043885
COc1cc(Cn2c3c(c4cc(Cl)ccc42)/C(=N/O)SCS3(=O)=O)cc(OC)c1,19.672315572906
COc1ccc(-c2c(C(=O)O)sc3cc(-c4ccc(Cl)cc4)nn3c2=O)cc1OC,19.672315572906
COc1ccc(-c2cc(C(=O)O)nn2Cc2csc3ccccc23)cc1N1CCCC1=O,19.697715603592208
Cc1cc(Cn2nc(C(=O)O)cc2-c2ccc(Cl)cc2)n(-c2ccc3ncn(C)c3c2)n1,19.697715603592208
O=C(O)c1nc(Cn2nnc3c(OCc4ccc(Cl)cc4)c(Cl)ccc32)cs1,19.697715603592208
COc1ccc(-n2c(=O)n(Cc3ccc(C(=O)O)cc3)c3c2c2ccccc2n3C)s1,19.697715603592208
Cc1c(Sc2cccc(OCC(=O)O)c2)n2ncnc2n1-c1ccc(Cl)c(Cl)c1,19.697715603592208
Oc1cc(Cl)ccc1OCc1cc(-c2cn(Cc3cccc(Cl)c3)nn2)ns1,19.697715603592208
O=C(O)c1ccnc(-n2nccc2Oc2ccc(OCCN3CCCCC3)cc2Cl)c1,19.697715603592208
COc1ccc(Oc2cc(-c3nnn(-c4ccc(Cl)cc4)n3)cc3c2ccn3C)cc1,19.72308292331602
NC(=O)n1nc(Sc2ccc(Cl)cc2)c2ccc(OCCn3cnc4ccccc43)cc21,19.72308292331602
COc1cc2c(cc1OC)C(=O)/C(=C/c1ccc(-c3ccc(C(=O)O)cc3)s1)SC2=O,19.72308292331602
COc1cccc(OCc2ccc(C(=O)O)cc2)c1-c1cnc2ccc3c(n12)OCCS3,19.72308292331602
COc1ccc(OCc2ccc3c(c2)OCCO3)c(-c2nc3ccc(Cl)cc3n2O)c1,19.748417658131498
Cc1cc(OCc2cc(Cl)cc(Cl)c2)ccc1-n1c(N)nn(-c2nccs2)c1=O,19.77371993328519
COc1ccc(Oc2ccc(Cn3c4c(c5nc(Cl)nc(C)c53)OCCN4)cn2)cc1,19.77371993328519
COc1ccc(/C=C2/C(=O)c3c(C#N)cc(OC)c(O)c3[SH]2c2cccs2)cc1,19.77371993328519
Oc1ccc(Oc2cccc(OCCN3CCOCC3)c2Cl)c2c3c(oc12)OCOC3,19.77371993328519
Cc1cc(OCC(=O)O)sc1-c1nnn(Cc2ccc(Cl)cc2C(F)(F)F)n1,19.77371993328519
Cc1nc2ccc(OCCn3cnc4cc(Cl)ccc43)cc2c(=O)n1-c1cccs1,19.79898987322333
Cc1nc2ccc(O)cc2c(=O)n1Cc1csc(-c2ccc(OC(F)(F)F)cc2)n1,19.79898987322333
COc1ccc(-n2c(=O)n(Cc3csc(C(=O)O)n3)c3cc(Cl)c(C)cc32)c(F)c1,19.79898987322333
Cc1csc2c1cc(Cn1c(=O)n(C)c3ccccc31)n2-c1ccc(OC(=O)O)cc1,19.79898987322333
C#CSc1nc2cc(-c3ccc(OC)cc3)n(C)c2c(=O)n1-c1ccc(C(=O)O)cc1,19.79898987322333
COc1ccc(C(=O)O)cc1Sc1nc2ccc(-c3ccc4c(c3)OCCO4)cc2n1C,19.82422760159901
COc1ccc(OCc2cc3c(N4CCN(c5ccccn5)CC4)nc(Cl)nc3o2)cc1,19.82422760159901
COc1ccc(=O)c2nc(Sc3cn(C)nn3)n(Cc3ccc(Cl)c(Cl)c3)c2c1,19.82422760159901
COc1cccc(C(=O)Oc2ccc3c(c2)c2c(c(=O)n3C)SCCCS2)c1OC,19.849433241279208
COc1ccc2c(/C=C3/C(=O)c4sc(C)c(-c5ccccc5)c4N(N)C3=O)cn(C)c2c1,19.849433241279208
Cc1cc(OCC(=O)O)ccc1-c1ccc(-n2sc3c(N4CCCCC4)ncnc32)cc1,19.87460691435179
Cc1ccc(Cn2c(=O)c3sccc3n(Cc3ccc(C(=O)O)cc3)c2=O)cc1Cl,19.87460691435179
Cc1cc(-c2nnnn2Cc2ccc3c(c2)Sc2ccccc2N(C)C3=O)cc(C)c1O,19.8997487421324
COc1cccc(COc2nc3c(O)cccc3nc2-c2ccc3c(c2)OCCS3)c1,19.8997487421324
COc1cccc(CN2CCCCc3c(Oc4ccc(-n5ccnc5)cc4)nc(O)nc32)c1,19.8997487421324
COc1ccc(-c2nc3ccc(O)c(Cn4ccnn4)c3c3c2SCCS3)c(C)c1,19.8997487421324
O=C(O)n1nc(Sc2ccc(F)cc2)c2ccc(OCCn3cnc4ccccc43)cc21,19.8997487421324
COc1ccc2c(c1)c(Oc1ccc(Cl)c(Cl)c1)nn2-c1nc(C(=O)O)cs1,19.8997487421324
COc1cc2c(cc1OC)C1=NN(c3ccc(C(=O)O)cc3)C(c3ccccc3)S1=N2,19.924858845171276
CN1CCN(c2cc(C(=O)O)ccc2OCc2nnc(-c3ccc(Cl)c(Cl)c3)o2)C1,19.924858845171276
Cc1ccc(Oc2cccc3c2n(-c2nccs2)c(=O)n3CC2CCCO2)c(C)c1,19.924858845171276
Cn1c(=O)n(-c2cc(C(C)(C)C)cc(C(=O)O)n2)c2ccc(OCc3ccccc3)cc21,19.924858845171276
COc1ccc2c(c1)n(Sc1cccc(Cl)n1)c(=O)n2Cc1ccc(C(=O)O)cc1,19.974984355438178
COc1ccc2c(c1)n(Sc1ccc(Cl)cc1)c(=O)n2-c1cc(C(=O)O)cc(C)n1,19.974984355438178
COc1cc(/C=C2\SC(=O)NC2=O)cc(-c2csc(N3CCCCCC3)n2)c1OC,19.974984355438178
Cc1cc(OCc2ccc(Cl)cc2)ccc1-n1nc(SCC(=O)O)c2cccn2c1=O,19.974984355438178
COc1ccc2sc(-c3cc(Cn4cncn4)ccc3C(=O)O)c(N3CCCC3)c2c1,20.0
COc1cc2c(cc1C=O)nc(O)n2Cc1csc(-c2ccc(Cl)cc2Cl)n1,20.0
C=Cc1c(OCc2cccc(Cl)c2)ccc2c1n(C)c(=O)n2-c1nc(C(=O)O)cs1,20.0
COc1c(Oc2ccc(C(=O)O)cc2Cl)cc2nc(N3CCOCC3)sc2c1C,20.0
COc1ccc(OCC(=O)O)c(Sc2nnc3n2-c2ccc(Cl)cc2CC3)c1,20.0
COc1cc(/C=C2\SC(=O)NC2=O)c(Sc2ccc3c(c2)OCCO3)c(OC)c1,20.0
CSc1cnn(-c2nc3cccc(O)c3nc2OCc2ccc(Cl)cc2Cl)n1,20.0
COc1c(OCc2cc(Cl)cc(Cl)c2)c(Cl)cc2nc(-n3nccn3)oc12,20.024984394500787
Cn1c(=O)n(Cc2ccc(C(=O)O)cc2)c2cccc(OCc3nc4ccccc4s3)c21,20.024984394500787
COc1ccc(Cn2c3cc4c(cc3c(Sc3ccc(O)cc3)[n+]2[O-])OCO4)cc1Cl,20.024984394500787
COc1ccc(-n2c(=O)n(Cc3ccc(C(=O)O)cc3)c3cc(C(F)(F)F)ncc32)cc1,20.024984394500787
OC1=CCN(Cc2cccc(Sc3nnnn3-c3ccc(Cl)cc3Cl)c2)CC1,20.074859899884732
COc1cc2c(cc1OC)-c1snc(-c3ccc(Cl)c(OCC(=O)O)c3)c1CC2,20.074859899884732
COc1cc(OC)c2c(c1)C1(CCN(c3nc(C)ns3)C1)c1c(Cl)cc(O)cc1O2,20.074859899884732
COc1ccc(-n2nc(C(=O)O)c3cc(Cl)ccc32)cc1Sc1cccc(=O)n1C,20.074859899884732
Cn1cc(-c2c(Cl)ccc3c2nc(Sc2ccc4c(c2)OCO4)n3C)cc1C(=O)O,20.074859899884732
COc1ccc2c(c1)n(-c1ccc(O)cc1)c(=O)n2Cc1cccc(-c2cncs2)c1,20.074859899884732
O=C(O)c1ncc(Cn2c3c(c4ccc(OCc5ccccc5)cc4c2=O)CCC3)s1,20.09975124224178
Cc1nc2cccc(Sc3c(OCC(=O)O)ccc(N4CCOCC4)c3C#N)c2s1,20.09975124224178
Cc1cn(-c2nc(C(=O)O)cs2)c(=O)n1-c1ccc(OCc2ccccc2)c(Cl)c1,20.09975124224178
COc1cc2c(cc1OC)n(-c1cccc(C(=O)O)c1)c(=O)n2Cc1ccc(Cl)s1,20.09975124224178
Cc1c(-c2ccc(C(=O)O)cc2)nn(-c2ccsc2)c1OCc1ccc2c(c1)OCO2,20.09975124224178
O=C(O)c1csc(-n2cnc3cc(-c4ccc(OCCN5CCCC5)cc4)ccc32)n1,20.09975124224178
COc1ccc(-c2cc(Sc3ccc4c(c3)OCCO4)c(C(=O)O)s2)cc1OC,20.12461179749811
COc1ccc(Oc2nn(-c3nc(C(=O)O)cs3)c3c2-c2ccccc2N(C)CC3)cc1,20.12461179749811
Cc1nc2c(=O)n(-c3cn(C)c4ccccc34)sc2cc1OCc1ccc(C(=O)O)cc1,20.12461179749811
COc1ccc(-c2ccc(OCc3nnnn3-c3c(Cl)cccc3Cl)s2)cc1,20.149441679609886
COc1ccc(-n2c(=O)nc(Sc3cc4ccccc4nn3)c3cc(OC)ccc32)cc1,20.149441679609886
COc1ccc(Cn2c(Sc3cncc(C(F)(F)F)c3)[n+]([O-])c3cc(O)ccc32)cc1,20.174241001832016
COc1ccc(Oc2ccc3nc(Sc4ccc(Br)cc4)n(O)c3c2)cc1,20.174241001832016
O=C(O)COc1ccc(Cn2c3ccccc3n3c(Sc4ccccc4)nnc23)cc1,20.199009876724155
COc1ccc(OC(=O)c2c(O)nc3sc(N4CCCC4)nc3c2-c2ccccc2)cc1,20.223748416156685
O=C(O)c1nc2cc(OCCn3c(=O)ccc4ccccc43)ccc2n1Cc1cccs1,20.223748416156685
COc1cccc(C(=O)Oc2ccc(Cn3c(=O)n(C)c4c5ccccc5sc43)cc2)c1,20.248456731316587
COc1ccc(OC)c(C(=O)Oc2ccc3c(c2)CCCN3c2nsnc2Cl)c1,20.248456731316587
Cn1c(SCc2ccc(C(F)(F)F)cc2)nc2c(Sc3cncnc3)ncnc21,20.248456731316587
O=C(O)CSc1nnc(-c2ccc(Cl)cc2OCc2ccc3c(c2)OCO3)s1,20.273134932713294
O=C(O)Cn1c(-n2ccc(-c3ccc(OCc4ccc(Cl)cc4)cc3)n2)nccc1=S,20.273134932713294
COc1cc(COc2ccc3c(n2)c(OC)nc(=O)n3S)cc(C(F)(F)F)c1Cl,20.273134932713294
Cn1nc(-c2ccccc2)nc1OCc1cccc(-n2c(O)nc3c(Cl)cccc32)c1,20.273134932713294
O=C(O)c1csc(N2CCN(Cc3ccc(Oc4ccc(Cl)cc4)cc3)CC2)n1,20.273134932713294
COc1cccc(Oc2cnc(N3CCC(C(=O)O)CC3)c3c2ccn3C)c1C(C)(C)C,20.273134932713294
Oc1c(-c2ccc(OCCn3cnc4ccccc43)s2)nnn1-c1ccccc1Cl,20.273134932713294
Cc1cc(-c2nc(SCC(=O)O)n3c2CSCC3)ccc1OC(=O)c1ccccc1,20.29778313018444
COc1ccc(OCC(=O)O)c(Cn2nnc3sc4c(Cl)c(Cl)ccc4c32)c1,20.29778313018444
CSc1nc2c(-c3ccc(O)c(Cl)c3)nnc(SCc3ccccc3Cl)n2n1,20.29778313018444
COC(=O)N1CCC(Cn2c(Nc3cccc(Cl)c3)nnc2-c2ccc(OC)cc2)C1,20.29778313018444
Cn1c(Sc2ccc(OCC(=O)O)cc2)nc2cnn(-c3cccc4ccccc34)c21,20.29778313018444
COc1ccc(OCc2ccccc2)c2nc(-c3c(C(=O)O)nc4ccccn34)sc12,20.29778313018444
Cc1ccc(CN(C)c2cc(F)c(C(=O)O)c3c2nnn3-c2ccc3c(c2)OCO3)cc1,20.322401432901575
CSc1c(-c2ccc(N3CCOCC3)cc2)c(=O)oc2c(OCC(=O)O)cc(F)cc12,20.322401432901575
Clc1ccc(-n2nnc3c(Oc4ccc(OCCN5CCCCC5)cc4)ncnc32)cc1,20.322401432901575
C#CCSc1nnc(NC(=O)c2cccc3c2OCCC3)c(-c2ccc(OC)cc2)n1,20.346989949375804
COc1cc2c(-n3nnnc3NCc3ccc(Cl)c(Cl)c3)nn(C)c2cc1Cl,20.346989949375804
Cc1cc(O)c(C)c2c1C(=O)c1ccccc1S2(=O)=O,20.37154878746336
COc1cc(Cl)ccc1Oc1nc2c(c3c1cnn3C)OCCN2c1ccc(O)cc1,20.37154878746336
COc1ccc(-c2nc3ccccn3c2/C=C2\Sc3cc(OC)c(O)cc3C2=O)cc1,20.37154878746336
O=Cc1cccc(-c2ccc(OCc3cc4cc(N5CCOCC5)ccc4s3)c(O)n2)n1,20.396078054371138
COc1ccc(-n2c(=O)n(-c3cc(C)c(O)c(C)c3)c(=S)n3c4ccccc4nc23)cc1,20.396078054371138
Cc1cn(Cc2ccc(OCC(=O)O)c(F)c2)nc1-c1ccc2ccc3ncsc3c2n1,20.396078054371138
COc1c(C)cc(-c2cccc3nnc(Sc4cccc5c4CCO5)n23)cc1C(=O)O,20.42057785666214
COc1ccc(OC)c2c1S/C(=C\c1ccc(-c3cc(C(=O)O)ns3)cc1)C2=O,20.42057785666214
Clc1cc(-c2ccn[nH]2)c(Cl)cc1OCCn1nnnc1Sc1ccccc1,20.445048300260872
COc1cc(OC)c2cc(-c3nnn[nH]3)n(Sc3ccc(Cl)c(Cl)c3)c2c1,20.445048300260872
Cc1nonc1CSc1nc2c(O)c(F)ncc2n1Cc1cc(Cl)cc(Cl)c1,20.46948949045872
COc1c(Cl)cccc1Cn1nc(-c2ccc(C(=O)O)cc2)c2c1SCCS2,20.46948949045872
COc1ccc(C(=O)n2nc(O)c3c4c(cc(-c5cccs5)c32)SCC4)c(OC)c1,20.46948949045872
O=C(O)c1nn(CCOc2ccc(-c3cnc(N4CCCCC4)s3)cc2)c2ccccc12,20.46948949045872
Oc1nc2ccccc2c2c1ccn2CCOc1ccncc1-c1cnn(-c2ccccn2)c1,20.46948949045872
COC(=O)Oc1ccc2nc(O)n(Cc3nc(-c4ccc(C(F)(F)F)cc4)cs3)c2c1,20.493901531919196
COc1ccc(-c2cc3ccc(-c4cc5c(s4)OCCO5)cc3n2CC(=O)O)c(OC)c1,20.493901531919196
COc1cccc(Oc2ccc(-n3c4c(c(SCC(=O)O)nc3=O)CCC4)cc2Cl)c1,20.493901531919196
O=C(O)Cn1c(Sc2ccc(Cl)cc2)c(SCc2ccccc2)c2nnncc21,20.493901531919196
Cc1cc(-c2nnn(-c3ccc(C(=O)O)cc3)n2)cc(N2CC2)c1Oc1ccc(Cl)cc1,20.493901531919196
COc1ccc(-c2nc(N3CCCC3)c(Cn3nc(C(=O)O)c4ccccc43)s2)cc1,20.493901531919196
COc1ccc(OCc2cnc3c(c2)NC(=O)C(c2ccccc2)S3)c(-n2cncn2)c1,20.566963801203133
COc1cccc(Oc2cc(Cl)cc3c2nc(N2CCC(C(=O)O)CC2)n3C)c1,20.566963801203133
O=Cc1cc(-n2nnnc2-c2ccc(OCc3ccc(Cl)cc3Cl)cc2)ccc1O,20.566963801203133
O=C(O)c1cc(Oc2cc(Cl)cc(OCCN3CCOCC3)c2)c2ccsc2n1,20.591260281974
Cc1nc(/N=C2/CC(=O)N(Cc3ccc(Oc4ccccc4)cc3)C(=S)S2)cnc1O,20.591260281974
COc1cccc(Oc2cccc3c2n(-c2cc4ccccc4s2)c(=O)n3CC(=O)O)c1,20.615528128088304
Cc1cccc(Sc2cc3c4sncc4c(=O)n(CC(=O)O)c3n2Cc2ccccc2)c1,20.615528128088304
COc1cccc(Cn2c(=O)n(-c3nc4cc(C(=O)O)cc(C)c4s3)c3ccccc32)c1,20.615528128088304
C#CSc1cnnn1-c1ccc(C(=O)O)cc1OCc1ccc(OC(F)(F)F)cc1,20.615528128088304
O=C(O)COc1nc2ccccc2n1Cc1ccc(-c2csc(-n3ccnc3)c2)c(F)c1,20.615528128088304
Cc1ccc(OCCn2nc(C(=O)O)c3c2cnn3-c2ccc(Cl)cc2Cl)s1,20.615528128088304
COc1ccc2c(c1Oc1ccc(-n3cnn(-c4ccc(O)cc4)c3=O)cc1Cl)OC2,20.639767440550294
COc1ccc(-c2nn3c(Nc4ccccc4)nc4ccc(Cl)cc4n3c2=O)cc1OC,20.639767440550294
COc1ccc(-c2ccc(Cn3c4c(=O)cc(Cl)c=4cc(C(=O)O)n3C)s2)cc1,20.663978319771825
COc1cc(-n2nnn(-c3cccc(Cl)c3)c2=O)c(O)cc1Oc1ccc(Cl)cc1,20.663978319771825
COc1ccc(OC(=O)c2cc(Nc3cccc(Cl)c3)nc3c2sc(=O)n3C)cc1,20.663978319771825
O=C(O)COc1ccc2nc(Sc3ccccc3)n(Cc3cccc(Cl)c3)c2n1,20.663978319771825
COc1ccc(OC)c2c1N=C(S)/C2=C\c1nn(-c2ccccn2)c2ccccc12,20.663978319771825
O=C(CSc1cn2c(n1)CN(c1ccc(C(=O)O)cc1)CC2)Oc1ccc(Cl)cc1,20.663978319771825
On1c(-c2ccc(OCc3cccc(Cl)c3Cl)cc2)nn(-c2ccccn2)c1=S,20.688160865577203
COc1ccc2c(c1)OCCc1c-2n(CCOc2cnc(C(=O)O)s2)c2ccccc12,20.688160865577203
Oc1nc2ccccc2c(-c2ncn(Cc3ccccc3)n2)c1OCc1ccc2c(c1)OCO2,20.688160865577203
COc1ccc2c(c1)/C(=C(/SC)SCC(=O)c1ccc3c(c1)NC(=O)CS3)C(=O)O2,20.71231517720798
COc1ccc2nc(-c3ccc(N4CCOCC4)cc3)n(Sc3cccc(C(=O)O)c3)c2c1,20.71231517720798
Cc1ccc2ccccc2c1OCCn1c(=O)n(-c2nc(C(=O)O)cs2)c2ccccc21,20.71231517720798
COc1cc(OC)c2c3cc(-c4ccc5c(c4)SCO5)ccc3c(=O)n(CC(=O)O)c2c1,20.71231517720798
O=C(O)c1ccc(Cn2nc(SCC(=O)c3ccccc3)c3c2SCCO3)cc1,20.71231517720798
Nc1cnc(-n2ccc3c(Oc4cc(Cl)ccc4OCc4ccccc4)ncnc32)cn1,20.73644135332772
COc1ccc(N2CC(Oc3cccc(Cl)c3)C2)c(-c2nnn(-c3cccc(N)c3)n2)c1,20.73644135332772
COc1cc(Oc2ccc(Cl)cc2)c(Sc2ccc3c(n2)OCCO3)cc1C(=O)O,20.760539492026695
COc1ccc(Cl)cc1Cn1c2cc(Cl)ccc2n2nc(SCC(=O)O)nc12,20.784609690826528
COc1ccc(Oc2sc(-n3c(=O)n(CC(=O)O)c4ccccc43)cc2Cl)cc1F,20.784609690826528
COc1ccc(OCc2cc3nc(Cl)c(Cl)nc3s2)cc1-c1ccc(O)nn1,20.784609690826528
COc1ccc2c(c1)n(CC(=O)O)c(=O)n2-c1ccc(Oc2ccccc2C(C)(C)C)cc1,20.808652046684813
CSc1nnc(-c2ccnc3c4ccccc4n(Cc4cc(C(=O)O)cc[n+]4C)c23)s1,20.808652046684813
CCn1c(=O)c2ccccc2c2ccc(Oc3cc(C(=O)O)nn3-c3cccc(F)c3)cc21,20.808652046684813
COc1ccc(-n2nc(C(=O)O)c3c2CCc2cc(Cn4cncc4C)sc2-3)c(F)c1,20.808652046684813
C/C(=C1/C(=O)N(CC(=O)OC(C)(C)C)c2oc3ccccc3c21)c1ccc(C)n1C,20.83266665599966
O=S1(=O)C=Cc2c(OCc3cccc(Cl)c3)ccc(-c3nn(CCO)c(=S)o3)c21,20.83266665599966
Oc1ccc(-n2nnnc2OCc2cc3c(cc2Cl)COC3)cc1Sc1ccccc1,20.85665361461421
Cn1cnn(-c2ccc(Sc3cc(OCC(=O)O)c4ccc(Cl)cc4c3)cc2)c1=O,20.85665361461421
Cn1c(=O)c(-c2ccc(C(=O)O)cc2Cl)nc2cc(OCCN3CCCCC3)ccc21,20.85665361461421
COc1cc(OC)c2c(c1)OCc1nc3ccccc3c(O)c1-c1cn(SC)c(=O)cc1-2,20.8806130178211
COc1ccc(C(F)(F)F)cc1Cn1nc(-c2ccc(Cl)cc2C(=O)O)sc1=S,20.8806130178211
Oc1ccc(OCc2ccc(C(F)(F)F)cc2)c2nnc(SCc3ccccn3)nc12,20.8806130178211
COc1ccc(-c2c3c(Cl)cc(C(C)(C)C)cn3c(=S)n2CC(=O)O)cc1OC,20.8806130178211
COc1ccc(Cn2c(=S)n(-c3ccc(C(=O)O)o3)c3cc(Cl)ccc32)cc1OC,20.8806130178211
Cc1cc(Oc2ccc(Cl)cc2)c2sc(N3CCOCC3)nc2c1OCC(=O)O,20.8806130178211
Cc1cc(Cl)c(Oc2sc(-n3c(=O)n(CCO)c4ccccc43)cc2Cl)nn1,20.8806130178211
O=C(O)c1nc(OCCn2ccnn2)cc2ccc(-c3ccc(N4CCCC4)cc3F)cc12,20.904544960366874
COc1ccc2c(c1)c(-n1nnnc1N)c(Sc1ccc(Cl)c(C(F)(F)F)c1)n2C,20.904544960366874
COc1ccc(-n2c(SCC(=O)O)nc3ccc(-c4ccc5c(c4)OCO5)cc32)cc1,20.904544960366874
COc1cc(Cn2cc(-c3ccc(Cl)c(Cl)c3)nn2)ccc1OC(=O)OC(C)(C)C,20.92844953645635
COc1ccc(-c2cc3c(nc2O)C(=O)c2cc(OC)ccc2S32CCSC2)cc1,20.952326839756964
COc1ccc(C2=C(C)Sc3cnn4c(=O)n(Cc5ccc(C(=O)O)cc5)c(c34)=C2)cc1,20.97617696340303
Cc1nc2ccc(OCc3ccc(-n4sccc4=O)cc3Cl)cc2n1CC(=O)O,20.97617696340303
Cc1nn(-c2noc3cc(OCc4ccc5c(C(F)(F)F)cn(C)c5c4)ccc23)nc1O,20.97617696340303
COc1ccc(Cl)c(F)c1Oc1ccc2c(c1)n(-c1cc(C(=O)O)cs1)c(=O)n2C,20.97617696340303
Cn1c(-c2nn(Cc3ccc(OCC(=O)O)c(F)c3)c3ccsc23)nc2ccccc21,21.0
COc1cccc2c1-c1ccc(-c3nc(COc4ccc(C(=O)O)cc4)ns3)cc1CO2,21.0
COc1ccc(Oc2cc(Cl)c3c(c2F)n(-c2cc(C(=O)O)ccn2)c(=O)n3C)cc1,21.047565179849187
COc1cc(-n2c(=O)sc3cc4ccccc4nc32)cc(C(=O)OCc2ccccc2)c1O,21.071307505705477
COc1cc2c(cc1O)C(=O)c1ccc(Sc3ccccc3)c(-n3cnnn3)c1CC2C,21.071307505705477
O=C(O)Cn1cnnc1-n1nc(-c2ccc(OCc3cccc(Cl)c3)cc2)ccc1=S,21.071307505705477
O=C(O)CSc1nnc(-c2cc(F)cnc2OCc2cccc(C(F)(F)F)c2)s1,21.095023109728988
COc1ccc(-c2cccc3c2cc(C(=O)O)n2c(=O)c(-c4cccs4)cn32)cc1OC,21.095023109728988
COc1cccc(Cn2c3c(-c4ccccc4C)cccc3c3c2n(C)c(=S)n3N)c1,21.142374511865974
COc1cc(/C=C2\SC(=O)NC2=O)c(Sc2nc3ccccc3s2)c(OC)c1,21.142374511865974
CCNc1ncn(-c2cc3nn(C)c(Oc4cc(Cl)cc(Cl)c4)c3cc2Cl)n1,21.142374511865974
COc1ccc(-c2nc3c(n2Cc2ccc(C(=O)O)cc2)SCCS3)c(Cl)c1C,21.142374511865974
CCSc1nc(C)c2c(n1)n(-c1ccc(O)cc1)c(=O)n2-c1cc(Cl)c(Cl)cn1,21.142374511865974
O=Cc1nc2c(Cl)ccc(OCC(=O)O)c2n1Sc1cccc(OC(F)(F)F)c1,21.166010488516726
Cc1c(Cl)cccc1Sc1c(C)c2ccnn2c(=O)n1Cc1ccc(C(=O)O)cc1,21.166010488516726
COc1ccc(COc2cc3c(c4c2c2ccccc2c(=S)n4CC(=O)O)OCCO3)cc1,21.18962010041709
Cc1cc(Sc2n[nH]c3c(C)nn(S(=O)(=O)c4ccc(Cl)c(Cl)c4)c23)sn1,21.213203435596427
COc1ccc(OCC(=O)O)c2c1Sc1cc(Cl)ccc1C(=O)N2Cc1nccs1,21.236760581595302
COc1ccc2c(c1)n(Cc1csc(C)n1)c(=O)n2-c1ccc(Cl)c(C(=O)O)c1,21.2602916254693
O=C(O)c1ccc(OCc2ccc3c(c2)OCO3)cc1Sc1cc2n(n1)CCCCC2,21.2602916254693
Cn1nc(Sc2cccc(Cl)c2)c(S(=O)(=O)O)c1Sc1ccc(Cl)cc1,21.2602916254693
O=C(O)COc1ccc(Cn2cc(C(=O)Oc3cccc4ccccc34)c3c2SC3)nc1,21.2602916254693
Cc1ccc(C(=O)O)nc1Oc1c(C)ccc2c1n(-c1ccc(C(C)(C)C)cc1)c(=O)n2C,21.283796653792763
CCOc1ccc(Cn2cnc3[nH]nnc32)cc1-c1cn(-c2ccc(Cl)c(Cl)c2)nn1,21.307275752662516
COc1ccc(-n2c(=O)n(-c3ccc(Cl)cc3)c(=O)c3c(SCC(=O)O)cccc32)cc1,21.330729007701542
COc1ccc(-c2cc(Cl)cc3nc(N4CCc5ccc(O)cc5C4)nnc23)cc1OC,21.330729007701542
COC(=O)c1ccc(Nc2nc3ccc(Cl)c(OCc4ccc(OC)cc4)c3[nH]2)s1,21.400934559032695
Cc1cc(Oc2cc(Cl)c3c(c2)OCc2c(C(=O)Nc4cccs4)nn(C)c2-3)n(C)n1,21.400934559032695
COc1cccc(-c2nn(CC(=O)O)c(=O)n2-c2cccc(Cl)c2SC(C)(C)C)c1,21.42428528562855
CC1=NN(c2c(Sc3ccc(Cl)cc3)c(OCC(=O)O)nc3ccccc23)CCO1,21.42428528562855
COc1ccc(-n2nnnc2SCc2ccc(C(F)(F)F)cc2)c2c1CCC(O)O2,21.42428528562855
COc1ccc2nc(O)c(Sc3ccc(-c4ccc(N5CCOCC5)nc4)cc3)nc2c1,21.42428528562855
CCn1c(=O)c(Oc2cc(Cl)c(Cl)cc2Cl)nc2ccc(OCC(=O)O)cc21,21.42428528562855
COc1cccc(F)c1Oc1sc(-n2c(=O)n(CC(=O)O)c3ccccc32)cc1Cl,21.447610589527216
COc1ccc2c(=O)n(Cc3ccc(C(=O)O)cc3)c(Sc3ccccc3)nc2c1,21.447610589527216
O=C(O)c1csc(OCCn2c(=O)n(-c3ccc(Cl)c(Cl)c3)c3ccccc32)n1,21.470910553583888
[C-]#[N+]c1sc(NC(=O)CSc2nnnn2-c2ccc(Cl)c(Cl)c2)cc1OC,21.494185260204677
COc1cc(OC)c2nc(Sc3cccc4cccc5c4c4ccc3n4C5=O)n(O)c2c1,21.517434791350013
COc1cc2c3c(n(Cc4ccc(C(F)(F)F)s4)c2cc1OC)C(C(=O)O)CCC3,21.540659228538015
COc1cc2c3snc(SCC(=O)O)c3c(=O)n(-c3ccc(Cl)cc3)c2cc1OC,21.540659228538015
COc1cccc(-c2nn(-c3cc(Cl)c(Cl)cc3OCC(=O)O)c(=S)s2)c1,21.540659228538015
COc1ccc(-n2nnc(Cl)c2OCc2cc(Cl)cc(Cl)c2)c2c1nc(O)n2C,21.587033144922902
On1c(Sc2ccc(Cl)cc2)nnc1-c1ccc(OCCN2CCCCC2)cc1,21.587033144922902
COc1ccc(O)c(Oc2ncnc3c2n(-c2cc(Cl)c(Cl)s2)c(=O)n3C)c1,21.61018278497431
CCOC(=O)C1Sc2cc(O)c(OC)cc2SC1c1c(Cl)ccc2c1OCO2,21.61018278497431
Cc1ccc(C)c(Oc2ccc(-n3c(C(=O)O)nn(-c4ccsc4)c3=O)cc2Cl)c1,21.633307652783937
COc1ccc(OC(=O)CSc2nc3c4c(ccc3n2C(C)(C)C)C(O)CCO4)cc1,21.633307652783937
COc1ccc(-n2c(Sc3ccc4c(c3)OCCO4)nc3cc(C(=O)O)ccc32)cc1,21.656407827707714
COc1ccc(-n2nc(C(=O)O)c3c2CCN(c2nc(C)cc(-c4ccccc4)n2)C3)cc1,21.656407827707714
O=C(O)COc1ccc(Sc2ccccc2)cc1-c1nnnn1-c1ccc(F)c(F)c1,21.656407827707714
O=C(O)COc1cc(Sc2ccccn2)cc2c1nnn2Cc1ccc(Cl)cc1Cl,21.748563170931547
COc1cc(OC)c2nc(O)n(Cc3nc4cc(Cl)cc(Cl)c4s3)c(=O)c2c1,21.79449471770337
O=C(O)COc1ccc(Sc2c(Cl)nnn2-c2cccc(Cl)c2Cl)cc1,21.79449471770337
Cn1nnc(-c2ccc(OCc3ccc(Cl)cc3)c(Cl)c2)c1Sc1nnn[nH]1,21.79449471770337
COC(=N)Sc1c(-c2ccc(OC)c(OC)c2)nnn1-c1cccc(Cl)c1Cl,21.817424229271428
Cc1nc(-c2ccc(C(=O)O)nc2)n(C)c1COc1c(Cl)cc(Cl)cc1Cl,21.817424229271428
COc1ncc(Sc2sc(-c3ccccc3)nc2OCC(=O)O)cc1Br,21.817424229271428
O=C(O)c1ccc(-c2cccs2)c(Cn2nnnc2SCc2ccc(F)cc2)c1,21.817424229271428
COc1ccc(OC(=O)c2ccccc2)c(-c2nsnc2N2CCc3c(O)cccc3C2)c1,21.840329667841555
COc1ccc(OC(=O)Cc2csc3ccc4c(c23)-c2ccc(O)cc2C(=O)CO4)cn1,21.840329667841555
COc1cccc2oc(Oc3c(Cl)cc(N4CCN(C)c5ccccc54)nc3O)nc12,21.88606862823929
COc1ccc(-c2ncnc3c2nc(SCC(=O)O)n3Cc2cccc(Cl)c2)cc1,21.908902300206645
Cc1cccc(Oc2ccc(-n3c(C(=O)O)nn(CC4CCCS4)c3=O)cc2)c1Cl,21.97726097583591
COc1cc(Cl)ccc1Oc1ccc(-n2nnn(-c3ccc(O)c(Cl)c3)c2=O)cc1,21.97726097583591
O=C(O)COc1ccc(C(=O)c2nn(-c3ccc(Cl)c(Cl)c3)c3c2CCS3)cc1,22.0
O=C(O)CSc1nc(Cl)ccc1OCc1cn(-c2ccc(Cl)c(Cl)c2)nn1,22.0
O=C(O)Cn1c(SCC(=O)c2ccccc2Cl)nc2ccc(-c3cscn3)cc21,22.06807649071391
CN1CCC(COc2nc3ccccc3cc2Oc2ccc3nc(C(=O)O)sc3c2)CC1,22.090722034374522
Cn1c(-c2ccc(N3CCOCC3)cc2)nc2c(Oc3ccc(C(=O)O)nc3)cccc21,22.11334438749598
CCSc1ccc(-n2c(=O)n(Cc3ccc(C(=O)O)cc3)c(=O)c3cscc32)cc1,22.11334438749598
O=C(O)CNc1nc(Cn2c(=O)n(Cc3cc(Cl)cc(Cl)c3)c3ccccc32)cs1,22.15851980616034
COc1ccc(-c2nnn(C3CCNCC3)c2OC)cc1Oc1cccc2c1CCCO2,22.15851980616034
CCn1c(Sc2c(Cl)cc(-n3ccnc3)cc2Cl)[n+]([O-])c2cc(C(=O)O)ccc21,22.15851980616034
Cc1cc(OCC(=O)O)ccc1Sc1cn2c(n1)c(N1CCCC1)nc1ccccc12,22.20360331117452
COc1ccc(Oc2ccc(Cl)cc2)c2c1n(C1NN=NC1=O)c(=S)n2CC1CC1,22.24859546128699
COc1ccc(Cl)cc1Oc1ccc(-n2nnn(-c3ccc(O)cc3)c2=O)cc1Cl,22.24859546128699
Cn1cc(-c2ccc(Cn3c(SCC(=O)O)nc4ccc(Cl)c(Cl)c43)nc2)cn1,22.271057451320086
COc1ccc(-c2nc(C(=O)O)ccc2Cn2c(=O)n(S)c3c(Cl)cccc32)cc1,22.293496809607955
COC(=O)N/N=C1\CCCc2c(-c3ccc(OC)cc3)ccc(OCc3ccsn3)c21,22.293496809607955
COc1ccc(-n2nnc(Cn3ccc4ccccc43)c2-c2csc(C(=O)O)c2)cc1,22.293496809607955
COc1ccc2nc(N3CC(N)C3)c(-n3ccnn3)c(Sc3cccc(Cl)c3)c2c1,22.315913604421397
O=C(O)COc1cccc2c1nc(SSc1ncccn1)n2Cc1ccc(F)cc1,22.360679774997898
COc1ccc(-c2cccc3nc(SCC(=O)O)n4nc(N5CCCCC5)cc4c23)cc1,22.360679774997898
O=C(O)CSc1nc(Cl)cn1-c1ccc(Cl)c(OCc2ccc3c(c2)OCO3)c1,22.38302928559939
COc1cc(Cl)c(-c2ccc3c(c2)OCO3)cc1OCc1ccc(C(=O)O)nc1Cl,22.38302928559939
O=C(O)COc1ccc(-c2nnn(-c3ccccc3C(F)(F)F)c2SC2CC2)s1,22.44994432064365
COc1cccc(COc2c(Cl)ccc3c2S(=O)(=S)C2=C(CC(C)(C)OC2=O)O3)c1,22.494443758403985
Cc1cc(Cl)ccc1OC(=O)CSc1c(-n2nccn2)[nH]c(=S)n1C1CCCC1,22.494443758403985
COc1cc(Cl)cc(S)c1Oc1cc(C(=O)O)nn1-c1ccc(Cl)c(Cl)c1,22.561028345356956
CN(C)c1nc(Oc2c(Cl)cc(Cl)c3c2CCCC3C(=O)O)c2cnn(C)c2n1,22.561028345356956
COc1ccc(Nc2nc(Oc3ccc(Cl)cc3)c3c(n2)N(C)CCO3)c2c1CCO2,22.58317958127243
Cn1c(Sc2ccc3c(c2)OCO3)c2ncnc(O)c2c1COc1ccc(Cl)cc1,22.60530911091463
COc1ccc(OC(=O)Nc2ccc(-c3cnn(C)c3)cc2)c(-c2cccc3nccn23)n1,22.64950330581225
COc1ccc2c(-c3nnc(Nc4ccc(N5CCCC5)cc4Cl)nn3)cn(C)c2c1,22.693611435820433
COc1cc(Cl)c(/C=C2\SC(=S)N(c3ccc(C(=O)O)cc3)C2=O)cc1OC,22.693611435820433
COc1ccc(-c2c3c(F)nc4c(Cl)cccc4n3c(=S)n2CC(=O)O)cc1OC,22.869193252058544
Cc1nc(C2CC2)sc1NC(=O)CSc1nnnn1-c1ccc(Cl)c(Cl)c1,22.891046284519195
COc1cc(C(=O)O)ccc1Cn1c2c(c3nc(Sc4ccccc4)nnc31)CCCC2,22.9128784747792
COc1ccc(/C=C2/C(=O)N(CC(=O)O)C(=S)[SH]2(=S)C(C)(C)C)cc1OC,22.956480566497994
O=C(O)COc1ncc(-c2ccc(N3CCCC3)nc2Oc2cccs2)cc1Cl,22.978250586152114
COc1ccc(-c2ccc3c(c2)CCn2c-3nc(SCC(=O)O)c2-c2cncnc2)cc1,23.08679276123039
COc1cc(OCc2cnc(N3CCc4ccccc4S3)nc2C(=O)O)ccc1Cl,23.130067012440755
COc1ccc2nc(Sc3cccc(Cl)c3)n(-c3ccc(OCC(=O)O)nc3)c2c1,23.15167380558045
O=C(O)COc1ccc(-c2nnn(Cc3ccccc3)c2SC(F)(F)F)cc1Cl,23.2163735324878
COc1ccc(-c2ccc(-c3nc4c(O)cc(=O)oc4n3CC3SCCS3)cc2)cc1,23.2163735324878
O=C(O)CSc1nnn(-c2ccc(Cl)c(Cl)c2)c1OCc1ccc2c(c1)OCO2,23.2379000772445
O=C(O)c1cc(OCCn2cncn2)cc(Sc2ccc(Cl)c3c2CSC3)c1,23.323807579381203
O=C(O)CSc1nnnn1-c1ccc(Cl)c(OCc2ccc(Cl)c(Cl)c2)c1,23.40939982143925
COc1ccc(OC(=O)Cn2c(S)nc3ccccc3c2=O)cc1Oc1ccccc1,23.430749027719962
COc1ccc2nc(O)c(Sc3cc(Cl)cc(Cl)c3)c(-n3nnnc3C)c2c1,23.49468024894146
Cn1c(=O)n(-c2nc(C(=O)O)cs2)c2cc(C3CCCC3)c(OCc3ccccc3)cc21,23.600847442411894
O=C(O)Cn1nnc(COc2ccc(Cl)cc2Cl)c1Sc1cccc(Cl)c1,23.643180835073778
COc1cccc2nc(N3CCN(C(=O)O)CC3)c(Oc3cccc(Cl)c3C)nc12,23.643180835073778
COc1ccc(-c2ccc(OC)c3c2ccc2nnc(SCC(=O)O)nc23)c(Cl)c1,23.643180835073778
COc1cccc(OC(=O)c2ccccc2)c1N1CCC(Nc2nc3ccccn3n2)CC1,23.68543856465402
COc1ccc(C(=O)Oc2cc(CN3CCCCC3)cc3c2N=C(C(=O)O)CS3)cc1,23.874672772626646
COc1c2c(n(-c3ccsn3)c1OCc1ccc(Cl)c(Cl)c1)OC(C(=O)O)CC2,24.0
COc1ccc(-n2c(SCC(=O)O)nn(-c3cccc(Cl)c3Cl)c2=O)cc1F,24.0
O=C(O)CSc1nnc(SCc2cccc(F)c2)nc1Sc1ccccc1F,24.08318915758459
COc1ccc(-c2ccc(OCC(=O)O)c(C(=O)OC(C)(C)C)c2C(C)(C)C)cc1,24.145392935299274
O=C(O)COc1ccc(Sc2cnnn2-c2ccc(Cl)c(Cl)c2)c(Cl)c1,24.310491562286437
O=C(O)c1ccc(Cn2c(Sc3ccc(Cl)cc3)nc3c(N4CCC4)ncnc32)cc1,24.331050121192877
Cn1c(C(=O)O)c(C(=O)c2ccc(Cl)c(OCc3ccc4c(c3)OCO4)c2)sc1=S,24.331050121192877
O=C(O)c1nc(Sc2ccccc2Cl)n(CCOc2ccc(Cl)c(Cl)c2)n1,24.392621835300936
O=C(O)COc1ccc(Cl)c(Sc2nnnn2Cc2ccc(Cl)cc2Cl)c1,24.576411454889016
Cc1ccc2c(c1)Cc1c(OCC(=O)O)nc(Sc3ccc(Cl)cc3)nc1S2,24.657656011875904
Cc1ccc(-c2nc(SCC(=O)O)nc3c4c(n(Cc5cccnc5)c23)CCCO4)cc1,24.73863375370596
COc1cc(-n2ncn(CC(=O)O)c2=O)cc(Cl)c1Oc1cc(Cl)cc(Cl)c1,24.95996794869737
O=C(O)COC(=O)CSc1nc2cc(Cl)c(Cl)cc2n1Cc1ccsc1,25.357444666211933
COc1cc(N2CCOC2=O)ccc1Nc1ncc(Cl)c(Oc2ccc(Cl)cc2)n1,25.612496949731394
COc1ccc(-c2ccc3nc(SC4CCCC4)n(CC(=O)O)c3c2)c(OC)c1,25.612496949731394
O=C(O)COc1ccc(Cn2nnnc2Sc2cccc(Cl)c2Cl)cc1Cl,25.84569596664017
COc1ccc(Cl)cc1-c1nnn(Cc2ccc(Cl)cc2Cl)c1SC(=O)O,25.98076211353316
COC(=O)C1=CSc2c(O)c(C(=O)OC)cc(OCc3ccc(C(F)(F)F)cc3)c2O1,26.057628441590765
COc1ccc(OC(=O)Nc2ccc(OC)c(-c3csc(N4CCOCC4)n3)c2)cc1,26.5329983228432
Cc1cc(C(=O)O)nc(N2CCN(c3ccc(Oc4ccc(Cl)cc4)c(C)n3)CC2)n1,26.814175355583846
COc1ccc(-c2cc(Cn3c4ccccc4c4ncnc(N5CC5)c43)cc(C(=O)O)c2)cc1,26.832815729997478
Cc1cc(Cl)ccc1-n1nnnc1Sc1c(OCC(=O)O)ccc(Cl)c1Cl,27.055498516937366
COc1ccc(-c2nc3c(Sc4ccc(O)cc4)nn(C)c3n(C3CCCC3)c2=O)cc1,27.694764848252458
COc1ccc(OC(=O)Nc2ccc(OC(F)F)cc2)cc1-c1cc2n(n1)OCCS2,27.784887978899608
COc1cc(=S)c2c(C(=O)O)nn(Sc3cccc(Cl)c3Cl)c2cc1OC,27.94637722496424
Cc1cc(Sc2nnc(N3CCCCCC3)nc2C(F)(F)F)ccc1OCC(=O)O,28.21347195933177
COc1cc(Cn2c3ncnc(N4CCCCC4)c3c3ncn(C4CCC4)c32)ccc1O,28.26658805020514
COc1ccc(-c2ccc(Cn3ncc4cc(O)c(=O)n(C5CCCCC5)c43)s2)cn1,28.61817604250837
COc1ccc2[nH]c(C(=O)O)c(Sc3ccc(OC)c(C4CCCCC4)c3)c(=O)c2c1,29.223278392404914
C1=C(Sc2nnn[nH]2)C2(CCCC2)Oc2cc(OCCn3cnc4ccccc43)ccc21,30.04995840263344
COc1cc(COc2cc[n+]([O-])c3c2n(O)c(=S)n3C2CCCC2)cc(C(F)(F)F)c1,31.73326330524486
COc1cc(OC)cc(-c2cc3c(c(=O)n2N)n(C2CCCCC2)c(=S)n3C2CC2)c1,35.86084215408221
