SMILES,log-likelihoodog
COC(=O)c1c(O)n(C)c2c(-c3ccc4cc(C)n(Cc5cnc(C)s5)c4c3)ccnc12,37.840987273011415
O=C(c1nc2ccc(-n3ccc(N4CCC4)n3)cc2c(O)c1Oc1ccccc1)[SH]1CCC1,34.961966095947076
COc1cccc(-n2nc(C)c3cccc(-c4nc(C5CC5)nc5c4ncc(=S)n5O)c32)c1,33.86665360975797
CC(=N)c1ccc(COC(=O)NC2CCN(c3nc(C)nc4ccsc34)CC2)s1,32.697349576647724
Cc1ccnc(N2CCC2)c1-c1ccc(Cn2cnc3c(-c4ccc(N)nc4)nsc32)cc1,32.32920300276906
Cc1cc2nc(C)c(-c3ccc(Sc4cn(-c5cc(F)c(O)c(F)c5)cn4)cc3)nn2n1,32.111467812930044
CN(C)c1ncc(-c2ccc(-c3nc4cccc(O[C@H]5CC[C@H](N)CC5)c4s3)cc2)nn1,31.941691405434735
COc1ccc(-n2c(C(C)=O)nc3c(Oc4ccc5c(c4)NCCC5=O)cccc32)cc1,31.871207312560784
CCn1c(=O)n(-c2cccc3nc(C)sc23)c2ccc(-c3ccc(C(=O)O)cc3)cc21,31.758558308401568
COc1ccc(-c2c(C)c3ccc4nnc(-c5ccccn5)n4c3n2-c2cccc(O)c2)cc1,31.657716114983987
c1ccc(SCc2n[nH]c(-c3ccc(-c4cnsc4)cc3)c2Cn2cncn2)nc1,31.493546278220396
CCOc1ccc(-c2nn(C(C)(C)C)c3c2SCC3CC(=O)OC(=O)C(C)(C)C)cc1,31.006569127596503
Cc1nnc(-c2cc3c(s2)CC(OCc2ccccc2)C3)n1-c1ccc(O)c(Cl)c1,30.9755467097123
CCN1CCC2(CC1)CC(n1nnc(-c3cc(-c4ccc(C(=O)O)cc4)sc3C)n1)C2,30.543148455723617
COc1c2cc(-c3ccc(-n4cc(C)c5sc(C(=O)O)cc5c4=O)cc3)ccc2nn1C,30.242712103586932
C=C(C)c1ccc(-n2c3ncccc3c3cc(SCC(=O)O)sc32)cc1S(C)(=O)=O,30.138089500032482
O=C1/C(=C/c2cccs2)CCc2c1sc(OCCn1cnc(O)n1)c2-c1ccccc1,29.967957270658935
CCOc1ccc(-c2c(Cc3ccc(O)c(F)c3)sc3ncnnc23)nc1C(C)(C)C,29.865944392445805
Cc1ccc(C2OC(CCO)=C(C#N)c3c2cnn3-c2ccc(C(C)(C)C)s2)s1,29.814131614790327
COc1ccc(-c2nc3cc(OC)ccc3n2C2CCC3(CCC(NO)=NO3)CC2)cc1,29.810636420199415
COc1cc(Nc2cc(C)nc3nc(-c4ccc5c(C#N)cn(C)c5c4)nn23)ccc1Cl,29.79102108599163
[C-]#[N+]c1cn(CCn2c3ccccc3c3cnn(SC)c32)nc1-c1ccc(C(=O)O)cc1,29.49515495339673
Cc1ccccc1-c1nc(O)c2ncn(Cc3ccc(-c4cn(C)c5ccccc45)cn3)c2n1,29.404167434204414
Cc1cccc(-n2c(-c3cccc(Cl)c3)nc3c(S)n(S(C)(=O)=O)nc32)c1C,29.23532383255743
O=COCc1cn(-c2ccc(C(=O)O)cc2)c2ncc(Cn3sc4ccccc43)cc12,29.119496057421877
Cc1ccnc(-c2nnnn2CS)c1-c1ccc(Cn2cnc3cc(Cl)ccc32)cc1,29.106777254850766
O=C(O)c1c2ccccn2c(=O)n1Cc1ccc(-c2cccc(-c3cscn3)c2)cc1,29.088042079188718
O=c1oc(-n2cc(O)c3ccccc32)ccc1-c1csc(CSc2ccncc2)n1,29.066777097098743
O=C(O)c1ccccc1Sc1ccnc2ccc(-c3cn(Cc4ccccc4)cn3)cc12,29.01644735422861
COC(=O)c1cc(-c2nn(Cc3cccc(C4(C#N)CC4)c3)c3ccnc(S)c23)cs1,28.990503219812286
Cc1cn(C)cc1-n1c(SCC(=O)O)nc2c(-c3ccc4ccccc4c3)ccnc21,28.79990831825595
c1ccc(OCCn2c3c(c4ccc(-c5nnc(Nc6ccncc6)o5)cc42)CCO3)cc1,28.778600905363692
CCc1nn(-c2ccc(N(C)C)cc2)c2cnc3ccc(-c4csc(C(=O)O)n4)cc3c12,28.6910518825506
CCCn1c(=O)nc(Sc2cccc(-c3nn(-c4ccccc4)[nH]3)n2)c2ccccc21,28.656306162046537
COc1ccc(-c2c(Cn3c(=O)n(S)c4ccccc43)ccc3nc(C(=O)O)ccc23)cc1,28.6226671918241
COc1ccc(-c2nc3ncc(-c4ccc(C(=O)O)cc4)n3nc2-c2cccc(C)c2)cc1,28.47195375669528
Cc1cc(Sc2nccc3c(-n4cncc4C)cccc23)ccc1-n1cc(C(=O)O)cn1,28.469223657337842
CSc1nc(-c2ccc(C(=O)O)nc2)nc(-c2c(F)n(CC(F)F)c3ccccc23)n1,28.465033005238347
O=C(O)/C=C/c1cscc1-n1nnc(-c2cccs2)c1OCc1ccc(Cl)cc1,28.426007883390408
Cc1c(C)n2ccnc2n1-c1cccc(-c2cn(CC3CCCC3)c3ncnc(O)c23)c1,28.40181290151872
COc1ccc(-c2c(-c3ccc(C(=O)O)nn3)c3c4cc(OC)ccc4sc3n2C)cc1,28.392271844340815
CCn1c(-c2ccccc2)nc2c(-c3cccc(O)c3)nn(Cc3nc4ccccc4o3)c21,28.389418235760687
O=C(O)CN1CCC[C@@H](Oc2nc(-c3ccc(CC4CCCCCCC4)o3)cs2)C1,28.373115715414073
COc1ccc(-c2nsc(-c3csc4c(-c5ncccn5)c(C)[nH]c(=O)c34)n2)cc1C,28.36972207610638
Cc1c(-c2cc3nncn3c(SCc3ccc(C(F)(F)F)o3)n2)ccc(CO)c1F,28.161122695625167
CSc1cc(Cn2cnc3c(OC(=O)C4=C(C(=O)O)CCCC4)cccc32)ccc1F,28.136614395602045
CC(C)(C)OCc1ccc(-c2cc(C(=O)O)nn2-c2ccc3ccn(CCF)c3c2)nc1,28.116588216976933
CCn1cc(C(F)F)c2cc(-c3nc(-c4cccs4)n(-c4nccc(O)n4)n3)ccc21,28.074759114609424
CCn1nnc(-c2c(-c3ccccc3)cc(SC(=O)O)n2-c2ccc(Cl)cc2Cl)n1,28.019479491791735
COc1sc(C(=O)O)c(C)c1C(=O)c1c(C)n(-c2ccccc2)c(=O)c2ccsc12,28.005808700010093
COC(=O)c1csc(-n2cnc3c2ccn3C(c2ccccc2)c2cccc(O)c2)n1,27.94418118977766
Cc1nnc2c(-c3ccc(CO)nc3)nn(Cc3ccc(-c4ccc(Cl)s4)cc3)c2n1,27.93877514695806
Cc1cc(-c2nnc(NC(=O)C3CC3)s2)cc(Sc2cn(C)c3ccccc23)n1,27.8633570836878
CCn1nc(-c2csc(Nc3cccc4c3ccn4S(C)(=O)=O)n2)c2ccccc21,27.81320155658328
Cc1ccnn1-c1cc2c(cc1OCc1ccc(C(=O)O)cc1)OC(c1ccccn1)S2,27.81159133518504
Cc1ccccc1-c1cc(Sc2ccccc2C(=O)O)c2nc(-c3cnn(C)c3)nn2c1,27.810162788531635
Cc1c(C)n(-c2ccc(Cl)c(Cl)c2)c(=O)c2c(Cn3ccnc3)c(C(=O)O)ncc12,27.76338508294468
c1ccc2oc(CSc3coc4ccc(-c5ncn(CC6CCNC6)n5)nc34)cc2c1,27.754883903931464
Cc1ncn(C)c1-c1ccc2c(c1)nc(SCC(=O)O)n2-c1ccc2ncccc2c1,27.749866545482732
COc1ccc(Cn2nc(-c3ccc(-c4cscn4)cc3)c3c2CC(C(=O)O)OC3)cc1,27.723532108056204
COc1ccc(-c2nn(-c3cc(O)nc4ccsc34)cc2-c2ccn(C)c(=O)c2)cc1,27.616738412277805
N#Cc1cn(CC2CC2)c2c1nc(Sc1ccccc1)n2C1CCCCCC1C(=O)O,27.61221700758605
COc1ccc(-n2cc(Cn3ccc4ccccc43)c3ncnc(N)c32)c(-n2cccc2)n1,27.586143333126977
COc1ccc(-c2nn(-c3ccccc3)cc2-c2ccc(C(=O)c3cnccn3)s2)cc1,27.51249157117125
CSc1nn(-c2cc(Cl)cc3c2C=C(O)CC3=O)cc1COC(=O)c1ccccc1,27.48171035285863
Cc1c(C(=O)c2ccc(C(=O)O)cc2)sc(-c2ccc(Cn3cnnc3)cc2)c1Cl,27.453675756079083
CCn1c2c(c(-c3nnc(C(F)(F)F)s3)c1-c1ccc(OC)cc1)C/C(=C\O)C2=O,27.450020755622695
COc1ccc(-c2nc(=O)n(CCC3CCCC3)c3c4cc(Cl)ccc4n(O)c23)nc1,27.437056683353298
COc1cccc(-n2ncc(-c3nc4c(O)nsc4n3CC3CC3)c2-c2ccccc2)c1,27.42742859247533
O=C(O)CCCCn1c2cc(-c3ccccn3)sc2c2ncnc(N3CCCCC3)c21,27.417926367203975
COc1ccc(NC(=O)Oc2cccc(Sn3c(=O)sc4nc(C)ccc43)c2)cc1,27.396372247111234
CC(C)(C)CN1CCCCC(Cn2nnnc2SCc2cccc(C(=O)O)c2)CC1,27.355068090540986
CCOc1cc(-c2nc3cc(-n4ncc(O)n4)ccc3n2C2CCCCC2)cnc1Cl,27.31293964039543
O=c1n(-c2cc(O)c(OCc3ccsc3)c(Cl)c2)cc(-c2ccccc2)c2ncnn12,27.3110606646544
COc1ccc2c(c1Sc1ccc(C(=O)O)cc1)N=C(c1ccc(Cl)cc1)CO2,27.29747972333135
Cc1nc2c(=O)n(Cc3ccccc3C(=O)O)cnc2n1-c1cccc(-c2ccccc2)c1,27.271981790118463
N#Cc1cncc2c(-c3cccc(O)c3)nn(Cc3ccc(OCc4cccs4)cc3)c12,27.249548214509783
Cn1cc(NCc2ccccc2)c(-c2cn(Cc3ccc(Cl)cc3)c(=O)c3ocnc23)n1,27.23270522313647
Oc1ccnc(-n2ccc3c(Oc4ccc5cc(CN6CCCCC6)oc5c4)nccc32)n1,27.23243378010482
COc1cccc2c(=O)n(C3CCC(n4ccnc4-c4cccc(C(=O)O)c4)CC3)sc12,27.088763388351484
CSc1cc(-c2nnc(-c3cccc(OC(=O)NC4CCCC4)c3F)s2)ccn1,27.08199777278957
COC(=O)c1c(C)c(C)c2nc(Sc3ccc(Cl)c(C(F)(F)F)c3)nn2c1O,27.06327931212244
Cn1cnc(Nc2nn(CC3CCCCCCC3)c3c2cc(-c2ccccc2)c(=O)n3C)n1,27.00192086997269
COc1ccc(-c2nc(-c3ccc(NC4CC4)cc3)nn2-c2cccc3c2OCO3)cn1,26.989099571376077
O=C(O)CCn1c(-c2cccs2)nc2c(OCc3ccc(Cl)cc3)cccc21,26.934478170719466
Cc1nn(C)c2ccc(-c3ccc(O)n4nc(SCc5cccc(Cl)c5)nc34)cc12,26.911077928383637
Cc1cnc(-n2c(=O)n(Cc3ccc(C(=O)O)cc3)c3c(-c4cscn4)cccc32)c(C)c1,26.866314707548998
CCOc1ccc2nc(-c3cc(-c4ccc(O)c(C(F)(F)F)c4)ns3)n(C)n2c1=O,26.850681270914208
COc1ccc2nc(-c3ccc(Cn4cnc5cc(Cl)ccc54)c(O)c3)n(C)c(=O)c2c1,26.818305814199093
Cc1sc(-c2ccccc2)nc1-c1cn(Cc2ccccc2)c2oc(=N)n(C)c(=O)c12,26.80825183351928
c1ccc(-c2cc(COc3ccc4c(NC5CC5)ncnc4n3)nn2-c2ccccc2)cc1,26.79648946239107
CCn1nc(-c2cc(Cl)ccc2C)c2[nH]cc(Sc3nnnn3C(C)(C)C)c2c1=O,26.77323012616279
COC(=O)c1ccc(Cn2cc(-c3cccc(C(=O)O)c3)n3ccc(OC(F)(F)F)c23)s1,26.731021055285492
O=C(O)c1cccc(OCCn2nc(-c3nc4c(F)cccc4s3)c3ccccc32)c1,26.664165206477684
O=C(O)COc1cccc(-c2cccc(-n3c(Cl)nnc3Sc3ccccc3)c2)c1,26.655521591746645
Oc1ccc(-c2nnn(-c3ccc(=S)n(-c4ccccc4)n3)c2OCc2ccccc2)cc1,26.626826430550807
CCn1c(=O)n(C2CCCCC2)c2c3ccccc3c(-c3nc(C)c(C(=O)O)n3C)cc21,26.61354810115655
COc1ccc(-n2nnc(C3CCCCC3)c2C)c(-c2ccc3c(c2)SC/C3=N\O)n1,26.59382712464088
COc1ccc(-c2nc(-c3cccc4c3CCC4)nn2Cc2cc(C(=O)O)sn2)cc1,26.578852519664178
N#Cc1cccc(Sc2nc3c(ncn3Cc3csc4ccccc34)n2CCO)c1,26.576105827832368
O=C(O)c1ccc(-c2cccc(-c3cn(CC4CCN(C5CCCCC5)CC4)nn3)c2)o1,26.53304381338382
CSc1ccc(Cn2cc(-c3ccc(-c4ccn5ncnc5c4)cc3)c(C(=O)O)n2)cc1,26.3843532820373
Cn1cc(-c2ccc3nc(-c4cc5ccccc5n4Cc4ccc(O)cc4)n(C)c3n2)cn1,26.383805882720573
CCn1nc(C2CC2)c2c(-c3ccc(C(=O)O)cc3)nn(Cc3ccc4c(c3)OCO4)c21,26.319327500592703
Cc1c(-c2ccn3nccc3c2)nn(-c2ccccc2C(=O)O)c1Sc1ccccc1,26.282474980184364
Cn1c(-c2ccccc2)nc2c(=O)n(Cc3ccc(-c4ccccc4C(=O)O)s3)cnc21,26.255020112641702
O=C(O)c1ccc(-c2cccc(-n3ccc(=O)c(SCC(=O)c4cccs4)n3)c2)cc1,26.24898356391979
COc1cc(CC(=O)n2cccc2O)ccc1-n1c(-c2nccs2)nc2ccccc21,26.241880831704307
O=C(c1ccccc1)n1c(S)nc2c(OCc3cn(-c4ccccc4)nn3)cccc21,26.209690634921273
Cc1csc(-c2nn(CC(=O)O)c3ccc(OCc4ccncc4Cl)cc23)n1,26.18996222805258
COc1cc(-c2nc(-c3ccc4c(c3)CCC4)oc2SC2CCOC2)ccc1C(=O)O,26.18704904276431
COc1c(-c2ccc(C(=O)O)cc2)ncn1-c1cc(C(C)(C)C)sc1Cn1ccnc1,26.18584634851427
COc1cccc(-c2c(Sc3ccc4c(c3)cc3n4NCC(C)OC3=O)noc2C)c1,26.15008868603293
CCn1c(Sc2ccc3c(=O)n(C)c4c(C(=O)O)nn(C)c4c3c2)cc2ccccc21,26.143804252360685
Cc1cn(-c2ccc(-c3cc(Cn4c(S)nc5ccccc54)cc(C(=O)O)c3)cc2)nn1,26.127625640534855
COc1cccc(-n2nnc(C(=O)O)c2-c2ccc(-c3ccc4ccsc4c3)cc2)c1,26.09389885157585
COc1ccc(-c2csc(-c3cc(-c4ccc(=O)n(C5CCCCC5)c4)nn3O)n2)cc1,26.07095472517551
COc1cccc(-c2ccccc2)c1C1=NN=C(SCc2nc3ccccc3[nH]2)S1=O,26.053568327545772
COc1cccc(-n2c(Oc3ccccc3F)nc3cc(Sc4nn[nH]n4)ccc32)c1,26.048390318050384
Cc1c(Cn2ncc3c(N)ncnc32)cccc1-c1ccc(-n2cnc3ccccc32)cc1,26.039303610935598
COC(=O)c1cnc2c(ccn2-c2ccc(OCc3cc4ccccc4s3)cn2)c1O,26.026214217195108
CCc1cc(-n2cnc3c(Sc4ccccc4)n(C)c(C(=O)O)c3c2=O)ccc1Cl,25.97432975087814
COc1ccc(-c2c(C(=O)O)n3cc(Cl)cc3n(CC3CCCCC3)c2=O)cc1,25.96006913469869
COc1cccc(Cn2nc(C)c3ncnc(-c4cnc(-c5ccc(F)cc5)s4)c32)c1,25.956547148317505
Cc1ccc(=O)n(-c2ccc(Sc3cc(C)n(-c4ccc(Cl)cc4)n3)c(C(=O)O)c2)n1,25.939830883558493
Cc1nc(N2CCCC2C(=O)OCc2cc(-c3ccc(F)cc3)cs2)sc1C(=O)O,25.918119743691133
Cn1cnnc1Sc1sc2ccccc2c1-c1ccc(-c2ccc(O)c(C=O)n2)cc1,25.91238510552355
Cc1nc(N2CCCCC2)c2c(-c3ccc(C(=O)O)cn3)cnc(Sc3ccccc3)n12,25.906473587326904
COc1ccc2c(c1-c1cccs1)n(-c1ccc(C(=O)O)cc1)c(=O)n2C1CCOC1,25.8937942922341
C#Cn1nc(-c2ccc(-c3cn(CC4CCCCC4)c4ncnc(NC)c34)cc2)nc1C,25.874463933669315
COC(=O)CSc1nc(-c2ccc(/C=C/C3CCCOCC3)cc2)c(C(=O)O)s1,25.851733718409534
CCn1c(-c2ccc(C(=O)O)s2)nc2ccc(-n3ccc(Oc4ccccc4)n3)cc21,25.85019312051187
COc1ccc(-c2nnc(-c3cc(Cl)c(C(=O)O)s3)n2C(C)(C)C)cc1OC,25.816591174796294
Cc1oc2ccc(-n3c(SCC(=O)O)nc4sc(C(F)F)cc4c3=O)cc2c1C,25.80715185854303
Cn1c(-c2cc(OCCn3cc(F)c4ccccc43)cs2)nc2ccc(C(=O)O)cc21,25.801444310060813
C#Cc1sc2c(nc(-c3ccc(C(=O)O)cc3)n2C(=O)OCc2ccccc2)c1N(C)C,25.78026897237764
Cc1cn(-c2ccccc2-c2ccc(-c3cn(Cc4ccc(C(=O)O)cc4)nn3)cc2)cn1,25.741774212464488
COc1ccccc1-c1nc(C(C)(C)C)nn1-c1cccc2c1cc(C)n2CC(=O)O,25.705800573600683
Cc1cccc(Cn2c(=O)n(-c3ccco3)c3c4ccc(OCC(=O)O)cc4sc32)c1,25.685381344152987
Cc1c(-c2ccc(-c3cn(Cc4ccccc4)nn3)cc2)nn(C(=O)O)c1SC1CCC1,25.674048792519383
CCc1csc(SCc2ccc3nc(N)n(-c4ccc(C(C)(C)C)cc4)c(=O)c3n2)n1,25.661244331512826
C=COC(=O)N1CCC(n2ccc(-c3cn(CCC(=O)O)c(-c4ccccc4)n3)c2)CC1,25.641312221816094
CCOc1[nH]ccc1-n1nnc(-c2cnn(-c3ccccc3)n2)c1Sc1ccc(Cl)cc1,25.614066226510424
CN1CCC(COc2ccc3nc(-c4cccc(C(=O)O)n4)n(C4CCCCC4)c3c2)CC1,25.613787799140532
CCn1c(=O)n(CC(=O)O)c2cc(-c3cn(CC(C)(C)C)nc3-c3ccccc3)ccc21,25.59133277848867
Cc1cc(-c2ccccc2)nc(Sc2ncnc(Sc3ccccc3)c2C(=O)O)n1,25.589762404697137
CSc1c(-c2ccccc2)n(Cc2ccccc2)c2ncc(-n3ncc(C(=O)O)n3)cc12,25.582264266632667
Cc1c(COc2cn(-c3ccc(C(=O)O)nc3)nc2-c2ccccn2)sc2ccccc12,25.550405014956112
Cc1cn(C)c(-c2ccc(-n3cc(Sc4ccc(C(=O)O)cc4)c4c3C(=O)OC4)cc2)n1,25.546771955974933
CCn1c(=O)n(C)c2cc(-c3nc(C(=O)O)cn3-c3ccc(C4CCCCC4)s3)ccc21,25.52545305614311
COc1ccc(-c2c(-c3ccc(C(=O)O)cc3)oc3ccc(N4CCOCC4)cc23)cn1,25.500228354818407
CC(Sc1nnnn1-c1ccc(O)c(C(F)(F)F)c1)c1cc(-c2ccccc2)nn1C,25.44562279377873
Cc1cc(-n2c(-c3ccccc3)nc3c(Sc4cccc(O)c4)nn(C)c3c2=O)ccn1,25.431035391034204
O=C(O)Cn1c(-c2ccc(Oc3c(F)cccc3CN3CCCCC3)cc2)noc1=S,25.423666377925834
Cn1cnc(C#N)c1Sc1ccc(-c2nn(-c3ccccc3O)c3c2CCCC3)cc1,25.41661775149034
Cn1c(=N)n(Cc2c(O)c(=O)oc3ccc(OCc4ccccc4)cc23)c2ccccc21,25.40161975709871
N[C@]1([O-])C(=O)COc2cc(-n3cc(CSc4ccccc4)c(-c4cccs4)n3)ccc21,25.384177427052446
CCn1cc(C(=O)O)nc1Sc1nnc(-c2ccc(N3CCCC3)cc2)cc1Cl,25.369603488197896
Cc1cc(Sc2cccc(C)c2-c2cnc3c(N4CCCC4)nnn3c2)ccc1C(=O)O,25.36263050634179
O=C(O)COC(=O)c1cccc(-n2nnc(-c3ccc(Cl)cc3)c2-c2cccs2)c1,25.319565306334038
O=C(O)c1nn(Cc2ccccc2)c2c(-c3cnn(CCF)c3)cc(-c3nccs3)cc12,25.308761748145447
COC(=O)c1ccc2c(c1)c(Sc1cccc(C(=O)O)c1)cn2-c1ccc(OC)cc1,25.30680296864197
O=C(O)c1csc(-n2c(COc3ccccc3)nc3ccc(-c4ccccc4)cc32)n1,25.291768194803456
COC1CCCCN(c2ccc(-n3nc(C)cc3-c3csc(C(=O)O)n3)cc2)CC1,25.273288126158796
COc1cccc(-c2cccc3c(Cn4ccnn4)c(C(=O)O)sc23)c1N1CCCC1,25.26091124787874
Cn1nc(C2=CCCCC2)c2cc(Sc3ccc(O)nn3)n(Cc3ccccc3)c2c1=O,25.24450114611398
COC(=O)c1cn(C2CCCCC2)c(-c2csc(Cn3cnc(C(=O)O)c3)c2)c1C,25.189474934407244
COc1ccccc1-c1cc2c(ncn2Cc2nc(C(F)(F)F)cs2)c(C(=O)O)n1,25.188358136694102
CCn1c(=O)n(-c2ccc(Oc3ccc(F)cc3)c3ccccc23)n2nc(C(=O)O)cc12,25.17789238344978
CCn1cc(-c2ncnc3c2sn3Cc2cc(Cl)ccc2-c2ccc(O)cn2)cn1,25.149487976503767
COc1cccc(/C=C/c2ccc3c(c2)C(=O)CC(Sc2nnc(C(=O)O)s2)C3)c1,25.134074424528993
Cn1cc2ccccc2c1Sc1ccc(-n2ccc(OCC(=O)O)c3ncnc2-3)cc1,25.126907157287516
Cc1nc(-c2ccc3c(c2)nc(O)n3C2CCCCC2)nnc1-c1ccc(N(C)C)cc1,25.120413666530006
CC(C)(C)c1ccc(-n2sc(C(=O)O)c2-c2ccc(OCCn3ccnc3)cc2)nc1,25.07970438733187
COc1ccc(-c2c(C(=O)O)n(Cc3ccc(-c4cccnc4)cc3)c3ncsc23)nc1,25.06248999665222
COc1ccc(-c2c(Cc3cccc4snc(C)c34)nnn(C3CCCCC3)c2=O)cc1,25.0588662599576
COc1ccc(Cn2c3c(c4ccncc42)C(=O)/C(=C/c2ccc(C(=O)O)s2)C3)cc1,25.057704422605603
COc1ccc2sc(-c3ccc(OCc4ccc5c(c4)C(=O)C(O)CS5)cc3)nc2c1,25.054840723142462
COc1ccccc1Cn1cc(-c2nnc(SC3CCCC3)n2C(=O)O)c2ccccc21,25.005801019179767
COc1cc(-c2ccnc(-n3nc(C)c4cc(N5CCCC5)ccc43)c2)sc1C(=O)O,25.00394807787241
Cc1nn(-c2ccccc2)n2cc(-c3cncnc3)c(Sc3ccc(C(=O)O)cc3)c12,25.00382117341936
C#Cc1sc(-c2cn(-c3cccc(Oc4ccccc4)c3)nn2)cc1C(=O)OCC1CC1,24.989150166894795
CN(C)c1ccc(-n2nc(Sc3ccc(-c4nnn[nH]4)cc3)c3ccccc32)cc1Cl,24.966083662646998
COc1ccc(-c2nc3ccccc3[n+]([O-])c2-c2nn(CC3CCCCC3)c(=S)[nH]2)cc1,24.954552971817503
Cc1nc(-c2ccc(-n3cccn3)cc2)c(F)cc1Cn1cnc2c(NC3CC3)ncnc21,24.95203344852922
COc1ccc(-c2cc(-n3c(C(=O)O)cc4cc(Cn5ccnc5)ccc43)sn2)cc1,24.946147478461498
COc1cccc(-c2nn(Cc3nsc4ccccc34)c3ccccc23)c1OCC(=O)O,24.887307954603536
COc1ccc(-c2cc(=O)n(-c3ccc(O)c(C(C)(C)C)c3)c(N3CCCCN3)n2)cc1,24.80926081170151
CCNc1ncnc2c1nnn2Cc1cn(-c2ccccc2)nc1-c1cccc(Cl)c1,24.807932280115327
CCn1c(Sc2ccc(-c3ccc(O)cc3)cn2)nc2c(-c3ccccc3)ncnc21,24.80208372994083
COc1ccc(Sc2nn(C3CCCCC3)c3cn(O)c(=O)c(-c4cccnc4)c23)cc1,24.791469880235123
Cc1cc(Cn2nc(-c3ccc(C(=O)O)cc3)nc2-c2ccccc2)n(-c2cccs2)n1,24.76504534694711
Cc1cnc(SCc2noc(-c3ccc(-c4cccs4)cc3)n2)n1CC(F)(F)F,24.764975738987417
COC(=O)c1cn(C)c(-n2cc(Sc3ccc(-c4ccccc4)cc3)c(C(=O)O)c2)n1,24.758136653034615
O=C(O)c1ccc(Cn2c(SCc3ccc(C4CC4)o3)nc3ccccc3c2=O)cc1,24.741356545178895
COc1ccc2c(c1)nc(-c1ccc(F)cc1)n2-c1nc2cccc(OCC(=O)O)c2s1,24.73624623447471
Cn1cnc(-c2cc3c(s2)n(-c2ccc(C(C)(C)C)cc2)c(=O)n3CCCC(=O)O)c1,24.723220877076272
Cc1sc(C(=O)O)nc1Cn1nc(-c2ccc(-c3ccn(C)n3)cc2)c2ccccc21,24.708641581344875
Cc1cccc(-n2nc(-c3csc(C(=O)O)c3)cc2-n2c(C)nc(C(F)(F)F)c2C)c1,24.69741855472061
COc1ccc(-c2nc3c(Nc4ccc5ncnn5c4)ncnc3n2Cc2ccccc2)cc1,24.67621195360082
Cc1cc(C(=O)OC(=O)O)cn1-c1nc(Sc2ccccc2)nc2cc(Cl)ccc12,24.671042658531015
CCn1c(Sc2ccc(Cl)c(C(=O)O)c2)nnc1-c1cccc2c1N(C)CCC2=O,24.667153274725493
C=CCc1ncnc2nc(-c3cc4ccccc4n3SCc3cccc(C(=O)O)c3)cn12,24.65769988500852
CCn1c(Sc2nn(Cc3ccccc3)c3ccccc23)nc2cc(C(=O)O)cnc21,24.64806255021873
CCn1c(=O)n(-c2ccc(-c3nnc(SC)nc3-c3ccccc3)cc2)c2ccccc21,24.63337181896549
CC(C)(Cc1ccncc1)c1nnn(-c2cccc(O)c2)c1Sc1ccc2c(c1)OCO2,24.622498849115424
Cc1ccc(C(=O)O)n1-c1nnc(OCc2ccc(C(F)(F)F)cc2)n1-c1ccccc1,24.617438052873386
Cc1cc2c(nc(SCC(=O)O)n2-c2ccc(F)c(F)c2)c(-c2cnn(C3CC3)c2)n1,24.60626401872583
CSc1ccc(Cn2nc(C(C)(C)C)nc2-c2ccc3ncn(CC(=O)O)c3c2)cc1,24.605301096039263
COc1cc(C(=O)O)ccc1-n1c(=S)n(C)c2cc(-c3nc4ccccc4n3C)ccc21,24.572244753438493
COc1ccc(-c2ccc(Cn3nc(O)c4ncnc(-c5cccs5)c43)c(F)c2)nc1,24.56441626729871
O=Cc1ccc(Cn2nc(-c3nccs3)c3ncnc(Nc4ccc(F)cc4)c32)cc1,24.559645450555337
Cc1sc2ccccc2c1Oc1ccc(Cn2c(=O)n(CC(=O)O)c3cccnc32)cc1,24.487000120892212
CC(C)(C)OC(=O)Cn1c(=O)[nH]c2ccc(-c3nc(CSc4ccccc4)ns3)cc21,24.47966530402597
Oc1ncnn2nc(OCc3ccc(Oc4ccc(F)cc4)cc3)c(-c3ccccc3)c12,24.479198156593014
Cc1cccc(-n2nc(Oc3ccc(-c4nn(C)c5ccccc45)cc3)cc2C(=O)O)c1,24.449701798797847
COc1ccc(-c2sn(-c3cccc(Cn4cnc5ccccc54)c3)c2C(=O)O)cn1,24.42359691458101
CCn1c(=O)cc(Sc2cccc(C(=O)O)c2)c2ccc(-n3nc(C)cc3Cl)cc21,24.41634814016453
CCSc1nc(-c2ccc(Cl)cc2)c(-c2ccc3ncn(CC(=O)O)c3c2)s1,24.412548981873485
Oc1cccc(Cn2cc(-c3nc(-c4ccc5c(ccn5CC5CC5)c4)cs3)nn2)c1,24.40356604156803
CCOC(c1ccccc1Cl)n1c(-c2ccsc2)nn(-c2ccc(C(=O)O)cc2)c1=O,24.377593462845162
Cc1ccc(-n2c(=O)c3sccc3n(-c3ccc(CSC(=O)O)cc3)c2=O)cc1,24.363104877849878
Oc1ccc(-n2cc(/C=C/c3nncn3CC3CC3)c(-c3ccc4c(c3)OCO4)n2)cc1,24.357292755268915
Cc1cc2ccccc2c(SCc2nsc(-c3cccc(-c4cn(C)nn4)c3)n2)n1,24.35463377665833
COc1cc(-c2nnn(-c3ccc4c(c3)C(c3ccccn3)CS4)c2C)ccc1C(=O)O,24.34884764864558
CCn1nc(-c2ccc(-c3ccccc3)cc2)c2c1CC(Sc1nnnn1C)CS2,24.34598627125485
COC(=O)c1nn(C)nc1-c1c2c(n(-c3cccc(O)c3)c1-c1ccccc1)CCSC2,24.33389651520787
COc1ccc(-c2cccc3nc(SCC(=O)O)n(-c4ccc5c(n4)CCO5)c23)cc1,24.318219165365658
COC(=O)c1ccc(-c2nc3cc(C(=O)O)sc3n2Cc2ccccc2Cl)cc1,24.315107781928536
O=C(O)c1ccc(-c2nnnn2CCC2CN(C3CCCC3)c3ccccc3S2)cc1,24.310620937615305
CCn1c(Sc2sc(-c3ccc(F)cc3)nc2-c2ccccc2)nnc1C(=O)O,24.305891898169964
Cn1c(=O)n(Sc2ccccc2)c2ccc(-c3cnn(-c4cccc(C(=O)O)c4)c3)cc21,24.263753712603847
COc1ccc2c(-c3nc4cc(Cl)ccc4n3C)nn(Cc3ccc(C(=O)O)cc3)c2c1,24.26104562026909
Cc1c(-c2ccc(-n3nnnc3SCC(=O)O)cc2)c(-c2ccccc2)c2ccccn12,24.250945048952946
Cn1nnc(-c2cn(-c3ccc(C(=O)O)cc3)cc2CSc2ccc(C(F)(F)F)cc2)n1,24.236098375154622
COc1ccc(-c2cc(SC3CCC4(C3)OCCO4)n(-c3ccccc3)n2)cc1C(=O)O,24.228890787167966
O=C(O)c1ccc(-c2ccc(-n3c(SCc4ccccc4)nc4ccccc43)nn2)cc1,24.22162083280389
Cc1cc(Cl)ccc1CSc1nc(SCC(=O)O)nc2c1cnn2C(C)(C)C,24.193516305789572
Cc1onc(-c2ccc(C(=O)O)cc2)c1-c1ccc(N2CCSC(C)(C)C(=O)C2)s1,24.187988715007272
CCCn1c(=O)n(-c2ccc(C)nc2)c(=O)c2c(-c3ccc(O)c(C(C)(C)C)c3)nsc21,24.181581865828253
Cc1cccc(Sc2c(=O)n(CC3CC3)cc3c2ncn3-c2ccc(C(=O)O)cc2)c1,24.169408240160656
O=c1n(Cc2ccccc2)cc(-c2nc(O)nc(SC3CCCC3)n2)n1-c1ccccc1,24.168568946223107
Cn1cc(-c2ccc(Cn3c(C(=O)O)cc4c(-c5cc(Cl)cn5C)cccc43)cc2)nn1,24.162485076283186
Cc1cc(-c2cncs2)cc2c1n(CC(C)(C)C)c(=O)n2Cc1ccc(C(=O)O)cc1,24.13330593155274
Cc1nn(-c2cccc(F)c2)c(-c2ccc(Sc3csn3CC(=O)O)cc2)c1C#N,24.13283589737124
Cc1nnn(-c2ncc(OCc3ccc(C(=O)O)cc3)c3sccc23)c1-c1ccccc1,24.13060954268526
CN(C)C(=O)n1nc(-c2ccc(C(=O)O)cc2)cc1Sc1cc2ccccc2s1,24.127795837435634
CCN1CCC(Sc2nc3ccccc3n2S(=O)(=O)c2ccc(C(=O)O)cc2)CC1,24.124601668064642
Cc1ccc(-n2c(=S)sn(-c3ccc(O)c(Oc4ccc(C#N)cc4)c3)c2=O)cc1C,24.113597659911296
Oc1ccccc1CCn1cnc(-c2nn(C3CCCCC3)nc2-c2ccc(F)cc2)n1,24.112596342112287
C=Cc1ccc(Cn2nc(S)c3c(-c4ccc(OC)cc4)nsc3c2=O)cc1C#N,24.080258245747917
Cc1ccc(-n2c(SCC(=O)O)nc(-c3ccncc3)c2-c2ccc(Cl)cc2)nc1,24.0728692293217
COc1cccc(-n2cc(/C=C3\SC(=O)NC3=O)c(-c3oc4ccccc4c3C)n2)c1,24.07114500131188
COc1cccc(-n2c(SC)nc3c(O)c4c(nc32)OCC(c2ccc(F)cc2)=N4)c1,24.070324964196146
O=C(O)c1ccc(Cn2c(-c3nccs3)nc3cc(OCc4ccccc4)ccc32)cn1,24.04791729132337
Cc1noc(C)c1-c1cc(C)c2c(C(=O)O)nn(-c3ccc(N4CCOCC4)cc3)c2c1,24.04491789620972
O=C(O)c1cc(Cn2c(SC3CCCCC3)nc3c2cnn3CC2CCCC2)ccn1,24.04278864051917
CSc1nc2ccc(-c3nc(CCC(=O)O)nn3-c3ccccc3Cl)cc2n1C,24.019905840277143
COc1ccc2c(c1)OCc1c-2nc(-c2ccc(OC)c(Cl)c2)n1-c1cnc(N)s1,24.01167313082616
O=C(O)c1cccc(COc2cccc3c2ncn3-c2ccc(OC3CCOC3)cc2)c1,24.01049003278181
COc1cccc2nc(Sc3ccc(C4(O)CCCO4)cn3)n(-c3ccccc3)c(=O)c12,23.998379188195173
O=Cc1ccc(-n2nc(-c3ccc(O)cc3)c(Cn3ccnc3)c2-c2cscn2)cc1F,23.9967804794149
COc1ccc(-n2sc(C(=O)Oc3ccc4c(cnn4-c4ccccc4)c3)c2O)cc1,23.97365093203992
O=C(OCc1cnn(-c2ccc3c(c2)OCCO3)c1-c1ccc(O)cc1)C1CCCCC1,23.94314739313446
COc1ccc(-c2nc3sc4c(c3n2C2=NOCCCC2)CCC(N)CC4)cc1OC,23.923733584310185
Cn1cc(-c2nnc(-c3cccs3)n2CC2CCCCC2)n(-c2ccc(O)cc2)c1=O,23.870445786958935
O=C(O)c1ccc2c(c1)nc(-c1cccc(OCc3cccnn3)c1)n2Cc1ccsc1,23.859429220127183
Cc1nc(C#N)cc2c1nc(S)n2Cc1ccc(-c2ccccc2S(C)(=O)=O)cc1,23.839279667200177
CCn1c2c(n(Cc3cccc(C(=O)O)c3)c1=O)-c1c(cccc1Oc1nccs1)CC2,23.823652029960297
COc1cccc(-c2ccc3c(c2)/C(=N\Nc2nc4c(OC)cccc4s2)C(=O)O3)c1,23.79822804350334
CCOC(=O)c1ccccc1CSc1nnc(-c2ccc3c(c2)CCC(=O)N3)s1,23.79822039660813
CCSc1ncnc2c1c(-c1cccc(C(F)(F)F)c1)nn2-c1cccc(C(=O)O)c1,23.78531018016269
Cc1nc(-c2cc3cc(Cn4ccnc4)ccc3s2)n(-c2ccc(C(=O)O)nc2)c1C,23.78149051359233
Nc1c(-c2ncnn2CC2CC2)csc1-c1nc2ccccc2n1Cc1ccccc1,23.769811662560922
Cc1c(CC2CC2)c(-c2cn(-c3cc(Cl)sc3C(=O)O)nn2)cn1C1CCCC1,23.76642274843109
COc1c(-c2ccncc2)c(-c2ccc3sccc3c2)nn1Cc1ccc(C(=O)O)cc1,23.741931505108973
CCn1c(=O)n(-c2ccc(-c3cc(Cl)sc3C(=O)O)cc2)c(=O)c2cc(C)ccc21,23.737758567643077
COc1cc(-c2ccc(Cn3c(=O)sc4c(C(=O)O)nc(C)cc43)cc2)ccc1Cl,23.72146564678515
COc1ccc2c(c1-c1nccs1)n(-c1ccc(C(C)(C)C)cc1C)c(=O)n2CC(=O)O,23.69238110973523
COc1ccc2c(C(=O)O)cn(Cc3nc4c(ncn4-c4ccc(Cl)cc4)n3C)c2c1,23.68189251664332
COc1cccc(Oc2nn(-c3ccc(Cl)cc3)c(-c3cscn3)c2C(=O)O)c1,23.65770009121605
O=c1c2cc(OCc3cccs3)ccc2n(-c2ccc(-c3ccccc3)o2)c(=O)n1O,23.655491201723603
Cn1cc(C(=O)O)cc1-c1cn2c(=O)c(Cc3ccccc3)c(-c3ccccc3)nc2s1,23.65051900995755
CSc1nc2ccc(-c3ccc4c(c3)OCCO4)cc2n1Cc1ccc(C(=O)O)cc1,23.644643663171717
COc1ccc(Cn2c(-c3nc(-c4cccc(C(=O)O)c4)cs3)nc3ccccc32)cn1,23.643243661035292
C#COC(=O)c1ccc2c(c1)n(-c1cccc(OC)c1)c(=S)n2-c1ccc(C(=O)O)cc1,23.63731151176085
COCCSc1c(-c2ccccc2)n(C2CCCCC2)c2nc(C(=O)O)sc2c1=O,23.620241351235958
O=C(O)c1cccc(-n2nnc(Sc3ccc(Cn4cnc(F)c4)cc3)c2C2CC2)c1,23.618083732666133
Cc1csc(-c2cc3nnn(CC(F)(F)F)c3cc2OCc2ccc(C(=O)O)cc2)n1,23.603396964399575
Cc1ccnn1Cc1ccc(-c2cn(-c3ccc(C(F)(F)F)cc3C(=O)O)nn2)cc1,23.58869394942568
CCOc1nn(-c2ccccc2)nc1-c1cn(Cc2ccc(C(=O)O)cc2)c2c1CCS2,23.57509974743123
CCOC(=O)c1ccc(-n2c(-c3ccccc3)nn(-c3ccc(O)cc3Cl)c2=O)s1,23.569245446259018
Cc1c(=O)n(CC2CC2)cc2nc(SC3CCCCC3)n(-c3cccc(C(=O)O)c3)c12,23.56674943993441
O=C(O)CCSc1nnnn1-c1cc(-c2cccc3ccccc23)cc(C(F)F)c1,23.53619375591156
COc1ccc2c(c1)OCc1c-2nc(-c2cccs2)n1-c1cccc(C(=O)OCO)c1,23.53241329480081
CCn1c(Sc2nc3ccccc3o2)nc(-c2ccc(C(=O)O)cn2)c1-c1ccccc1,23.51372466846408
Cc1nc(-c2ccc3cn(C)nc3c2)ccc1Sc1ccnn1-c1ccc(C(=O)O)cc1,23.506094825516723
COc1ccccc1-c1cc(F)c(-c2ccc(C(=O)O)cc2)c2nc(SC)nn2c1=O,23.49472255632761
Cc1nc2c(Sc3nccs3)n(-c3cccc(C(=O)O)c3)nc2n1Cc1ccccc1,23.481360615900705
COc1ccc(Cn2cc(-c3c(C(=O)O)sn3C3CCC(C(F)(F)F)CC3)nn2)cc1,23.480725070141034
Cc1ccccc1-c1cc(Sc2ccc3oc(=O)n(C)c3c2)n(-c2ccccc2O)n1,23.457445749459872
CN(C)c1c(-c2ccc(SC3=Cc4ccccc43)cc2)nnn1-c1ccc(C(=O)O)cc1,23.439227723093893
COc1ccc(-c2ccc3sc(-c4cnn(Cc5ccc(C(=O)O)cc5)c4)nc3c2)cc1,23.429253528273794
COc1cc2c(cc1OCCN1CCCCC1)ncn2-c1ccc(C(C)(C)C)c(O)c1C#N,23.41507724001947
Cc1c(C(=O)c2ccccc2)n(C)c2c(-n3nnnc3SC3CCCCC3)cccc12,23.406424016423664
Cn1cc(-c2ccc(Sc3ccccc3)cc2)c(=O)n2nc(-c3ccc(C(=O)O)cc3)nc12,23.40557769651511
CCc1cn(C)nc1-c1cc2ccccc2n1-c1cccc(-c2csc(C(=O)O)n2)c1,23.394647484469377
COc1ccc(-c2cc(-c3nc4[nH]c(=S)nc-4n(CC4CCCCC4)n3)cnn2)cc1,23.388121637718086
COc1cc(Sc2nsc(-c3cn(C)cc3C(F)(F)F)c2C#N)ccc1C(=O)O,23.37041360994921
Cc1ccc(-c2nc(-c3ccnn3Cc3ccc(C(=O)O)cc3)nn2-c2ccccc2)s1,23.36693913860195
Oc1cccc(-n2cc(COc3ccccc3-c3ncn(-c4ccc(Cl)cc4)n3)nn2)c1,23.357107388982893
O=C(O)c1c(-c2ccoc2)c2c(SCC(F)(F)F)ncnc2n1Cc1ccccc1,23.35702443339558
Cc1c(-c2cn(C3CCCCC3)c(=S)n2C2CC2)nnn1Cc1ccc(C(=O)O)cc1,23.343207741040267
CCn1c(=O)n(-c2cc(C(=O)O)nn2-c2ccc(Cl)c(Cl)c2)c2ccc(OC)cc21,23.334581286506243
COc1cccc(-c2c(-c3ccccc3)nc(SCC(=O)O)n2C(=O)C(F)(F)F)c1,23.333019949609287
CCn1c(C)cc2cc(-c3nn(C)c4c3c(C(=O)O)nn4-c3ccc(Cl)cc3)ccc21,23.331065849026682
CCn1c(CSc2ccc3c(c2)OCCO3)cc(C(=O)O)c1-c1ccc2c(c1)OCO2,23.319794443675853
Cc1nc(O)c2c(ncn2Cc2cnn(-c3ccc(Cl)c(C)c3)c2-c2cccs2)n1,23.315158805914603
Cn1c(-c2sc(C(F)(F)F)cc2COC(=O)C2CCCCC2)cnc1SCC(=O)O,23.312654221231
COc1ccc(-n2c(S)nc3ccc(C(=O)Oc4cccc(Cl)c4)cc3c2=O)cc1,23.305486360254275
O=C(O)c1ccc(Cn2cc(-c3csc(CSc4ccc(F)cc4)n3)nn2)cc1F,23.304377065234767
Cc1c(C(=O)O)n(-c2ccc(OCc3ccccc3)cc2)c2cccc(-n3cncn3)c12,23.30353755741187
O=C(O)c1ccc(Sc2ccc3ccc(=O)n(CCc4ccc5c(c4)OCO5)c3c2)cc1,23.29530903760647
Cn1ncc2c(SC3CCCCC3)cc(-c3cn(-c4ccc(O)c(C=O)c4)nn3)cc21,23.294348978823052
COc1ccc(-n2nc(N=O)c3ccc(OCc4ccc(Cl)c(Cl)c4)cc32)cc1,23.292320113856565
CSc1ccc(Cn2cnc3ccccc32)cc1-c1ccc(-n2cc(C(=O)O)nn2)cc1,23.284678319251285
CCn1nc(-c2cnn(-c3ccc(Cl)cc3)c2SC2CCCCC2)nc1C(=O)O,23.283249576369336
Cc1cn(-c2ccc(O)cc2)nc1-c1ccc(Sc2nnnn2-c2ccc(F)cc2)cc1,23.243412198964748
COc1ccc(-n2nc(C(C)(C)C)c3cc(C(=O)O)n(Cc4ccccc4)c3c2=O)cc1,23.23985557311854
O=c1c2ccccc2nc(SCc2ccc(F)cc2)n1-c1ccc(Nc2ncccn2)o1,23.21828917787304
Cc1cc(-c2cn(C)c3ccccc23)nc(-n2c(SCC(=O)O)nc3ccccc32)n1,23.208678809140185
O=C(O)c1cccc(Cn2ncc3nnnc(Sc4cccc(-c5ccccc5)c4)c32)c1,23.208565300129106
O=C(O)c1ccc(Sc2nc(-c3cnn(CC4CCOCC4)c3)c3ccccc3n2)cc1,23.192393495069457
COc1ccc2c(-c3nc(C(=O)O)cs3)c(CC3CCN(C4CC4)CC3)c(=O)oc2c1,23.151143157897916
Cc1c(CN2CCC2)oc2c1nc(SC1CCCCC1)n2-c1ccc(C(=O)O)cc1,23.140066744207044
Cc1nc(-n2c(-c3ccc(OCc4ccccc4)cc3)nc3ccccc32)sc1C(=O)O,23.131215050363163
O=C(O)c1ccc(COc2ccc3cc(-c4cnn(Cc5ccsc5)c4)oc3c2)cc1,23.110474899080273
COc1ccc(-c2nc(N3CCCCC3)sc2/C=C2/SC(=O)C(C(=O)O)=C2C)cc1,23.108395312234066
Cc1cc(-c2nc(SCC(=O)O)n(-c3cccnc3)n2)ccc1-n1ccc2ccccc21,23.107218773024602
Cc1ccc2c(n1)c(C(=O)O)cn2-c1ccc(Sc2cc(C)n(-c3ccccc3)n2)nc1,23.100726046673866
CC1=C(CSc2nnc(-c3ccc(C(=O)O)cc3)n2-c2ccccc2)C(=O)SCC1,23.0672109396011
COc1ccc(-c2c(Sc3ccccc3)n(O)c3c(=O)n(C4CCCC4)nnc23)cc1,23.06396204798994
COC(=O)c1cn(-c2ccc(C(=O)O)s2)nc1-c1cccc(OCc2ccccc2)c1,23.063007019832586
CCc1ccc(-c2cn(Cc3cc(C(=O)O)ns3)nc2-c2ccc3c(c2)OCO3)cc1,23.05336591404935
COc1ccc(Cn2c(=O)c3ccccc3c3cc(-c4ncnn4C4=NNCC4)ccc32)cc1,23.052197268605795
Cc1ccc(-n2nc(SCC(=O)O)c3c(Sc4ccc(F)cc4)ncnc32)cc1,23.04822344870103
O=C(CS)Sc1ccc(-c2cn(-c3cccc(OC(=O)c4ccccc4)c3)nn2)cc1,23.02600709357573
CSc1ccc(Cn2nc(-c3ccnc(C(F)(F)F)c3)c3nc(C(=O)O)sc32)cc1,23.023361222821123
Cn1c(Sc2ccc(-c3ccc(C(=O)O)c4ccccc34)cc2)nnc1SC1CC1=O,23.020054654626144
COc1ccc2c(c1)nc(-c1nnn(-c3ccc(Cl)cc3)c1-c1ccc(O)cc1)n2C,23.011776466187506
COc1cc(-n2nnc(-c3cc(Oc4ccc(Cl)cc4)cs3)n2)cc(Cl)c1O,22.989364605162297
Cn1cnnc1SCc1ccc(Sc2c(C(=O)O)ccc3ccccc3c2=O)cc1,22.979851814805055
Cc1oc2ccccc2c1-c1ccc(Sc2cn(-c3ccc(C(=O)O)cc3)nn2)cc1,22.968040444045386
COc1ccc(-n2[nH]cc2Sc2nc3ccccc3c(=O)n2-c2ccccc2Cl)nn1,22.9263528633304
COc1ccc(-n2nc(-c3ccc(C(=O)O)cc3)c3c2-c2ccc(OC)nc2SC3)cc1,22.925961012082386
Cc1c(-c2nnnn2-c2ccc(F)cc2)c2ccccc2n1Cc1ccc(C(=O)O)cc1,22.924911072233723
CSCCNc1ncnc2nc(-c3ccc4ccccc4c3)n(C3CCCCC3=O)c12,22.914015942091567
CSc1cc(-c2nn(-c3nc(C)cc(C)n3)c3cc(F)ccc23)sc1C(=O)O,22.907330212340607
Cn1nc2c(nc(-c3ccccc3)n2C2CCCCC2)c1Sc1ccc(C(=O)O)cc1,22.864547221337194
CNc1nccc(-c2c(-c3nccs3)n(-c3ccccc3)c(=O)n2Cc2ccccc2)n1,22.850193255866326
COC(=O)n1c(NCCOc2cccc3c2cnn3-c2ccccc2)nc2ccccc21,22.847118533177117
COc1ccc(-n2cnc3ccc(OCc4ccc5nc(C(=O)O)sc5c4)cc32)cc1,22.845676395207164
CC(C)c1c(SC2CCCCC2)n(-c2cc(F)c(O)c(F)c2)c(=O)n2cnnc12,22.84506327411285
COc1ccc(-c2cn(CC(=O)O)c3ncnc(Sc4ccccc4)c23)c2c1OCCC2,22.84385597453023
O=C(Cn1nc(-c2ccc(C(=O)O)cc2)c2c1Sc1ccccc1S2)OCC1CC1,22.829721644281182
CCNc1nc(-c2ccc(Oc3n(-c4ccccc4)nc(C(F)(F)F)[n+]3[O-])nc2)cs1,22.821546346868125
C#Cc1ccc(-c2ccc(Cn3cnc4c(Cl)nc(SCC(=O)O)nc43)s2)cc1,22.81451005045944
Cc1cc(C(=O)O)ccc1Sc1nnnn1-c1ccc(-c2cccc3c2ccn3C)cc1,22.79325554633395
Cc1nn(-c2ccc(C(=O)O)cc2)c2ncnc(-c3ccc(CN(C)C(C)(C)C)s3)c12,22.775662281135236
COc1ccc(-c2nn(CC3CCCCC3)c(=O)c3cc(-c4csc(O)n4)cn23)cc1,22.77277191515262
COc1ccc2c(c1)nc(-c1ccc3c(c1)CC(C)CO3)n2Cc1nc(C(=O)O)cs1,22.75558596235251
O=C(O)c1c(-c2ccccc2)ccc(=O)n1CCSc1noc(=S)n1-c1ccccc1,22.73791888918561
Oc1c(Cl)cc(-c2cn(C3CCCCC3)cn2)cc1-c1nnnn1Cc1ccccc1,22.721336012579222
COc1ccc(-n2c(-c3cccc(-c4csc(C(=O)O)n4)c3)nc3c2CCOC3)cc1,22.71467093329113
O=C(O)c1csc(SCCc2nnc(-c3cccc(C(F)(F)F)c3)n2C2CC2)n1,22.71107463112285
CN(C)c1ccc(-c2nn(-c3ccc(Cl)cc3Cl)cc2-c2nc(C(=O)O)ns2)cc1,22.706628758172393
CCn1c(SCC(=O)O)nc(-c2ccc3c(c2)OCCCCO3)c1-c1ccccc1,22.69871484854041
Cc1ccc(-n2nc(C(=O)O)cc2COc2ccc3cnn(-c4cccs4)c3c2)cc1,22.666546817415103
Cc1cc(C(=O)O)nnc1-c1ccc(Sc2nn(CC3CCOC3)c3ccccc23)cc1,22.65810868379626
CCSc1nn2c(=O)c(Cc3ccccc3)c(-c3ccc(C(=O)O)c(F)c3)nc2s1,22.650947784058552
COc1ccc(-n2nc(Nc3ccccc3C)n3c(=O)cc(-c4ccccc4)nc23)cc1,22.65028807873013
CSc1nc(-c2ccc3cnn(Cc4ccc(C(=O)O)cc4)c3c2)nn1-c1ccccc1,22.644408975884676
CC(C)(C)c1ccccc1Sc1nc(Sc2ccc(Cl)cc2)n(CC(=O)O)n1,22.626582226482654
COc1ccc(-c2nn(-c3ccccc3)c(Sc3ccc(-n4cncn4)cc3)c2N)cc1,22.619646738779284
O=C(Oc1cccc(COc2ccc(-c3nsc(S)n3)cc2)c1)N1CCCCC1,22.61652069695486
COc1ccc(-c2nc(Sc3cccc(F)c3)n(-c3cccc(C(=O)O)c3)n2)cc1,22.612735400010504
COc1ccc(-n2c3c(c4ccccc42)CCCC3)cc1-c1nnn(-c2ccc(O)cc2)n1,22.606857659670272
O=Cc1ccc(-n2c(SCc3csc(C4(C(=O)O)CC4)n3)nc3ccccc32)cc1,22.603976188796203
Cc1nn(-c2ccc(Cl)cc2Cl)c(SCc2ccc(C(=O)O)cc2)c1C=O,22.587837871760918
CCn1c(=O)n(Cc2ccc(-c3ccsc3)cc2)c2cc(-n3cc(C(=O)O)o3)ccc21,22.58699518440634
O=C(O)Cn1c(C2CC2)nc2ccc(-n3c(OCc4ccccc4)nc4ccccc43)cc21,22.586157572435628
Cc1sc2ncnc(-c3ccccc3)c2c1-c1ccc(Sc2ncnn2C)c(N)c1,22.577938917260436
Cc1cn(-c2ccc(-c3nc(C(=O)O)n(C)n3)cc2)c2cccc(Sc3ccccc3)c12,22.575831355384505
Cc1ccc(-c2cc(-n3ccc4ccccc43)ccc2-n2nnnc2SCC(=O)O)cc1,22.571781332257693
COc1ccc(-c2ccsc2-c2cn3ncnc3n2Cc2ccc(C(=O)O)cc2)cc1,22.564160971026567
O=C(O)COc1ccc(-n2cc(Sc3ccccc3)c3c(=O)n(C4CC4)cnc32)cc1,22.562574007321935
O=C(O)n1c(SCCn2ncc(-c3ccccc3C3CC3)n2)cc2ccccc2c1=O,22.54957583507235
CC(C)(C)c1ccc(-n2c(SCC(=O)O)nc3cc(OCc4ccccc4)cnc32)cc1,22.547115738164074
Cc1nc(Nc2ccc(Cl)cc2)c2nnn(Cc3cnn(-c4ccccc4)c3C)c2n1,22.545005944444334
CCn1c(Sc2ccc(-c3c(C(=O)O)nnn3C)cc2F)nc2cc(Cl)ccc21,22.542235030479755
O=C(O)c1ccc(Sc2ccc(-c3cn(Cc4ccc5c(c4)OCO5)nn3)cc2)cc1,22.533622645940426
O=C(O)c1cncn1Cc1ccc(-c2ccc(Sc3ccc4c(c3)OCO4)cn2)cc1,22.522445293502287
CCn1c(=O)n(-c2ccc(F)cc2)c(=O)c2ccc(/C=C/c3ccc(C(=O)O)s3)cc21,22.48800267571928
O=C(O)c1ccc(-n2c(SCc3ccccc3)nc3ncc(-n4ccnc4)cc32)cc1,22.47774462383713
COc1ccc(-n2nc(Sc3ccc(C(=O)O)c(F)c3)c3c2C[C@@H](C)OC3)c(F)c1,22.46277004080838
Cc1cc(C(C)(C)C)ccc1-n1nc(-c2ccc3c(c2)OCO3)nc1SCC(=O)O,22.44384628421807
COc1ccc(-c2nn(C3CCCCC3)c3c2n(CC2CCCCC2)c(=N)n3C)cc1,22.440093511107325
Cc1ccccc1-n1c(-c2ccc3c(c2)OCO3)nc(SCC(=O)O)c1-c1ccccn1,22.440036966644143
COc1cccc(-c2ccc(CSc3nnc(-c4nnn[nH]4)n3C(C)(C)C)cc2)c1,22.435053464215187
C#CSc1nc2cc(O)ccc2n1Cc1ccc(-c2nc3ccc(OC)cc3o2)cc1,22.425708902793698
CNc1nccc(-c2nnn(-c3cccc(C4CC4)c3)c2Sc2cccc(Cl)c2)n1,22.41517546207166
COc1ccc(-c2cnn(-c3cc4ccc(C(=O)O)nc4s3)c2C)c(N2CCCC2)c1,22.413547837022854
Cc1c(SCn2cnc3ccccc32)sc(C(=O)O)c1S(=O)(=O)c1ccccc1,22.40491020876512
Cc1cc2cc(-c3nnc(SCc4ccc(C(=O)O)cc4)o3)ccc2n1CC(F)(F)F,22.38481450609892
Cc1cc(Sc2nnnn2-c2ccc(C(=O)O)cc2OC(F)(F)F)ccc1Cl,22.38187097161177
COC(=O)c1cc(-c2ccc(-n3cc(C(=O)O)nn3)cc2)ccc1Sc1ccccc1,22.36285629677057
O=C(O)c1nc(SCc2ccc(-c3ccc(F)cc3)cc2)nnc1-c1ccccc1,22.359322861153405
Cn1cnc(C(=O)O)c1-c1ccc(-c2nnn(CC3CCCS3)c2-c2ccccc2)cc1,22.339299412939106
COc1ccc(-c2nc3sc(C(=O)O)cc3c(=O)n2-c2ccc(OC)c(Cl)c2)cc1,22.323649184281653
CCOC(OC)c1sc(-c2ccc3c(c2)SCC3=O)cc1/C=C1\SC(=O)NC1=O,22.31944221562654
O=C(O)c1ccc(-n2nc(SCc3ccc(F)cc3)nc2-c2ccccc2)cc1F,22.284746970784642
Cc1noc(CN2CCC(Sc3ccnn3-c3ccc(Cl)c(Cl)c3)CC2)c1N,22.266718077941974
O=C(O)c1ccc(-c2cn(Cc3ccc(Sc4ccccc4)c(Cl)c3)nn2)cc1,22.264624982171256
COc1ccc(-c2nn(C(=O)CS)cc2-c2ncnn2-c2ccc(Cl)cc2)cc1,22.246741937276074
CSc1c(-c2ccc(Cl)cc2)nc(COc2ccc(C(=O)O)c(C)c2)n2ncnc12,22.240258270098142
Cc1c(-n2cnnn2)c(SCC(=O)O)n(-c2ccc(Cl)c(Cl)c2)c1-c1ccccc1,22.205329653543213
CN(C)c1ncnc2c1nc(-c1cc(C(F)(F)F)c(C(=O)O)s1)n2C1CCCCC1,22.202150093569568
Cc1cc(-c2nn(Cc3ccc(C(=O)O)cc3)c3ccccc23)sc1-c1cnn(C)c1,22.188631770570357
Cc1c(-c2cscc2C#N)nc(SCc2ccc(C(=O)O)cc2)n1-c1ccccc1,22.16801924235615
Cn1cncc1-c1nc2ccc(OCc3ccc(C(=O)O)cc3)cc2n1-c1cccs1,22.158677219201188
COc1cc(-c2ccc(-c3c(C(=O)O)nnn3-c3ccccc3SC)cc2)c(F)cn1,22.149295513978938
O=C(O)c1cc(S(=O)(=O)N2CCCC2)sc1Oc1ccc(C2CCCC2)s1,22.14146341353772
O=C(O)c1ccc(Cn2c(=O)ccc3cc(Sc4cn(CC5CC5)nn4)ccc32)cc1,22.14054105395439
Cc1ccc(-n2c(SCC(=O)O)nc3cc(-c4ccc5c(c4)OCO5)ccc32)cc1C,22.139460490405938
Oc1ccc(-c2ccccc2OCc2cccc(-n3nnnc3-c3cccs3)c2)cc1,22.136831947484268
Cc1cc(Oc2ccc(-n3c(=O)n(-c4nccs4)c4ccccc43)cc2)nc(N)c1C,22.113037834794245
Cc1nc(-c2ccc(N3CCN(Cc4ccccc4)CC3)c([N+](=O)[O-])c2)sc1C(=O)O,22.102744877103774
N=C(Oc1ccccc1)c1ccc(-n2nnnc2Sc2ccc(Cl)cc2Cl)cc1,22.102034287748662
Oc1cc(-n2nc(-c3ccccc3)c3c2nnn3C2CCC2)ccc1OCc1ccccc1,22.09081541482352
COC(=O)c1sc(-c2ccc(Sc3nnccc3F)cc2)nc1-c1ccc(O)cc1,22.06200245869436
CCOc1cccc2c1c(OC(F)(F)F)nn2-c1nc(C(=O)O)cs1,22.054390067747956
O=C(O)C1(Cn2c(Sc3ccccc3)nnc2-c2ccc(-c3ccccc3)cc2)OCO1,22.041187392999586
COc1cccc(-n2c(Sc3ccc(-c4cnn(C(N)=O)c4)cc3)nc3ccccc32)c1,22.032810002898756
Cn1nncc1CSc1nc2ccccc2n1Cc1ccc(-c2ccc(C(=O)O)cc2)cc1,22.02808912775275
Cn1cc(-c2c(-c3ccc(C(=O)O)cc3)c3c(Sc4ccccc4)ncnc3n2C)cn1,22.026207573054815
CSCc1ccc(-n2nc(SCc3ccc(Cl)cc3)c3ncnc(N)c32)cc1,22.020965049749293
Cc1ccc2c(c1)nnn2Cc1ccc(-c2c(C(=O)O)ncn2-c2ccc(F)cc2)s1,22.01375902521335
COc1ccc(-n2c(SCc3cc(N)ncn3)nc3c(N4CCCCC4)cccc32)cc1,21.98383360666064
COc1ccc(-n2nc(-c3ccncc3)c3c(NCc4ccc(F)cc4)ncnc32)cc1,21.980136943443526
COc1ccc(-n2nc(Sc3ccc(Cl)cc3)c3cc(C(=O)O)ccc32)cc1C=O,21.975413563933667
COC(=O)c1cccc(Sc2ccc(-c3cn(-c4ccc(O)c(Cl)c4)nn3)cn2)c1,21.963925627713863
COc1c(-c2nnc(SCc3ccc(Cl)cc3)s2)ccc2c1C(=O)/C(=C/O)O2,21.917593488990462
COc1ccc(-c2nnc(COc3ccc(C(=O)O)cc3)s2)c2c1CSCCC2,21.906824086451707
c1ccc(CSc2nnnn2-c2ccc(-c3ccccc3)cc2-c2csnn2)cc1,21.88229708955074
COc1cc(-n2ccnc2)ccc1Sc1nc2ccccc2n1-c1cccc(C(=O)O)c1,21.881649818142968
CCn1c(Sc2ccc(-n3ccnc3)cc2)nc2c(-c3ccc(C(=O)O)nc3)cccc21,21.870851647385347
COc1ccc(-c2nn(-c3cc(OC)cc4sc(C(=O)O)cc34)c3c2COCC3)cc1,21.835196237649065
OCc1cnnc(-n2cc(Sc3ccccc3)c(-c3ccc(-c4ccccc4)cc3)n2)n1,21.823697167341965
COc1ccc(-c2nnc(SCc3ccccc3Cl)n3ccc(Cl)c23)nc1O,21.810283608446916
COc1ccc(Sc2nc(C(=O)O)cc3nnn(-c4cc(F)ccc4C)c23)cc1Cl,21.797017350031965
CCn1c(=O)nc(O)c2nc(-c3ncn(C4CCCCC4)c3Sc3ccccc3)ccc21,21.79279901842766
Nc1ccnc(-c2sc(-c3ncnn3CC3CCCCC3)cc2CN2CCCCC2)n1,21.77669559122588
O=C(O)/C=C/c1cn(-c2ccc(C(=O)O)cc2)nc1-c1ccc(N2CCSCC2)cc1,21.765636007131103
CSc1nn(-c2ccc(C(=O)O)cc2)cc1-c1nccc2ccc(OC(F)(F)F)cc12,21.748914096233726
COc1c(F)ccc(-n2c(SC)nc3c2ncn3-c2ccc(C(=O)O)cc2)c1Cl,21.74073594715874
O=C(O)c1ccc(-n2nc(S/C=C/c3ccc(N4CC4)nc3)nc2-c2ccccc2)cc1,21.72741093668192
COc1ccc(-c2cc(F)ccc2Cn2nnc3nc(O)nc(-c4cccs4)c32)cc1,21.711763233030943
COc1ccc(-c2nn(-c3nc(C(=O)O)cs3)c3c2CC(C)(C)C3)cc1C(F)(F)F,21.70579911030255
COc1cc(-n2c(SC3CCCCC3)nc3c2-c2ccc(C)nc2C3=O)ccc1O,21.695529798546623
O=C(O)c1cccc(-n2cc(-c3cnn(-c4ccccc4)c3)c(OCc3ccccc3)n2)c1,21.689336747264754
CSc1cc(-c2ccc(-c3ccn(CC(=O)O)n3)cc2)n(-c2cccc(Cl)c2)n1,21.68231486164534
Cn1c(Sc2cc(C(=O)O)ccc2N2CCCCC2)nnc1-c1cccc(Cl)c1,21.64737914481456
Cc1c(-c2cccc(Cl)c2)nn2c(=O)n(Cc3ccccc3)c(SCC(=O)O)nc12,21.633165558103528
COc1cccc(Sn2c(=O)n(C3CCCCC3)c3ccc(Cl)c(C(=O)O)c32)c1,21.61885760723763
Cc1nnn(Cc2ccc(-c3cc(C(=O)O)nn3-c3ccccc3)cc2)c1-c1ccccc1,21.611639417505028
O=C(OCCNc1ncnc2c1nc(-c1cccs1)n2-c1ccccc1)c1ccccc1,21.606386676116063
Cc1nc(C(=O)O)ccc1-n1nc(Sc2ccc(Cl)cc2)c2ncn(CC3CC3)c21,21.60362421846944
Cn1cc(-c2ccc(-n3c(OCc4ccc(C(=O)O)cc4)nc4ccccc43)cc2)cn1,21.597496561948848
Cn1nc(SC2CCCC2)cc1-c1ccc2c(c1)nnn2Cc1ccc(C(=O)O)cc1,21.574706735802035
Cn1c(SCc2ccccc2)nnc1-c1ccc(-c2ccc3c(ccn3C(=O)O)c2)nc1,21.566508467820462
Cc1c(Sc2nnc3ccccn23)cnn1Cc1ccc(-c2ccc(C(=O)O)cc2)cc1,21.558477562138343
CC(=O)Nc1ccc(-n2nc(SCc3ccccc3)c3nnn(-c4ccccc4)c32)cc1,21.55613075256157
O=C(O)c1ccc(Sc2cn(CC3CCOC3)c3c2nnn3C2CCCCC2)cc1,21.552278428436193
Cc1cc(-n2cc(-c3cc(SC4CCCCC4)c(S(C)(=O)=O)s3)nn2)ccc1O,21.53681661250813
Cc1cc(-c2nc(SCC(=O)O)c3sc(=O)n(-c4ccccc4)c3n2)ccc1Cl,21.51770374183287
COc1ccc(Cn2nc(-c3cccs3)c3c4c(sc32)C(=O)CC(C(=O)O)C4)cc1,21.506620273009123
Cn1ncc(-c2ccc3nnn(CC(=O)O)c3c2)c1Sc1cc(Cl)ccc1Cl,21.502962345214602
COc1ccc(-c2nc(Sc3ccc4c(c3)COC(C(=O)O)O4)c3ccccc3n2)cc1,21.495702305300135
COc1ccc(-c2c(C(=O)O)sc(=O)n2-c2ccc(-n3cnc(C)c3)cc2Cl)cc1,21.48916920690966
N#Cc1cc(-c2csc(C3CC3)n2)ccc1Cn1c(SCC(=O)O)nc2ccccc21,21.479483003984832
O=C(O)CSc1nc2sc(Cc3ccccc3Cl)nc2n1Cc1ccccc1,21.475131619942243
COC(=O)c1ccc(Sc2ccc(Cl)c3c2OCO3)n1-c1ccc(C(=O)O)cc1,21.468148637270065
COc1ccc(-c2nc(C(=O)O)c(Sc3ccc4c(c3)OCO4)n2-c2ccccc2)cc1,21.466346845779835
COc1ccc(-c2nc3n(c2-c2cccs2)N=C(c2cccc(C)c2)OC3C(=O)O)cc1,21.449503001054676
O=C(O)Cn1nc(-c2ccccc2OCc2ccccc2)n(-c2ccc(Cl)cc2)c1=S,21.413684731175696
Cc1c(Sc2ccc(C(=O)O)cn2)c2c(N3CCCCC3)ncnc2n1C1CCCC1,21.40474005043074
Cc1nc(CSc2nccn2-c2ccc(C(=O)O)c(Cl)c2)nn1-c1ccccc1,21.40467754421063
O=C(O)c1ccc(Cn2c(=O)n(-c3ccccc3)c3nc(SCC4CC4)ccc32)cc1,21.38070655940483
O=C(O)c1ccc(-n2c(=O)n(C3CCCCC3)c3cc(SCC(F)F)ncc32)cc1,21.36651809995676
COc1ccc(-c2nn(-c3nc(C(=O)O)cs3)c3ccccc23)c(OCC(F)(F)F)c1,21.340290109514022
Cc1nn(C2CCCC2)cc1-c1ccc(-n2nc(SCC(=O)O)c3c2CCCC3)cn1,21.330034826271312
COc1ccc(-c2cc(SC3CCCCC3)[n+]([O-])n2-c2ccc(C(=O)O)cc2)cc1,21.29168772929809
COc1ccc(-c2nc3c(ncn3Sc3ccco3)n2-c2cc(F)c(O)c(F)c2)cc1,21.287505599231007
COc1ccc(-n2cc(/C=C3/SC(=O)NC3=O)c(-c3ccccc3)c2)cc1OC(C)=O,21.283772250464725
Cn1cc(-c2ccccc2)nc1-c1cccc(-n2nnnc2SCc2ccccc2)c1O,21.273235747670697
COc1ccc(-n2nc(Sc3ccc(C(=O)O)cc3)c3c2CCCC3)cc1-n1ccnc1,21.222822592284867
Cc1c(C(=O)O)cn(C)c1-c1cc(Sc2nnnn2-c2ccccc2)c(F)cc1Cl,21.209937280801537
COc1ccc(-c2ncnc3c2nc(SC(C)(C)C)n3Cc2cccc(C(=O)O)c2)cc1,21.20732890839367
COC(=O)c1ccc(-c2ccc(Sc3cc(=O)c4ccccc4n3CC(=O)O)s2)cc1,21.2035719350737
Nc1ncnc2c1nc(-c1ccc(OC(F)(F)F)cc1)n2CCSc1ccccc1,21.196636148700403
COc1cccc2c1-c1c(c(CSc3ccccc3)nn1-c1ccc(C(=O)O)cn1)CO2,21.196227185953084
COc1ccc(-c2nc(-c3nc(C(F)(F)F)c(C(=O)O)s3)n(-c3ccccc3)n2)cc1,21.187225364226506
O=c1c2ccc(Oc3ccnn3O)cc2nc(SCc2ccccc2)n1-c1ccccc1,21.181482249555128
COc1ccc(Cn2c(-c3ccccc3)nc3c(=O)n(-c4ccc(C(=O)O)cc4)sc32)cc1,21.17591310524107
Cc1cc(-n2c(SCc3ccccc3)nc3c(N4CCCC4)noc32)ccc1C(=O)O,21.173555048840353
O=C(O)CSc1nc2cccnc2n1-c1ccc(-c2ccc(OC(F)F)cc2)cc1,21.14915768961917
O=COc1ccc2c(c1)nc(Sc1ccc(-c3ccccc3Cl)cc1)n2CC(=O)O,21.133675165151953
COC(=O)COc1ccc2c(c1)C(=O)/C(=C/c1cc(-c3ccc(O)cc3)ns1)S2,21.126913388735286
CC1CC1CSc1cc(-c2nnnn2-c2cc(Cl)cc(Cl)c2)sc1C(=O)O,21.1144290558014
CSc1c(-c2ccc(C(=O)O)cc2)nnn1Cc1ccc(-c2ccc3c(c2)OCO3)cc1,21.09476334097882
COc1ccc2c(c1)nc(-c1cnn(Cc3cccc(C(=O)O)c3)c1)n2C1CCCCC1,21.082748267688487
COc1cccc(-c2cc(Cl)nc3c2nc(SCC(=O)O)n3-c2ccccc2)c1,21.07519516479691
COc1cccc(-c2nn(CC(=O)O)c(Sc3ccc(Cl)c(Cl)c3)cc2=O)c1,21.072771881542714
COc1ccc(-c2nn(-c3ccc(Cl)c(Cl)c3)cc2-c2nnc(C(=O)O)n2C)cc1,21.071910339060484
COc1ccc(-c2nn(Cc3ccc(C(F)(F)F)cc3)c3scc(C(=O)O)c23)nc1,21.059898409036034
COc1ccc(Cn2c(=O)n(-c3ccc4sccc4c3)c3c(C)nc(C(=O)O)cc32)cc1,21.054452790744897
COc1cc(C(=O)O)ccc1-c1cn(C2CCCCC2)c(Sc2ccc3c(c2)OCO3)n1,21.048908040001564
CSc1cc(-c2nn[nH]n2)ccc1-c1nnc(Sc2ccccc2)n1C1CCCC1,21.028747964087646
CCN1Cc2cc(-c3nnn(Cc4ccc(C(=O)O)cc4)c3-c3ccccc3)sc2C1,21.023146071288934
O=C(O)c1ccc(-c2ccc(Sc3nncn3Cc3ccc4c(c3)OCO4)cc2)cc1,21.005881010999623
O=C(O)c1ccc(-n2ccc3c2c(=O)ncn3-c2ccc(OCc3ccccc3)cc2)cc1,20.99935120102197
CS1(C)C=C(C(=O)O)C(=O)/C1=C/c1ccc(-n2nnnc2SCc2ccccc2)cc1,20.96582394757498
COc1ccc(-c2csc3c(SC)c(-c4ccc(C(=O)O)cc4)nn3c2=O)c(F)c1,20.961528916584264
O=c1c2[nH]nc(OCc3cccs3)c2nc(SC2CCCCC2)n1-c1ccccc1,20.945815650779736
O=C(CSc1nn(-c2ccc(C(=O)O)s2)c2cc(F)ccc12)Oc1ccccc1,20.938635504094773
COc1ccc(-c2cc(-c3nccs3)n(-c3ccc(Cl)cc3Cl)n2)nc1CO,20.931612056031472
COc1ccc(CSc2nc3ccc(C(=O)O)cc3c(=O)n2-c2ccccc2)s1,20.93136577877292
O=C(O)c1ccc(Cn2c(-c3nnc(SCC(F)(F)F)s3)nc3ccccc32)cc1,20.89162164153685
Cn1cc(CCC(=O)O)c2nc(SC3=NCCCC3)n(-c3ccccc3Cl)c(=O)c21,20.89062372757435
O=Cc1cc(Cl)ccc1-c1nn(CCSc2nc(C(=O)O)cs2)c2ccccc12,20.888246094068634
COc1ccc2c(c1)nc(-c1ccc(C(=O)O)n(C)c1=O)n2Sc1ccc(Cl)cc1,20.85228978296644
CN(c1ncnc2c(SCC(=O)O)nn(-c3ccc(C(C)(C)C)cc3)c12)C1CCCC1,20.843748899588753
CSc1nc(-c2ccc3c(cnn3Cc3ccc(C(=O)O)cc3)c2)n(-c2ccccc2)n1,20.84207022361751
COc1ccc(-n2nnc(C(=O)O)c2-c2ccc(Sc3ccc(F)cc3F)cc2)cc1,20.814717134830698
CCn1nc(-c2ccccc2)c(-c2ccc(O)nn2)c1Sc1ccc2c(c1)OCCO2,20.81304496303723
CSc1ccc2cccc(-c3cc(Cl)ccc3-n3nnnc3SCC(=O)O)c2c1,20.784720997592927
Cc1ncc(-c2cccc(OC(F)(F)F)c2)nc1CSc1nc(C(=O)O)cs1,20.782169404930627
COc1ccc(-c2c(SC)sc3c(-c4ccc(C)cc4)c(C(=O)O)nn3c2=O)cc1,20.78051374364305
Cc1cnc(-n2nnnc2-c2cccs2)cc1NCc1cccc(OC(F)(F)F)c1,20.777588907742068
Cn1c(SCc2ccccc2)nnc1-c1nc2ccccc2n1-c1cccc(C(=O)O)c1,20.73093814571859
CC1(C)CSc2ccc(-c3nnnn3Cc3ccc(-c4ccc(C(=O)O)cc4)cc3)cc21,20.71854565408992
O=C(O)c1ncc(Cn2c(-c3ccccc3)nc3cc(OCc4ccccc4)ccc32)s1,20.702630248596517
COc1cc(-c2nn(-c3ccc(Cl)c(Cl)c3)cc2/C=C2\SC(=O)NC2=O)cn1C,20.6948555661457
O=C(O)c1ccc(-n2nc(OCc3ccc(OC(F)(F)F)cc3)c3sccc32)nc1,20.684537569504585
O=C(O)c1ccc(-c2ccc(-n3ncnc3SCc3ccccc3)cc2)c2ccnn12,20.66957758444586
COc1cc2c(cc1OC)C(=O)/C(=C/c1cn(-c3cc(C(=O)O)ccc3F)s1)S2,20.651486070313414
CCOC(=O)CSc1nn(-c2ccc(C(=O)O)cc2)c2sc(C(F)(F)F)cc12,20.64088304277494
COC(=O)c1nn(-c2cccc(Cl)c2Cl)c(C)c1Sc1ccc(C(=O)O)cc1,20.639804133917206
CC(C)(C)NC(=O)Oc1cc(-n2cc(-c3ccsn3)nn2)ccc1OCc1ccccc1,20.639108085703256
COc1ccc(-n2nc(Sc3ccc(Cl)cc3)c3c(=O)n(CC(=O)O)ccc32)cc1,20.634392993830332
O=C(O)C1(c2ccc(-n3nc(CSc4ccccc4)c(-c4cccs4)n3)cc2)CC1,20.62706795142657
COC(=O)c1c(C(=O)O)cccc1-n1c(Sc2ccc3c(c2)OCO3)cc2ccccc21,20.613086373866683
O=C(O)COc1nc(-c2ccc3c(c2)nc(-c2cccs2)n3Cc2ccccc2)cs1,20.56676626454202
CCn1c(Sc2ccc(Cl)cc2Cl)c(-c2ccc(C(=O)O)cc2)n2ncnc12,20.53590718756827
Cc1cc(-c2cnn(C)c2)cc2c1n(-c1ccc(C(=O)O)cc1)c(=O)n2C1CCCCC1,20.51017804487811
COC(=O)c1cc(-n2cc(-c3cc(-n4c(C)cc5ccccc54)cs3)nn2)ccc1O,20.505187559795647
Cc1nc(-c2ccccc2)c(-c2ccc(Cl)cc2)cc1-n1nnnc1SCC(=O)O,20.50273444000276
CC(C)c1csc(Cn2cnc3c2c(C(=O)O)nn3-c2ccc(Cl)c(Cl)c2)c1,20.48090063976273
COc1c(Br)cc(-c2nnc(SCc3ccccc3)s2)cc1C(=O)O,20.476213451154806
COc1ccc(-c2ccc(-n3c(SCC(=O)O)nc4ccc5c(c43)OCO5)cc2)cc1,20.470829059156017
COc1ccc(-c2ccc(C3=Nc4cnn(-c5ccc(O)cc5)c4C(=O)OS3)cc2)cc1,20.46237707950853
O=C(O)CSc1nnc(-c2ccc(F)c(-c3ccccn3)c2)n1CC1CCCCC1,20.412481499853705
Cn1ccc(-c2nnc(Sc3ccccc3Cl)n2Cc2cccc(C(=O)O)c2)n1,20.406856268571097
COc1ccc(-c2nn(Cc3ccc(C(=O)O)cc3)c3cc(-n4ccnc4)ccc23)s1,20.358659097705782
Cc1ccc(-n2c(=O)n(Cc3ccc(C(=O)O)cc3)c3ccc(-c4cn(C)cn4)cc32)cc1,20.331479045701748
Cn1cc(-c2ccc(-c3nnc(Sc4ccccc4)n3C3CCCCC3)cc2)c(O)nc1=O,20.32876850798066
Cc1ccc2c(c1)OCc1c(SCC(=O)O)nn(-c3ccc(-c4cncnc4C)cc3)c1-2,20.313294028794434
O=C(O)c1c(-n2nnnc2Sc2ccc(Cl)cc2)cc(CCF)n1-c1ccccc1,20.29404288057688
CCOc1ccc(-c2c(Sc3ccccc3F)nc3sc(C(=O)O)cn3c2=O)cc1,20.26218012644678
COc1ccc(-n2c(SC)c(Cl)c3c(=O)n(-c4ccc(C(=O)O)cc4)ccc32)cc1,20.24868625149806
O=C(O)CCn1c(Sc2cnnn2-c2ccc(Cl)c(Cl)c2)nc2ccccc21,20.244660437408672
COc1ccc(-c2nn(-c3cccc(O)c3)c3c2ccc2c(F)nc(SC)nc23)cc1,20.244565866128827
Cn1cc(-c2ccc3c(c2)nc(Sc2ccccc2)n3Cc2ccc(C(=O)O)cc2)nn1,20.24446985909904
O=C(O)c1ccc(CSc2nnc(SC3CC3)n2-c2ccccc2Cl)cc(=O)c1,20.2376563714898
O=C(O)Cn1nc(SCc2csc(-c3ccc(F)cc3)n2)nc1-c1ccc(F)cc1,20.226246539185663
O=C(O)c1nnc(Sc2nc3ccccc3n2Cc2ccccc2)n1-c1ccccc1,20.22403527750188
COc1ccc2c(c1)nc(S(=O)(=S)c1ccccc1)n2Cc1ccc(C(=O)O)s1,20.211245038658728
Cc1ccc(-n2c(SCc3ccc(OC(F)(F)F)cc3)nc3ncnc(O)c32)cc1,20.20425318013232
CSc1nc(-c2ccc3c(c2)OCO3)c(C(=O)O)n1Cc1ccc(-c2ccccc2)cc1,20.171152829808634
COc1ccc(-c2nc(C(F)(F)F)c(SCC(=O)O)n2-c2cccc(Cl)c2)cc1,20.16755359001007
O=C(O)c1ccc(Cn2c(SCC(F)(F)F)nnc2-c2ccn3ccccc23)cc1,20.13953819552273
CSc1ncnc2c1c(-c1ccc3c(c1)OCO3)c(C)n2Cc1ccc(C(=O)O)cc1,20.133477586596435
O=C(O)c1ccc(-c2cc(N3CC3)cc(-n3nnnc3Sc3ccc(Cl)cc3)c2)cc1,20.12624405808454
COc1ccc(-c2nc3c(=O)n(-c4ccc(C(=O)O)cc4)ccc3n2CC2CCCC2)cc1,20.098458533282443
Cn1ncc(-c2ccc3nc(Sc4ccccc4)n(Cc4cccc(C(=O)O)c4)c3c2)n1,20.09727054705908
Cc1ccnc(Nc2ccc(-n3nnnc3OCc3ccc(Cl)cc3Cl)cc2)c1,20.074315873830653
O=C(O)c1csc(-c2nc3ccccc3n2CCOc2ccc(-n3cccc3)cc2)n1,20.073138501283655
Cc1ccc(Cn2c(Sc3ccc(C(=O)O)cc3)nnc2-c2ccc3c(c2)OCO3)cc1,20.068189331469867
COc1cccc(-n2c3cc(Cl)cc-3c(Sc3ccc(C(=O)O)cc3)c(=O)n2C)n1,20.066910571272917
CSc1nc2cc(-c3cn(C)nn3)ccc2n1Cc1ccc(-c2ccc(C(=O)O)cc2)cc1,20.064993728963152
O=C(O)CSc1nc(=O)cc(SCC2CCCCC2)n1-c1cccc(Cl)c1,20.04964503429094
CCn1cnc2cnc(-c3c(C(C)(C)C)nn(-c4ccccc4)c3SCC(=O)O)cc21,20.045682989214917
O=C(O)Sc1ccc(-c2nn(CC3CCCCC3)c3c(N4CCCC4)ncnc23)cc1,20.03471917738382
C=Cc1ccc(-n2nc(Sc3ccc(F)cc3)c3c(SCC(=O)O)ncnc32)cc1,20.0305491319144
O=C(O)COC(=O)c1ccc(-n2nc(Sc3ccc(Cl)cc3)c3c2CCOC3)cc1,20.020968149168212
COc1ccc(-c2c(C(=O)OC(C)(C)C)nn(-c3ccccc3)c2SCC(=O)O)cc1,20.014975340795576
Cc1cc(C(=O)O)ccc1-n1ncc(-c2cnn(C)c2)c1Sc1ccc(Cl)cc1,20.007250522450374
Cn1cc(-c2ccc3nc(SCc4ccc(C(=O)O)cc4)n(-c4ccccn4)c3c2)cn1,19.988692274576334
CSc1ccc2c(c1)nc(SCC(=O)O)n2-c1ccc(C(=O)OC(C)(C)C)cc1,19.98374414285835
COc1cc(-c2nn(-c3ccccc3)c3ncnc(SCC(=O)O)c23)ccc1Cl,19.960805560990917
CSc1ccccc1Oc1c(/C=C2\SC(=O)NC2=O)oc(=O)n1-c1ccc(C)cc1,19.957813889066514
Cc1cc(Sc2ccccc2)cc2c(=O)n(-c3cccnc3)c(SCC(=O)O)nc12,19.945079717426314
CN(C)c1c(-n2nnnc2Sc2ccc(C(=O)O)cc2)ccc(C(F)(F)F)c1Cl,19.94123682138367
O=C(O)Cn1c(=O)sc2ccc(OCc3cn(-c4ccccc4)c(C4CCCC4)n3)cc21,19.940139161721557
COc1ccccc1-c1cc2nc(SCC(=O)O)n(-c3ccccc3F)c(=O)c2s1,19.92284699607485
COc1ccc(-c2c(-c3cccs3)nc3n(Cc4ccc(C(=O)O)cc4)cnn23)cc1,19.916606350902775
Cn1c(SCc2cn(-c3ccccc3Cl)s2)nnc1-c1ccc(C(=O)O)cc1,19.91274720124885
CC(O)c1ccc(-n2nnnc2SCc2ccccc2)c(-c2ccc3c(c2)OCC3)c1,19.904873327769444
COc1ccc2c(c1)n(-c1c(C)oc3ccccc13)c(=O)n2Cc1ccc(C(=O)O)s1,19.896209119302945
O=C(O)c1ccc(-n2c(-c3cscn3)nc3cc(OCc4ccccc4)ccc32)cn1,19.8703359979636
C#CCSc1nc(C(F)(F)F)c(Sc2ccccc2)n1-c1ccc(C(=O)O)cc1,19.869990861117632
Oc1ccc(-c2cccc(-c3nnc(Sc4ccccc4)n3CC3CCCO3)n2)cc1,19.85198025632055
COC(=O)c1c(/C=C2\SC(=O)NC2=O)nc(SC)n1-c1ccc(Cl)c(Cl)c1,19.837178521687612
CCCCNC1=N/C(=C/c2n(-c3ccc(Cl)c(Cl)c3)nc(C(C)(C)C)[n+]2[O-])S1,19.834201473849255
CCn1c(Sc2ccc(Cl)cc2)nnc1-c1ccc(-c2ccc(C(=O)O)cc2)nn1,19.823572702461774
Oc1ccc(-n2nnc(CSc3nncn3-c3ccccc3)c2-c2ccccc2)cc1,19.81832518200303
O=C(O)CSc1nc2ccccc2n1-c1ccc(-c2ccc(C[SH](=O)=O)cc2)cc1,19.813647295073668
COc1ccc(-c2nc(-c3ncc(CN)s3)nn2-c2ccc(Cl)c(Cl)c2)cc1,19.812008050374242
Cn1ccc2cc(-c3c(Sc4cccc(C(=O)O)c4)n(C)n(C4CCC4)c3=O)ccc21,19.801760684768137
CCn1c(C(=O)O)ccc1-c1cc2ncnn2c(SCc2ccc(C(F)(F)F)cc2)n1,19.788412293258496
CSc1nnc(-c2cc3c(c(-c4ccccc4)c2)OCO3)n1Cc1ccc(C(=O)O)cc1,19.744200558300815
O=C(O)Cn1c(=O)oc2ccc(-n3c(SCc4ccccc4)nc4ccccc43)cc21,19.74397608864912
O=C(O)CSc1nc(-c2cccc(SC3CCOC3)c2)nn1CC1CCCCC1,19.74357080765935
COc1cccc(-c2cc(-c3nnc(C(=O)O)s3)n(-c3ccc(Cl)c(Cl)c3)n2)c1,19.74354813104811
Cc1c(Sc2nc(-c3ccc(C(=O)O)cc3)nn2C)ncn1-c1ccc(Cl)cc1F,19.718738425619765
Cn1nc(-c2ccc(O)cc2)c2c(=O)n(-c3ccccn3)c(SCc3ccccc3)nc21,19.70751489580936
Cn1c(-c2cc(C(=O)O)ccn2)c(Sc2ccc(Cl)cc2)n(-c2ccccn2)c1=O,19.699957381807476
Cc1csc(-c2cccc(-n3nnnc3SCc3cccc(C(F)(F)F)c3)c2O)n1,19.674583153428973
COC(=O)C1CSc2c(SCc3ccc(C(=O)O)cc3)nn(-c3ccccc3)c2C1,19.63631314904375
COc1ccc(-c2nn(C3CCCC3)c3ncnc(NCc4ccc5c(c4)OCO5)c23)cc1,19.634437328457125
O=C(O)Cn1cc(-c2nc3cc(OCc4ccccc4)ccc3n2-c2cccs2)cn1,19.63162995187788
Cc1c(SCC(=O)c2cc(C(=O)O)cs2)nnn1-c1ccc(Cl)c(Cl)c1,19.629873229453544
COc1nc(-c2c(Sc3ccc4c(c3)OCO4)c3ccccc3n2C)ccc1C(=O)O,19.611319478587195
COc1ccc(CSc2nc3nnc4ccccc4c3n2-c2ccc(C(=O)O)cc2)cc1,19.609188225543686
Cn1cc(-c2c(-c3ccccc3)nn(-c3ccc(Cl)c(Cl)c3)c2SCC(=O)O)nn1,19.59281380228636
COc1cc(-c2nnc(Sc3ccc(Cl)cc3)n2-c2ccccn2)ccc1C(=O)O,19.557142155413583
COc1cccc(-n2cc(/C=C3\SC(=O)NC3=O)c(-c3ccc4nc(C)sc4c3)n2)c1,19.51589509216236
O=C(O)CSc1c(-c2cccnc2)nc(Sc2ccc(F)cc2)n1-c1ccccc1,19.50923810977603
COc1cc2oc(=O)c(-c3ccc(N4CCOCC4)s3)c(O)c2cc1OC1CCCC1,19.480766036630246
S=c1[nH]nc(SCCn2nnc(-c3ccc(-c4ccccc4)o3)n2)n1-c1ccccc1,19.453126804937114
CSc1ccccc1-c1ccc(-n2c(SCC(=O)O)nc3ccccc3c2=O)cn1,19.442274970097458
COc1cccc(-n2c(SCc3ccccc3)nc3cc(C(=O)O)ccc3c2=O)c1,19.433550906249863
Cn1ccc2cc(-c3nc(C(=O)O)nn3-c3ccc(OCc4ccccc4)cc3)sc21,19.421619248499827
Cn1cnnc1-c1ccc(-c2sc(SCc3ccc(F)cc3F)nc2C(=O)O)cc1,19.42063693895688
Nc1ccc(-c2nc(CSc3nnnn3Cc3ccc(C(F)(F)F)cc3)cs2)cc1,19.40884677465232
O=C(O)c1ccc(-n2nc(SCC(=O)c3ccc(Cl)s3)c3ccccc32)cc1,19.39849775959314
COc1ccc(-c2nnn(Cc3ccc(C(=O)O)cc3)c2-c2cc3c(s2)OCC3)cc1,19.356535413711914
O=c1c(SC2CCCCC2)c(-c2ccc(OCc3ccccc3)cc2)n2ncnc2n1O,19.3521917320376
O=C(O)CCSc1nnn(-c2ccc(Cl)cc2Cl)c1-c1ccc2c(c1)OCO2,19.34438191346362
COc1ccc(-n2c(SC3CCCCC3)nc3c(N4CCCC4)nc(N)nc32)cc1F,19.34404184205401
CCOC(=O)c1ccc(-n2c(Sc3ccc4c(c3)OCO4)nc3ccccc32)cc1O,19.344006583894874
O=C(O)c1ccc(Cn2c(-c3ccc(SCC(F)(F)F)nn3)nc3ccccc32)cc1,19.33757944116791
Cc1cnc(Sc2cc(-c3ccc(Cl)cc3)nn2-c2ccc(C(=O)O)cc2)n1C,19.334923714954293
Cc1nn(-c2ccc(C(=O)O)cc2)c(Sc2ccc(Cl)cc2)c1-c1cnnn1C,19.32457971517815
CCOc1cc(-n2nc(Sc3ccc4c(c3)OCO4)c3ccccc32)ccc1C(=O)O,19.32407142945582
COC(=O)CSc1nc2scc(-c3ccccc3)c2n1-c1ccc(C(=O)O)c(F)c1,19.31267977574364
O=C(O)c1ccc(-n2c(SC3CCOOCC3)nc3cc(OCC4CC4)ccc32)cc1,19.301280992827955
O=C(O)c1ccc(-n2c(SCC(=O)c3ccc(Cl)s3)nc3ccccc32)nc1,19.28473044230227
COc1ccc(-c2ccnc3c2nc(SCC(=O)O)n3-c2ccc3c(c2)CCO3)cc1,19.28433535714146
Cc1nnc(-c2ccc(-n3c(S)nc4ccc(OCc5ccccc5)cc4c3=O)cc2)o1,19.26474077512255
CCn1c(=O)n(C)c2ccc(-n3c(Sc4ccc(C(=O)O)cc4)nc4ccccc43)cc21,19.25760059477906
Cc1ccc(Cn2nc(-c3ncnn3Cc3ccc(C(=O)O)cc3)c3ccccc32)s1,19.250648171907812
O=C(O)c1ccc(-c2ccc(CSc3nnnn3CC3CCCSC3)cc2)cc1,19.25058558525015
CSc1c2ccc(C3CC3)cn2c(=O)n1-c1cccc(Oc2ccc(C(=O)O)cc2)c1,19.241717666842895
COc1cc(Oc2ccc(Cl)cc2)cc2sc(=O)n(-c3ccc(C(=O)O)cc3)c12,19.23346047440615
O=C(O)CSc1nn(-c2ccc(-c3cn(Cc4ccccc4)nn3)cc2)c2c1CCCC2,19.22495237832011
CSc1nn(-c2ccc(C(=O)O)cc2)c2cc(OCc3ccc4c(c3)OCO4)ccc12,19.17814904846649
O=C(O)c1ccc(CSc2nnc(SC3CCC3)n2-c2cccc(Cl)c2)cc1,19.15126714169747
COc1ccc(-c2ccc(Sc3nn(C4CCCCC4)c4c3C(=O)NC4=O)cc2)cc1,19.13382347934972
CSc1nc(-c2cccc(-c3ccc4c(c3)OCO4)c2)nn1Cc1ccc(C(=O)O)cc1,19.1292305814707
O=C(O)c1ccc(-n2nnnc2SC2CCCC2)cc1OCc1ccc(Cl)cc1,19.094089957752466
Cc1c(OCC(=O)O)ccc2nc(SC3CCCCC3)n(-c3ccccc3)c(=O)c12,19.079592049964305
CSc1nc2c(N3CCCCC3)nc(N)nc2n1-c1cccc(Oc2ccccc2)c1,19.078393152565006
Cn1onc1-c1ccc2nc(SCC(F)(F)F)n(Cc3ccc(C(=O)O)cc3)c2c1,19.07284637104536
CSc1ccc(-c2nc3c(SCC(=O)O)ncnc3n2-c2cccc(Cl)c2)cc1,19.063105686684715
CCn1c(CSc2nnnn2-c2ccc(Cl)c(Cl)c2)c(C(=O)O)c2ccccc21,19.058820429184838
CCn1cnc2ccc(-c3sn(-c4ccc(Cl)cc4)c3SCC(=O)O)cc2c1=O,19.04672675081087
C=Cc1c(Oc2ccccc2)nc(Sc2ccc(C(=O)O)cc2)nc1N1CCOCC1,19.045483614673568
Cc1nc(-c2ccc(Oc3cc(C(F)(F)F)nn3-c3cccc(C(=O)O)c3)cc2)n(C)n1,19.03966563360239
C=CSc1nnc(SCC(=O)c2ccc(Cl)cc2)n1-c1ccc(C(=O)O)cc1,19.016739459581235
O=C(O)c1ccc(Sc2nc3c(=O)n(CC4CC4)cnc3n2C2CCCCCC2)cc1,19.013503571573164
CC(C)(C)c1cc(-c2nnc(SCC(=O)O)s2)n(-c2ccc(Cl)c(Cl)c2)n1,18.99844759843688
Cn1nc(-c2ccc(Oc3ccccc3)cc2)c(-c2nnnn2-c2ccc(O)cc2)c1F,18.988586551763564
COc1ccc(-c2nn(-c3ccc(C(=O)O)cc3)c(Sc3cccs3)c2C#N)cc1,18.98342847766629
C[SH](=O)(Cc1ccc(-c2cn(Cc3ccc(C(=O)O)s3)nn2)cc1)c1ccccc1,18.982981111701594
Oc1cc(-n2nnnc2SCc2ccccc2)ccc1-c1ccc(-c2ccccc2)nn1,18.981443482003186
Cn1cc(-n2nc(C(=O)O)c(-c3ccccc3)c2Sc2ccc(Cl)cc2)ccc1=O,18.970113952006646
COc1ccc2c(c1)nc(-c1cnn(Cc3ccc(C(=O)O)cc3)c1)n2C1CCCCC1,18.959551599466153
COc1ccc(-c2cccc3nc(SC)n(-c4ccc(C(=O)O)cc4)c(=O)c23)cc1,18.92670459409148
Cn1ccc2ccc(-n3cc(OCc4ccccc4)c(-c4nc(C(=O)O)cs4)n3)cc21,18.919073650714328
Oc1ccc(-n2c(SCc3cccc(OC(F)(F)F)c3)nnc2-c2ccco2)cc1,18.91297288917799
CSc1ncnc2c(SCc3ccc(Cl)cc3)nn(-c3ccc(C(=O)O)cc3)c12,18.896422857761053
COc1cc2c(o1)c(-c1cncnc1)c(Sc1ccc(Cl)c(Cl)c1)n2CC(=O)O,18.89472315551115
CSc1ccc(-c2nnc(SCc3ccc(C(F)(F)F)cc3)nc2C(=O)O)cn1,18.869569773417805
CS(=O)(=O)c1ccc(Sc2cnn(-c3ccc(C(=O)O)cc3)c2-c2cccs2)cc1,18.824949296244032
CCn1c(-c2nc3cnc(SCC(=O)O)nc3n2-c2ccccc2)cc2ccccc21,18.812987894837057
Cn1oc(-c2ccc(N3CCOCC3)cc2)c1-c1cccc(Oc2ccc(C(=O)O)cc2)c1,18.81240713671763
O=C(O)c1ccc(-c2nc(SCc3ccccc3)n(-c3ccc(Cl)cc3)n2)cn1,18.807500666935166
COC(=O)CSc1nn(-c2ccc(C(=O)O)cc2)c2sc(-c3ccc(F)cc3)cc12,18.781857091290696
Cn1cc(-c2nc3ccc(OCc4ccccc4)cc3n2-c2ccc(C(=O)O)s2)cn1,18.78084251548701
O=C(OCc1ccccc1)c1nc(Sc2ccc3c(c2)OCO3)n(-c2ccccc2)c1O,18.756802014076477
COc1ccc(-n2c(Sc3ccc(Cl)c(C(=O)O)c3)cc3ncn(C)c(=O)c32)cc1,18.742831876781267
COc1ccc2nc(-c3ccc(C(=O)O)cc3)nc(Sc3ccc4c(c3)OCC4)c2c1,18.68761014750508
Cn1cc(-c2nnc(SCc3ccc(Cl)cc3)n2-c2cccc(C(=O)O)c2)cn1,18.650843933593908
O=C(O)c1ccc(Cn2c(SCc3cccc(F)c3)nnc2-c2cccs2)cc1,18.622480149612493
COc1ccc(-n2nc(-c3ccc(C(=O)O)cc3)nc2SCC(F)(F)F)cc1,18.60986383914963
COc1ccc2c(c1)nc(Sc1cccc(-c3ccc4c(c3)OCCO4)c1)n2CC(=O)O,18.559322809888428
CCn1c(=O)n(-c2ccc(C(=O)O)cc2)c2cc(Sc3nc4ccccc4n3C)ccc21,18.551929254564744
CCCn1nnc2c(=O)n(-c3ccc(Cl)c(Cl)c3)c(SC3CCCCC3)nc21,18.549718102225413
COc1ccc(-c2cc(-c3nnc(C(=O)O)s3)n(-c3ccc(Cl)c(Cl)c3)n2)cc1,18.537928528441306
COc1cc(-c2ccnn2-c2ccc(Cl)cc2)ccc1Sc1nc(C)cn1C(=O)O,18.531449637561668
Cn1cc(-c2ccc(-n3nnnc3Sc3ccc(Cl)cc3)c(Cl)c2)cc1C(=O)O,18.531013292692595
O=C(O)c1ccc(Cn2nc(-c3ccccc3)c3c(SCC(F)(F)F)ncnc32)cc1,18.52432896877608
Cc1ccc(Cn2nc(-c3ccc(C(=O)O)cc3)nc2Sc2ccc3c(c2)OCO3)cc1,18.516835131175995
Cc1csc(-c2ccc(-n3c(SCC(=O)O)nc4cc(Cl)ccc4c3=O)cc2)n1,18.512863073908836
O=C(c1ccc(-n2nnnc2Sc2ccc(Cl)cc2)cc1)c1cc(O)ccc1S,18.511683892190906
Cc1nnc(SCc2ccc(F)cc2)n1-c1ccc(-c2csc(C(=O)O)n2)cc1,18.511069275469357
Cn1ccc(CSc2nnc(-c3cccc(C(=O)O)c3)n2-c2ccc(Cl)cc2)n1,18.506492978027246
COC(=O)CSc1nc(-c2ccc(C(=O)O)cc2)cn1-c1ccc(Cl)c(Cl)c1,18.472463947264064
O=C(O)c1cc(N2CCCC2)ccc1-n1nnnc1Sc1ccc(-c2ccccc2)cc1,18.44594961430682
Cc1cc(-n2nnnc2Sc2ccc(Cl)cc2)sc1-c1ccc(C(=O)O)cc1,18.431858519454714
Cc1cc(-n2ccc3cc(CSc4nnnn4-c4ccccc4)ccc32)ccc1C(=O)O,18.424784201966574
Cn1ncc2cc(-c3nnc(SCc4ccc(C(=O)O)cc4)n3-c3ccccc3)ccc21,18.424069804716034
COc1ccc(-n2c(=O)sc3c(NCc4ccc(-c5ccccc5)cc4)ncnc32)nc1,18.423923998108688
COc1ccc(-c2nc3c(SC(C)(C)C)ncnc3n2Cc2ccc(C(=O)O)cc2)cc1,18.386016430935772
COc1ccc2c(c1)n(Sc1ccc(-c3ccc(C(=O)O)cc3)cc1)c(=O)n2C1CC1,18.361498441857396
O=C(O)CSc1nnc(SCc2ccco2)n1-c1ccc(C(F)(F)F)c(F)c1,18.352470990084186
O=C(O)Cc1nc(-c2nccs2)n(-c2ccc(Cl)cc2)c1Sc1ccccc1,18.337445765357497
O=C(O)CSc1nc2cc(OCc3cccc(Cl)c3)ccc2n1-c1ccncc1,18.32167753448728
Cn1ncc2cc(-c3nnc(Sc4ccc(C(=O)O)cc4)n3Cc3ccccc3)ccc21,18.320749825470166
O=C(O)c1ccc(-c2ccc(Cn3nnnc3SCc3ccccc3)s2)cc1,18.314754857496165
Cc1ccccc1-c1ccc(CSc2nnnn2-c2ccc(C(=O)O)c3c2COC3)cc1,18.283550241747545
Cc1c(Sc2ccc(C#N)cc2)n(-c2ccc(Cl)c(Cl)c2)c(=O)n1CCC(=O)O,18.219902223201352
Cc1ncsc1-c1nnc(SCc2ccccc2)n(-c2ccc(O)c(F)c2)c1=O,18.19132851058211
COc1ccc2c(=O)n(-c3ccc(-c4ccc(F)cc4)s3)c(SCC(=O)O)nc2c1,18.182662694390817
Cc1c(Sc2ccc(C#N)cc2)nc(SCC(=O)O)n1-c1ccc(Cl)c(F)c1,18.1486122262225
CN1CCc2cc(-n3nnnc3Sc3ccc(-c4ccc(C(=O)O)cc4)cc3)ccc2C1,18.104730517421363
CCn1c(Sc2ccc3c(c2)OCO3)nnc1-c1ccc(-c2ccc(C(=O)O)cc2)cc1,18.077242044742007
CCOc1cc(-n2nc(Sc3ccc(Cl)cc3)c3c2CCOC3)ccc1C(=O)O,18.068473271041118
COC(=O)c1ccc(-n2c(SCc3ccc(C(C)(C)C)cc3)nnc2C(=O)O)cc1,18.06203917432327
COc1ccc(-c2c(/C=C3\SC(=O)NC3=O)c(SC)nn2C2CCCCC2)cc1,18.022815587682707
CCN1c2ccc(/C=C/C(=O)O)cc2CCC1Sc1nnnn1-c1ccc(Cl)cc1,18.022281267787804
COc1cc(-c2nnc(Sc3ccc(F)cc3)n2C2CCCCC2)ccc1C(=O)O,18.008325181654495
COc1ccc(-c2c(Sc3ccc(C(=O)O)cc3)nnn(C3CCCCC3)c2=O)cc1,17.999368759020836
CC1(C)OCc2c(Sc3ccc(Cl)cc3)nn(-c3ccc(C(=O)O)s3)c2C1=O,17.935009924199914
O=C(O)c1ccc(-n2c(=O)n(-c3cncs3)c3ccc(OCc4ccccc4)cc32)cc1,17.908997534022873
COc1cc(-c2nnc(SC3CC3)n2-c2ccc(Cl)c(Cl)c2)ccc1C(=O)O,17.88543299676724
COC(=O)c1ccc(-n2nnc(-c3ccccc3)c2Sc2ccc(Cl)cc2)cc1O,17.851914396937797
O=C(O)c1cccc(CSc2nnc(-c3ccc4c(c3)OCO4)n2Cc2ccccc2)c1,17.82646671154504
O=c1sc2cc(-c3nnc(SCc4ccccc4)n3Cc3ccccc3)ccc2nc1O,17.79678995470643
Cc1ccc(-n2c(SCC(=O)O)nc3cc(Sc4ccccc4)ccc3c2=O)cc1,17.768596433678375
COc1ccc(Sc2nc3ccc(C(=O)O)cc3c(=O)n2-c2ccc(Cl)cc2)cc1,17.743792327359866
O=C(O)c1cccc(-c2ccc(-n3nnnc3SCc3ccccc3)cc2)c1Cl,17.734902079279312
CC1CCC(n2c(Sc3ccc(C(=O)O)cc3)nnc2-c2ccc3c(c2)OCCO3)C1,17.731608402422275
Cc1nc(-c2ccc(=O)n(C)c2)c(Sc2ccc(C(=O)O)cc2)n1C1CCCCCC1,17.69682023864189
O=C(O)c1ccc(-c2ccc(-n3nnnc3SCc3ccccc3F)cc2F)s1,17.695304830092915
O=C(O)c1cccc(-n2nnnc2SCc2cccc(Cl)c2)c1Sc1ccccc1,17.675959925199226
O=C(O)c1ccc(-n2nnnc2SCc2cccc(-c3ccc(F)cc3)c2)c(Cl)c1,17.675468180784065
O=C(O)c1ccc(Sc2nnc(SCc3ccccc3)n2-c2ccc(Cl)cc2)cc1,17.670755356862422
O=C(O)c1ccc(-c2cccc(-n3nnnc3SCc3ccccc3Cl)c2)cc1,17.6635325331995
Cc1cc(C(=O)O)ccc1-n1cnc2c(SCc3ccc(C(F)(F)F)cc3)ncnc21,17.661978730205192
O=C(O)CSc1nnc(Sc2ccc(Cl)c(Cl)c2)n1Cc1ccccc1,17.609208083610454
COc1ccc(-c2nn(-c3ccc(C(=O)O)cc3)cc2Sc2ccc3c(c2)OCO3)cc1,17.52849685523656
O=C(O)c1ccc(Cn2nc(-c3ccccc3)c3c(SCC4CCC4)ncnc32)cc1,17.501062727812315
Cn1cncc1SCc1nn(-c2ccc(C(=O)O)c(F)c2)nc1-c1ccc(Cl)cc1,17.479746946520958
O=C(O)c1ccc(Sc2nnc(SCC(F)F)n2-c2cccc(Cl)c2)cc1,17.467936125475738
O=C(c1ccc(-n2nnnc2SCc2ccccc2)cc1)c1sc2ccccc2c1O,17.4669325656851
O=C(O)CSc1nc2cc(OCc3ccccc3)ccc2n1-c1ccc2c(c1)OCO2,17.441695993008985
Cn1c(C(=O)O)ccc1-c1ccc(-n2nnnc2SCc2ccc3ccccc3c2)cc1,17.379953765316497
Cc1cc(-c2ccccc2)ccc1-n1c(SCC(=O)O)nnc1-c1ccc2c(c1)OCO2,17.27716664704861
COc1ccc(-n2nnc(N)c2-n2c(Sc3ccc(Cl)cc3)nc3ccccc32)cc1,17.25243739271289
CC(C)(C)OC(=O)CSc1nc(-c2ccc(F)cc2)cn1-c1cccc(C(=O)O)c1,17.232861533246602
O=C(O)c1ccc(-n2nc(CSc3ccccc3)c(-c3ccc4c(c3)OCO4)n2)cc1,17.222333701272966
O=C(O)c1ccnc(Sc2nnc(SCc3ccccc3)n2-c2ccc(Cl)cc2)c1,17.21791984967335
COc1cccc(-n2nnc(-c3ccc(C(=O)O)cc3)c2Sc2ccc(Cl)cc2)c1,17.20428729344996
COC(=O)c1ccc(-n2nnnc2SCc2ccc(C(F)(F)F)cc2)c(Cl)c1O,17.196085527097694
COc1ccc(-n2nc(-c3ccc(F)cc3)cc2Sc2ccc(C(=O)O)s2)cc1,17.153198014104486
COc1ccc(-n2nnc(-c3ccnc(C(=O)O)c3)c2Sc2ccc(Cl)cc2)cc1,17.14762701436054
COC(=O)C1=Cc2c(c(SCc3ccc(C(=O)O)cc3)nn2-c2ccccc2)SC1,17.124270279974052
Oc1nnc(-c2nnn(-c3ccccc3)c2-c2ccc(OCc3ccccc3)cc2)s1,17.0818091129868
COc1ccc(-n2nnnc2SCc2ccc(C(C)(C)C)cc2)c2c1C(=O)CCC2,17.056855358935014
O=C(O)c1sccc1-c1nnc(SCc2ccccc2)n(-c2ccc(F)cc2)c1=O,17.03327646357307
c1ccc(CSc2nnc(Sc3ccc4nn[nH]c4c3)n2-c2ccccc2)cc1,17.010966525344518
COc1ccc(-c2nc3c(ncn3-c3cccs3)n2Cc2ccc(C(=O)O)cc2)cc1,16.98989206684995
COc1cc(C(=O)O)ccc1-c1ccc(-n2nnnc2Sc2ccc(Cl)cc2)cc1,16.93223147395448
COc1ccc(-c2ccc(Sc3nnnn3-c3ccc(Cl)c(Cl)c3)cc2)nc1O,16.930163336181884
CN(C)c1cc(-n2nnnc2Sc2ccc(Cl)cc2)ccc1-c1ccc(C(=O)O)cc1,16.91360313195642
CCSc1nc(Sc2nc3ccccc3c(=O)n2-c2ccccc2)ccc1C(=O)O,16.906048849792654
O=C(O)COc1ccnc(-c2nnc(Sc3ccc(Cl)cc3)n2C2CCCCC2)c1,16.87652324045358
COc1cccc2c1nc(Sc1ccc3c(c1)OCO3)n2Cc1ccc(C(=O)O)cc1,16.768269913228707
Cc1nc(CSc2nnc(-c3ccsc3)n2-c2ccc(Cl)cc2)ccc1C(=O)O,16.746681428355824
O=C(O)c1ccc(Sc2nnc(SCc3ccccc3)n2-c2cccc(F)c2)nc1,16.74192495526795
Cc1cc(-n2c(SCC(=O)O)nc3c(Sc4ccccc4)cccc3c2=O)ccn1,16.68710003622031
Cc1c(C(=O)O)ccc(-n2sc3c(SCC(=O)c4ccccc4)ncnc32)c1Cl,16.67680304658271
CC(C)(C)c1cc(Oc2cccc(CN3CCCCC3)c2)n(-c2cc(C(=O)O)ccn2)n1,16.658643040126307
O=C(O)CSc1c(-c2cccnc2)[n+]([O-])c(SC2CCCCC2)n1-c1ccccc1,16.654439041128747
O=C(O)c1ccc(-n2nnnc2SCc2ccc(Cl)cc2)c(Oc2ccccc2)c1,16.59055867738448
O=C(O)c1cc(-c2ccc(Cl)c(-n3nnnc3SCc3ccccc3)c2)cs1,16.572081604023868
CN(C)c1ncnc2c1nc(Sc1ccc(Cl)cc1F)n2-c1ccc(C(=O)O)cc1,16.56076320059892
Cc1ccc(Sc2ccc3c(=O)n(-c4ccccc4)c(SCC(=O)O)nc3n2)cc1,16.54950805322077
O=C(O)c1ccc(CSc2nnnn2-c2ccc(-c3ccc4c(c3)CCC4)cc2)cc1,16.463524288045072
CSc1nnc(SCc2ccc(C(=O)O)cc2)n1-c1cccc(C(F)(F)F)c1,16.457653244033086
O=Cc1cccc(Sc2nnc(SCC(=O)O)n2-c2ccc(Cl)c(Cl)c2)c1,16.426871636121664
O=C(O)c1ccc(-c2cccc(CSc3nnnn3-c3cccc4c3CCC4)c2)cc1,16.394797917297275
COc1ccc(-n2nc(C(=O)O)cc2Sc2ccc3c(c2)OCO3)cc1,16.388948283764602
CNc1ccc(-c2cc(Sc3nnnn3-c3ccc(Cl)c(Cl)c3)nc(C)n2)cc1,16.36427369909138
Cc1nc(-c2ccc(-n3nnnc3SCc3ccc(C(F)(F)F)cc3)cc2)oc1O,16.343693428023986
COc1ccc(-n2nnc(-c3ccc(C(=O)O)nc3)c2Sc2ccc(Cl)cc2)cc1,16.277146224050547
O=C(O)c1ccc(-c2ccc(-n3nnnc3SCc3ccc(F)cc3)cc2)s1,16.274926122422453
N#Cc1ccc(-n2nc(Sc3ccc(Cl)c(Cl)c3)nc2SCC(=O)O)cc1,16.267310315920824
Cn1c(-c2ccc(-n3nnnc3SCc3ccccc3)cc2)c(C(=O)O)c2ccccc21,16.257403860880316
O=C(O)c1ccc(-n2nnnc2SCc2ccc(-c3ccccc3)cc2)c2cccn12,16.182319186319802
COc1ccc2c(c1)nc(Sc1ccc3c(c1)OCO3)n2Cc1ccc(C(=O)O)cc1,16.089295683445044
Cn1ccc2c(-n3nnnc3SCc3ccc(-c4ccc(C(=O)O)cc4)cc3)cccc21,16.08543471369337
CC(C)(C)Sc1cc(C(=O)O)ccc1-n1nnnc1SCc1ccccc1Cl,16.02276907366215
COc1ccc(-n2c(Sc3ccccc3)nc3c(NC4CCCCC4=O)ncnc32)cc1,16.008827690425875
CN(C)c1cc(-c2ccc(-n3nnnc3Sc3ccc(Cl)cc3)cc2)ccc1C(=O)O,15.95807207867655
CC(C)(C)OC(=O)CSc1nc(-c2ccc(F)cc2)cn1-c1ccc(C(=O)O)s1,15.908270241601684
COc1c(SC2CCCCC2)n(-c2ccccc2)c(=O)n1-c1ccc(C(=O)O)cc1,15.881193032716274
Cc1cc(-n2sc3c(SCC(=O)c4ccc(Cl)cc4)ncnc32)ccc1C(=O)O,15.844713038973513
O=C(O)c1cccc(-c2ccc(CSc3nnnn3-c3cccc4c3CCC4)cc2)c1,15.593519534698242
c1ccc(-c2ccc(CSc3nnnn3-c3ccc(-c4nnn[nH]4)cc3)cc2)cc1,15.497831924395607
O=C(O)Cn1c(-c2ccc(-n3nnnc3SCc3ccccc3)cc2)cc2ccccc21,15.474212636181342
COc1cc(-c2nnn(-c3ccncc3)c2Sc2ccc(Cl)cc2)ccc1C(=O)O,15.454772497707678
O=C(O)c1ccc(-n2nnnc2SCc2ccc(-c3ccc(Cl)cc3)cc2)cc1,15.450850786727484
N#Cc1c(Sc2ccc(Cl)cc2)nc(SCC(=O)O)n1-c1ccc(Cl)cc1,15.396780949060204
O=C(O)Cn1ccc2ccc(-n3nnnc3SCc3ccc(-c4ccccc4)cc3)cc21,15.299380249468419
CSc1ncnc2c1nc(Sc1ccc(F)cc1)n2Cc1ccc(C(=O)O)cc1,15.284134561124862
O=C(O)c1cccc(-n2nnnc2SCc2ccc(-c3ccccc3)cc2)c1Cl,15.246105992744898
O=C(O)c1ccc(-n2nnnc2SCc2ccccc2Cl)c(Sc2ccccc2)c1,15.242238131906367
Cc1ccc(-n2nc(SC3CCCCC3)n(Cc3ccc(C(=O)O)cc3)c2=O)cc1,15.208429389600914
COc1ccc(-c2nnn(-c3ccc(C(=O)O)cc3)c2Sc2ccc(Cl)cc2)cc1,15.163558100055711
COc1ccc(-c2nnn(-c3ccc(Cl)cc3)c2Sc2ccc(C(=O)O)cc2)cc1,15.12604295225896
O=C(O)c1ccc(-n2nnnc2SCc2ccc(-c3ccc(F)cc3)cc2)c(Cl)c1,15.00394379000181
O=C(O)CCCn1nc(SC2CCCCC2)n(-c2ccc(Cl)c(Cl)c2)c1=O,14.993591962916025
O=C(O)CSc1nnc(Sc2ccc(Cl)c(C(F)(F)F)n2)n1-c1ccccc1,14.95256227939714
O=C(O)c1ccc(-c2ccc(-n3nnnc3SCc3ccccc3)c(Cl)c2)cc1,14.932454508554054
COc1ccc(-n2c(SC3CCCCC3)cn(-c3ccc(C(=O)O)cc3)c2=O)cc1,14.820187890729816
O=C(O)c1ccc(-n2nnnc2SCc2ccc(-c3ccccc3)cc2)c2c1CCC2,14.762050992403513
O=C(O)c1ccc(-n2nnnc2SCc2ccc(F)cc2)c(Sc2ccccc2)c1,14.721590001580543
COc1cc(-c2nnn(-c3ccccn3)c2Sc2ccc(Cl)cc2)ccc1C(=O)O,14.603967405121542
O=C(O)c1ccc(CSc2nnnn2-c2cc(F)ccc2Sc2ccccc2)cc1,14.402851046909145
O=C(O)c1ccc(-c2ccc(CSc3nnnn3-c3ccccc3Cl)cc2)cc1,14.313473581880892
O=C(O)CSc1nnc(S(=O)c2ccc(-c3ccccc3)cc2)n1-c1ccccc1,14.23790057102046
O=C(O)c1ccc(-n2nnnc2SCc2ccc(-c3ccccc3)cc2)c(Cl)c1,14.221882370000124
O=C(O)c1ccc(-c2ccc(CSc3nnnn3-c3ccc4c(c3)CCC4)cc2)cc1,13.738021286160967
O=C(O)c1ccc(CSc2nnnn2-c2ccc(Sc3ccc(F)cc3)cc2)cc1,13.644756115280952
O=C(O)c1ccc(CSc2nnnn2-c2ccccc2Sc2ccc(F)cc2)cc1,13.467662386370572
