SMILES,log-likelihoodog
Cn1nnc2ccc(Cn3c(-c4ccccc4)nc4ccc(C(O)c5ccccc5)cc43)cc21,31.298174290804422
CCCc1ccc2sc(-c3ccc4ncn(Cc5nnc(C)s5)c(=O)c4c3)cc2c1,31.201992564008695
COc1ccc(-c2cnc(-c3ccc4c(c3)O[C@H]3CCN(C)[C@@H]3CO4)c(C(=O)O)c2)cc1,30.234901456620484
COc1ccc2c(n1)CC(CSCc1ccc(C(=O)O)s1)=C2C(=O)OC(C)(C)C,29.937172644830614
Cn1c(Sc2ccc(N)nc2-c2ccc(OCC(C)(C)C)nc2)cnc1N1CCCC1,29.38406428953391
COc1ccc(-c2nc(SCC(=O)O)cc(-c3ccccc3)n2)c2c1OC1(CCO1)CC2,28.978278765365754
CCC1Cc2c(csc2-c2cc(C#N)n(-c3ccc(OC)cc3)n2)C(c2cccnn2)N1,28.65712295968222
CNc1ncnc(-c2nc(-c3ccc(OC)cc3)cn2-c2cccc3ccccc23)n1,28.60281561914948
COc1ccc(-c2cccc(C(=O)Oc3c(S)nc4cc(Cl)ccn4c3=O)n2)cc1,28.473985493895494
Cn1c(N2CCC[C@H](CC(=O)O)C2=O)nc(C2CC2)c1-c1cccc(-c2ccsc2)c1,28.28205983261063
COc1c(C)cc(-c2ccc(NC3CCC(=NOC(C)(C)C)C3)c3ncnn23)cc1Cl,28.268163929719808
Cc1ccc(-c2nc3c(C)cc(-c4nc(CN5CCC(O)CC5)cs4)cc3o2)s1,28.23526038957323
COc1cccc(-c2ccc(-c3c(-c4nc5c(s4)CN(C)CC(N)=N5)noc3C)cc2)c1,27.961889619825882
CC(C#N)=C1CCN(CCOc2cccc(-c3nc4cc(Cl)ccc4nc3O)c2)CC1,27.881975215929188
O=C1NCCn2nc(-c3cccs3)cc2[C@@H]1CCCCn1cnc(-c2ccccc2)n1,27.80720079271557
CNc1csc(/C=C/c2nc3cc(-c4ccnn4C)ccc3nc2-c2ccccc2)n1,27.688307875014363
COc1ccc(-c2nnc(NC(=O)n3ccc4c3CCC4)nc2C)cc1OC(F)(F)F,27.682959483323188
Cc1nc(N2CCCC2)ccc1Oc1ccc(-c2ccc3c(C4CC4)c(O)nn3n2)cc1,27.638206942182386
CCOc1ccc(-c2ccn(-c3c(C(F)(F)F)nc4c(F)cccn34)n2)cc1C(=O)O,27.32203977731341
Cc1nc(COc2ccc3c(c2)C(=O)C(O)C3)c(-c2ccc(Cn3ccnc3)cc2)s1,27.220137744465294
Cc1ncc(-c2cnc3sc4c(c3c2)-c2cc(OC(C)(C)C(=O)O)ccc2OC4)n1C,26.729231185081655
Cc1csc(-c2cc(-c3cnn(CCC4CCCC(=O)CC4)c3)sc2C(=O)O)n1,26.700979061604606
O=C(O)CCOc1ncccc1-c1csc([C@]2(C(F)(F)F)C[C@H]3C[C@@H]2CS3)n1,26.688324145031793
O=C(O)CCCN1CC[C@H]2c3sc4ncc(-c5ccc(-n6nccn6)cc5)cc4c3[C@@H]2C1,26.64220225313969
COc1cccc(-c2nc(-c3cc4c(s3)CC(C(=O)O)N4C)nn2-c2ccccc2)c1,26.36731359072321
CC(C)(C)Oc1cccc(-c2nn3c(=O)n(CCCCC(=O)O)c4cccc-4c3s2)c1,26.323908743172606
COc1cccc(NCC2=NOC3(CCN(c4nc(-c5ccccc5F)co4)CC3)C2)n1,26.18719090194831
CCOc1ccc(-c2ncnc3c2c2c(n3C3CCCC3)C(=O)NC2)cc1OC(C)(C)C,26.105956247880926
COc1ccc(-c2csc(-c3cc(-c4ccc5c(n4)CC(C(=O)O)C5)n(C)n3)n2)cc1,25.921240248806942
CSc1nnn(C(=O)O)c1Cc1cc(-c2ccc(-c3cnccn3)cc2)cc2c1CCC2,25.893566227578944
CSc1nc(-c2cc(-c3ccccc3)cc3ncc(=N)oc23)nn1CCN1CCCCC1,25.87315042847902
Cc1nc(SCC(=O)O)cnc1-c1ccc(-c2ncn(C)c2C#CC2CCCC2)cc1,25.66593628339095
CC(C)(C)c1ncccc1-c1ccc(C2=Nn3c4nc(c3C=CC(OCCO)=C2)S4)cc1,25.6251233727356
COc1cccc(-c2cncc(-c3nc4c(s3)c(NC3CCCC3)nc(=O)n4C)c2)c1,25.592634214673197
COc1ccc(-c2ccc3ncn(Cc4ccc(-c5csnn5)c(C(=O)O)c4)c3c2)cc1,25.569697652262985
O=C(O)CCCOc1ccc2c(c1)c1c(n2Cc2nccs2)-c2ccccc2OC1,25.55026013156532
CCn1nc(-c2cccc(-c3cc4sccc4o3)c2)n(Cc2ccc(C(=O)O)cc2)c1=O,25.541256135974947
CCSc1nn(-c2ccc(C(=O)O)nc2)c2cnc(-c3ccc(N4CCCC4)cc3)cc12,25.533017118593108
CC(C)Oc1ccc(-c2cc3n(n2)Sc2ccc(Nc4ncccn4)cc2CC3)cc1,25.4813751559226
O=C(O)Cc1ccc2sc(-c3cc(-c4cccnc4)n(CCN4CCCC4)n3)nc2c1,25.475147115049545
CN(C)c1ncnc(N/N=c2/c3ccccc3oc3ccc(-c4ccccc4F)cc23)n1,25.400768437063288
N#Cc1c(-c2csc(N3CCCC3)n2)cc(-c2ccccc2)nc1NCCc1ccncn1,25.398839345064324
Cc1c(-c2cccs2)nc(-c2ccc(OC(F)(F)F)cc2)n1C1CCN(CC(=O)O)N1,25.387699272961378
COc1ccc(-c2nc3n(n2)-c2cc(NC4CCCCC4)ccc2C(SC)C=C3)cc1,25.32762439121691
Cc1ccc(-c2nc(N3CCC(Cc4ccccc4)CC3)nc3sc(O)nc23)cc1C,25.27745599336332
Oc1cc(-c2ccc3ncn(CCn4ccnc4)c3c2)ccc1-c1nc(-c2ccccc2)no1,25.264617943011963
Cc1c(-c2nc(-c3cccc(OC(=O)NC4CC4)c3)ns2)sc2c1CCN(C)C2=O,25.259132693316193
CC(=O)OC1CCN(c2ncnc3c2nc(C)n3-c2ccc(-c3ccc(O)cc3)cc2)CC1,25.24938659705906
COc1ccc(-c2c(SCc3cccn3C(=O)O)nc3n2OCc2ccccc2-3)cc1,25.235806390118537
Cc1cc(N2CCN(c3cccc(OC(C)(C)C)n3)CC2)nc(-c2ccccc2)c1C(=O)O,25.216029069926915
CC(C)(C)Oc1ccc(-c2ccc(-c3nc4n(n3)CCCS4)c(OCC(=O)O)c2)cc1,25.21158954922419
COc1ccc2c(n1)oc1c(-c3ccn(-c4ccc(O)cc4)n3)cc(-c3ccccc3)nc12,25.20639733769266
[C-]#[N+]c1cccc(-c2c(C)oc3ncnc(NCCN4CCN(c5ccccc5)CC4)c23)n1,25.202691575550233
COc1ccc(C(=O)Nc2cc(-c3ccc(-c4ccon4)cc3)nc(N3CCCC3)n2)s1,25.177740029781067
COc1ccc(-c2nc(C(=O)O)c(-c3ccc(C)cc3)n2C(C)(C)C)cc1N1CCOCC1,25.129841132031178
CC(C)(C)OC(=O)n1c(SCCn2nnc(-c3ccccc3)c2C#N)cc2ccccc21,25.0633392520816
Cc1ccc2cc(-c3ccc(-c4cn(CC5CCN(CC(=O)O)CC5)nn4)s3)cnc2c1,25.05116390071096
Cc1csc(-c2ccc(-c3nc4ccoc4n3CC3CCN(CC(=O)O)CC3)cc2)n1,25.033195705200256
COc1cccc(-c2ccc3c(n2)-c2sc(CCn4cnc5c(N)ncnc54)cc2CC3)c1,25.031665218341455
CCOc1ccc(-c2ncn(-c3cc(O)n4ncnc4c3)c2-c2cccc(Cl)c2)cc1,25.02987693822516
Cc1ccc(-c2nc3c(NCC4CCCN(C#N)C4)nsn3c2-c2ccccc2)cc1,24.97354716946052
O=C(COc1cc(-c2csc(-c3ccco3)n2)ccc1F)Nc1cnc2ccccn12,24.959751815263548
COc1ccc(-c2cc(-c3nnc(N4CCCC4)s3)oc2C(F)(F)F)cc1C(=O)O,24.951691960929157
COc1ccc(-c2nc(-c3ccc(C(=O)O)cc3)sc2C=C2CCC3(COC3)C2)cc1,24.947890965024108
COc1ccc(-c2cc(CSc3nnc4ccc(Cl)cn34)cc(C(=O)O)c2)cc1,24.944232902243463
Cc1csc(-c2c(-c3ccc(OCc4ccccc4)cc3)nn3c(N)cc(F)nc23)n1,24.941673461031225
COc1ccc(-c2cc(-c3nccc(C(C)=O)n3)c3n2OC[C@H](c2cccs2)N3)cc1,24.939167018033643
Cn1c(-c2ccc(OCc3ccc(F)cc3)cc2)c(-c2nccs2)c2c(N)ncnc21,24.794460728671112
Cn1cc(-c2cc(Oc3ccccc3)ccc2C(=O)O)nc1/C=C\c1ccc2c(c1)OCO2,24.78334703738066
O=C(O)CC1Cc2c(Cn3nc(-c4cccs4)nc3-c3ccc(F)cc3)cccc2O1,24.781681263151945
COc1ccc(-c2cc(N3CCOCC3)nc(Oc3ccc(C(=O)O)cc3)c2C2CC2)cc1,24.72424150582408
O=C(O)c1ccc2sc(Cn3cnc4ccc(OCCN5CCCCC5)cc43)nc2c1,24.69966541576062
CCn1nc(-c2cccc(-c3snc(NC)c3C#N)c2)cc(N2CCCCC2)c1=O,24.652777713105728
FC(F)(F)c1ccc2oc(CCNc3ncnc4c3cnn4CC3CCCCC3)nc2c1,24.62278974556837
COc1ccc(CNc2nsc(-c3ncccc3-c3ccc(F)cc3)n2)c2c1OCC2,24.605678640276498
Cc1ccc(COc2nc(-c3ccc4c(c3)CCn3nc(C)cc3-4)sc2C(=O)O)cc1,24.58388651784595
COC(=O)c1nc2c(NC3CCCCC(F)(F)C3)nc(-c3cccc(OC)c3)nc2s1,24.561002073819925
COc1ccc(-c2nc(-c3cncc(O)c3)c3ccc(CN4CCCCCC4)nn23)cc1,24.46015165079595
COc1ccc(-c2ccnc3c2CSc2cc(CCn4cnc(C(=O)O)n4)ccc2-3)cc1,24.451648300346243
CC1(C)CC(CC(=O)O)CCN1c1ccc(-c2nc(-c3ccc4c(c3)OCCO4)no2)cc1,24.445619812261405
CNC(=O)n1cnc2sc3c(-c4ccccc4)nc(-c4ccc(OC(C)C)cc4)nc3c21,24.42357677251094
Cn1ccnc1SCc1cc(-c2cnn[nH]2)cc(-c2nc(-c3ccccc3)ns2)c1,24.366657133063978
CC(C)(C)N1CCC(CCCc2nnc3nc(-c4ccc(C(=O)O)cc4)sc3n2)CC1,24.361428519380183
Cn1nc(SCc2ccccc2)nc1-c1ccc(-c2nc3c(s2)CCC3O)cc1C#N,24.346153072901863
Cn1cnc(-c2cc(C3CCC3)nn2-c2ccc(Oc3ccc(C(=O)O)cc3)c(F)c2)c1,24.327819630835126
[CH]1[C@H](COc2ccc(-c3ccsc3)cc2)CCCN1c1noc(-c2ccccc2)n1,24.326079357801625
Cc1nccc(/C=N/Nc2cc(-c3cccc(OC(=O)N4CCCC(C)C4)c3)cs2)n1,24.323579280159457
CCn1nc(-c2ccc3cc(C(=O)OC)ccc3c2)c2c(N3CCCCC3)nc(NC)nc21,24.306417337696065
C[C@@H]1Cc2cc(OCc3nccs3)ccc2N1c1nc(C(=O)O)c(-c2ccccc2)o1,24.30232281924487
O=C(NC1CCCCC1)Oc1ccc2nnc(-c3ccc(CCN4CCCC4)nc3)nc2c1,24.290727542357107
O=C(O)C1(c2ccc(CSc3nc(C4=CC=CS4=O)nn3-c3ccccc3)cc2)CC1,24.280239898937417
O=C(O)c1sc(-c2ncn(CCc3ccccc3)n2)nc1-c1ccc(OC(F)(F)F)cc1,24.244243987781502
Cn1c(-c2cccc(-c3ccc(-c4cccnc4)cc3)c2)nc2sc(CC(=O)O)nc21,24.23422763662868
O=C(O)c1nc(OCc2ccccc2C(F)(F)F)nc(-c2ccc(CC3CC3)s2)n1,24.17992179643817
CSc1ccc(Cn2nc(-c3ccc(OC(=O)C(=O)O)cc3)nc2-c2ccccc2)cc1,24.16780000461758
CCn1c(Oc2ccc(-c3nc(O)c4ccccc4n3)s2)c(-c2ccccc2)n(C)c1=O,24.14905748350424
CSc1nnc(-c2ccc(OCC(C)(C)C)nc2)c(-c2ccc3c(c2)CCC(O)C3)n1,24.141423686959097
COc1ccccc1COc1ccc(-c2cc3c(ncn3C3=NCCS3)c(N)n2)cc1,24.140169993193854
Cn1cnc2c(c(-c3cccc(O)c3)nn2Cc2ccc(Oc3ccccc3)cc2)c1=O,24.111337457313557
Cc1nc(-c2nnc(-c3ccc(CN4CCCCC4)c(C)c3F)s2)sc1C(=O)O,24.103742337905167
COc1ccc(-c2csc(-c3cnc(CN4CCC(C(C)(C)C)O4)c(C(=O)O)c3)n2)cc1,24.08485853434204
CCOc1ncnc2sc3c(c(-c4ccc(F)cc4)c(C)n3-c3ccc(O)cc3)c12,24.081671788623776
CC1(N)Oc2cc(-c3nnc(SCC(=O)c4ccc(C(F)(F)F)cc4)s3)ccc21,24.078517158241183
COC(=O)c1cn2c(NN=C3CCCC3)nc(-c3ccnc(-c4ccccc4)c3)c2s1,24.044433039885902
CCN1C(=O)N(CCC2CCCCC2)c2c(-c3cccs3)sc3nc(N)nc1c23,24.02102208603107
COc1ccc(-c2cc3n(n2)-c2ncnc(c2-c2ccc(F)cc2C)S3)cc1C(=O)O,23.987245916499894
c1ccc(Cn2nc(-c3ccccc3)c3ncnc(NCc4cnc(C5CC5)cn4)c32)cc1,23.951956126151885
CNc1cc(-n2nc(Oc3ccccc3)c(-c3ccc(Cl)cc3)n2)nc2c1ncn2C,23.946255202868887
N#Cc1c(OCc2ccc3c(c2)OCO3)cccc1-c1ccsc1SCC(=O)O,23.929293303159042
Cc1cncc(-c2cc(-c3csnn3)ccc2Oc2cccc(N3CCC(O)CC3)c2)n1,23.8951606444824
O=C(O)c1cc(-c2cccn2-c2cc(N3CCCC3)ncn2)ccc1OCc1ccccc1,23.843575497228514
Cc1csc(-c2nc(-c3ccc(CN4CCC(C(=O)O)CC4C)o3)c3ccccn23)n1,23.832057062085426
Cc1nc(-c2ccc(O)cc2)sc1-c1ccc(CN2CCC(n3cncn3)CC2)cc1,23.82040577349504
O=C(O)C1CCN(c2nc(-c3ccc(OC(F)F)nc3Oc3ccccc3)cs2)C1,23.810906075205818
CCCc1cn2nc(-c3ccc(-c4ccc(Cn5ncn(C)c5=N)cc4)cc3)nc2s1,23.802963171062995
Cc1ccc(-c2nc(-c3ccc(OCC(=O)O)cc3)c3c(N4CCCC4)ncnn23)cc1,23.754845948174793
COc1cc2c(cc1OCc1ccc(-c3ccco3)nn1)ncn2C(=S)Nc1ccccc1,23.752945986609195
COc1ccc(-c2cnc3ncn(C4CCN(C(C)(C)C)CCC4=N)c3c2)cc1OC,23.73315160305794
c1ccc(-c2nc3c(NCCc4ccc(-c5ccc6c(n5)CO6)cc4)ncnc3s2)nc1,23.721467635734736
Oc1ncccc1Oc1ccc(COc2ccc(-c3nc4cccnn4n3)cc2)cc1Cl,23.714543409980568
COc1cccc2c1C(=O)c1cc(-c3csc(CN4CCC(C(=O)O)CC4)n3)ccc1-2,23.700267262286086
CNC(=O)Oc1ccc2sc3nnc(-c4cccc(-c5ccc(OC)c(C)c5)c4)n3c2c1,23.654511357029456
CCOc1cccc(-c2cn(-c3ccc(C(=O)O)cc3)c(-c3ccc4c(c3)OCCO4)n2)c1,23.642140104703632
O=C(O)c1ccc(-c2nnc(CC3(c4ccccc4)CCCC3)n2-c2nccs2)cc1,23.620110862038217
CCOc1ccc(-c2nc(N3CCC(Oc4ccccc4)CC3)nc3scnc23)cc1,23.615826041218714
Cc1c(/C=C/C(=O)O)sn1C1CCN(c2nccc(Oc3ccc(Cl)cc3)n2)CC1,23.5996578505035
CC(Oc1ccc(-c2nc(O)c3ncsc3n2)cc1C(F)(F)F)C(=O)OC(C)(C)C,23.593956005377777
CCOC(=O)Oc1ccc(-c2ccc(/C=N/Nc3c4c(nc5c3OCO5)CCC4)cc2)cc1,23.584894756675084
O=C(O)COc1ccncc1-c1cccc(-c2nc(N3CCCCC3)c3ccsc3n2)c1,23.584108872700167
CC(C)(C)Oc1ccc(F)cc1-c1csc(NCc2ccc(Cn3cnnn3)cc2)n1,23.574688109706045
COc1ccc(-n2c(-c3cccc(N4CCc5cccnc5C4)c3)nc(C)c2C(=O)O)cc1,23.561598678023646
COc1ccc(Nc2cc(N3CCc4ccccc4C3)nc(-c3ccc(OC)nn3)n2)cc1,23.550810721444144
CCOc1ccc2nc(-c3cc(-c4ccnc(N5CC(O)C5)c4)sc3C#N)sc2c1,23.546795911484583
O=C(O)CC1CCCN1Cc1cn2nc(-c3ccc(Oc4ccccc4)nc3)cc2s1,23.45805051301722
COc1ccc(-c2cccc(-c3ncnc4c3cc(C(=O)O)n4CC3=NCCS3)c2)cc1,23.42955326862045
COc1ccc(-c2nc(-c3cc(F)cc(Cl)c3)c3c(SC)ncnn23)cc1C(=O)O,23.417547279720008
Cn1cnc(Cc2ccc(-c3ccc(F)nc3)cc2)c1Sc1ncc(C(=O)O)s1,23.415005919292394
COc1ccc(-c2ccc(-c3cn4c(cnc5sccc54)n3)cc2)cc1OCC(=O)O,23.406802372225012
CC(O)c1nnc(COc2ccc3c(c2)-n2nc(-c4ccc(Cl)cc4)cc2CO3)s1,23.397544130304748
Cc1ccc(-c2c(N)ncnc2N2CCC(CC(=O)c3ccc4c(c3)OCO4)CC2)cc1,23.394067896211315
Oc1ccc(-n2nnnc2Oc2ccc(C3CCN(CC4=CCCCC4)CC3)cc2)cc1,23.390672191153925
COc1ccc(CNc2nc(N3CCOCC3)nc3ccc(-c4ccoc4)cc23)cc1C#N,23.37706718006371
CCc1cn2c(-c3ccccc3)c(-c3ccccc3)c(/C=N/N3CCC(C(=O)O)=N3)c2s1,23.372195047195163
COc1ccc2c(c1)COc1c(-c3noc(CNCc4ccc(Cl)cc4)n3)nsc1-2,23.369636069955828
CC(C)(C)c1cccc(-c2cc(N3CCC(CCc4nncs4)CC3)nc(N)n2)c1,23.36619942376997
Cn1c(SCc2cn(-c3ccc(C(=O)O)cc3)nn2)c(-c2ccc(F)cc2)ccc1=O,23.35605241965592
O=C(O)C1CCN(CCn2nnc3cc(Oc4ccc(-c5ccccc5)nc4)ccc32)CC1,23.317118727161652
O=C(O)c1ccc(-c2ccccc2)cc1Oc1ncnc2sc(CN3CCOCC3)cc12,23.30564842002595
Nc1nc(-c2ccc3c(c2)OC(CCN2CCC2)c2ccccc2-3)nc(-c2cccs2)n1,23.301229734046963
Cc1ccc(-c2nc(O)n(-c3cccc(Oc4ccc(OC(F)(F)F)cc4)c3)n2)cn1,23.279624256908452
Cc1nn(C)c(Cl)c1Cn1nc(-c2cccc(OC(=O)NC3CCCCC3)c2)s1,23.270157754497543
CC(C)(C)c1ccccc1OCCNc1nc(-n2cccc2)nc2c1nnn2C1CCCC1,23.26751399816722
COc1ccc(-c2cc(SCc3ccc4c(c3)OCC4)nc3cc(C(=O)O)nn23)cc1,23.266802861273572
CC(C)Oc1ccc(-c2nc(-c3ccccc3)nc(N3CCc4sc(O)nc4C3)n2)cc1,23.21341898274232
Nc1ccc(-n2cc(-c3snc(OCc4ccccc4)c3Oc3ccccc3)nn2)cc1,23.210317742962786
COc1ccc(-c2ccc(N3CCC(n4sc5ccccc5c4=O)C3)nc2C(=O)O)cc1,23.20480896629877
O=C(O)CSc1nc(-c2cccc(C3CCC(=O)S3)c2)nn1Cc1ccc(F)cc1,23.192483421115007
Cn1nc(N2CCCCC2)nc1-c1ccc(Oc2cnc(NCC(F)(F)F)cc2C#N)cc1,23.135468899487485
CC(C)Oc1ccc(-c2c(-c3ccncc3)nc3c4c(sn23)CN(C(=O)O)CC4)cc1,23.128341450760225
COc1ccc(-c2nc(-c3ccc(CC(=O)O)cc3)c3sccn23)cc1OC(F)(F)F,23.108092646040685
COc1ccc(-c2noc(-c3ccc(N4CCC(n5cnc(N)c5F)CC4)cc3)n2)cc1,23.106781036853146
COc1ccc(-c2nc(-c3ccccc3OC(=O)N3CCC(C(=O)O)CC3)cs2)cc1,23.0979135611045
CCOC(=O)Nc1nc(-c2ccc3ccn(C)c3c2)nc(N2CCc3ccccc3C2)n1,23.094736858269226
C(=C/c1nc(-c2ccccc2)nn1-c1ccccc1)\c1ccc(OCc2nncs2)cc1,23.091005224183053
O=C(/C=C/c1ccc2c(c1)OCO2)CSc1nc(-c2ccccc2)cn1-c1ccncc1,23.090430817867155
Cc1nc(-c2ccccc2-c2cc(N3CCCC3)nc(NC3CCCCC3)n2)nn1C,23.085710524302637
COc1cc(-c2nc(CNc3ccccc3-c3ccc4c(c3)OCCO4)cs2)ccn1,23.083749631387423
COc1ccc(-c2ncnc3sc4nc(N5CCCCCC5)cc(O)c4c23)cc1OC,23.073373047256062
CCNc1nc(-c2ccc(OC(F)(F)F)cc2)nc(-c2ccc3c(c2)OCCO3)n1,23.071901250242085
Cc1ccnn1-c1sc(-c2nc(-c3ccccc3)n(CC(=O)O)n2)cc1-c1ccccc1,23.055610865708708
O=C(O)CSc1cn(CC2CCC2)c2c(-c3ccccc3)nn(-c3ccccc3)c(=O)c12,23.035617073962257
COc1ccc(-c2c(-c3ccc(-c4ccc(C(=O)O)cc4)s3)nn3nc(C)ccc23)cc1,23.03512593404994
O=C1CC(c2cccc(-c3nc(SCc4ccccc4)n(-c4ccccc4)n3)n2)CO1,23.02971788589115
Cc1nc(NC2CCCC2)c(F)c(Oc2ccc(-n3nnc(-c4ccccc4)n3)cc2)n1,23.02870390889095
O=C(O)c1cccc(-c2ccc3ncn(CCC4CCN(Cc5cscn5)CC4)c3c2)c1,23.023021876977587
CSc1nnccc1-c1nc(-c2cccc(OC(=O)NCC3CCCCC3)c2)ns1,23.011992589885526
COc1ccc(-c2nc(N3CCC[C@@H](n4nc(N)sc4=O)C3)ccc2-c2ccccc2)cc1,22.985825258358865
COc1ccc(-c2cc(-c3cc4ncn(CC5CCCCC5)n4n3)sc2C(=O)O)cc1,22.97482529569553
Nc1csc(N2CCC(CCc3nnc(-c4ccccc4)nc3-c3ccccc3)CC2)n1,22.9732670766997
N#Cc1cc(-c2ccc(CN3CCC(C(=O)O)C3)cc2)sc1-c1ccc2c(c1)OCO2,22.97119706366484
Nc1cccc(-c2ccc(Oc3ccc(-c4nnn(CC5CCCCC5)n4)cc3)cc2)n1,22.957542309925923
COc1cc(-c2cccc3c2CN2OC[C@H](C(=O)O)N=C32)ccc1OCc1ccccc1,22.939308391122083
CC(C)(C)Oc1ccc(-c2nc(-c3ccc(OCC(=O)O)c(Br)c3)ns2)o1,22.924450080595257
CC1(C)CCN(c2ccc(Oc3nc(N4CCOCC4)sc3-c3ccno3)cc2)C1,22.92414609064391
C(=N/OCc1ccoc1)\c1ccccc1-c1nsc(N2CCN(c3ccccc3)CC2)n1,22.920670905065247
O=C(O)c1cccc(-c2ccc(Oc3cc(N4CCC(C5CCO5)CC4)ncn3)cc2)c1,22.91306544096136
Cn1nc(-c2ccc(-c3ccsc3)cc2)n2cc(COc3cccc(C(=O)O)c3)nc12,22.90772223948538
O=C(O)CC1CCN(Cc2cccc(-c3ccnc(Sc4ccc(F)cc4)n3)c2)CC1,22.899890696511296
O=C(O)c1ccc(CCOc2cc(-c3ccc(Cl)s3)nc(N3CCCC3)n2)cc1,22.873710421514094
Fc1ccc(-c2cn(CC3CCCCC3CNc3cccc(-n4nccn4)c3)nn2)cc1,22.847450110590767
OCn1c(-c2nccs2)nn2cc(-c3ccccc3OCc3ccc(Cl)cc3)nc12,22.845822090311874
CN1CC=C(c2cccc(COc3ccc(-c4cc5scnc5c(O)n4)cn3)n2)CC1,22.78144193497478
Cc1nnc(COc2ccc(-c3nc(-c4ccccc4)cs3)o2)c(C2CCNCC2)n1,22.763068407104814
CC(C)Oc1ccc(-c2nc(N3CCC4(CC3)CCN(c3nccs3)C4)no2)cc1,22.758988015744315
c1ccc(-c2ccc(Oc3ncccc3-c3nnnn3CC3CCCSS3)cc2)cc1,22.758054371276266
CCn1cnc2c(O)nc(-c3ccc(OC4CCN(c5ccccc5F)CC4)s3)nc21,22.757900193974525
COc1nc(-c2ccc(C3(C(=O)O)CCCC3C3CCCC3)s2)nc(N2CCCC2)n1,22.741189182222314
N#Cc1ccc(-c2cccc(-c3cnc4ccccn34)c2)nc1NCCN1CCCCC1,22.72817947255424
Cc1ccc(Oc2nc(N)nc(N3CCCC(CN4Cc5ccccc5C4)CC3)n2)cc1,22.698282567124963
Nc1ccc(-c2nc3scc(-c4ccc(F)cc4)c3n2CCc2cn(C=O)nn2)cc1,22.693964608808564
COc1ccc(-c2cn3ncnc3c3ncn(CCc4cccc(C(=O)O)c4)c23)cc1,22.689613791372835
Nc1nc(-c2ccccc2F)nn1-c1nc2cccc(OCc3ccc(F)cc3)c2s1,22.66115945909767
Nc1ncnc2c1nc(-c1cccc(-c3cccn3C3COC3)c1)n2CC1CCCCC1,22.652899553130545
COc1ccc(-c2cc(C(=O)Oc3ccccc3C(F)(F)F)nc(NC3=NCC3)n2)cc1,22.639542466416327
O=C(O)CC1CCN(c2nc(-c3ccccc3)n(Cc3cc4ccccc4s3)n2)CC1,22.63455500761311
O=C(O)COc1cccc(-c2nc(-c3ccc4c(c3)CN(c3ncccn3)C4)cs2)c1,22.60872501452838
O=C(O)CC1CCN(c2ccc(-c3nc4ccc(OCc5ccccc5)cc4s3)nn2)C1,22.599759867680625
Oc1nc(-c2ccc(F)cc2)nc2sc3ncn(CCCOc4ccc(F)cc4)c3c12,22.59729040389253
COc1ccc(-c2ccc(-c3nn(C4CCC4)nc3/C=C3\SC(=O)NC3=O)cc2)cc1,22.590361455522206
CC(C)Oc1ccc(-c2nc3c4c(sn3n2)-c2ccc(C(=O)O)cc2OC4)cc1Cl,22.589779584027067
COC(=O)N1CCc2c(sc3nc(-c4ccc(OC)cc4)nc(NC4(C)CCO4)c23)C1,22.521831045096093
c1ccc(-c2cc(-c3nc(OCC4CCCCN4)nc(-c4ccccc4)n3)sn2)cc1,22.49164095208986
CNc1ncnc2c1nc(-c1ccc(-c3ncc(C)s3)cc1)n2CC1CCCCC1,22.46529632925852
CC1(N)CCc2cc(-n3nc(-c4ccccc4)nc3SCc3ccccc3)ccc2O1,22.46269491510326
Cc1ccc(Oc2nc(-c3coc(N4CCC[C@H]4C(=O)O)n3)sc2C(F)(F)F)cc1,22.456045426214445
Cc1cnc(-c2ccc3ocnc3c2)nc1CSc1cn(C)c(=O)n1C1CCCCC1,22.445855598493875
O=C(O)c1ccc(-c2nc(-c3cccs3)n(CCOc3ccc(F)c(F)c3)n2)cc1,22.444081991592167
Cn1c(-c2ccc(-n3nnnc3S)cc2)c(C#N)c2cc(OCC3CCCC3)ccc21,22.421286590968073
COc1ccc(-c2cn(C3CCOCC3Cl)c3sc4ncnc(N)c4c23)cc1OC,22.406665311647895
CCn1cnc2c(-c3ccc4nc(SC)ccc4c3)nc(NC3CCCCC3)n2c1=O,22.402795906344767
COc1ccc(-c2nn3cc(-c4ccc(C(=O)O)cc4)nc3nc2SC)cc1C(C)(C)C,22.38807307893183
CC(C)(C)OC(=O)CNc1ccc(Oc2ccc(-c3ccnc(N4CCCC4)n3)cc2)cn1,22.381184120598107
Cc1nc(NC2CCOC2)cc(-c2ccc(OCc3ccccc3)c(C(F)(F)F)n2)n1,22.37527251588731
Cc1ccc(-c2c(COc3ncnc4sc5c(c34)CCC5)nnn2-c2ccccc2)cc1,22.369720801189253
COc1ccc(-c2nc(-c3ccc(F)cc3-c3nccs3)cc(N3CC(C(=O)O)C3)n2)cc1,22.350335678684452
COc1ccc(-c2ccc(Oc3nc4ccnc(N5CCOCC5)c4s3)c(N)c2)cc1,22.312487023890608
Cn1cnc(-c2csc(-c3cc(OCc4cccc(C(F)(F)F)c4)nc(N)n3)c2)c1,22.296150327772885
N#Cc1cnc(COc2ccc3ncn(C4CCN(CC5(O)CCCC5)CC4)c3c2)s1,22.27157689045012
Nc1ncnc2c1c(-c1cccc(-c3cccc(N4CCC4)n3)c1)nn2CC1CCCC1,22.268022338800147
CCOC(=O)CCc1cc2c(N)nn3c(-c4ccccc4)c(-c4ccccc4)nc3c2s1,22.26724216308788
CCOc1cccc(-c2c(-c3ccc(C(=O)O)cc3)nc3ncn(C4CCCCC4)n23)c1,22.260403013214574
COc1ccc(-c2ccc(Oc3nc4c(s3)CN(CC(=O)O)CC4)c(Cl)c2)cc1,22.237952730235225
CC(C)(C)c1cc(-c2ncn(CCCc3ccccc3)c(=O)n2)n(-c2cccc(O)c2)n1,22.23005421891791
Cn1ncc(-c2ccc(N3CCC(n4ccnc4)CC3)cc2)c1Oc1ccc(C(=O)O)cc1,22.224896559018433
O=C(O)c1cccc(-c2nc(N3CCOCC3)sc2-c2ccc(OCC3CC3)cc2)c1,22.22291132776339
O=C(O)Cn1nc(-c2ccccc2)nc1-c1cccc(Oc2ccc(N3CCCC3)cc2)c1,22.214074866880367
COc1ccc(-c2nsc(-c3ccc(Cn4ccnn4)c(O)c3F)n2)cc1C(C)(C)C,22.179584358769237
Cc1cc(CN2CCCCC2)nn1-c1nc(-c2ccc(Oc3cc[nH]n3)cc2)cs1,22.164825117180172
O=C(O)c1sc(-c2ccc3ncnn3c2)cc1OCc1ccc(OC(F)(F)F)cc1,22.164085219399468
Cc1ncc(-c2cn(Cc3ccccc3)c3ncnc(N4CCC(CC(=O)O)CC4)c23)s1,22.14814915990627
COc1ccc(-c2nsc(-c3cc(-c4ccc(F)cc4)n(-c4ccc(O)cn4)n3)n2)cc1,22.12311657256631
O=C(Nc1cc(-n2nccc2-c2ccc(Oc3ccccc3)cc2)ncn1)c1ccccc1,22.11740520763702
Nc1nc(-c2ccc(OCc3cccc(F)c3)cc2)nc(N2CCC(c3nccs3)C2)n1,22.112541908181072
COc1cccc(-c2nnc3nc(N4CCC[C@@H]4CC(=O)O)sc3c2-c2ccccc2)c1,22.11211984950999
Cc1cccc(-c2cc3c4c(sn3n2)CN(c2ccc(CCC(=O)O)c(C)n2)CC4)n1,22.10411322585255
COc1ccc(-c2nc(N)c(-c3nccs3)nc2-c2cccc(OC(F)(F)F)c2)cc1,22.084707676560495
COc1ccc(-c2nc3c4c(sn3n2)CN(Cc2ccc(C(=O)O)cc2)CC4)cc1,22.04381657819799
CC1(Oc2ccc(Oc3nc(-c4ccccn4)ncc3-c3ccoc3)cc2F)CCNCC1,22.02847979836081
Nc1snc(-c2ccc(-c3ccc(F)nc3)cc2)c1COc1ncnn1C1CCCC1,22.026728585277343
O=C(O)CCc1sc(-c2ccc(N3CCCC3)nc2)nc1-c1ccc2c(c1)OCO2,22.02049779704088
COc1ccc(-c2ccc(-c3cc4sc(C(=O)O)cc4n(C4CCCC4)c3=O)cn2)cc1,21.987469668453286
Cn1nccc1-c1nc(-c2csnc2OCc2ccc(C(F)(F)F)cc2)c(N)s1,21.9687707302893
Cc1ccc(-c2sc(N3CCC(C(=O)O)CC3)nc2COc2ccc3c(c2)CCC3)cc1,21.95009044988907
COc1ccc(-c2cccc(-c3nc4c(N5CCC(C(=O)O)C5)ncnc4s3)c2)cc1,21.943822903906664
Cn1ccc(-c2cc3nc(N)nc(OCc4ccc(-c5ccccc5)cc4F)c3s2)n1,21.943423292649527
O=C(O)c1csc(-c2cc(Cl)nc(CN3CCC(COc4ccccc4)C3)c2)n1,21.9209046050163
COc1ccc(-c2sc3ncnc(N4CC(c5ccc(C(=O)O)cc5)O4)c3c2C)cc1,21.90048317577786
O=C(O)c1sc(-c2ccc3c(c2)OCCO3)nc1OCCc1ccccc1,21.879941525018822
Cn1c(OCc2ccc(C(F)(F)F)cc2)c(-c2cc(-c3ccncc3)ncn2)oc1=S,21.852123081387546
Cc1ccc(COc2ccccc2-c2cc(-c3ccns3)nc(N3CCOCC3)n2)cc1,21.846086698419683
Cc1nccc(-c2ccc(-c3cc4cc(CN5CCOCC5)sc4c(O)c3C#N)cc2)n1,21.827629688911472
COc1ccc(-c2cc3c(ncn3CC(=O)O)nc2Sc2ccc3c(c2)CCO3)cc1,21.824922443150307
Nc1ncnc2nc(-c3cccc(N4CCC(CCOc5ccccc5)CC4)c3)sc12,21.818543514983244
O=C(O)CC1CCN(c2ncnc(SCC3CCCCC3)c2-c2cccnc2)CC1,21.81641946335761
COc1ccc(-c2cc3c(nc2Sc2ccccc2)-c2nn(CC(=O)O)cc2OC3)cc1,21.809450849059836
Nc1nsc(-c2ccccc2-c2cccc(OCc3nnc(-c4ccccc4)s3)c2)n1,21.805711392430336
c1ccc(Oc2ccc(-c3cc(N4CCCC(c5nnco5)C4)nc(NC4CC4)n3)cc2)cc1,21.790527958809122
O=C(O)c1cnc(-c2ccc3c(c2)ncn3CC2CCN(Cc3ccccc3)CC2)s1,21.77914852121191
CC(C)(C)c1ccc(-c2nc(NCCOc3ccc4c(c3)OCO4)n(-c3ccco3)n2)cc1,21.75256705957236
Nc1nccc(Oc2ccccc2C2CCN(Cc3ccc(-n4cccn4)s3)CC2)n1,21.748398459589534
COc1ccc(-c2cc(NC3CCCCC3)n3nc(-c4ccc(OC=O)cn4)cc3n2)cc1,21.74174132285173
O=C(CSc1cc(-c2ccc(O)cc2)nc(N2CCCCC2)n1)OC1CCCCC1,21.713069846387384
COc1ccc(-c2nc(N3CCCCC3)sc2-c2ccc3c(c2)OC(C(=O)O)CO3)cc1,21.701456185128887
C#Cc1ccc(OC)c(OC(=O)N2CCC(Nc3nc(-c4cccs4)ns3)CC2)c1,21.701385860094735
CC(=O)Nc1nnc(SCc2nsc(-c3cccnc3C)c2C(F)(F)F)s1,21.69630084447136
Cc1sc2ncnc(N3CCC[C@@H]3CO)c2c1-c1cccc(OC(=O)OC(C)(C)C)c1,21.678178164435558
C=CCn1c(=O)c(-c2ccc(OC)cc2)cc2sc3ncnc(NC4CCCC4)c3c21,21.66071472726095
CC(C)(C)Oc1ccc(-c2nc(NC3CC4CCC3C4)nc(N3COC(C)(C)C3)n2)cc1,21.653862093489618
O=C(O)CN1CCC(c2ccc(Oc3nc(-c4ccccn4)ccc3C3=CN=C3)cc2)CC1,21.6264233080797
COc1ccc(-c2snc3c2C([O-])(Cc2cccc(Cl)c2)SC(N)=N3)cc1OC,21.6247180605756
COc1ccc(-c2nc(-c3ccc(C(F)(F)F)c(N)n3)n(Cc3ccsc3)n2)cc1,21.610892559124625
O=C(CNc1nc(-c2ccccc2)nn1-c1cccc2sccc12)c1ccc(F)cc1,21.605877313213234
Cc1nc(N2CCC(CCn3ccnn3)CC2)c2scc(-c3ccc(O)cc3)c2c1C#N,21.5989094088037
O=C(O)c1ccc(-c2nc(-c3ccc(OCc4ccccc4)cc3)n3c2CSCC3)nc1,21.596566283992487
CCOc1ccc(-c2ccc(N3CCN(c4ncccc4Cl)CC3)nc2C(=O)O)cc1,21.58112578825204
COc1ccc(CNc2nc3c(c(N4CCCCC4)n2)Cc2cc(OC#N)ccc2-3)cc1,21.555925919337213
O=C(O)c1ccc(-c2ccc(CCCn3cnc4cc(-c5ccccn5)nn43)cc2)s1,21.543378467021633
COc1ccc(-c2nnn3cc(-c4ccc(C(C)(C)C)cc4)c(C(=O)O)cc23)cc1OC,21.5386989082186
Fc1ccc(COc2ncnc(N3CCC(Nc4ncco4)C3)c2-c2ccccc2)cc1,21.531661432442164
O=C(O)CCc1ccc2c(c1)sc1nc(SCC3CC3)c(-c3cccnc3)c(=O)n12,21.517229646902567
COC(=O)c1cc(-c2nsc(NC3Cc4c3cccc4C(F)(F)F)n2)ccc1OC,21.51485947706884
COc1ccc(-c2nc3nc(N)c(-c4ccc(F)cc4)c(Oc4ccccc4)n3n2)cc1,21.5050954831653
O=C(O)N1CCCC1CCCc1nn2c(-c3ccccc3)c(-c3ccccc3)nc2s1,21.49024275500102
COc1ccc(-c2ccc(-c3oc(N4CC(N)=N4)nc3SC=C3CCCCC3)cc2)cc1,21.47292684924066
COc1ccc(-c2ncnc3c2COc2cc(-c4ccc(C(=O)O)cc4)ccc2-3)cc1OC,21.472286655901783
O=C(O)CCCCc1cn2c(=O)c(-c3cccs3)c(-c3ccc4c(c3)CCO4)nc2s1,21.46424870799191
Nc1cc(N2CCCC2)nc(SCc2nc(-c3cccc(-c4ccccn4)c3)cs2)n1,21.45321708928786
CS(=O)(=O)c1ccc(-c2ccc(Sc3cc4ncn(CC(=O)O)c4s3)cc2)cc1,21.439896900891217
Cc1cccc(-c2nnn(CC3CCC(NC4=N[C@H](c5ccccc5)CS4)CC3)n2)n1,21.43095259206114
CCn1cnc2scc(-c3ccc(Oc4c(-c5ccccc5)cnn4C)cc3)c2c1=O,21.430537190285182
COc1ccc(-c2ccc(-c3cnc4c(NC5CCCCC5)nc(N5CC5)nn34)cc2)cc1,21.41619876836157
COc1cc(-n2cnc3c2nc(-c2ccccc2)c(=O)n3CC2CCCCC2)ccc1O,21.406909228924622
O=C(O)CCn1cc(-c2cccc(-c3sc(N4CCCC4)nc3-c3ccccc3)c2)nn1,21.38295021823597
OC1CCN(Cc2nn(-c3cccs3)nc2-c2ccc(Oc3ccccc3)cn2)CC1,21.379031135783883
Clc1ccc(Oc2ncccc2-c2nc(NCc3cccnc3)nc(N3CCCC3)n2)cc1,21.371908194168803
Cc1ccc(-c2nc3c(=O)c(NC4CCCCC4)ncnc3n2CCN2CCCCC2)o1,21.367254926650872
O=C(O)OC1CCN(c2ncnc(SCc3ccccc3)c2-c2ccccc2)CC1,21.366151640048287
CC(C)Oc1ccc(-c2nc(N3CCC4(CCCC4)CC3)nc3nc(C(=O)O)sc23)cc1,21.364168733623906
N#Cc1ccc(C2CCN(CCOc3ccc4nc(-c5ccncc5)sc4n3)CC2)cc1,21.352503460472292
COc1ccc(-c2csc3c2C(NCc2nnco2)=NOC3c2ccc(F)cc2)cc1,21.33635038393814
CCn1cnc2c(O)nc(-c3ccc(OC(F)(F)F)cc3Sc3ccccn3)nc21,21.32489673261275
COc1c(CN2CCCCC2)sc2c(N)nc(-c3ccc(OC(F)(F)F)o3)nc12,21.304998926692754
O=C(O)CCc1sc(-c2c(-c3ccccc3)nc3n2COC3)cc1-c1ccccc1,21.3025787530886
COc1ccc(-c2cc(-c3ccc(Oc4ccc(O)cc4)nn3)c3c(n2)SCC3)cc1,21.301484498897224
CCOc1ccc(-c2nc3cc(-c4ccc(N5CCCCCC5)cc4)nn3nc2N)cc1,21.29213192632081
O=C(O)CC1CCN(Cc2ccc(Oc3ccc(-c4cnc5c(n4)CO5)s3)cc2)CC1,21.29117170579385
O=C(NC1CCCCC1)Oc1cc(N2CCOC2)ccc1-c1nc(-c2ccccc2)no1,21.288358457230636
Cc1ccc(-c2nc3cc(COc4ccc(O)cc4)sc3n(C3CCCC3)c2=O)cn1,21.279300570059828
Nc1nc(SCc2cc(-c3ccc(F)cc3)co2)nnc1SCc1ccccc1F,21.266946709002436
COC1CCOC2(CCN(c3cc(-c4ccc(Oc5ccccc5)cc4)nc(N)n3)CC2)C1,21.26350461008737
O=C(O)c1ccc(-c2nnc(N3CC(OCc4ccco4)C(c4ccccc4)C3)s2)cc1,21.250431314611564
Cc1sc(COc2ccc3c(N4CCOCC4)nc(N)nc3c2)cc1-c1ccccc1,21.24738263106638
O=C(Nc1nccs1)Oc1ccccc1Cn1cc(-c2ccc(-c3ccccc3)cc2)nn1,21.226780802621587
COc1ccc(-c2cc(-c3ccnc(NC4CCC4)n3)c3c(N4CCCC4)ncnn23)cc1,21.221635648259184
CC(C)(C)Oc1ccc(-c2nc(-c3ccc4c(c3)CCN4CCSc3nnn[nH]3)co2)cc1,21.220760218436787
FC(F)(F)c1ccc(Oc2sccc2-c2ccn(CCSc3nn[nH]n3)n2)cc1,21.21121493153741
O=C(O)Cn1c(OCc2ccccc2)nc(-c2ccc3c(c2)OCO3)c1-c1cccs1,21.20166343326927
COc1ccc(-c2cccc(-c3nc(N)cc(N4CCN(c5nccs5)CC4)n3)c2)cc1,21.201228188789155
Cn1nncc1-c1c(Cl)cccc1-n1cc(-c2ccc(OCc3ccccc3)cc2)nn1,21.18866777098445
CC1(c2cc3c(N4CCC(Nc5cccc(Oc6ccccc6)n5)CC4)ncnn3n2)CC1,21.17522172934456
O=C(O)c1ccc(-c2cn(CC3COc4ccc(Oc5ccccc5)cc4S3)nn2)cc1,21.172278609401054
CSc1nc(N2CCOCC2)ncc1-c1ccc(NC(=O)Oc2ccc(C)cc2)cc1,21.152610954475893
Cn1ccc2cc(-c3nc(-c4ccccc4)nc(N4CCC(CC(=O)O)CC4)n3)sc21,21.12212320882727
O=C(Nc1cn2c(-c3ccoc3)nc(N3CCCCC3)c2s1)OCCOc1ccccc1,21.098426050392252
COCC(=O)Nc1sc(-c2nc(N3CCCC3)c3sccc3n2)cc1-c1ccccc1,21.05910667417535
COc1ccc(-c2cnc(N3CC(C(=O)O)C3)nc2Sc2cc3c(s2)CCCC3)cc1,21.04693033399708
c1ccc(COc2ccc(-c3nsc(-c4cnnc(-c5cccnc5)c4)n3)cc2)cc1,21.03894589260013
COc1ccc(-c2csc3nc(-c4ccc(CNC5CCC(=O)OC5)cc4)nn23)cc1,21.038611955109538
Cc1ccc(Oc2cccc(N3CCC(C(=O)Nc4ncnc5sccc45)CC3)c2)cn1,21.029344521487555
N=C1CCCN1CCCOc1ccc(-c2c(C(F)(F)F)sc3c(N)ncnc23)cc1,21.027370430156658
COc1ccc(-c2nc(N3CCCCC3)c3scc(C4CC(C(=O)O)C4)c3n2)cc1,21.020411392811706
CCc1sc2nc(-c3ccccc3)nn2c(=O)c1-c1ccc(Oc2cccnc2O)cc1,21.013627723525982
O=C(Cn1cnc2cc(-c3ccc(Oc4ccccc4)cc3)nn21)c1cc(F)ccc1O,20.99854600978836
Cc1nc(-c2ccc(N3CCC(C#N)CC3)cc2)sc1CSc1ncc(F)c(N)n1,20.991492941629723
COc1c(CC(C)(C)C)sc2ncnc(-c3ccc(CN4CCC(C(=O)O)CC4)o3)c12,20.97419785329352
CCn1nc(-c2ccc(OC(F)(F)F)cc2)nc1Sc1ccc2c(c1)OCC(N)=N2,20.971084451865995
COc1ccc(-c2c(C)nc(N3CCC(C(=O)O)CC3)n2C2CCCCCCO2)cc1,20.97040611404253
c1ccc(-c2ccc3c(c2)ncn3CCNc2ncnc3sc(-c4ccco4)nc23)cc1,20.961777973611106
COC(=O)N1CCCC(CCNc2ncnn3c(-c4ccccc4)c(-c4ccccc4)nc23)C1,20.950853297100437
N#Cc1ccc(-c2nc3c4c(sc3n2-c2ccccc2)CN(CCCC(=O)O)CC4)cc1,20.944809197376102
COc1ccc(-c2c(-c3ccc4c(n3)CN4)nn3c2ncn3CCC2CCCCC2)cc1,20.92896626980113
c1cc2c(cc1CSc1nc(-c3ccc4nn[nH]c4c3)nn1CC1CCCCC1)OCO2,20.927470610176023
COc1ccc(-c2cc3c(NCc4ccc(C#N)s4)ncnc3c(N3CCCC3)n2)cc1,20.921183978194776
Cc1ccc(-c2nc(-c3cccs3)n(CC(=O)O)c2Sc2ccc(F)cc2)cc1,20.916846449979463
CC(C)Oc1ccc(-c2nc(-n3cccn3)nc(N3CCC4(CCNCC4)CC3)c2C#N)cc1,20.91382926003678
COc1ccc(-c2cc(-c3nc(N)nc4sccc34)n(C)n2)cc1OC(F)(F)F,20.903981816655634
COc1ccc(-c2csc3cc(-c4cccc(OC(=O)NC5CCCO5)c4)nn23)cc1,20.903345460593588
COc1ccc(-c2cc3c(N4CCC(C(=O)O)CC4)nc(-c4cccnc4)nc3s2)cc1,20.90037994971492
O=C(O)CC1CCN(Cc2cc(C(F)F)c(-c3nc(-c4ccccc4)no3)s2)CC1,20.8928053670298
Oc1cc(-c2nc(SCc3ccccc3)n(-c3ccc4c(c3)OCO4)n2)ccc1F,20.889817951426224
Cc1ccc(-c2nc(N)c3scc(-c4ccc(OCc5ccccc5)cc4)c(=O)n23)s1,20.883120460965497
COc1ccc(-c2c(-c3cccc(OC)n3)nn3c(NC(=O)C(C)(C)C)csc23)cc1,20.878115727160854
O=C(O)c1ccc(-n2ccc3c(OCc4nc(-c5ccccc5)cs4)ncnc32)cc1,20.86376435325963
Nc1nc(-c2cccc(-c3cnn(CCN4CCC4)c3)c2)nc2sc3c(c12)CCCC3,20.857219073310276
COc1ccc(-n2cc(-c3ccccc3)c3c(N)nc(N4CCC(C)CC4)nc32)cc1,20.854771382935223
O=C(O)CSc1ncc(-c2ccc3c(c2)OCO3)cc1-c1cn(CC2CCCCC2)cn1,20.839442392052955
FC(F)(F)c1ccc(-c2nnc(CNc3cc(OCc4ccccc4)ncn3)s2)cc1,20.807376956502516
COc1ccc(-c2nc(N)nc3c2SC(=O)CN3Cc2ccc(-n3cccc3)cc2)cc1,20.790564545393146
Nc1cccc(-c2nc(-c3cccc(Oc4ccc(N5CC5)nc4)c3)n(C3CCCCC3)n2)n1,20.787229658289565
c1ccc(-c2cc(-c3cn(CC4CCCCC4)nn3)nc(NCc3ccccn3)n2)cc1,20.779406675346873
COc1ccc(-c2ccc3c(-c4nccc(C(=O)O)n4)c(N4CCOCC4)sc3c2)cc1,20.76112160685962
O=C(O)Cn1c(SC2CCN(c3cc(-c4ccccc4)on3)CC2)nc2ccccc21,20.75675856983349
CCSc1nnc(N2CCN(C(=O)Oc3cccc(N)c3-c3ccccc3)CC2)s1,20.75281028441359
O=C(O)C1CCCN(Cc2ccc(-c3ncnc(SCc4ccc(F)cc4)n3)s2)C1,20.747159529505044
Cc1nc(-c2cccc(-c3ccn(C)c3)c2)c2sc(CN3CCC(C(=O)O)CC3)cc2n1,20.73138929667673
COC(=O)CSc1nc2nc(-c3ccccc3OC(=O)NC3CCCCC3)ccc2s1,20.71163613106311
COc1ccc(-c2sc3nc4nc(O)ccc4n3c(=O)c2-c2ccc(OC)cc2)cc1,20.70819048840103
COc1ccc(-c2cc(C(=O)O)nc(-c3cc(N4CCOCC4)c4ncsc4c3)c2)cc1,20.703304505200283
COc1ccc(-c2nc(-c3ccc(C(=O)O)cc3)c3ccn(CC4CCOCC4)c3n2)cc1,20.673275687025978
Cc1ccc(-c2c(C)sc3c(N4CCC(Oc5cccc(C(=O)O)n5)C4)ncnc23)cc1,20.638572931409193
COc1ccc(-c2csc(N3CCC(C)(C(=O)O)CC3)n2)cc1OC(F)(F)F,20.63009241723663
Cc1cc(CN2C(=O)NC2=O)sc1-c1nc(-c2ccc(Oc3ccccc3)cc2)ns1,20.5937473460503
On1nncc1-c1ccc(-c2nnn(CC3CCCCC3)c2Sc2ccccc2)cc1,20.55700626942273
COC(=O)c1ccc(-c2sc(N3CCCCC3)nc2Oc2ccc(Cl)cc2)nc1,20.55547166667409
O=C(O)c1csc(-c2nc(-c3ccccc3)c3cnn(CCN4CCCCC4)c3n2)c1,20.529157263454852
COc1ccc(-c2cn(-c3ccc(N4CCc5nc(N)sc5C4)cc3)cc2C#N)cc1,20.527350279916714
c1ccc(Oc2ccc(-c3nnn(CC4CCCCC4)n3)cc2-c2ccc(N3CC3)nn2)cc1,20.526377131023704
CC1(CN2CCC(Oc3ccc(-c4nc(O)c5ncsc5n4)cc3)CC2)CCCCO1,20.52255195379308
CC(C)(C)n1nccc1-c1cccc(-c2csc(CN3CCC(CC(=O)O)CC3)n2)c1,20.517072714139267
CCOc1ccc(-c2ncnc3c2n(C(=O)O)c(=S)n3CC2CCCCC2)cc1,20.516968748124555
O=C(O)C1CN(Cc2cc(-c3ccc(Oc4ccc(-c5ncccn5)cc4)nc3)cs2)C1,20.512532262277542
O=C(O)CCn1nnc2c(-c3ccc(OCc4ccc5ccccc5n4)cc3)csc21,20.511556543616287
CCc1cn2c(-c3ccccc3)c(-c3ccc(OC4CCN(C(=O)O)C4)cc3)nc2s1,20.506894063122676
Cn1c(-c2cccc(-c3ccccc3)c2)nc2cc(CSc3nnc(CO)s3)cnc21,20.481289330705934
Cc1ccc(-c2csc3ncnc(N4CCC(CCn5cnc(C(=O)O)c5)CC4)c23)cc1,20.465696744960557
CNc1ncnc2nc(-c3ccc(OCc4ccc(Cl)nc4-c4ccccc4)cc3)cn12,20.45715245539202
CCOc1nc(-c2ccc(Cl)cc2)cc(N2CCC(Nc3ncc(C#N)s3)CC2)n1,20.45085080565068
Cc1nc(SCC(=O)Nc2ccc3c(c2)OCO3)n(-c2ccco2)c1-c1ccccc1,20.444828583425952
CCCCc1nc2scc(-c3ccc(N4CCOCC4)cc3)c2n1C(=O)OC(C)(C)C,20.43960452700224
COc1ccc(-c2ccccc2-c2ncnc(N3CCC(Oc4ccccn4)CC3)n2)cc1,20.434907018392032
Nc1csc(CN2CCN(c3nccc(-c4ccccc4Oc4ccccc4)n3)CC2)c1,20.433592155261305
COCc1noc(NC2CCN(c3ccc(-c4nc5ccccc5s4)cc3)CC2)n1,20.429966330090007
CS(=O)(=O)c1ccc(CCNc2ncnn3c(-c4ccccc4)c(-c4ccccc4)nc23)s1,20.422359499389255
N#Cc1cc(-c2cccs2)cc2nc(-c3ccc(OCCC4CCNCC4)cc3)nn12,20.403487238970797
COc1ccc(-c2nc(-c3cnc(NC(=O)C(C)(C)C)s3)nc(N3CCCC3)n2)cc1,20.398870754568883
COC(=O)c1nc(N(C)C)n2cc(-c3ccc(OC(=O)NC4CCCCC4)cc3)sc12,20.396742690307537
Nc1ccc(CN2CCN(c3nc(Oc4cccc(-c5ccccc5)c4)ns3)CC2)o1,20.395651648233954
O=C(O)c1ccc(Cn2nnc(-c3cccc(CN4CCC(c5cccs5)CC4)c3)n2)cc1,20.393640344978486
N#Cc1cc2ncnc(NCCCOc3ccc(-c4ccc5c(c4)OCO5)cc3)c2s1,20.391400099091623
CNc1nc(=O)n(CCC2CCCCC2)c2scc(-c3ccc(-c4cncnn4)cc3)c12,20.385194405198455
Nc1nc(-c2ccc(C3CCN(Cc4ccccc4)CC3)cc2)nc2c1ncn2C1CCC1,20.38120697433269
N=C1CCN(c2nc(OCc3ccccc3)nc(-c3ccc(OC(F)(F)F)cc3)n2)CC1,20.37537175258963
CSc1nc2n(CC3CCCC3)c(=O)c(-c3ccc(-c4ccccc4)cc3)c(N)n2n1,20.372062894283737
CC(C(=O)O)c1ccc(-c2csc3c(N4CCOCC4)nc(-c4ccco4)nc23)cc1,20.36094308062794
O=C(O)SSc1nn(CC2CCCCC2)c(-c2ccccc2)c1-c1ccccc1,20.325465946306092
COc1ccc(-c2ccc(N3CCN(c4cccc(C(C)(C)C)n4)CC3)nc2C(=O)O)cc1,20.297101780555085
COc1ccc(-c2nc(NC3CCCC3)nc(-c3ccc(OC(F)(F)F)cn3)n2)cc1,20.291952829229608
N#CCc1sc(N2CCN(CC(=O)O)CC2)nc1-c1ccc(Oc2ccccc2)cc1,20.288492665251212
Nc1ncnc(OCc2csc(-c3ccc(N4CCC4)cc3)c2-c2ccc(Cl)cn2)n1,20.286272080023565
O=C(O)Cn1ccc2cc(-c3nc(OCc4ccc(OC(F)(F)F)cc4)cs3)cnc21,20.285957173056
Cn1c(-c2cccc(OC(=O)NC3CCCCC3)c2)nc2c(SCC3CC3)ncnc21,20.285768579187867
COc1ccc(-c2ccnc(N3CCC(Nc4nc(-c5ccccc5)ns4)C3)c2C#N)cc1,20.264507569825202
CCC1CCN(Cc2cc3c(-c4cc(-c5ccccc5)cnn4)nc(N)nc3s2)CC1,20.258462865219144
CCC1CCN(c2ncc(-c3cnc(C(=O)O)s3)c(Oc3ccc(Cl)cc3)n2)C1,20.242845212106516
Oc1cc(Oc2ccc(-c3nc(-c4ccccc4)ns3)cc2)ccc1Cn1cnnc1,20.236004705270737
OC1(c2ccccc2)CCN(Cc2ccc(Oc3ccn4nc(Cl)nc4n3)cc2)CC1,20.234608245925248
O=C(O)CCc1ncn(Cc2ccc(-c3cc4c(s3)-c3ccccc3OCC4)s2)n1,20.226170888423418
CC(C)(C)Oc1ccc(-c2nc(NCCN3CCCCC3)ncc2-c2ccncn2)cc1,20.218977332381076
Cc1ccc(-c2nc(NC3(c4ccc([SH](=O)=O)cc4)CC3)nc(-c3cccs3)n2)s1,20.21844010566105
COc1ccc(-c2ncnc3c2n(-c2ccccc2N)c(=S)n3C2CCCC2)cc1OC,20.21245439734897
CCc1ccc(Sc2c(-c3ccc(-c4cscn4)cc3)nc3n2CCS3(=O)=O)cc1,20.209275409578222
CCNc1ncnc2sc3cc(-c4ccccc4)c(=O)n(-c4ccc(OC)cc4)c3c12,20.193661554941393
O=C(O)CSc1nc(-c2ccccc2)nc2c1n(C1CCCC1)c(=O)n2-c1ccccc1,20.186946802233972
Cn1nc(-c2nc(NCC3CCCCC3)nc(N3CCCC3)n2)cc1-c1ccccc1,20.181698377305214
COc1ccc(-c2nc(NC3CCCOC3=O)c3c4c(sc3n2)CC(OC)CC4)cc1,20.174758663754826
COc1ccc(-c2sc3nc(C(=O)O)cn3c2-c2ccc(OC(F)(F)F)cc2)cn1,20.167883818853454
CC1CCC(Nc2nc(-c3ccccc3)nc(-c3ccc(Cn4cncn4)s3)n2)CC1,20.166941428207924
COc1ccc(-c2nc(-c3cc(-c4ccccc4)nn3O)c3n2-c2ccccc2OC3)cc1,20.16308692052055
O=C(O)CCc1ncn(Cc2ccc3sc(-c4cccc(-c5ccccc5)c4)nc3c2)n1,20.16132656904997
COC(=O)C1CCN(Cc2nc3c(-c4ccc(-c5ccccc5)cc4)cnc(N)c3s2)C1,20.15260855164403
Nc1nc(Oc2cc(N3CCN(CC4CCCCC4)CC3)ncn2)cc(-c2ccccc2)n1,20.151140868350286
Nc1nc(SCc2ccccc2)nc(-c2cc(-c3ccc(C4CCO4)cc3)cs2)n1,20.14938100589253
O=C(NCCOc1ccccc1)Oc1ccc(-c2nc3sc4c(n3n2)CCCC4)cc1,20.14534549884787
Cn1cc(-c2ccc(-c3ncnc4sc(CN5CCC(CC(=O)O)CC5)cc34)cc2)cn1,20.132985936287444
Cc1ccc(-c2nc(N3CCN(Cc4ccc(C(=O)O)cc4)CC3)sc2C(=O)O)cc1,20.1318217936241
O=C(O)CC1CCN(Cc2ccc(Oc3ccc(-c4cccc5ncnn45)cc3)s2)CC1,20.131147679178586
COc1ccc(-c2csc3c(N4CCC(Nc5ncccn5)CC4)ncnc23)cc1C,20.126159903218053
Nc1nc(-c2nc(N3CC(COc4ccccc4)C3)ccc2Oc2ccccc2)ns1,20.125850114874805
COc1ccc(CNc2nc(-c3ccc(OC(F)(F)F)cc3)nc3nc(F)nn23)cc1,20.1137795981471
COc1ccc(-c2nc(N3CCCC3)sc2-c2cccc(-c3ncc(O)nn3)c2)cc1,20.10000360950211
NNc1ccc(-c2ccc(OCc3ccccc3)cc2)c(-c2cn(-c3ccccc3)nn2)n1,20.096573150568386
Cc1ccc(-c2c(-c3ccc(C(=O)O)cc3)nn3c2ncn3CCN2CCCCC2)cc1,20.09519902952126
CN1CCC(CCc2sc(-c3nc(N)c4ncsc4n3)cc2-c2ccccn2)CC1,20.088820794457746
COc1nc2c(-c3ccccc3Oc3ccc(F)cc3)nc(N3CCC[C@H](N)C3)nc2s1,20.0589766879779
CCOc1nc(N)c2ccc(-c3sc(N4CCOCC4)nc3-c3ccccc3)cc2n1,20.036461156785588
O=C(O)CCC1CCN(c2nnnc3c(-c4ccc(OC(F)F)cc4)csc23)CC1,20.026548264130795
Cn1cnc2c(NC3CCCCC(=O)C3)nc(-c3ccc(OCc4ccccc4)cc3)nc21,20.018431746139232
CC(C)(C)OC(=O)n1nc(-c2ccc(Oc3ccccc3)cc2)nc1N1CCC[C@H]1CO,20.012541230592777
Cc1sc(N2CCN(Cc3ccc(Oc4ncccn4)cc3)CC2)nc1-c1ccccc1,20.007164798994594
CCn1cnc2c(NCCc3ccc4c(c3)OCO4)nc(-c3ccc(C(C)(C)C)cc3)nc21,20.00566918273655
O=C(O)Cc1ccc(OCC2CCN(c3nc(-c4ccc(Cl)o4)cs3)CC2)cc1,19.997181713806928
COc1ccccc1-c1ccc(Oc2ccc(-c3nnn(C4CCNCC4)n3)cc2)cc1,19.99126473803118
O=C(O)c1cccc(-c2nnn(C3CC3)c2Sc2ccc(OC(F)(F)F)cc2)c1,19.978797736545495
Cc1nc2ccc(C(=O)O)cc2n2cc(-c3ccc(OCCN4CCCCC4)cc3)nc12,19.96032943045813
c1ccc(CN2CCC(CNc3nc(-c4ccccn4)nc(-c4nccs4)n3)CC2)cc1,19.95290428041195
CCOc1ccc(-c2nc(N3CCC(NC(=O)OC(C)(C)C)C3)nnc2-c2ccccc2)cc1,19.95279158938149
Nc1ncnc2c1sc1nn(CC3CCCCC3COc3ccc(F)c(F)c3)cc12,19.950886670915793
Cc1csc(-c2nc(-c3ccc(CN4CCC(CC(=O)O)CC4)cc3)c3ncccn23)n1,19.93990177416148
COc1ccc(-c2csc(-c3cc(-c4ccc(N)cc4)cc(N4CCOCC4)n3)n2)cc1,19.935166243117905
COc1ccc(-c2cc(C(=O)O)nn2-c2ccc3c(ccn3C)c2)cc1OC(F)(F)F,19.897452748146677
COc1cc(C2=NCN(Cc3ccccc3)CC2)ccc1OC(=O)Nc1nccs1,19.892338921230564
COC[C@@H]1CCCN1c1nc(Nc2ccc(C(F)(F)F)cc2)nc(-c2ccco2)n1,19.889318527125493
N#Cc1nc2c(-c3ccc(OCc4ccccc4)cc3)ncnc2n1CC1=CCCNC1,19.888939224473962
COc1ccc(-c2nc(NCC3CCCCCC3)nc(-c3ccc4c(c3)OCO4)n2)cc1,19.8851280896086
O=C(O)c1ccc(OC[C@@H]2CCCN2c2nsc(-c3cccc4ccccc34)n2)cc1,19.873356858183413
CC(C)(C)C1CC(Oc2csc(-c3nc(N)nc(SCc4ccccc4)n3)c2)CCO1,19.85753821504601
COc1oc(-c2ccc3ncnc(NC4CCCCCC4)c3c2)nc1CN1CCOCC1,19.845301326456458
COc1cc2ncnc(NC3CCN(c4sc5ccccc5c4C#N)CC3)c2cc1OC,19.84515178560409
CCOC(=O)N1CCC(Nc2nc(-c3ccc(OC(C)(C)C)c(OC)c3)cs2)CC1,19.838743252165735
CC(C)Oc1ccc(-c2nc(Nc3ccco3)nc(N3CCN(C(C)(C)C)CC3)c2C#N)cc1,19.835896390065404
COC(=O)CNc1nccc(-n2c(-c3cccs3)nc3ccc(-c4ccccc4)cc32)n1,19.831940396222855
COc1ccc(-c2nsc(-c3cc4c(s3)CCC(F)(F)C4)n2)cc1OCC(=O)O,19.82385540035313
COC(=O)c1ccc(-c2nc3c(NCCc4ccc5c(c4)OCC5)ncnc3s2)cc1,19.822585658211317
COc1ccc(-c2nc(-c3csc(-c4ccccc4C(=O)O)c3)c3n2CCOC3)cc1,19.81518787929048
COc1ccc(-c2c(-c3cccs3)nn(Cc3ccc4c(c3)OCO4)c2C(=O)O)cc1,19.798665246430993
O=c1c(-c2ccccc2)nc2sc(SCc3nnn[nH]3)cc2n1CC1CCCCC1,19.79422391333528
CCC1CCN(c2ncnn3c(-c4ccccc4)nc(-c4ccc(C(=O)O)cc4)c23)CC1,19.766883018939154
CC(C)(C)Oc1ccc(-c2nc(NC3CC3)nc(-c3ccc(Cn4ccnc4)cc3)n2)cc1,19.76337371910368
N#Cc1ccc(-c2cccc(Oc3ccc(-c4ncn(CC5CCNCC5)n4)cc3)n2)cc1,19.7592551435651
O=C(O)c1ccc(Oc2ccc(-c3cc(N4CCOCC4)sn3)cc2)nc1CC1CC1,19.75679050818354
Nc1nc(SCc2ccc(-c3cccs3)o2)nc(N2CCC(c3ccccc3)C2)n1,19.75625343197189
COc1ccc(-c2nc3c(NC4CC4)ncnn3c2Cc2ccc(C(F)(F)F)cc2)cc1,19.7525460711061
CC(C)(C)Oc1ccc(-c2nc3c(N4CCC4)ncnc3n2CCC2CCCCC2)cc1,19.74458774574101
Cc1nnc(-n2c(-c3ccc(CN4CCC(CC(=O)O)CC4)cc3)nc3ccccc32)s1,19.73950837465889
COc1ccc(-c2nn3c(c2-c2ccccc2)OCC3c2csc(CC(=O)O)n2)cc1,19.716030810009503
CC(=O)C1CCN(c2cc(-c3ccc(-c4ccccc4)cc3)nc(SCC(=O)O)n2)CC1,19.70273788314479
COc1ccc(CNc2nccc(-c3cc(-c4ccc5c(c4)OCCO5)cs3)n2)cc1,19.69753574220839
O=C(O)CSc1nc2ccccc2n1-c1ccc(-c2ccc(-n3cccn3)cc2)cc1,19.688149732206575
Cc1nc2ccc(-c3nc(-c4ccc(C(=O)O)cc4)nn3CCN3CCCCC3)cc2s1,19.65396566699008
COc1ccc(-c2nc(NC3CCC4(CCO4)O3)nc(SCc3ccccc3)n2)cc1,19.63936984027058
Oc1nc2cc(OCCN3CCCCC3)ccc2nc1-c1ccc(-c2ncsn2)cc1,19.628262329639426
O=C(O)C[C@H]1CCCN(c2nc(-c3ccc(OCc4cccc(Cl)n4)cc3)ns2)C1,19.62189833224762
Oc1ccc(-c2ccc(-c3csc(N4CCOCC4)n3)cc2)cc1OCc1ccon1,19.619851981799833
O=C(O)CN1CCC(Oc2nc(-c3cccc(Oc4ccccc4)c3)c3ccsc3n2)CC1,19.60813470974753
O=C(O)Cn1c(SCc2cccc(Cl)c2)nnc1-c1cc(-c2ccccc2)sn1,19.603393253417664
O=C(O)C(Cn1cncn1)Oc1ccc(-c2csc(-c3cccc(Cl)c3)c2)cc1,19.58736433207609
COC1CCN(c2ccc(-c3nc(N)nc(-c4ccc(OC(C)(C)C)cc4)n3)s2)CC1,19.587355259465244
O=c1onc(-c2ccc(OCc3ccccc3)c(OCc3ccc4c(c3)OCO4)c2)s1,19.571007321693667
COc1ccc(-c2cn3nc(-c4ccc(-c5ccc(O)n5C)cc4)c(C#N)c3s2)cc1,19.557258528740043
COc1ccc(-c2c(-c3ccc(Oc4ccccc4)cc3)nc3sc(=O)n(O)n23)cc1,19.551027704082458
CCOc1ccc(-c2coc(N3CCN(C(=O)OC(C)(C)C)CC3)n2)cc1OC(C)(C)C,19.52306494885945
CCSc1nc2nc(-c3ccc(C(F)(F)F)cc3)nc(NCc3ccccc3)n2n1,19.51103648087329
CCSc1nnc(-c2ccc(-c3ccccc3F)cc2)n1C/C=C1\SC(=O)NC1=O,19.506052804631203
COc1ccc(-c2cc(-c3ccc4c(c3)OCCCS4)nnc2SCC(=O)O)cc1,19.49781092179865
O=C1CCCCC1Nc1ncnc2scc(-c3ccc(OCc4cccnc4)cc3)c12,19.473756804888936
COc1ccc(-c2ccc(-c3cn(CC4CCCCC4)c4nc(N)nnc34)cc2)cc1,19.464467055132467
CCn1nc(-c2ccc3ccsc3c2)nc1-c1ccc(CN2CCC(C(=O)O)CC2)o1,19.453864046543433
COC(=O)CSc1nc2ccc(-c3cccc(OC(=O)NC4CCCCC4)c3)nc2s1,19.43374058353458
COc1ccc(-c2csc(Oc3ccc4c(c3)CCN(c3ccc(C(=O)O)cn3)C4)n2)cc1,19.421126020377883
COc1ccc(-c2nc(-c3ccco3)cc(N3CCC(Nc4ccccn4)CC3)n2)cc1,19.41548724984914
N=C1CCC(Nc2ncnc3c2ncn3CCOc2ccc(-c3ccccc3)cc2)CC1,19.414509936292216
CNc1nc(-c2ccc(Oc3ncccc3-c3ccncn3)c(F)c2)cc(N2CCCC2)n1,19.410619415393263
Clc1ccc(OCCn2c(NC3CCCCC3)nnc2-c2ccc3c(c2)OCO3)nc1,19.39866661775671
N#Cc1ccccc1-c1ccc(-c2nc(O)c3ncn(CCN4CCCCC4)c3n2)cc1,19.398396383703957
c1ccc(COc2cccc(-c3nc(NC4CCCCC4)nc(N4CCCC4)n3)n2)cc1,19.385936390190494
COc1ccc(-c2cc(-c3ccc(Cn4c(=O)sc5ncnc(N)c54)cc3)cs2)cc1,19.383815608329726
O=C(O)C1CCN(Cc2ccc(-c3nsc(-c4ccc(Oc5ccccc5)cc4)n3)cc2)C1,19.38192822907055
CC(=O)Oc1ccoc1-c1csc2ncnc(NC3CCN(Cc4ccccc4)CC3)c12,19.37987054503485
COc1ccc(-c2nc(N3CCC(COc4ccccc4)CC3)c3scnc3n2)cc1,19.379390078792586
O=C(O)CC1CCN(c2ncnc3c(-c4ccccc4)c(Cc4ccccc4)sc23)C1,19.37407268847233
COc1ccc(-c2nnc(-c3ccc(F)cc3)nc2Nc2ccnc(N3CCCC3)n2)cc1,19.36481922793646
CC1CN(c2ccc(Oc3ccc(-c4ccn(-c5ccc(O)cc5)n4)nc3)cc2)CCO1,19.348299523277138
Nc1ncnc2ncn(C3CCN(Cc4ccc(Oc5ccc(-c6ccccc6)nc5)cc4)C3)c12,19.337437113754934
Cc1nc(-n2ccnn2)nc(NCC2CCCCC2)c1-c1ccc(OC(F)(F)F)cc1,19.334171437213886
O=C(O)c1csc(CN2CCOCC(Oc3ccccc3Oc3ccccc3)CC2)n1,19.321644061543378
Cc1c(-c2cccc(C#N)n2)c2c(NC3CCN(C)CC3)ncnc2n1CC1CCCCC1,19.299379930978482
COc1ccc(-c2nc(NC3=Nc4ccccc4C3)nc(SCc3ccccn3)n2)cc1,19.280832819246136
N#Cc1c(-c2ccccc2OCc2ccccc2)nc(NC2CC2)nc1N1CCCCC1,19.279277653504288
O=C(NCCn1ccnc1)Oc1ccc(-c2nc(-c3ccc4c(c3)OCO4)cs2)cc1,19.26984960578577
FC(F)(F)Oc1ccc(-c2nc(NCC3CCCCC3)nc(N3CCCC3)n2)cc1,19.265858246368
CSc1nc2c(-c3ccc(Oc4ccccc4)cc3)nc(N3CCC[C@H](N)C3)nc2s1,19.26163054502642
c1cnc(Nc2ncnc3cc(-c4ccc(OCCN5CCCCC5)cc4)sc23)cn1,19.255506664493428
COc1ccc(-c2c(C(=O)O)ncn2Cc2ccc(-c3ccc4c(c3)OCO4)s2)cc1,19.25544753829169
COc1ccc(-c2ccc(-c3c(C(=O)O)n(CC4CCCCC4)c4ncnn34)cc2)cc1,19.253445665089355
N#Cc1c(NCCc2ccc3c(c2)OCO3)nc(-c2ccccc2)nc1N1CCCCC1,19.249053500598457
O=C(O)c1ccc(-c2ccc(-c3csc4c3nnn4CCN3CCCCC3)cc2)cc1,19.245948887725426
Cc1ccc(-c2cc(-c3ccc4c(c3)OCO4)nc(N3CCC(CC(=O)O)CC3)n2)s1,19.244981219249908
Nc1ncnc2nc(OCc3ccc(Oc4ccccc4)c(-c4ccccc4)c3)sc12,19.24002237768908
CCc1nnnn1Cc1ccc(-c2csc3ncnc(NC4CCCCCC4)c23)cc1,19.21017082303991
CN(C)c1cc(-c2nc(-c3cccc(OC(=O)NC4CCCCC4)c3)ns2)ccn1,19.18802977277698
Cn1c(O)nc2cc(-n3nnnc3SCc3ccc(F)c(-c4ccccc4)c3)ccc21,19.18749686931894
O=C(O)C1CCN(Cc2nc(-c3ccc4ncn(CCC5CCCC5)c4c3)cs2)CC1,19.174763860693137
Cc1ccc(-c2nc3sc(-c4ccc(OCC(=O)O)nc4)c(-c4ccccc4)n3n2)cc1,19.17009819519568
Nc1ncnc2c1nc(-c1ccc(-c3cccc(CN4CC4)c3)s1)n2C1CCCCC1,19.155317302339277
O=C(O)C1CCN(c2nc(-c3ccccc3OCc3ccc(Cl)cn3)cs2)CC1,19.152883319293327
O=c1ccnc(-c2nc(CSc3nc(-c4ccccc4)cs3)n(CC3CCCC3)n2)[nH]1,19.14091550609788
O=C(CSc1nnc(-c2ccccc2)c(O)n1)Oc1ccc(-c2ccccc2)cc1,19.133256594612824
N#Cc1cc(-c2ccc(Sc3ccccc3)cc2)nc(N2CCC(CC(=O)O)CC2)n1,19.11319191261753
COc1ccc(-c2cc(-c3csc4c(N)ncnc34)ccc2CN2CCOCC2)cc1,19.10967332109544
O=C(Nc1ccccc1)Oc1ccc(-c2cc3ncn(CCN4CCCCC4)n3n2)cc1,19.095784398049098
CC(C)Oc1ccc(-c2nc(-c3nccs3)nc(N3CCC4(CCCN4)CC3)n2)cc1,19.0464942065388
Nc1nccc(-n2nccc2-c2ccc(OCc3cccc(OC(F)(F)F)c3)cc2)n1,19.04578113519926
O=C(O)COc1cccc(-c2cn(CC3CCCCC3)c(-c3ccc4c(c3)OCO4)n2)c1,19.04271959157751
Nc1cccc(CN2CCN(c3nc(-c4ccc(Oc5ccco5)cc4)cs3)CC2)n1,19.035108023016296
COc1cccc(-c2nc3c(NC4CCCN(c5ccccn5)CC4)ncnc3n2C)c1,19.034225738354724
Cn1cc(-c2nc(N)c3c(n2)sc2ncn(CCN4CCCC4)c23)cc1-c1ccccc1,19.022136372410873
Cc1ccc(-c2ccc(C#N)nc2Oc2ccc(CN3CCC(C(=O)O)CC3)s2)cc1,19.00993857788258
CCN1CCC(Nc2nnc(-c3ccco3)c(Oc3ccc(C(F)(F)F)cc3)n2)CC1,19.005530258947797
Oc1ccccc1Oc1ccc(-c2nc(-c3cccc(OCC(F)(F)F)n3)ns2)cn1,19.003674259220645
O=C(O)C1CCN(Cc2nnc(-c3ccc(Oc4ccc5ccccc5n4)cc3)s2)CC1,18.98498790612793
On1nnc(-c2ccc(-n3cc(CSc4ccccc4)c(-c4ccccc4)n3)cc2)n1,18.977291391765277
Nc1ccc(Cc2sc(N3CCOCC3)nc2-c2cccc(Oc3ccccc3)n2)cn1,18.968480719874805
O=C(O)c1nc(N2CCN(c3ccccn3)CC2)nc(-c2ccccc2)c1Oc1ccccc1,18.962229713938388
COc1ccc(-c2csc(-c3ccc(N4CCOCC4)c(-c4cc(N)no4)c3)n2)cc1,18.95889427057195
Cn1nnnc1Sc1ccccc1-c1ccc(OCc2ccc3ccccc3n2)cc1,18.952049265731965
Nn1nc(OCCSc2nc3ccccc3s2)nc1-c1ccc(C(F)(F)F)cc1,18.94296372203249
O=C(O)COc1ccc(-c2csc3ncnc(N4CCC(Cc5ccccc5)C4)c23)cn1,18.91903566903185
O=C(O)c1nc2nc(-c3cccc(OCc4ccccc4)c3)nc(N3CCCCC3)c2s1,18.9185354916025
CC(C)Oc1ccc(-c2cc3c(N4CCN(c5nccs5)CC4)ncnc3[nH]2)cc1,18.91773883620509
CSSc1nc(-c2ccc(OC(=O)NCc3ccccc3)cc2)n(C(=O)C(C)(C)C)n1,18.911595930169838
CCOC(=O)Nc1nc(-c2ccc(C)s2)nc(N2CCC(c3ccccc3)CC2)n1,18.901717901775644
COc1csc(-c2cc3n(n2)-c2cc(OCc4ccc(C(=O)O)cc4)ccc2OC3)c1,18.89993006451761
CCNc1nccc(-c2oc(N3CCCC3)nc2Sc2ccc(C(F)(F)F)cc2)n1,18.8985462450634
[O-][n+]1ccc(-c2ccc(OCc3nc4ccccc4s3)c(F)c2)n1-c1cccc(O)c1,18.89521001588041
Cc1ccc(-c2cc(-c3csc(N4CCN(Cc5ccc(O)cc5)CC4)n3)no2)nc1,18.8923333067875
Nc1nnc(/C=C/c2nc(N3CCN(Cc4ccccc4)CC3)sc2-c2ccccc2)o1,18.860190068213225
Cc1ccc(CN2CCN(c3nc(-c4ccc(-c5ccc(C(=O)O)cc5)cc4)ns3)CC2)o1,18.857934193333925
FC(F)(F)Oc1ccc(-c2nsc(-c3ccnc(OCc4nccs4)c3)n2)cc1,18.857796987941104
Cc1sc2ncnc(N3CCC(CCNc4ncccn4)CC3)c2c1-c1ccccc1,18.84208776064295
O=C(O)c1ccc(-c2nc(-c3cccs3)n(CCN3CCCCC3)c2-c2ccco2)nc1,18.81441005160994
FC(F)(F)Oc1ccc(-c2cc(CSc3ncncn3)nc(NC3CCCCC3)n2)cc1,18.805551033788873
O=C(O)C1CCN(c2nc(-c3nccs3)oc2-c2ccc(OCc3ccccc3)cc2)CC1,18.792151497883857
OOc1cccc(-c2nc(NCc3ccc(C(F)(F)F)cc3)nc(N3CCCCC3)n2)n1,18.780515161941292
O=C(O)CC1CCN(Cc2nc(-c3ccc4c(c3)ncn4Cc3ccco3)cs2)CC1,18.772684823820263
CC(C)Oc1ccc(-c2nc(N3CCN(c4ccccc4)CC3)c3cc(C#N)sc3n2)cc1,18.741231280875034
COc1ccc(-c2nc(N3CCC(Oc4ccccc4)CC3)c3nc(N)sc3n2)cc1,18.73122914652865
COc1ccc(-c2nc(NC3CCOCC3)c3nc(Cc4ccccc4)sc3n2)cc1,18.711101543135367
O=C(O)c1ccc(CN2CCN(c3ccc(Oc4cccc(-c5cccs5)n4)cc3)CC2)o1,18.70343548918574
COc1ccc(/C=N/Nc2nc(-c3ccc(OC(F)(F)F)cc3)nc3ccnn23)cc1,18.701166176113766
O=C(O)CSc1nc2cnc(OCc3ccc(Cl)cc3)cc2n1-c1ccccc1,18.69247308144139
COc1ccc(-c2csc3c(N4CCC(C(=O)O)CC4)nc4cccnc4c23)cc1OC,18.688612896687335
COc1ccc(-c2csc3c(N)nc(N4CCC(Cc5cccs5)C4)[n+]([O-])c23)cc1,18.663501272815896
COc1cccc(-c2csc3c(N)nc4c(nnn4CCN4CCCCCCC4)c23)c1,18.65161754196354
COc1ccc(-c2nc(NC3COc4cc(Cl)ccc43)nc(N3CCCCC3)n2)cc1,18.647553223326042
COc1ccc(-c2csc(Oc3cccc(CN4CCC(C(=O)O)CC4)c3)n2)cc1,18.645377637598006
Cn1cnc2nc(Oc3ccc(CN4CCC(C(=O)O)CC4)cc3)c(-c3ccccc3)cc21,18.63546648776467
Nc1ncnc2c1nc(-c1cc(-c3ccccc3)n(CCN3CCC3)c1)n2C1CCCCC1,18.63342634538435
O=C(O)C[C@@H]1CCCN(c2nsc(-c3ccccc3Oc3ccc(Cl)cc3)n2)C1,18.628623901873645
COc1ccc(-c2nc(-c3ccccc3)n3ncnc(NCc4ccc5c(c4)OCO5)c23)cc1,18.618353800636818
N#Cc1nc(-c2ccc(Oc3ccccc3)cc2)c2cnn(CCN3CCCCC3)c2n1,18.6068646410948
COc1ccc(CNc2nc(-c3cnc(Cl)s3)c(C#N)c(N3CCCCC3)n2)cc1,18.598334000361625
COc1ccc(-c2nc3sc4c(n3c2-c2ccccc2)CCCC4)cc1OCC(=O)O,18.586886644814864
O=C(O)c1csc(Sc2ncn(CCc3ccccc3)c2-c2ccc(F)cc2)n1,18.586301630027428
COc1ccc(-c2ccc(CN3CCC(c4nc5cnc(N)nc5s4)CC3)cc2)cc1,18.58194490516392
Cc1ccc(-n2nnc(/C=N/Nc3nc(-c4ccccc4)cs3)c2-c2ccccc2)cn1,18.56827209269141
CCCn1nc2cc(-c3ccc(OC(C)(C)C)cc3)nc(NC3CCCCC3)n2c1=O,18.565249450626435
COc1ccc(-c2nc(Cl)n(CC(=O)O)c2Sc2nc3c(s2)CCCC3)cc1,18.563783639006722
COc1ccc(CN2CCC(Nc3ncnc(-c4cc5ccccc5s4)n3)CC2)cc1,18.55746060732299
COc1ccc(N2CCC(Nc3nc(-c4ccc(C#N)s4)nc4cnccc34)CC2)cc1,18.534216217158466
O=C(O)CN[C@H]1CCCN(c2nccc(-c3ccccc3Oc3ccc(Cl)cc3)n2)C1,18.52678482360389
COc1ccc(-c2nc(-c3ccc(Oc4ccc(Cl)cc4)cc3)c3c(N)ncnn23)cc1,18.51942150797647
O=C(O)CC1CCN(Cc2ccc(-c3nc(-c4ccc5c(c4)OCO5)ns3)cc2)CC1,18.517366927111496
Cc1ccc(CN2CCN(c3nc4c(C#N)nc(N)c(-c5ccccc5)c4s3)CC2)cc1,18.50604023994401
N#Cc1cnc(-c2ccc(Oc3ccccc3)cc2)nc1N1CCN(Cc2ccoc2)CC1,18.492787053416407
COc1cc(-c2nsc(-c3ccc(OC(F)(F)F)cc3)n2)ccc1OC(=O)NC1CC1,18.48963575519263
O=C(O)CC1CCN(Cc2cn3nc(-c4cccc(-c5ccccc5)n4)nc3s2)CC1,18.478410474624848
Cn1c(-c2cccc(-n3ncnc3SCc3ccccc3)c2)nc2ccc(C(=O)O)cc21,18.46763766291715
Oc1nsc(N2CCC(Cc3ccc(Oc4nccnc4-c4ccccc4)cc3)CC2)n1,18.443969970692883
Cc1nccc(-c2csc(-c3nc(N)c4cc(CN5CCC(C)CC5)sc4n3)c2)n1,18.44106930346875
COc1ccc(-c2cc3c(N4CCC(Oc5cccc(N)n5)CC4)ncnc3s2)cc1,18.427147784071074
COc1ccc(-c2csc(N3Cc4ccc(-c5ccnc(C(=O)O)n5)cc4C3)n2)cc1,18.416207725710994
O=C(O)CC1CCN(c2ncnc3cc(COc4ccc(-c5ccccn5)cc4)sc23)C1,18.416082645076344
O=C(O)CSc1nc(SCC(F)(F)F)nc(-c2ccc(-c3ccccc3)cc2)n1,18.411352285023856
COc1ccc(Oc2cc(-c3ccc(C(C)(C)C)s3)nc(N3CCC[C@@H](N)C3)n2)cc1,18.384951202386365
COc1ccc(-c2nc(-c3ccc(OC(F)(F)F)cc3)c3ccn(CC(=O)O)c3n2)cc1,18.373110039702667
C[C@H]1CN(c2ccc(Oc3ccccc3)c(N)n2)CCN1c1nc(-c2ccccc2)cs1,18.367685523018565
COc1ccc(-c2nc(N3CCOCC3)sc2-c2ccc(-c3ncc(O)o3)cc2)cc1,18.36554020589311
CN1CCC(Cn2cnc3c(O)nc(-c4ccc(Oc5cccc(F)c5)cc4)nc32)CC1,18.362589871650886
N#CCCN1CCN(c2ccc(-c3cnc(N)c(Oc4ccc(Cl)cc4)n3)s2)CC1,18.351732390632204
O=C(O)COc1ccc(Oc2ccc(-c3nc4n(c3-c3ccccc3)COCC4)s2)cc1,18.348972890567733
c1ccc(COc2ccc(-c3nc(N4CCCCC4)sc3-c3nnn[nH]3)cc2)cc1,18.339727540947578
N#Cc1ccc(COc2ccc3nc(N)n(C4CCN(Cc5ccccc5)CC4)c3c2)s1,18.33779442367547
COc1ccc(-c2nc(-c3nc4ccccc4s3)nn2CC(=O)c2cccs2)cc1,18.33587464038524
COc1ccc(-c2cc(NC(=O)Oc3ccc(CN4CCSCC4)cc3)ncn2)cc1,18.334587465724464
COc1ccc(-c2cccc(-c3nc(O)c4nc(CN5CCCCC5)sc4n3)c2)cn1,18.331201199792627
O=C(O)c1nn(-c2ccccc2)c(-c2ccc(N3CCOCC3)cc2)c1Oc1ccccc1,18.32744721040947
O=NNc1nc(-c2ccc(OCc3ccccc3)c(C(F)(F)F)c2)nc(N2CCCC2)n1,18.316302045741914
CC(C)Oc1ccc(-c2nc(N3CCC4(CCCC4)CC3)nc(N3CNC(=N)C3)n2)cc1,18.313807564467012
Nc1nc(-c2ccc(OCc3csc(C(F)(F)F)n3)cc2)nc(N2CCCCC2)n1,18.312203067125775
CC(C)Oc1ccc(-c2nc(N3CCc4ccccc4C3)c3c(N)c(C#N)sc3n2)cc1,18.308070609962407
O=C(O)CC1CCN(Cc2nc3c(Oc4ccccc4)c(-c4ccccc4)nnc3s2)C1,18.305872019717338
Nc1nc(SCC(=O)c2ccc(F)cc2)ncc1-c1ccc(-c2cccs2)s1,18.29992461429354
C#CCSc1cc(-c2nc(-c3cccs3)no2)ccc1CN1CCC(C(=O)O)CC1,18.295277937847832
O=C(O)Cc1cnc(N2Cc3ccc(Oc4cccc(-c5cccnn5)c4)cc3C2)s1,18.290989434657597
COc1ccc(-c2nc(-c3ccc4ccsc4c3)nc(N3CCC(C(=O)O)CC3)n2)cc1,18.290244476637366
O=C(O)c1ccc(-c2nc(SCc3ccc(F)cc3)n(-c3ccccc3F)n2)cc1,18.25460832904955
O=C(O)Cn1nnc(SCc2nc(-c3ccccc3)cs2)c1-c1ccc(Cl)cc1,18.254016211408715
c1ccc(Oc2cccc(-c3cc(NCc4ccco4)nc(N4CCOCC4)n3)c2)cc1,18.234846258503485
COc1cccc(-c2cc3c(NCC4CCN(c5ncccn5)CC4)ncnc3s2)c1,18.229893249193545
CN1CCC(Nc2cc(-n3nccc3-c3ccccc3Oc3ccccc3)ncn2)CC1,18.21631641133365
Cc1ccc(Oc2c(-c3ccncc3)ncnc2N2CCC(Nc3ncccn3)CC2)cc1,18.215929560027973
Cc1ccc(-c2nn(CCN3CCCCC3)c3ncnc(Nc4ccccc4)c23)o1,18.208672968104395
Nc1nc(CN2CCN(c3nc(-c4ccc(Oc5ccccc5)cc4)co3)CC2)cs1,18.188115520053834
Oc1nc(-c2ccc(Oc3cccc(SCc4ccccc4)c3)cc2)nc2ncnn12,18.187839792437043
COC(=O)c1ncc(-c2nc(-c3cccc(Oc4ccccc4)c3)n3c2COCC3)s1,18.182283686122265
CN1CCCN(Cc2cc3c(N)nc(-c4ccc(Oc5ccco5)cc4)nc3s2)CC1,18.174066407120936
Cn1nc(-c2ccc(CN3CCCCC3)cc2)c2sc(-c3ccc(C(=O)O)cc3)nc21,18.162847020356246
Cn1cc(-c2nc3ccccc3s2)nc1-c1ccc(CN2CCC(CC(=O)O)CC2)cc1,18.15116605705564
O=C(O)C1CCN(Cc2ccc(Oc3nc4sccn4c3-c3cccnc3)cc2)CC1,18.105054063286758
CC(=O)N1CCN(c2ccc(-c3nc(Oc4ccc(C)cc4)c(C(=O)O)s3)s2)CC1,18.101062015633207
Nc1nc(Oc2cccc(-c3ccccc3)c2)nc(N2CCN(c3ccccc3)CC2)n1,18.091150036784494
O=C(O)Cn1cc(-c2ccc(Oc3ccccc3)c(N3CCOC3)c2)nc1-c1ccccc1,18.069048439287005
COc1ccc(-c2csc3ncnc(NC4CCN(Cc5ncccc5C#N)C4)c23)cc1,18.0635676887749
O=C(O)c1nccc(CN2CCC(Oc3ccc(-c4nc5ccccc5s4)cc3)CC2)n1,18.033819799605066
COc1ccc(CNc2nn3c(=O)c(-c4ccco4)c(-c4ccccc4)nc3s2)cc1,18.02801092624486
N#Cc1ccc(-c2nc(-c3cccs3)cs2)cc1CN1CCC(CC(=O)O)CC1,18.02560064482707
Cc1sc2c(N3CCN(Cc4ccc(O)cc4)CC3)nc(C#N)nc2c1-c1ccccc1,18.022647233631748
COC(=O)CNc1cc(-c2sc(N3CCCC3)nc2Oc2ccc(Cl)cc2)ccn1,18.01899645289684
Cc1ccc(-c2cn3ncnc3nc2Oc2ccc(CN3CCC(C(=O)O)CC3)cc2)cc1,17.994323387446343
COc1ccc(-c2c(SCc3cccc(Cl)c3)nc3ncnn3c2C(=O)O)cc1,17.992205590855903
O=C(O)C1(c2csc(SCc3nnn(-c4ccccc4)c3-c3ccccc3)n2)CC1,17.975672023147713
COc1ccc(-c2ccc(-c3csc4c(N5CCOCC5)nc(N)nc34)c(C)c2)cc1,17.97384559900846
COc1ccc(-c2ccc(-c3ncnc4sc(CN5CCC(C(=O)O)C5)nc34)cc2)cc1,17.96675557990288
O=C(O)C1CCN(Cc2nc(-c3ccc(Oc4ccc(Cl)cc4)cc3)ns2)CC1,17.95525649167171
c1ccc(-c2[nH]nnc2Oc2ccc(CSc3cn(-c4ccccc4)nn3)cc2)cc1,17.948610471043523
c1ccc(CCC2CCN(c3ncnc(Nc4ccc(-n5cccn5)nc4)n3)CC2)cc1,17.946423112967114
COc1ccc(-c2ccc(-c3csc4ncnc(NC5CCN(CC#N)C5)c34)cc2)cc1,17.910516060159605
COc1ccc(-c2nc(Cl)nc(N3CCC(Nc4ccccn4)CC3)c2C#N)cc1,17.891722111130093
c1ccc(-c2cccnc2Oc2ncnc(NC3CCN(Cc4ccccn4)CC3)n2)cc1,17.872430388335296
Nc1nc(CN2CCN(c3ccccc3-c3ccc(Oc4ccccc4)cc3)C2=O)ns1,17.84349704581115
Cc1ccc(Oc2ccc(-c3csc(N4CCN(CC(=O)O)CC4)n3)cc2)c(C#N)c1,17.794538260984368
Cn1c(-c2ccccc2)nc(CSc2nnnn2-c2ccccc2)c1-c1ccc(O)cc1,17.77802109303033
COc1ccc(-c2csc3ncnc(NCC4CCN(C(=O)OC(C)(C)C)C4)c23)cc1,17.752592462697404
CNc1ncnc2c1nc(-c1ccc(-c3ccc(OC)cc3)cc1)c(=O)n2C1CCCC1,17.752301649795015
COc1cc(-c2ncnc(NC3CCN(C(C)(C)C)CC3)c2C#N)ccc1OC(C)(C)C,17.750100577670047
Oc1cc(-n2c(SCc3ccccc3)nnc2-c2ccc(OC(F)(F)F)cc2)ncn1,17.73791117136524
CC(C)(C)Oc1ccc(-c2nnc(NC3CCN(Cc4ccccc4)CC3)nc2C#N)cc1,17.723923513016803
COc1ccc(-c2ccc(-c3csc4c(N)nc(N5CCOC[C@@H]5C)nc34)cc2)cc1,17.722144328492824
c1ccc(COc2ccc(-c3nc(Nc4nccs4)nc(N4CCCC4)n3)cc2)cc1,17.703417063368274
COC(=O)C1CC(Nc2ncnc3scc(-c4ccc(Oc5ccccc5)cc4)c23)CO1,17.67084459743489
COc1ccc(-c2nc(NC3CCCCC3)c3c(N4CCC(C)OC4)ncnc3n2)cc1,17.66630630261518
COc1ccc(-c2nc3n(c2-c2ccccc2)Oc2ccc(OCC(=O)O)cc2S3)cc1,17.637653329653453
COc1cc(CSc2nc(NC3CCCCC3)nc(N3CCCCC3)n2)ccc1C#N,17.62686434648012
COc1ccc(-c2csc(-c3ncnc4c3c(N)nn4Cc3ccc(F)cc3)c2)cc1,17.626218012687236
Cc1ccc(CN2CCN(c3snc(-c4ccccc4)c3-c3nc(N)no3)CC2)cc1,17.625187542293055
CC1(c2csc(NC(=O)CSc3nc4ccccc4c(=O)n3-c3ccccc3)n2)CC1,17.624652092637472
COc1ccc(-c2nc3c(N4CCC(CC(=O)O)CC4)nc(-c4ccccc4)nc3s2)cc1,17.599987300098192
CC(=O)Nc1ncc(-c2cnc(N3CCCCC3)nc2Oc2ccc(Cl)cc2)s1,17.59630570743898
O=C(O)CC1CCN(Cc2ccc(-c3csc(-c4cccc5c4OCO5)n3)cc2)CC1,17.583967036894226
Cn1cc(-c2ccc(OCc3ccccc3)c(OC(=O)NC3CCCCC3)c2)n2ncnc12,17.58267466424982
Cn1nc2c(-c3ccccc3)c(N)nc(SCc3ccc(-c4ccccc4)cc3)n2c1=O,17.580324827532827
O=C(Oc1cc(-c2csc(NC3CC3)n2)ccc1OCc1ccccc1)N1CCCC1,17.570122503886832
Cc1cc(CN2CCCN(c3cc(-c4ccc(OC(C)(C)C)cc4)nc(N)n3)CC2)no1,17.550833982184226
Nc1nc(-c2ccc(OCCN3CCC(C(=O)O)CC3)cc2)nc2sc3c(c12)CCCC3,17.530160797134794
Nc1nnc(-c2ccc(Oc3cccc(CN4CCN(c5ccccc5)CC4)n3)cc2)s1,17.504183799864418
COc1ccc(N2CCN(c3nc(N)nc(-c4cccc(-c5ccccc5)c4)n3)CC2)cc1,17.50355108888744
COC(=O)c1cccc(-c2ccc(CN3CCC(Nc4ncnc5ccsc45)CC3)cc2)n1,17.502333722928743
Cc1ccccc1-c1nc(N2CCN(Cc3ccc(Oc4ccccc4)cc3)CC2)no1,17.501497898341793
CCOc1ccc(-c2noc(NC3CCN(c4ncccn4)CC3)n2)cc1C(F)(F)F,17.49400094849163
COC(=O)c1ccc(-c2ccc(CN3CCC(Nc4ncnc5ccsc45)CC3)cc2)o1,17.479897774841596
Clc1ccc(-c2nc3c(NCCCn4cncn4)ncnn3c2-c2ccccc2)cc1,17.442603470541002
Cc1ccc(Oc2nc(-c3ccc(Oc4ccccc4)cc3)nc(N3CCNCC3)n2)cn1,17.439118962493733
Nc1nc(N2CCC(c3ccccc3)CC2)cc(-n2ncnc2SCc2ccccc2)n1,17.433589375142077
O=C(O)COc1ccc2c(c1)sc1nc(-c3ccc(Oc4ccccc4)cc3F)nn12,17.433286405092137
O=c1c2c(ncn1CCC1CCC1)sc1cc(-c3ccc(Oc4ccccc4)cc3)nn12,17.42180896852533
Nc1cnc(Oc2ccc(-c3nc(N4CCOCC4)sc3CC3CCCC3)cc2)cn1,17.384737630956767
Oc1cnc(N2CCC2)nc1-c1c(-c2ccc(Oc3ccccc3)cc2)nnn1C1CCCC1,17.357962638691983
O=C(O)CC1CCN(Cc2ccc(-c3ncnc4scc(-c5ccco5)c34)cc2)CC1,17.355988336342968
O=C(O)C1CCN(Cc2ccc(Oc3cc(-c4ccc5c(c4)OCO5)sn3)cc2)CC1,17.33799092363019
O=C(O)Cc1ccc(OCc2nc3sc(-c4ccncc4)c(-c4ccccc4)n3n2)cc1,17.337570062030196
COc1ccc(-c2nc(NC3=NC=N3)nc(SCc3ccccc3)n2)cc1C(F)(F)F,17.334741408679612
O=C(O)c1cccc(-n2nnnc2SCc2ccc(Oc3ccc(F)c(F)c3)cc2)c1,17.331867744812815
CCn1ccc2c(-c3ccc(OCc4nc5ccccc5s4)cc3)c(C#N)c(N)nc21,17.299425135899426
O=C(O)c1cccc(-c2ncnc3sc(-c4ccc(OCCN5CCCC5)cc4)nc23)c1,17.2975895594829
O=C(O)CSc1nc(-c2ccc(Oc3ccc(F)c(F)c3)cc2)n(-c2ccccn2)n1,17.284021445865356
c1ccc(Oc2ccc(-c3cc(N4CCC(COc5ncccn5)CC4)ncn3)cc2)cc1,17.270159590187742
CN1CCC(Oc2ccc(-c3cn(CC4CCCCC4)c4ncnc(N)c34)cn2)CC1,17.268508845933013
O=C(O)C1CCN(Cc2ccc(Oc3cc(-c4nc5ccccc5s4)ncn3)cc2)C1,17.247205041670473
Nc1cc(-c2nccs2)nc(Oc2ccc(CN3CCC(F)(F)CC3)cc2)n1,17.23660981043371
Cc1c(-c2ccc(-n3ncnc3SCc3ccccc3)cc2)nc2ccc(C(=O)O)cn12,17.230518091459565
Nc1nc(Oc2ccc(-c3ccccc3)cc2F)c2cnn(CCN3CCCCC3)c2n1,17.21449382928947
COc1ccc(-c2nn(C3CCCC3)c3ncnc(NCc4ccc5c(c4)OCO5)c23)cc1,17.145317090178768
CC(C)Oc1ccc(-c2nc(-c3ccc(C(C)(C)C)o3)nc(N3CCNCC3)n2)cc1,17.13022870433571
Nc1nccc(-c2ccc(OCCC3CCN(c4nc5ccccc5s4)CC3)cc2)n1,17.108837862369366
CC(C)Oc1ccc(-c2nsc(N3CCN(c4ccc(C(=O)O)cc4)CC3)n2)cc1,17.083910845103148
O=C1OCCN1c1nc(NC2CCCCC2)nc(-c2ccc(Oc3ccccc3)cc2)n1,17.064927996060455
COc1ccc(CNc2ncnc3c(-c4ccc5c(c4)OCO5)c(-c4ccccc4)nn23)cc1,17.045471922446108
Cc1ccc(CN2CCCN(c3cc(-c4ccc(OC(C)(C)C)cc4)nc(N)n3)CC2)o1,17.03746681967452
O=C(O)CN1CCC(Oc2nc(-c3ccc(Oc4ccccc4)cc3)c3ccsc3n2)CC1,17.025776236871195
O=C(O)CSc1nnn(-c2ccc3c(c2)CCO3)c1-c1ccc(Oc2ccccc2)cc1,17.024322776701506
COc1ccc(-c2csc3c(N4CCC(CC(=O)O)CC4)nc(-n4cccn4)cc23)cc1,16.986029708017732
Nc1nc(OCc2cc(-c3ccccc3)co2)cc(N2CCN(c3ccccc3)CC2)n1,16.983888595819376
COC(=O)Cn1cc(-c2ccc(OC(C)(C)C)cc2)nc1NCc1ccc2c(c1)OCO2,16.967321458583623
Cc1nc2c(O)cc(-c3ccc(-n4nnnc4SCc4ccccc4)cc3)cc2s1,16.945534762747574
Cc1cccc(N2CCC(Nc3ncnc4c3ncn4CC(=O)c3ccccc3)CC2)c1,16.94480592608065
O=C(O)c1nn2c(-c3ccccc3)c(-c3ccc(OCc4ccccc4)cc3)nc2s1,16.910510912641328
COc1ccc(-c2nc(NCc3ccc4c(c3)OCO4)nc3c2ncn3C2CCCC2)cc1,16.89653721801939
CC(C)(C)c1nc(-c2ccc(CCC(=O)O)cc2)nc(N2CCN(c3ccccc3)CC2)n1,16.86848712970074
O=C(O)CSc1nc2ccccc2c(=O)n1-c1ccc(Oc2ccc(F)cc2)cc1,16.84832184194832
O=C(O)c1ccc(-c2ncnc3c2nc(-c2ccccc2)n3CCN2CCCCCC2)cc1,16.8417813803406
COc1ccc(-c2c(-c3ccc(OC(F)(F)F)cc3)nc(NC3CC3)n3ncnc23)cn1,16.83470180000318
N#Cc1sc(N2CCN(CCC(=O)O)CC2)nc1-c1ccc(Oc2ccccc2)cc1,16.834446414923413
O=C(O)CC1CCN(c2ncnc3c(-c4cccc(Oc5ccccc5)c4)csc23)O1,16.831082738040433
O=C(O)c1ccc(-n2c(SCc3ccccc3)nc3c(N4CCCC4)ncnc32)cc1,16.830818657741965
Nc1nc(-c2cccc(Oc3ccccc3)c2)nc(N2CCN(CC3CCCCC3)CC2)n1,16.827404003444137
Nc1nc(-c2ccc(OCCN3CCCCC3)cc2)c2nc(-c3ccccn3)sc2n1,16.813484575827164
Cc1cccc(SCc2nc(-c3ccc(Oc4ccc(Cl)cc4)cc3)n(N)n2)n1,16.813062116530688
COc1ccc(-c2nc(-c3cc(-c4ccccc4)c(N)s3)cc(N3CCOCC3)n2)cc1,16.811280056105613
Nc1nc(-c2ccccc2)cc(-c2csc(N3CCN(Cc4ccccc4)CC3)n2)n1,16.807355158143455
CC(C)(C)OC(=O)Oc1ccc(-c2ccc(C(=O)O)s2)cc1OCCN1CCCCC1,16.78221302663233
Nc1nc(-c2cc(-c3ccc(OCCN4CCCC4=O)cc3)cs2)nc2sccc12,16.77383029386998
Oc1ccc(CN2CCN(c3nc(-c4ccccc4Oc4ccccc4)co3)CC2)cc1,16.770752476109667
Cc1nc(N2CCC(CNc3ncnc4scc(-c5ccccc5)c34)CC2)ncc1C#N,16.74782617571804
COc1ccc(-c2nc(NC3CCOCC3)nc(-c3ccc(OC(F)(F)F)cc3)n2)cc1,16.745091711071858
O=C(O)C1CCN(Cc2csc(-c3nnc(SCc4ccc(Cl)cc4)o3)c2)C1,16.73815720437647
COc1ccc(-c2nc(NC3CCC(=O)CC3)nc(SCC#Cc3ccccc3)n2)cc1,16.728307862248787
O=C(O)CC1CCN(Cc2nn3nc(-c4ccc(Oc5ccccc5)cc4)cc3s2)CC1,16.725160488463093
Nc1nc(CN2CCN(c3ccc(-c4ccccc4Oc4ccccc4)cc3)C2=O)ns1,16.700418041612814
COc1ccc(-c2nc3c(N4CCC(CC(=O)O)CC4)nc(C(C)(C)C)nc3s2)cc1,16.671615873449127
Cc1ccc(-c2nc(SCc3ccc(Cl)c(Cl)c3)nc(=O)n2CC(=O)O)cc1,16.667228198579668
Oc1ccc(-c2nnc(SCc3ccc(OC(F)(F)F)cc3)n2-c2ccccc2)nn1,16.65666813351499
COc1ccc(-c2csc3ncnc(NC4CCN(C(=O)OCC(C)(C)C)OC4)c23)cc1,16.64505759574492
O=C(O)c1ccc(-c2cc(-c3csc(N4CCN(Cc5ccccc5)CC4)n3)on2)cc1,16.642890825372852
Fc1ccc(-c2oc(NC3CCCC3)nc2CSc2nnnn2-c2ccccc2)cc1,16.639913164107227
COc1ccc(-c2c(N)nc(N3CCC3)nc2Sc2nc(C(F)(F)F)cs2)cc1,16.639563274320235
O=C(O)c1ccc(-c2nc(COc3ccc(-c4ccccc4N4CCO4)cc3)cs2)cc1,16.63855925015156
COc1ccc(-c2csc(-c3nc(N)nc(N4CCN(c5ccccc5)CC4)n3)c2)cc1,16.608609407896143
COc1ccc(-c2nc(N3CCC(C(=O)O)C3)sc2-c2ccc(OC(C)(C)C)cc2)cc1,16.607939272640415
CC(C)(C)Oc1ccc(-c2nc(NC3CCCCC3)nc(N3CCOC(C)(C)C3)n2)cc1,16.557149557478777
CCOc1cc(N2CCC(Nc3ncnc4scc(-c5ccccc5)c34)CC2)ncn1,16.544919832786668
O=C(NC1CCCCC1)Oc1ccc(-c2nnnc(SCc3cccs3)n2)cc1,16.54430178761541
c1ccc(COc2ccc(-c3nc(NC4CC4)nc4c3ncn4C3CCCC3)cc2)cc1,16.537907727569554
O=C(O)c1ccc(-c2nc(-c3ccc(OCCN4CCCCC4)c(Cl)c3)ns2)o1,16.532627170796612
COc1cc(OC(=O)N2CCN(c3nc(-c4ccc(C)cc4)cs3)CC2)ccc1O,16.513634205576547
Cc1nc(Nc2ccc(Oc3cccc(-c4ccccc4)n3)cc2)nc(N2CCOCC2)n1,16.510231269507592
O=C(O)CN1C(=O)/C(=C/c2ccn(-c3ccc(Oc4ccccn4)cc3)c2)SC1=S,16.477967244550946
COC(=O)c1ccc(CNc2ncnn3c(-c4ccccc4)c(-c4ccccc4)nc23)cc1,16.475392085712027
COc1cc(-c2nnc(/C=C3\SC(=O)NC3=O)s2)ccc1Oc1ccc(Cl)cc1,16.449920281230224
COc1ccc(-c2ccnc(NC3CCN(c4nc(-c5ccccc5)co4)CC3)n2)cc1,16.38667020024339
COc1ccc(-c2csc(-c3ccc(N4CCN(c5nccc(N)n5)CC4)cc3)n2)cc1,16.35570157845908
O=C(O)c1cc2nc(-c3ccc(OCc4ccccc4)cc3)nc(N3CCOCC3)c2s1,16.338220156343702
Nc1ncnc2c1c(-c1ccc(Oc3cccs3)cc1)nn2CCN1CCCCC1,16.335223692824492
O=C(O)CSc1nc(-c2ccccc2)c(-c2ccccc2)n1Cc1ccc2c(c1)OCO2,16.306813907256938
COc1ccc(-c2nc3c(NC4CCN(Cc5ccccc5)C(=O)C4)ncnc3s2)cc1,16.293651261593773
Cc1ncc(-c2cnc(NC3CCCCC3)nc2Oc2ccc(N3CCOCC3)cc2)o1,16.29067684509824
O=C(O)c1cccc(-c2c(-c3ccc(OCCN4CCCCC4)cc3)sc3ncnn23)c1,16.282607491384738
Nc1cnc(Oc2cccc(-c3csc(N4CCN(Cc5ccccc5)CC4)n3)c2)o1,16.25010054782077
CN(C)c1ccc(-c2cc(-c3nn(CC4CCCCC4)c4ncnc(N)c34)cs2)cn1,16.195897900102434
COC1CCN(c2nc(NC3CCCCC3)nc(-c3ccc(OC(C)(C)C)cc3)n2)CC1,16.1921462590524
COc1ccc(Oc2ccc(N3CCN(C(=O)Oc4ccc(C(=O)O)s4)CC3)cc2)cc1,16.18268581016578
CN1CCN(c2ccc(Oc3nc(Nc4ccccn4)nnc3-c3ccccc3)cc2)CC1,16.17148061680673
COc1ccc(-c2csc3ncnc(NC4CCN(C(=O)OC5CCC5)CC4)c23)cc1,16.157343559375587
COc1sc(-c2nc(N)nc(N3CCN(c4ccccc4)CC3)n2)cc1-c1ccccc1,16.144090963820666
COc1ccc(-c2csc3c(N4CCN(c5ccccc5)CC4)nc(N)nc23)cc1,16.088598536483413
O=C1OC(c2cccc(Oc3ccccc3)c2)CN1c1nc(-c2cccc(O)c2)ns1,16.06412276542693
COc1ccc(-c2cn(CC3CCCCC3)c3ncnc(N4CCC(C(=O)O)C4)c23)cc1,16.05285239680862
COc1ccc(-c2nc(SCC(=O)O)nnc2-c2ccc(C(F)(F)F)s2)cc1,16.043587182963275
Nc1ncnc2c1nc(SCc1ccc(F)cc1)n2-c1ccc(Oc2ccccc2)nc1,16.032950842924
COc1ccc(-c2nc(NC3CCCCC3)c3ncn(Cc4cccc(F)n4)c3n2)cc1,15.972813384349534
O=C(O)CSc1nc(-c2ccc(Cl)cc2)n(-c2ccc(OC(F)(F)F)cc2)n1,15.971885548127032
COc1ccc(-c2nc(NC3CCN(c4nc(-c5ccccc5)cs4)CC3)no2)cc1,15.920535875045584
Nc1nccc(-c2csc3ncnc(N4CCC(CCOc5ccccc5)CC4)c23)n1,15.892708905676757
Cc1ncc(-c2nc(NCc3cccc(OC(F)(F)F)c3)nc(N3CCCCC3)n2)o1,15.888626570585163
Cn1cc(-c2nc(-c3ccc(OCc4ccccc4)c(OC(F)(F)F)c3)ns2)nn1,15.878687787554945
c1ccc(COc2ccccc2-c2ncnc(N3CCC(Nc4ncccn4)CC3)n2)cc1,15.871239667067226
COc1ccc(-c2cc(NCc3ccc4c(c3)OCO4)nc(N3CCCCC3)c2C#N)cc1,15.829527526532408
COc1ccc(-c2nc(NC3CCCO3)nc(-c3ccc(OC(F)(F)F)cc3)n2)cc1,15.813205801126028
COc1ccc(-c2csc3c(N4CCC(CC(=O)O)CC4)nc(C(C)(C)C)nc23)cc1,15.803345855573134
Cc1ccc(-c2nc(NCc3ccc(OC(F)(F)F)cc3)nc(N3CCCCC3)n2)o1,15.798818459528896
c1cc2c(cc1CNc1nc(-c3ccc(OC4CC4)cc3)nc(N3CCCCC3)n1)OCO2,15.788615716803754
CC(C)Oc1ccc(-c2nc(N3CCN(C(=O)OC(C)(C)C)CC3)sc2N)cc1Cl,15.75196604267026
COc1ccc(-c2csc3c(N4CCC(CC(=O)O)CC4)nc(-c4ccncc4)n23)cc1,15.70887935772616
COc1ccc(CNc2ncnn3c(-c4ccccc4)c(-c4ccc5c(c4)OCO5)nc23)cc1,15.690829622499278
O=C(O)c1cc(-c2ccc(-n3ncnc3SCc3ccccc3)cc2)n(-c2ccccc2)n1,15.67306963102603
COc1ccc(-c2nc(NC3CCCCC3)n3ncnc3c2OC)cc1OC(F)(F)F,15.598372592209023
O=C(O)c1ccc(-n2nc(-c3ccc4c(c3)OCO4)nc2SCc2ccccc2)cc1,15.51667654968918
COc1ccc(-c2nnc(N3CCC(Nc4nccc(-c5ccccc5)n4)CC3)s2)cc1,15.505143532892252
CSSc1nc(-c2ccc(OC(=O)NC3CCCCC3)cc2)n(-c2ccccn2)n1,15.448794642164998
O=C(O)CSc1nc2ccc(OCc3ccc(Cl)cc3)cc2n1-c1ccncc1,15.354173472191915
Nc1nc(SCC(=O)N2CCCCC2)sc1-c1ccc(Oc2ccccc2)cc1,15.353452653388546
Nc1ccc(CN2CCN(c3nc(-c4ccc(Oc5ccccc5)cc4)cs3)CC2)o1,15.33156309411878
Cc1nc(CNc2ncnc3c2nc(-c2ccccc2)c(=O)n3CC2CCCCC2)cs1,15.267438587886135
Nc1nc(-c2cccc(Oc3cccs3)c2)nc(N2CCN(Cc3ccccc3)CC2)n1,15.20356500996234
C[C@H]1COCCN1c1nc(N)c2scc(-c3ccc(OCc4ccccc4)cc3)c2n1,15.199947742566751
COc1ccc(-c2csc3c(N4CCN(Cc5ccccc5)CC4)nc(N)nc23)cc1,15.139699528761115
Cc1cc(-c2nc3c(NCc4cccs4)ncnc3n(CC3CCCCC3)c2=O)ccn1,15.138554845056547
COc1ccc(-c2sc3ncnn3c2-c2ccc(C(=O)O)cc2)cc1OC(F)(F)F,15.112115371707954
CC(C)c1ccc(-n2cc(/C=C3\SC(=O)NC3=O)c(-c3ccc4c(c3)OCO4)n2)cc1,15.09225282011485
c1ccc(CN2CCC(Nc3nnnc(-c4cccc(Oc5ccccc5)c4)n3)CC2)cc1,15.027098798116027
c1ccc(COc2ccc(Oc3nc(N4CCOCC4)sc3-c3c[nH]cn3)cc2)cc1,15.022408287000458
N#Cc1ccc(-c2noc(N3CCN(Cc4ccc(Oc5ccccc5)cc4)CC3)n2)cc1,14.913674843101512
NC1=NN(c2cc(-c3ccc(OCc4ccccc4)cc3)c3ncn(C4CCCC4)c3n2)C1,14.892867558961166
Nc1cc(Oc2ccc(-c3csc(N4CCN(Cc5ccccc5)CC4)n3)o2)ccn1,14.769164842801972
COc1ccc(-c2csc3ncnc(NCC4CCN(c5ncccn5)CC4)c23)cc1,14.762575243297388
COc1ccc(-c2nc3c(NC4CCN(Cc5ccccc5)CC4)ncnc3s2)cc1,14.569333358918072
O=C(O)CC1CCN(c2ncnc3scc(-c4ccc(Oc5ccccc5)cn4)c23)C1,14.514255563567852
Nc1nc(-c2ccc(Oc3cccs3)cc2)nc(N2CCN(Cc3ccccc3)CC2)n1,14.302531922748216
c1ccc(Oc2ccc(-c3nc(NCc4ccco4)nc(N4CCOCC4)n3)cc2)cc1,14.259967693598092
Nc1nc(-c2ccc(Oc3ccccc3)s2)nc(N2CCN(Cc3ccccc3)CC2)n1,14.206630386979851
Nc1nc(-c2cccc(Oc3ccccc3)c2)nc(N2CCN(Cc3ccccc3)CC2)n1,13.710735549060376
Nc1ncc(CN2CCN(c3nc(-c4ccc(Oc5ccccc5)cc4)cs3)CC2)o1,13.410740231967154
c1ccc(Oc2ccc(-c3ncnc(NC4CCN(Cc5ccccn5)CC4)n3)cc2)cc1,12.976944173145705
Nc1nccc(-c2csc(N3CCN(Cc4ccc(Oc5ccccc5)cc4)CC3)n2)n1,12.922416486529375
Nc1nc(-c2ccc(Oc3ccccc3)cc2)nc(N2CCN(Cc3ccccc3)CC2)n1,12.863902621548917
Nc1ncc(-c2csc(N3CCN(Cc4ccc(Oc5ccccc5)cc4)CC3)n2)o1,12.817296807916174
