SMILES,log-likelihoodog
CC(C)n1cc2cc(-n3cc(-c4nc5ccc(C(=O)O)nn5n4)sc3=S)ccc2n1,29.50887764372215
CSc1ncnc2nc(-n3nc(-c4nc(C)cs4)nc3NN=C3CCCCC3)cn12,27.921590017680014
Cc1csc(-c2nc(-c3ccnc(N/N=C4\CCC5(CCCCN5C)C4)n3)no2)n1,27.61551315671179
C[C@@H]1CC[C@H]2C/C(=N\Nc3nc4c(nnn4-c4ccccc4)n3CC3CCC3)N=C2O1,27.074668152118768
CSc1nc(N=[SH](=O)c2csc(NN3C=CCC=N3)n2)nc(N2CCCCC2)n1,26.250859440534327
CCn1nnc2ccc(-n3c(S)nn4nc(-c5ccc6c(c5)OCO6)c(C)c34)nc21,26.153831808937333
C=NC(=O)SSc1ccc2nc(-c3nc4nc(NN=C(C)C)sc4s3)cn2n1,25.711232735365954
c1coc(-c2nc3sc(-c4nnc5ccsc5n4)nc3n2CCC2CCCO2)c1,25.59236469528391
CNc1cnc(-c2nc3c(nc(-c4ccco4)n4nc(-c5cnn(C)c5)cc34)s2)s1,25.374645080273442
CCN1C(=O)CS/C1=N\Nc1nc(-n2cccn2)c2oc(-c3cccs3)nc2n1,25.258299177146597
COC(=O)c1cnc(-n2cc(-c3nc4sc(C)cc4c(=S)s3)nc2N)s1,25.251906508433656
Cn1ccc(-c2noc(-c3cn(-c4ccc(O)cc4)c(SC(=S)OC(C)(C)C)n3)n2)n1,25.18402270363913
CCn1ncc(-c2nsc3c2cc(-c2cnccn2)c2nc(SS)ncc23)n1,24.997475384465172
CSc1nc(N)n2nc(-c3csc(-c4ccc5c(c4)OC[C@@H]4CC[C@@H]54)n3)nc2n1,24.99144993496921
CSC(=NNc1nc(-c2nccs2)nn1C=S)c1cn(-c2cccs2)nn1,24.480611261705416
CCSC(S)=NNc1nnn(-c2ccc3c(c2)[C@H](c2cnc4c(n2)OCO4)CO3)n1,24.419466018374766
CSc1nc2c(SC3=NC[C@H](c4cccs4)O3)nc(-c3csc(N)n3)cn2n1,23.89751234139384
Oc1ccc(-n2cc(-c3nc4sc(-c5ccn(CC6CCCO6)c5)nn4n3)nn2)cc1,23.75347947787162
COc1ccc2c(c1)OCc1cc(-c3nsc(N/N=C/c4cnc5ccccn45)n3)oc1-2,23.744455204765682
COc1ccc(-c2nnc(SS)s2)cc1-c1cn2c(nn1)nc1cccnc12,23.700200107925504
C[SH](c1nc(N/N=C2/OCCS2)nc(-c2nccs2)n1)c1nccs1,23.60306102977013
Cc1ccc(-c2nsc(N/N=C3\SCC4(CCCC4)N=C3n3nc(C)s3)n2)o1,23.567190611739306
CCC1CCN(c2ccc(-c3nc4c(-c5csc(N)n5)nsn4n3)cc2)CS1,23.5060720812424
CNc1nnc(-c2nc3n(C)cc(-c4nc(-c5ccc6c(c5)OCO6)cs4)n3n2)s1,23.48113765826815
COc1ccc2nc(-c3nc(N/N=C4/CC5(CCSC5)CS4)n(C)n3)oc2c1,23.426356526225096
N=[SH]c1cnc(N/N=C(/SC(=S)N2CCCC2)Sc2ccccn2)nn1,23.34351654361325
Nc1csc(-c2nc3sc(-c4ncn(C5CS5)n4)nc3n2Cc2ccccc2)n1,23.338379660488197
ON=C1CCN(Cc2ccc(/N=N/c3nsn4nc(-c5ccccc5)nc34)s2)CC1,23.30320881791519
CCn1c(=S)n(CC)c2c1nc(Nc1nccs1)n1nc(-c3ncc(F)o3)nc21,23.30164167754948
CC(C)=NNc1nnc(SC(=S)N2CCOC/C2=N/c2nc(C)cs2)s1,23.201083304310018
COc1nc(N2CCC2)cc2c1ncn2-c1nc(N)c2cc(-c3nccs3)sc2n1,23.18566931494209
CSC(=NN=C(S)N1CCCCC1)/C(C)=N/Nc1nnc2c3ccccc3nnn12,23.163133281087802
CSSc1nc2cc(-c3nc4sccn4n3)ccc2n1-c1nccc(N)n1,23.01537602622775
C/C(=N/Nc1nc2nc(-c3ccc(C)o3)nn2c2nc3sccc3n12)c1cccs1,22.98508633412466
CSc1nnc(-c2nnn3c(-c4ccc(/N=N/c5cccs5)cc4)ncnc23)s1,22.791795881482244
Nc1nnc(CCCn2nnc3ncc(-n4c(=S)sc5ccccc54)nc32)s1,22.761070050991837
CN(c1nnc(C(C)(C)C)o1)c1ncc(-c2nc(O)c3c(n2)sc(=S)n3C)s1,22.72853978077944
CSc1nn(C2CCCC/C2=N\Nc2nc(-c3ccccc3)ns2)c2ncnn12,22.72171251911201
c1csc(-c2nc3c4nn(CCNc5nccc(-c6ccsc6)n5)c-4nccn3n2)c1,22.627594422695164
C=CCn1c(-c2csc(N)n2)nc2c1nc(SC)n1nc(-c3cscn3)cc21,22.59383240886047
COc1ccc(-c2csc3nc(/N=N/c4ccc5c(n4)nc(S)n5C)nn23)cc1,22.54061918142818
C/C(=N\Nc1nc2ccc(N3CC3)nn2n1)c1nc(-c2ccc3scnc3c2)ns1,22.53724310864025
CSc1nc(N/N=C/c2ccc(F)cc2)c2nc(-c3nsc4nccn34)cn2n1,22.49156524657218
C/C(=N\Nc1nnc(-c2cc3nc(-n4ccc(F)c4)nn3s2)o1)c1cccs1,22.457001755867076
CCn1cc2c(-n3cnc(SCC(F)(F)F)c3)cc(-c3nnc(N)s3)nc2n1,22.380183156099417
COc1ccc(-c2nc3c(=S)nc(-n4nnc5sc(N)nc54)sc3s2)cc1,22.37395563583625
CNc1nc2sc(-c3nc4ncc(-c5ccc(C(C)=O)cn5)n4nc3F)nc2s1,22.351412624650337
CCOc1ccc(-c2csn3c(-c4noc(-c5cccs5)n4)nnc23)cn1,22.334248577254797
Cn1c(SCC2CCCO2)nc2sc(-c3csc(-c4cnc(N)nc4)n3)nc21,22.328751687901637
Cc1ccc(NC(=S)Sc2nsc3nc(-c4ccc5c(c4)OCO5)nn23)nn1,22.312145632180744
CC1(C)CCN(c2nc(N3CCCCC3)c3nnc(-c4csc(N)n4)n3n2)CC1,22.303766715164272
COc1cc(-c2nc(N)c3nc(-c4nc5sc(N6CC6)nc5s4)sc3n2)cs1,22.293826084646465
Nc1nnc(-c2cn(-c3nc(OCC4CC4)c4nscc4n3)c(=S)s2)s1,22.271425229838897
Cc1ccc(-c2nnc3sc(N/N=C4\CCCC4Cn4ncnc4S)nn23)s1,22.2488270663774
c1ccc(-n2nnnc2-c2ccc(Sc3nc(-c4cccs4)ns3)cn2)nc1,22.223298874927416
COc1ncc(-c2nnc(SSc3ccccn3)c(SC(N)=S)n2)s1,22.180127842493945
CNc1cncc(C2=NC3(N4CCOC(C)OC4)N=C(c4cccs4)N=C3S2)n1,22.17448387088296
Cn1cc2ncc(N/N=C(/c3ccc4c(c3)OCO4)c3coc(-c4cccs4)n3)nc2n1,21.968009343010223
CSc1nc(-c2csc(NN3CCC(c4nccs4)=N3)n2)nc2c1ncn2C,21.947151832285886
CS/C(=N\c1nnn(-c2ccc3nnc(C)nc3c2)n1)Nc1nc2ccccc2s1,21.91080352325105
COc1ccc(-c2csc(=S)c3c(-c4csc(-c5ccc(O)cc5)n4)nnn23)nn1,21.897736166177324
Nc1ncn2nc(Sc3nnc(-c4ccc5c(c4)OCCO5)n3CC3CC3)sc12,21.89455403207656
Oc1ccc(-c2nc3nc(-c4ccc(Cn5cnc6nccnc65)s4)sn3n2)cc1,21.828363058205607
CS[C@H]1CCCN(c2cn3c(-c4nc(-c5cccs5)no4)nnc3c(N)n2)S1,21.82274865137992
O=C(Cn1nc2c3nc(-c4cccs4)nn3ccnc1-2)c1ccc(-c2nccs2)cc1,21.82172322781859
CCn1c(=S)sc2c(-c3cnc4nn(C)cc4n3)nc(-c3csc(N)n3)nc21,21.803546781494113
C/C(=N\Sc1nc2c(nnn2-c2ccc(O)cc2)c(=S)n1C)c1nccs1,21.732734491946758
Oc1ccc(-n2ncc3c2-n2cc(-c4nc(CSc5cscn5)no4)nc2-3)cc1,21.72633133031045
O=[SH](=N/N=C/c1ccc2oc(-n3ncs3)nc2c1)c1csc(NN2CCCCC2)n1,21.722803610293965
Nc1nc(-c2nc3c(=S)n(CCC4CCCCS4)c(-c4ncco4)nn3n2)cs1,21.69444516941394
C/C(=N/Nc1nnc(-c2nn(C)c(=S)s2)n1-c1ccccn1)c1cccs1,21.684440065377558
N#Cc1nnc(S(=NN2CCOCC2)c2csc(N/N=C/c3ccccc3)n2)s1,21.661067776250388
COc1ccc(-c2nsc(-c3nn(-c4ccc5c(c4)OCCO5)c(=O)s3)n2)cc1O,21.635968095669753
CCn1cc(-c2nc(-c3cccs3)ns2)nc1-c1nc2c(N)nsc2n1C,21.570226736629316
CSc1nnc(-c2nc(-c3ccc4sc(N)nc4c3)nn2CC2N=CS2)s1,21.563477310078355
CSc1nnc(Nc2ccc(N=[SH](=S)n3nnc(-c4ccco4)n3)cc2)s1,21.550923183259368
Cc1nsc(-n2nc(-c3nc(-c4cccs4)ns3)nc2NN=C2CCCCC2)n1,21.50285413397429
Cc1nc(-c2nc(-c3nnc(N4CCOC[C@@H]4C)s3)nc3sc(N)nc23)cs1,21.49280256371482
CCn1c(-c2ncsn2)nn2nc(-c3csc(-c4ccc(O)cc4)n3)nc2c1=S,21.429573896087508
CC1(Cn2cccn2)CCC/C(=N\Nc2nn3nc(-c4cccs4)nc3s2)S1,21.40706454784485
COc1ccc(-c2nc3c4c(-c5cscn5)nn(NC5CCCC5)c4nnn3n2)cc1,21.33714802738863
COc1nnc(SC(=S)Nc2nc(-c3nc4ccccc4s3)ns2)nn1,21.328409953482744
Cn1nnc2c(-c3cccc(N)n3)nc(SCc3nc4sccc4s3)nc21,21.29710813685062
CCn1nc(Cl)c2nnc(NNc3csc(-c4ccc5c(c4)OCO5)n3)nc21,21.28039459003444
COc1ccc(-c2nn3nc(NN=C4C[C@H]5CCC[C@H](C4)S5)nc3s2)cn1,21.24470213482841
Cc1csc(-c2nc3c(N/N=N/C4CC4)nnn3c(=S)n2-c2ccccc2)n1,21.241479017960028
CSc1nc(N/N=C(\C)c2cc3ccccc3s2)n2nc(-c3cccnn3)nc2n1,21.20478998718724
Cc1csc(-c2cnc3c(N/N=C/c4nccs4)nn(-c4ccccc4)c3n2)n1,21.20149301118947
C/C(=N\Nc1nnc2cc(-n3cc(-c4cccs4)nn3)sn12)c1nccs1,21.121678411876125
S=c1oc(-c2cnc3nc(-c4cccs4)sc3n2)cn1CCCn1cncn1,21.1210421940157
Cn1cnnc1-c1nc2nc(N/N=C/c3ccccc3)sc(=S)c2n1-c1ccco1,21.07145565033034
CSC(S)=NNc1nnc([SH]=C2COc3cc([N+](=O)[O-])ccc3N2C)s1,21.067550905527597
COc1ccc(-c2nnc3sc(N/N=C4\CCCC5(CCCCO5)CS4)nn23)cn1,20.98573540753964
COC(=O)c1nc(-c2nc3c4c(=S)n(C)ncc4n(-c4ccccc4)n3n2)cs1,20.978560458662738
COC(=O)c1sc2nc(-c3cc4c(s3)-c3ccc(OC)nc3SC4)nn2c1N,20.963785575355626
COc1cc(N2CCOCC2)nc(-c2cc3sc(-c4csc(N)n4)nc3cn2)n1,20.932527271071137
COc1ccc(-c2nn(-c3ccc4nccn4c3-c3ccnc(N)n3)c(=S)s2)cn1,20.920023686820052
COc1ccc(/N=c2/nc(-c3nnn(-c4ccccc4OC)n3)sc(=S)s2)cn1,20.916563868187648
COc1cc(/C=N/Nc2nc(-c3nccs3)n(-c3ccc4c(c3)OCO4)n2)cs1,20.909638717676124
CCSc1nc2cc(-n3c(=S)nc4c(N)nc(-c5ccco5)nn43)ccc2s1,20.908265184150633
CCn1nc(-c2cc(-c3nncs3)nc(=S)s2)c2c(N)nc(N3CCCC3)nc21,20.888190875762607
C(\Cc1ccc(-n2nnc3scnc32)cc1)=N/Nc1nc(-c2cncs2)cs1,20.865807106526205
CCn1c(=S)sc2c(/N=N/c3cncc(N4CCC4)n3)nc(-c3nccs3)nc21,20.855440596404012
Cn1cnc(NN=C2CCCC/C2=N\Nc2nn(-c3ccccc3)c(=S)s2)nc1=O,20.766965164874932
CSCCNc1nc(-c2cccs2)nc2c1sc1nc(-c3ncccn3)nn12,20.748321972229895
C[SH](C)C(=O)Nc1csc(-c2nc3sc(-c4cscn4)nc3s2)n1,20.733976097062882
CNc1ncc2c(-c3nc(-c4ccc5nsnc5c4)ns3)nn(CC3CS3)c2n1,20.72881040307853
C/C(=N\Nc1nc2sc(-c3nnsn3)nc2s1)c1ccc(-n2ccnc2)cc1,20.726048157439205
COc1nccc(-c2nc3sc(-n4nc(-c5ccccc5)sc4=S)nc3n2N)n1,20.72197005633542
Oc1csc2c(NN3CCOCC3)nc(-c3csc(/N=N/c4ccccc4)n3)n12,20.718412859426486
C/C(=N\Nc1nnc(-c2nc3c(s2)-c2ccccc2OC3)s1)c1nn(C)c(=O)s1,20.710006097208684
Cc1csc(-c2nc(-c3nsc(NN4N=C(c5cccnc5)CO4)n3)cs2)n1,20.708128389348516
CC(S)=NNc1ncc2nc(-c3csc(-c4ccc(-n5cnnn5)cc4)n3)sc2n1,20.703919116108015
Cn1c(SCc2ccc3nc(-c4csnn4)sc3n2)nnc1-c1cscn1,20.67673863221143
Cc1nsc(-c2nc3ccc(N/N=C/c4ccc(N5CCCCCC5)cc4)nn3n2)n1,20.658803792612126
COc1ccc2c(n1)S[C@@H](C(=O)O)c1cc(-c3nnc(-n4cccc4)nn3)sc1-2,20.612026238767584
CSc1cn2nc(-c3nn4c(N/N=C(\C)c5cccnc5)nnc4s3)cc2s1,20.60217638320869
COc1ccc(-c2csc3nc(N/N=C4/CCCC[C@@H]4c4ncsn4)nn23)cn1,20.60127590095202
CSc1nc2c(N)nc(-c3ccc(-n4nnc(-c5cccs5)n4)cc3)nc2s1,20.56659854387241
COc1ccc(-c2nsn3nc(-c4ccc5nc(-c6nccs6)cn5c4)nc23)cn1,20.55486846324586
COc1ccc(-c2cn3nc(N/N=C4\CCCC5(CCCC5)S4=N)sc3n2)cn1,20.549333398130145
Cn1nc(-c2cccs2)nc1SC(=S)N/N=C/c1ccc2sc(O)nc2c1,20.512899607857292
Cc1nc(NN=C2C=NSC2)nnc1CSc1nnc(-c2cccs2)s1,20.467500651194957
Nc1nnc(-c2ccn(-c3ccc4nc(SSc5cccs5)nn4c3)n2)s1,20.45451883435668
C(=N/NNc1nnn2nc(-c3ccco3)cc2n1)\c1ccc(-n2cnc3ccccc32)cc1,20.453532116638343
Cn1cc(-c2cc3c(nnn4nc(-c5csc(-c6ccc(O)cc6)n5)nc34)n2C)cn1,20.450298820759052
Cn1cc(-c2nc(N/N=C/c3ccc4c(c3)OCO4)n(-c3nc4ccccc4s3)n2)cn1,20.444974965362253
Nc1nc2c(s1)c(-c1nc(-c3cccs3)ns1)nn2CCn1ccnc1F,20.43580526878663
COc1ncc2cc(-c3nn4c(N/N=C(\C)c5ccccc5)nnc4s3)sc2n1,20.42969381598932
COC(=O)c1ccc(/C=N/Nc2nsn3nc(-c4nsc5ccccc45)nc23)s1,20.42837379990518
Nc1nc(-c2nc(SCC3CC3)c3nnc(-c4ccc5c(c4)OCO5)n3n2)cs1,20.382070966009046
COc1ccc(-c2nc3nc(N/N=C4\CSCS4)nc(N=C4CCC4)n3n2)cc1,20.363769039373853
COc1cccc(-c2nc3nc(-c4nnc(N)s4)nn3n(-c3cccs3)c2=S)c1,20.357367641608672
COc1ccn(-c2ccc(-c3cn4nc(-n5ccc(=S)s5)nc4c(N)n3)s2)n1,20.310160473938875
CCOc1nc(-c2nc(S)ns2)n2c1-c1cc(-c3nncs3)ccc1OCC2,20.307343950310354
Cn1c(N)nc2c1ncn2C(=S)Sc1nc(-c2ccco2)nn1-c1ccccc1,20.263648928967417
CC(=Nc1nc(-c2ccc3c(c2)OCCO3)ns1)/C(C)=N/Nc1nncs1,20.26275100470625
C/C(=N\Nc1nc(-c2nnn(-c3ccccc3)c(=S)n2)cs1)c1cscn1,20.24273492688178
C/C(=N\Nc1nnc2nc(-c3cccnc3)sn12)c1nc(-c2cccs2)ns1,20.23941501527094
COc1ccc(-c2nc3nc(-c4cc5ccc(Cn6nccn6)cc5o4)sn3n2)cc1,20.224918948082816
Cn1c(/N=N/c2cc(N3CCC(O)C3)cs2)nn2nc(-c3ccco3)nc2c1=S,20.221858486681313
CSc1nnc(NN=C(C)c2nc(-c3cccs3)ns2)c2c1nc1n2CCO1,20.218627055247563
COc1ccc(-c2nsc(-c3nc4sc(-c5cc(N)nn5C)nc4s3)n2)cc1,20.20123766497736
Cc1nc2c(-c3cccs3)nc(-n3cc(/C=N/N=C/c4cccs4)nn3)nc2s1,20.187783641905277
CSCn1nnc(-c2ccc3c(c2)-c2snc(-c4csc(C)n4)c2CCO3)n1,20.15069797002634
Cn1nc(-c2cccs2)nc1-c1ncn2nc(-c3ccnc(NC4CC4)n3)sc12,20.123224171187186
CCn1c(=S)sc2nc(-c3nnnc(-c4nc(N)c(SC)s4)n3)ccc21,20.10516329878098
OCc1cnn(-c2nc3c(s2)c(-c2nc(-c4cccs4)ns2)nn3C=S)c1,20.08230851950316
COc1cc2c(N)nc3c(-c4nc(-c5cccs5)ns4)snc3c2nc1OC,20.062514790650653
S=c1ccn(-c2ccc3nc(N/N=C/c4ccc(-n5cnnn5)cc4)nnc3c2)s1,20.05999704148559
C/C(=N/Nc1nncc2nc(-c3cccs3)nn12)Sc1nc2ccccc2s1,20.05494615405347
Nc1nnc(-c2nc(S)c(-c3nc4cc(CN5CCCCC5)sn4n3)s2)s1,20.052120318454193
Cc1ncn(-c2ccc(/C=N/Nc3nc4ncn(-c5cscn5)c4s3)s2)n1,20.05059107783576
COc1nn2cc(-c3nc4nc(N/N=C/c5ccc(F)cc5)ncc4s3)nc2s1,20.04033159781599
CS(c1ccc(C#N)cc1)(c1nccnn1)c1nnc(N2CSC(S)=N2)s1,20.01926037338383
CSc1nsc(-c2nc3n(-c4ccc(O)cc4)ncn3c2-c2nccs2)n1,20.017922580358068
CSc1nc2ccc(/N=N/c3ccc(Cn4c(=S)sc(=N)n4C)cc3)nn2n1,20.005154189367346
Cc1sc(-c2nn3nc(N/N=C/c4ccc(-n5cncn5)cc4)nc3s2)cc1F,19.985848608314722
COC(=O)SCn1nc(-c2nc(-c3ccc(OC)cc3)no2)nc1NC(=S)S,19.97238234907971
C/C(=N/Nc1nc(-c2ccn(-c3cccc4c3OCCO4)n2)cs1)c1nccs1,19.93803642640752
Sc1nc(N/N=C/c2ccc(-c3cncs3)cc2)nn2nc(-c3cncs3)nc12,19.92439384069252
CC(=S)Sc1nc(-c2nc(-c3ccco3)nn2C)cn2nc(-c3cscn3)nc12,19.91979461820181
COc1ccc(/C(C)=N/Nc2nn3nc(-c4nc5ccccc5s4)nc3s2)cn1,19.896112374925714
Sc1nc(N/N=C/c2ccc(-c3cncs3)s2)c2nc(-c3cccnc3)nn2n1,19.83315149448322
O=C(O)c1ccc(-c2cnc3nc(SCc4ccc5c(c4)OCO5)nnn23)cc1,19.823836459422573
N#Cc1cnc(-c2cn3cc(-c4nc(-c5cccs5)ns4)sc3n2)n1CCO,19.81612786413339
Nc1nnc(-c2nc3c(OCc4ccc(C5CCSS5)cc4)nccn3n2)s1,19.80644001951402
Sc1nnc(-c2cc3nc(-c4ccc(OCc5nncs5)cc4)nn3cn2)s1,19.786237077670446
Cc1nn(-c2nc3c(N4CCCCC4)nc(-c4ccc(CN)o4)nc3s2)c(=S)o1,19.78135929502855
Nc1nc(-c2cccs2)nc2c(-c3ncsn3)nn(CCN3CCCCC3)c12,19.752959707269312
C(=N/Nc1nnn(-c2ccccc2)n1)\c1cc2scc(Oc3cncnc3)c2s1,19.742130186726286
Nc1nnc(SCc2nc(-c3nc(-c4cccs4)ns3)nnc2Cl)s1,19.736512006904377
COC(=O)C1CC/C(=N\Nc2nc(-c3nc(-c4ccccc4)ns3)cs2)S1,19.730004253474064
C/C(=N/Nc1nc(-c2nnn(-c3cccc(Cl)c3)n2)ns1)c1cccs1,19.71798923126617
Cc1nnccc1-c1nc2c(N/N=C/c3ccc(-c4cncs4)s3)nsn2n1,19.711771373009462
c1cncc(Nc2nc(SCc3nnc(-c4cccs4)o3)nc(N3CCOCC3)n2)c1,19.687467139305788
Cc1ccn(-c2nc(/N=N/c3csc(N4CCCC4)n3)n(-c3cccc(O)c3)n2)n1,19.685908528739873
Cn1c(/N=N/c2ccnc(N3CCCC3)n2)nc2c(nnn2-c2ccc(O)cc2)c1=S,19.661122521520774
C(=N/c1nsc(NCc2cn(-c3ccccc3)nn2)n1)\c1ccc2c(c1)OCO2,19.644619462591436
Cc1nnc(-c2nc(SC(=S)CSc3ncco3)nc(N3CCCC3)n2)s1,19.636559078098543
COc1nc(-c2cc(C)c3c(cnn3C(=S)Sc3csc(N)n3)n2)ns1,19.633023097808415
CC(C)=NNc1nc(Sc2ncc3nc(-c4ccc5ncnn5c4)sc3n2)cs1,19.632868381316165
O=C(O)c1ccc(-c2cc3sc(SCc4nsc(-c5ccco5)n4)nn3n2)cc1,19.628043358897862
CSc1nc(-c2nn3ncc(-c4nsc(NN)n4)c3s2)cc(C(F)(F)F)n1,19.62039159710103
COc1ccc(-c2nc(-c3nc4c(N)nc(-c5cccs5)nc4s3)cs2)cn1,19.585141002303295
Cc1nc(CN2CCC(=NNc3nc(-c4cccs4)ns3)CS2)sc1C#N,19.58362476605236
Cn1c(Cl)cnc1SSc1ccc(-c2nnc(-c3csc(N)n3)s2)nn1,19.5825980932351
CSc1nnc(-c2nc(N/N=C3\CCCCN3c3cnc(C#N)s3)cs2)s1,19.57727321506972
CSc1nc2c(n1C)OCCC2=NNc1nc(-c2ccc3c(c2)OCO3)ns1,19.57375481766007
C/C(=N\Nc1nc(C#N)c2sc(-c3ccsc3)nn12)c1nc(-n2cccn2)cs1,19.567924855305172
C/C(=N/Nc1nc(-c2ccc3nnsc3c2)nc2nc(N(C)C)nn12)c1cccs1,19.557010264294778
Nc1ccc(-c2nnc(SSc3nc4c(s3)CN=CN4C3CC3)s2)cn1,19.54482017557971
Cc1nc(NN=C2CCSO2)cc(-c2nc(N3CCCC3)nc(N3CCCC3)n2)n1,19.534140277816572
c1coc(-c2nc3c(-c4csc(NN5CCCC5)n4)cc(N4CCCC4)nn3n2)c1,19.533028328736805
COc1cc2nnn(-c3nc(NN=C4CCCCS4)nc(=S)s3)c2cc1OC,19.518683742614947
Cn1nc(-c2cccs2)nc1CSc1nn2cc(-c3ncc(=N)[nH]n3)nc2s1,19.516733694739276
CCNc1nn(-c2ccc3c(nnn3-c3ccccc3)n2)c2nc(-c3nccs3)nn12,19.516017746526117
CSc1nc2sc(-c3csc(NN4CCCC4)n3)nc2nc1-n1cncn1,19.511096960049034
Cc1cc(/C=N/Nc2ncc3nnc(-c4csc(-c5cccs5)n4)n3n2)ccn1,19.50820723500349
COc1cc(-n2nc(-c3nc([N+](=O)[O-])nn3C)sc2=S)ccc1NC(=S)S,19.477929424830695
COc1ccc(-c2nc(-n3cccn3)n3c(-c4nnc(SS)s4)ncc3n2)cc1,19.475773905969817
COc1ccc(-c2ccc3nc(Sc4ccnc(N5CCCCC5)n4)nn3n2)cn1,19.451750297022592
C[SH](C)C(=O)Nc1nc2nc(-c3nc(N4CCCCC4)ns3)sc2s1,19.451031203622545
COc1ccc(-c2c(-c3nc(-c4cccs4)ns3)nnc3nc(S)nn23)cn1,19.442979259096674
CSc1nc(-c2nc3cnn(-c4ccc(O)cc4)c3s2)n(-c2cccs2)n1,19.44072048743602
Cn1ccc(-c2nc(N/N=C/c3ccns3)nc3nc(-c4nccs4)sc23)n1,19.432496766187548
Cn1cc(/C=N/SC(=S)Nc2nc(-c3ccco3)ns2)c2cnc(C#N)nc21,19.369652126267056
COc1nc(CN2CCN(c3nc(N)c4nc(-c5ccco5)sc4n3)CC2)cs1,19.36094690411882
C/C(=N\Nc1nc2nc(-c3cc4ccccc4o3)nnn2n1)c1ccc(-n2cccn2)cc1,19.35322511964927
CNc1nnnc(-c2cc3c(s2)-n2nc(-c4cccs4)nc2C(C)(C)OC3)n1,19.344460046885807
COc1cc(N)nc(-c2nc3c(-c4nc(-c5cccs5)ns4)cnn3s2)c1,19.33755765891272
Cn1c(-c2cccs2)nc2nc(-c3cc4c(O)nc(N5CCOCC5)nc4o3)sc21,19.331634150377084
COc1ccc(-n2cnc3cc(-c4nc(N)nc(N5CCCC5)n4)sc3c2=O)cc1,19.331584267329355
C[C@@H]1COC[C@H](C)N1c1nc(-c2csc(N)n2)nc2nnn(-c3ccccc3)c12,19.321188590941627
CSc1nnc(-c2nsc(N/N=C3\[C@@H](C)OC(=O)N3c3cccs3)n2)s1,19.31737297845428
C/C(=N\Nc1nc(-c2cccs2)nn1C)c1cnn2nc(-c3cccs3)nc2c1,19.288296554617876
COc1ccc(-c2cn3nc(N/N=C4\COc5cc(-c6nccs6)cn54)sc3n2)cn1,19.275262250045287
CC(=O)/C(C)=N/Nc1nnc2cnc(N3CCC(=Nc4ccc(Cl)cc4)CC3)nn12,19.26552554524242
CS(C)(C)c1nnc(NC(=O)Cn2nc(-c3nccs3)sc2=S)s1,19.25610590871312
COc1ccc(-c2nnc(N/N=C3\SCC4(CCCS4)C3(C)OC=O)s2)cc1,19.214757502185208
CC#CCSc1nn2c(N)nc(N/N=C/c3ccc(-c4nncs4)s3)c2s1,19.207386140112735
CSc1nnc(-c2ccn(-c3nc(N)nc4sc(-c5cccs5)nc34)n2)s1,19.203916824928708
C[C@H]1OCCN(c2nc(-c3csc(-c4ccc(O)cc4)n3)ns2)C1c1ncno1,19.153688864538427
C/C(=N/Nc1nc(-c2cnc3sc(-c4cncnc4)nn23)cs1)c1cncs1,19.14804306656
COC(=O)N1S/C(=N/Nc2nn3cc(-c4ccc(OC)nc4)nc3s2)C[C@H]1C,19.121638988891878
COc1ccc(-c2nnc3nc(N/N=C\c4nc5ccccc5s4)sc(=O)n23)cc1,19.11655739109794
C(=N/Nc1nnc(CSc2nc3ccccc3s2)s1)\c1nc2nccnc2s1,19.11586190096789
COc1ccc(-c2nsc(N/N=C3\S/C(=C\c4nc5sccn5n4)C3=O)n2)cc1,19.11212961457505
Nc1nnnc2sc(-c3nnc(SCc4nsc(-c5ccccc5)n4)s3)cc12,19.059731306395204
C(=N\Nc1nnn2cc(-c3nc(-c4cccs4)ns3)nc2n1)\c1cccs1,19.023716681372097
c1coc(-c2nsc(-c3csc(N/N=C4/CS[C@@H](Cn5nccn5)C4)n3)n2)c1,19.01685855639612
COc1ccc2nc(-c3ncc(/C=N/Nc4nc(-c5cccs5)cs4)o3)nn2c1,19.004793733782183
CSSc1nnc2c(sc3sc(-c4nnn(-c5ccccc5)n4)cc32)c1N,18.988800014057105
Cc1csc(-c2cn3nc(N/N=C4\CCCC[C@H]4Cn4ncs4)sc3n2)n1,18.982052903213805
C/C(=N/Nc1nnc(N2CCCC2)c2nc(-c3cn4ccsc4n3)nn12)c1cccs1,18.97051385926675
COc1ccc(-c2nc3nc(-c4nn(-c5ccc(O)cc5)c(=O)o4)sc3s2)cn1,18.96450260881193
Nc1nc(SCc2nnc(-c3ccccn3)s2)nc(-c2nc3ccccc3s2)n1,18.962349276248215
Cn1nc(-c2ccccc2)nc1N/N=C/c1cnc(-c2cc3nc(S)nn3s2)s1,18.948087605732397
Cc1nc(/C=N\Nc2ncnc(-c3cccn4nnc(-c5cccs5)c34)n2)cs1,18.929600110901784
Cc1nc(N2CCO[C@@H](C)C2)sc1-c1nc2sc(-c3nccc(N)n3)nc2s1,18.92632413263975
CSc1nc(-c2nc(NN3CCCCC3)nc(-c3nccs3)n2)c2ncsc2n1,18.924475621684547
CC(=NNc1nc2cc(-c3nn(C)c4ccccc34)nnn2n1)Sc1nccs1,18.923466213790952
COc1ccc(-c2nc3c4c(cnn3n2)nc(-c2cccs2)n4-c2nc(N)ns2)cc1,18.916471029744766
Nc1nc(-c2nc3c(-c4cc5sc(SCC6CC6)nn5c4)cnnn3n2)cs1,18.91480426573229
Clc1ccc(/C=N/NCc2nsc(-c3nnn4sc(-c5ccco5)nc34)n2)cc1,18.906503521247362
COc1nc2cn(-c3nc(N/N=C\c4cccs4)nc(-c4cccs4)n3)nc2s1,18.89704910107902
c1csc(CNc2nc(N3CCC3)c(-c3nnn4nc(-c5cccs5)nc4n3)o2)c1,18.874368990752743
C/C(=N\Nc1ncc2sc(-c3nccs3)nc2n1)c1nnc(N2CCCC2)s1,18.86799506585004
CSCc1nsc(C2SCCC2=NNc2nc(-c3cccs3)ns2)n1,18.865432715485237
Cc1nn2nc(-c3nc(-c4ccc(/C=N/Nc5nccs5)cc4)ns3)nc2s1,18.864955336480246
CSC(=NNc1ncc2c(n1)c1nc(-c3ccco3)nn1c(=S)n2C)SC,18.864642102412965
COc1ccc(-c2nc3c(=S)sc(N/N=C4/CCCCCCO4)nn3n2)cn1,18.862963036922274
C/C(=N/Nc1nc(-c2cc3ccccc3s2)n2nc(S)nc2n1)c1nccs1,18.859867297544035
COC(=O)/C(C)=N/Nc1nnc2sc(-c3ccc4c(c3)SC3(CCC3)CO4)nn12,18.85913718995919
C/C(=N\Nc1nn2nc(-c3nc(C)c(Cl)s3)nc2s1)c1ccc2c(c1)OCO2,18.839795901634318
COc1ccc(-c2nc3c4sc(-c5csc(NC6CCC6)n5)nc4cnn3n2)cn1,18.837672709453752
COc1ccc(/C=N/Nc2nc(=S)sn3nc(-c4ccc5ncsc5c4)nc23)cn1,18.831821667381227
CC(C)(C)N1CCCCC1CNc1nnn2c(-c3ccc([N+](=O)[O-])s3)cnc2n1,18.828959409480714
C/C(=N\Nc1nc(-c2cccs2)ns1)c1cn(-c2ccc3c(c2)OCCO3)nn1,18.7959573183786
CSN1CCCC/C(=N/Nc2nc3scc(-c4ccc([N+](=O)[O-])s4)n3n2)C1,18.77773522587628
COc1ccc(-c2nc3nc(-n4cnc(-c5ccccc5)c4)nc(SS)n3n2)cn1,18.763954378263033
COc1ccc(-c2nn(C(C)SC(C)(C)C)n3nc(-c4nnc(N)s4)nc23)cc1,18.74266413318854
Cc1ccc(-c2nc(/C=N\Nc3nn4cc(-c5nccs5)nc4s3)n(C)n2)s1,18.737630305408953
C/C(=N\Nc1ncc(-c2nc3sc(C)nn3n2)s1)c1cnn(-c2ccccc2)n1,18.73170823913903
COc1ccc(-c2nnn3nc(N/N=C(/C)c4ccc5c(c4)OCO5)sc23)cn1,18.727685213088193
O=C(Oc1ccc(/C=N/Nc2nc3nnn(-c4ccccc4)c3s2)cc1)n1ccnc1,18.703294082297095
C/C(=N/Nc1nc2cc(-c3nnn(-c4cccnn4)n3)sc2s1)c1cccs1,18.695214557752443
C#CCSc1nn2nc(-c3ccco3)nc2c2nc(-c3cncc(NC)n3)sc12,18.67324811672529
CSc1nnc(-c2ncc(N/N=C3\CCc4c(-c5nccs5)nnn43)s2)s1,18.67122388524693
CSc1nc(-c2cc3nnc(-c4nc(-c5cccs5)nn4C)nc3cn2)cs1,18.664172380215387
COc1ccc(-c2nsc(-c3cn4nc(-c5cnc(N)s5)sc4n3)n2)cc1,18.661003880060942
C/C(=N/Nc1ncc(-c2nccs2)c2nc(-c3ccsn3)nn12)c1cccs1,18.65521409815968
c1csc(-c2nc3nc(-c4ccnc(NCCc5nccs5)n4)sn3n2)c1,18.65305611837976
Cc1noc(-c2nc3cnc(-c4nnc(NC5CCN(C)CC5)s4)cc3s2)n1,18.64963502955369
CSc1nnc(-c2nnc(NC3CCCC3)s2)c(-c2ccc3c(c2)OCCO3)n1,18.63596764122047
C/C(=N\Nc1nn(C2CC2)c2nc(-c3cccs3)nn12)c1ccc2nsnc2c1,18.633133677626937
C[C@@H]1CCC/C(=N\Nc2nn3cc(-c4nnc(-c5cccs5)o4)nc3s2)N1C,18.614521098839973
COc1ccc(/C=N/Nc2nc(-c3ccc4c(c3)OCO4)nn2C(=S)C(C)(C)C)cn1,18.613241948860143
COc1ccc2oc(-c3nc4sc(-c5csc(NC6CCOC6)n5)nn4n3)cc2c1,18.610733448891573
c1csc(-c2nsc(-c3nnn(CCNc4nccs4)c4nccc3-4)n2)c1,18.602235940520274
COc1ccc(-c2nc3nc(NN=C4CCCCC4)c(-c4cccs4)nn3n2)cn1,18.59993212467151
S=c1snnn1-c1ccccc1,18.59921283681197
C/C(=N\Oc1ccc(F)cc1)C(=O)n1c(-c2ccco2)nc2nc(SS)nn21,18.542106822451743
COc1ccc2sc(-n3nnc(NN=C4SCCS4)n3)c(-c3ncco3)c2c1,18.541472166004564
COc1ccc(-c2nc3nc(N)n4nc(-c5cccs5)nc4c3n2-c2cscn2)cn1,18.522487449953193
Nc1nnc(-c2nc3sc(=S)cc(N/N=C/c4ccc(-n5cccn5)cc4)n3n2)s1,18.515378256045757
COc1ccc2c(n1)-c1sc(-c3nnc(NCc4cncs4)nn3)cc1CCO2,18.50747515183309
C[C@H]1C/C(=N\Nc2nc3c(nnn3-c3ccccc3)c(=S)s2)OC(C)(C)O1,18.47638435913035
C/C(=N\Nc1nn2nc(-c3ccccc3)nc2s1)c1nc(-c2cccs2)ns1,18.450588224939334
CN(C)c1nc2sc(-c3nn4c(-c5ccc(C(=O)O)cc5)cnc4s3)nc2s1,18.44146350964358
CSc1nc2c(N)nc(-n3c(C)nc4sc(-c5nccs5)nc43)nc2s1,18.441352821586733
COc1ccc2c(n1)-c1cc(-n3nnc(-c4nnc(SS)s4)n3)ccc1OCC2,18.416003699749247
C(=N/Nc1nc(-c2nn3ccnc3s2)n(-c2ccccc2)n1)\c1ccc2nsnc2c1,18.415231444214257
CSc1nc(N/N=C(\C)c2ccc3c(c2)OCCO3)nc2nc(-c3cccs3)nn12,18.413886364910546
C[C@@H]1CN(c2nnc(-c3nc(N)c4cc(-c5nccs5)sc4n3)s2)CCO1,18.406763432261485
Cc1ccsc1CNc1nnc2nc(-c3nnn(-c4ccccc4)n3)sc2n1,18.40191722199105
C/C(=N/Nc1nsc(-c2nnn3nc(-c4nccs4)ccc23)n1)c1cccs1,18.398455914665526
COc1ccc2c(c1)nc(-c1nc3c(nn4sc(NN=C5CCCC5)nc34)s1)n2C,18.387599911254192
COc1ccc(-c2nc(NN=C3SCCS3)n3nc(-c4ccco4)nc3n2)cc1,18.372906353202502
COc1ccc(-c2nc3nc(n2)N(c2ccc(/C=N/O)c(Cl)n2)C(=S)S3)cn1,18.360166668606187
Nc1nc(-c2cc3nc(-c4ccc(OCc5cscn5)s4)cnn3n2)cs1,18.358981572953624
COc1ccc(-c2nc3nc(-c4cc5ccccc5o4)nc(NC4CCS4)n3n2)cn1,18.35315633518844
Oc1csc(-c2nc(CSc3nnc(-c4ccc5c(c4)OCO5)s3)ns2)n1,18.3285133948506
C/C(=N/Nc1nc2cn(C)c(=O)cc2c2nc(-c3cccs3)nn12)c1nccs1,18.319679603444108
COc1ccc(-n2nc(-c3ccc(C)o3)nc2-c2nsc(NC(=S)S)n2)cc1,18.319278589646515
COc1ccc(-c2nc3sc(N/N=C4\CCCc5sc(Cl)nc54)nn3n2)cn1,18.31077257165205
CNc1nc(-c2ccc(Cn3cnnn3)cc2)nc2sc(-c3ncc(F)s3)nc12,18.28093572409994
CC(=NNc1nc(-c2ncn(C)n2)c2ncccn12)c1csc(-c2cccs2)n1,18.276591399751833
C/C(=N/Nc1nc(-n2nccn2)nc(-n2sc3ccccc32)n1)c1cccs1,18.260595960924586
COc1cc(N)nc(-c2nc3sc(-c4ncc(N5CCCC5)s4)nc3s2)n1,18.25841633871832
CSC(C)=NNc1nc(-c2nnc3sc(-c4ccc(F)nc4)nn23)cs1,18.247931405798965
C/C=N/Nc1nsc2nc(-c3ccc4sc(CN5CCCCC5)nc4c3)nn12,18.242374907260594
CSc1nnc(-c2nnc(N/N=C3/CC=C(C(=O)OC(C)(C)C)OC3)s2)s1,18.2416292599278
COC1CCN(c2cnc(-c3nc4nnc(-c5csc(N)n5)nc4s3)s2)CC1,18.2396341783886
C(=N\Nc1nc(-n2ccnn2)cc(-n2ncs2)n1)\c1ccc(-c2ccccc2)s1,18.23673643331162
CSc1nc2snc(N/N=C(/c3ccc4c(c3)OCO4)n3cnc(C4CC4)c3)n2n1,18.23281526633337
CSC(S)=NNc1nc(-c2nc3nnc(-c4ccc(F)cc4)nc3s2)n(C)n1,18.231029792604055
COc1ccc(-n2cc(-c3nc4c(nc(-c5csc(=S)o5)n4C)s3)nn2)cc1,18.219733447711107
Cc1sc(-c2cn3nc(N/N=C/c4ccc(-n5cncn5)s4)sc3n2)nc1F,18.216777393519408
Cc1nc(SC(=S)Nc2nc(-c3nc(-c4cccs4)ns3)no2)nn1C,18.214688305247105
CCSc1ccc(-c2nc3c4nc(-c5csc(N)n5)sc4nnn3n2)s1,18.21374882346914
COc1ccc(Nc2nc3c4nc(-c5cn6nc(C)sc6n5)sc4cnn3n2)cc1,18.20624702229916
COc1ccc(-c2nc3nc(N)n4nc(-c5cccs5)nc4c3n2-c2nccs2)cn1,18.204753314623794
CSc1nc(NN2CCCCC2)nc(-c2cc3nc(-n4nccn4)sc3s2)n1,18.169649567311833
Cn1c(-c2ccc(-c3nncs3)s2)nc2c(N/N=C/c3ccc(F)cc3)nnn21,18.162112620186843
CC(S)=NNc1nnc(SC2=NN=C(c3ccc(-n4ccnn4)cc3)CC2)s1,18.15533867164673
c1ccc(-n2nnc(N/N=C3\CCCC(Sc4nnnn4-c4cccs4)C3)n2)cc1,18.15481007233448
Cn1cc2c(n1)c(-c1nc(NC3CCCC3)nn1C)nn1nc(-c3cccs3)nc21,18.147586565333388
COc1ccc2cc(-c3nn4cc(-c5nccs5)nc4nc3NN3CCCC3)oc2n1,18.139637420078078
Cn1cnc(-c2nc(-c3ccc4c(c3)sc(=S)n4C)n(-c3nc(N)cs3)n2)n1,18.13770494671405
COc1ccc(-c2nc3cnc(N/N=C4/CS[C@H](c5cccs5)C4)nn3n2)cn1,18.1217197476622
Cc1ccc(-c2nc3nc(N/N=C/c4ccc(N5CCCCC5)s4)sc(=O)n3n2)o1,18.11873182794724
N#Cc1cn2nc(-c3cccs3)nc2nc1NCc1nc(-c2cccs2)ns1,18.10150654325671
COc1ccc(-c2nc3sc(N/N=C4\CCCc5nc(OC)ccc54)nn3n2)cn1,18.097948416851853
O=C(CSc1nn2nc(-c3cn(-c4ccccc4)nn3)nc2s1)c1cccs1,18.095756249308735
Cc1cn(-c2nnc(-c3nc4nc(N5CCCCC5)nc(N)c4s3)s2)nc1C,18.080890069877164
COc1cccc(-c2nn3nc(-c4ccc5nc(NC6CC6)sc5n4)nc3s2)n1,18.076174255745467
N#Cc1nnc2cnn(CCSC(=S)Nc3nc(-c4cccs4)ns3)cc1-2,18.069524630573643
COc1ccc(-c2nc(NN)n3cc(-c4nc(-c5cccs5)ns4)nc3n2)cc1,18.05688355254606
CNc1nc2c3sc(-c4nnc(SC)s4)nc3nc(-c3cccs3)n2n1,18.054928819879304
Nc1nc(-c2nc(-c3cccs3)ns2)nc2nc(SCc3cccs3)nn12,18.051631229042105
COc1ccc(-c2nc3c4nc(-c5nc(N)sc5SC)sc4nnn3n2)cc1,18.046324721031375
Cn1ccc(/C=N/Nc2nn3nc(-c4ccc5ncsc5c4)nc3c(=S)s2)n1,18.02486919304209
C=NNc1nc(N)n2nc(-c3ccc4c(c3)N(c3ccc(SC)s3)CCO4)nc2n1,18.019511243559936
CSc1nc([C@@H]2COc3ccc(-c4nsc(-c5nnc(N)s5)n4)cc32)cs1,18.011180851886728
COc1ccc(-c2nsc(N/N=C3\COc4cc(-n5cncn5)ccc4S3)n2)cc1,18.008248891500603
CON=C1CCN(c2nc(N/N=C/c3ccccc3)n3nc(-c4ccco4)nc3n2)CC1,18.00659553256559
COc1nc(-c2nc3cnc(NN=C4CCCCS4)nc3n2CC(F)F)ns1,18.00373534832026
CSc1nc(N)nc(-c2nc(-c3cccs3)nn2-c2ccc3c(c2)OCCO3)n1,17.985117691617553
C/C(=N/Nc1nnc(-n2ncc3sc(-n4nccn4)cc32)s1)c1cccs1,17.98399185186271
Oc1ccc(-c2nnc(SSc3nc4ncc(-c5ccccn5)cn4n3)s2)cc1,17.980001286685084
N#CCn1nc(-c2ccc3c(c2)OCO3)nc1NCc1ccc(-c2nncs2)s1,17.96684813498745
CC1(C)CCC/C(=N\Nc2nn3cc(-c4noc(-c5cccs5)n4)nc3s2)O1,17.96604321169931
COc1cccn2nc(-c3csc(NN4CCCC(c5nccs5)=N4)n3)nc12,17.956608443350362
Cc1cc2nc(SSc3nc4ccc(-c5csc(N)n5)nn4n3)ccn2n1,17.952732655610703
COc1ccc(-c2nsc(-c3nc4n(C)c(=S)cc(N)n4n3)n2)c2sccc12,17.941166268078433
CSc1nn2cc(/C(C)=N/Nc3nc(-c4ccc5c(c4)OCO5)ns3)nc2s1,17.930704776188897
C(=N/NCc1nc(-c2nnc3nnn(-c4ccccc4)c3n2)cs1)\c1cccs1,17.91912293395706
c1cn(Cc2ccc(-c3nc(-c4nc5c(NC6CC6)ncnn5n4)cs3)cc2)nn1,17.909976092557606
COc1ccc(-c2c(-c3nc(N)cs3)nc3sc(N4CCCOCC4)nn23)cn1,17.886944324453054
CCOC(=S)Sc1nc(-c2nc(-c3ccco3)ns2)n(-c2cccs2)n1,17.876523870952955
C/C(=N\Nc1ncnc2nc(-c3ccc4c(c3)OCO4)nn12)c1ccc(N2CCC2)cc1,17.871190636737897
Oc1ccc(-c2nc(-c3nc4nc(SSC5=NCCC5)cnn4n3)cs2)cc1,17.87005704679877
C#CCSc1nc(N)nc(-c2nc(-c3ccc4c(n3)sc(=S)n4C)cs2)n1,17.839674661678526
S=c1sc(N/N=C/c2nc(-c3ccccn3)ns2)nc2c1nnn2-c1ccccc1,17.834034097154383
CSN1CCCC/C1=N\Nc1nc(-c2nccs2)c2nc(-c3ccco3)nn2n1,17.82194021848176
COc1ccc2c(n1)-c1sc(-c3nnc(NCc4cscn4)nn3)cc1CCO2,17.78732971850779
Cc1csc(-c2ccc(/C=N/Nc3nnn4cc(-c5nccs5)nc4n3)s2)n1,17.780127347811145
CN(C)c1nnc(-c2sc3nc(-c4ccco4)nn3c2NC(=S)S)s1,17.776920300898237
Cn1cc2c(N/N=C/c3ccc(-n4nccn4)s3)nc(-c3ccc(F)s3)nc2n1,17.77306213930959
Nc1nnc(-c2ncc(-n3c(=S)sc4c(=O)n(CCC5CC5)cnc43)s2)s1,17.771231215971586
COc1ccc(-c2nc3sc(N/N=C4\C[C@@H](C)Oc5sccc54)nn3n2)cn1,17.745553883776147
COc1ccc(/C=N/Nc2nc3c(ncn4nc(-c5coc(=S)s5)nc34)s2)cc1,17.729229826333793
CNc1nn2cc(-c3nc4cnn5nc(-c6ccc(OC)cc6)nc5c4s3)nc2s1,17.708159416762363
CSc1ncc(-c2nc3nc(N4CCC(c5nccs5)CC4)nc(N)n3n2)s1,17.705694523752708
c1ccc2sc(Sc3ncnc(NC4CCN(c5nccs5)CC4)n3)nc2c1,17.686963398426094
COc1ccc(-c2nc3nc(-c4csc(N)n4)nn3nc2SC(=S)S)cc1,17.668186099337326
Cn1cc(N)nc(SSC2=S3N=C(c4cc5ccccc5o4)N=C3S2)c1=O,17.656363300292934
c1cnc(N2CCN(c3nnc(/N=N/Sc4nc5ccccc5s4)s3)CC2)nc1,17.634509703695766
Cn1ncc(-c2cnc3nc(Sc4nnc(NN5CCCCC5)s4)sc3c2)n1,17.626174000728202
Cn1ccc(Sc2nc(N)c3sc(-c4nc(N5CCCCC5)ns4)cc3n2)n1,17.620482662628476
COc1ccc(-c2cnc3nc(N/N=C/c4ccc5c(c4)SCO5)nnn23)cn1,17.60638622544757
C/C(=N\Nc1nn2nc(-c3ccc(-n4nccc4F)cc3)nc2s1)c1nccs1,17.601549036703066
COc1ccc(-n2c(=S)sc3ncc(-c4nnc(NN5CCOC5)o4)cc32)cc1,17.596571937324995
COc1cc2c(cn1)nc(N/N=C(/C)c1cccs1)n1nc(-c3css3)nc21,17.589693096346867
S=c1sc(NCCn2ccnc2)nn2nc(-c3coc(-c4cccs4)n3)nc12,17.578866632647962
CSc1c(-c2csc(N)n2)nc2cc(-c3nc(-c4cccs4)ns3)cnn12,17.57450861210464
Cc1nc(-c2csc(N/C(S)=N/N=C/c3ccoc3)n2)nc(N2CCOCC2)n1,17.553498745342154
O=C1CCCC/C1=N\NCCn1nc(-c2nc(-c3cccs3)no2)sc1=S,17.547372100379157
CCn1c(-c2ccsc2)nn2cc(-c3cnc4nnn(-c5ccc(O)cc5)c4n3)nc12,17.532345386538257
Clc1ccc(/C=N/Nc2nsc(-c3cn(-c4nccs4)c4ncnn34)n2)cc1,17.52566200873159
CS[C@@H]1CCCN(c2nc(N)n3cc(-c4nc(-c5cccs5)ns4)nc3n2)C1,17.511184389694165
COc1ccc(-c2nn3nnc(NC4CCC4)c3nc2-c2cc3scnn3c2)cn1,17.500042219008456
O=C(O)c1ccc(-c2nsc(SSc3nnc4sc(Cl)nn34)n2)cc1,17.496274256951434
CSc1nc(-c2ccc(-c3nc4sc(NN=C5CCCC5)nn4n3)cc2)n(C)n1,17.488848024772967
Cn1nnc2c(-c3csc(N)n3)nc(-c3ccc(SCC(F)(F)F)s3)nc21,17.487014724701602
COc1ccc(-c2nc3c(=S)sc(N/N=C4/CCCCCO[C@H]4C)nn3n2)cn1,17.464574114287963
Nc1nnc(-c2ccc3sc(Sc4nnc(N5CCOCC5)s4)nc3c2)s1,17.463314010757987
C/C(=N\Nc1nsc2nc(-c3ccccc3)nn12)C1=NN=C(c2ccsc2)SC1,17.458012071903305
CSC(=NNc1nc(-c2nc3sc(C)nn3n2)cs1)c1ccc2c(c1)OCO2,17.452982221528806
C[C@H]1COC[C@H](C)N1c1nc(N)nc(-c2nc3sc(-c4cccs4)nc3s2)n1,17.447420321676937
C/C(=N\Nc1cnn2nc(-c3cccs3)nc2n1)c1nc(-c2cncs2)cs1,17.443965359126334
COc1nn2nc(-c3csc(NN=C(C)c4ccc5c(c4)OCCO5)n3)nc2s1,17.43652132415732
CSc1nnc(-c2csc(N/N=C3\CCCCN3c3nc(C#N)cs3)n2)s1,17.433470024771974
Cn1cnc2sc(-c3csc(N/N=C/c4cnn(-c5ccccc5)n4)c3)nc2c1=O,17.432429589129995
S=C=NNc1nc(-c2ccco2)nc2nc(SSC(=S)OCC3CC3)nn12,17.43162212307167
CSc1ncc(C2=N[C@@H](C)C/C2=N\Nc2nc3nnn(-c4ccccc4)c3o2)s1,17.426895731148292
C/C(=N/Nc1nsc2nc(-c3ccc(-n4nccn4)cc3)cn12)c1nccs1,17.415561492061986
CN(C)c1ccc(-c2nn3cc(-c4cnc(-c5nnc(N)s5)s4)nc3s2)cc1,17.402369515692417
COC(=S)Sc1nc(-c2cccs2)nn1-c1cnc2sc(OC)nc2c1,17.395018919114698
CCO/C=N/C(=S)Sc1nc(-c2ccc3c(c2)OCO3)nn1-c1nccs1,17.393304940707356
CN(C)c1nsc2nc(-c3ccc4nc(-c5csc(N)n5)sc4c3)nn12,17.384116752047426
Cc1nc(CN2CCCC/C2=N\Nc2nn3nc(-c4ccco4)nc3s2)cs1,17.372987923382897
Cc1nnn(-c2ccc(/C=N/Nc3nc4nnn(-c5ccccc5)c4s3)cc2)n1,17.3423077000185
COc1ccc(-c2nnc(-c3nc4sc(NN5CCCCC5)nc4s3)o2)cn1,17.341752404279216
c1csc(-n2nc(-c3ccc4c(c3)OCO4)nc2NCc2ccc(-n3nccn3)cc2)n1,17.339325106167575
C(=N/Nc1nc(-c2nc(-c3cccs3)ns2)nn1C1CCOC1)\c1ccncc1,17.330416917074977
C/C(=N\Nc1nc(-c2nncs2)cs1)c1nc(-c2ccc3c(c2)OCO3)ns1,17.324142166485487
CC(C)=NNc1nnc(Sc2ncc3sc(-c4ccc(F)nn4)cc3n2)s1,17.321574763854557
C/C(=N\Nc1nn2nc(-c3cc(F)cs3)nc2s1)c1ccc(-n2nccn2)s1,17.320727649557725
COc1cccc(-n2c(-c3cccs3)nc3sc(-c4nsc(N)n4)nc32)c1,17.30969178102297
COc1ccc(-c2nc(NC3CCOCC3)c3nc(-c4ncns4)sc3n2)cn1,17.301571566047226
COc1ccc(-n2cc(/C=N\Nc3nc(-c4nc5ccccc5s4)ns3)nn2)cc1,17.295625928930605
COc1ccc(-c2nc3c(=S)sc(N/N=C4/CCCC[C@H]4C(C)=O)nn3n2)cn1,17.290789312564527
C[C@@H]1CCCN1c1nc(N)c2sc(-n3cc(-c4nn(C5CCC5)s4)cn3)nc2n1,17.278194101462933
CSc1nnc(NN=C(C)c2cccs2)n2nc(-c3ccc4c(c3)OCO4)nc12,17.275248285952504
Oc1ccc(-c2nc(-c3nsc(N4CCO[C@H](Cn5cncn5)C4)n3)cs2)cc1,17.267347508752543
Oc1ccc(-n2cnc3sc(-n4cnc(CSc5nncs5)c4)nc32)cc1,17.264552810564183
Nc1nc(N2CCCCC2)nc2nc(-c3csc(SCc4nccs4)n3)nn12,17.255444213013845
CSSc1nnc(-c2nc(-c3ccc4c(n3)sc(=S)n4C)ccc2N)nn1,17.243428734433202
CN(C)c1nc(N)nc(-n2c(=S)sc3cc(-n4nnc5ccccc54)ccc32)n1,17.243235396491038
CSSc1nc(NN=C2CCCSC2)nc(-c2nnc(-c3ccccn3)s2)n1,17.24039579710818
C/C(=N/Nc1nnc(-c2cn(-c3cccc4c3OCCO4)nn2)s1)c1cccs1,17.222496924689437
O/N=C/c1nc(-c2nc(-c3cccs3)ns2)cn1CC1CCCSS1,17.221756052657504
Cn1nnc2cc(/N=N/c3nc(Nn4cccn4)sc3-c3ccsc3)ccc21,17.217440207986417
C/C(=N\Nc1ncnc2nc(-c3cccs3)nn12)C1CCCN(c2nccs2)C1,17.214062534625867
CC(C)c1csc(-c2ncc3c(n2)-c2nc(Nc4nccs4)nn2CCO3)n1,17.210794183389417
Nc1nc2c(s1)sc(=S)n2CCOc1ccc2nc(-c3ccco3)nn2n1,17.21035785090948
C/C(=N/Nc1nc(N2CCCCC2)nn2nc(-c3cccs3)nc12)c1cccs1,17.200060854942638
C/C(=N\Nc1nc(-c2cncs2)c2cnc(-c3cncs3)nn12)c1cncs1,17.192070439036367
C/C(=N\Nc1ncnc2nc(-c3cccs3)nn12)c1nnc(-c2ccccc2)s1,17.181534028184856
COS(=O)C(=S)Nc1nc(-c2nnc(SC)s2)nc(N2CCCCC2)n1,17.18094934507433
Cn1cc(/N=N/c2nc3ccc(N)nc3n2C)nc1-c1ccc2c(n1)sc(=S)n2C,17.16256307840601
C/C(=N\Nc1nnn(-c2ccccc2)n1)c1nc2sc(-c3cccs3)nc2s1,17.160828038273326
CSc1nc(NN=C2CCSC2)c2nc(-c3nc(-n4cccn4)cs3)n(C)c2n1,17.115956928449435
COC(=O)c1nn(-c2ccc(/C=N/Nc3nnn(-c4ccccc4)n3)cc2)c(=S)s1,17.102134024619065
Cc1ccc(-c2nc3snc(N/N=C/c4ccc(-n5nccn5)cc4)n3n2)s1,17.09538511741272
Oc1ccc(-c2nsc(SC(=S)Sc3nnnn3-c3ccccn3)n2)cc1,17.087060173313365
COc1ccc(-c2nc(-n3cccn3)n3nc(-c4nnc(SS)s4)cc3n2)cc1,17.0841323061453
c1coc(-c2nc3nc(-c4css4)cc(OCc4ccc(-n5nccn5)cc4)n3n2)c1,17.068572735791168
Cc1nn2cc(-c3nc(N/N=C/c4ccc5c(c4)OCO5)nn3-c3ccccc3)nc2s1,17.067679342836445
C/C(=N\Nc1nc(-c2cccs2)n(C)n1)c1nnc(-c2ccc3c(c2)OCO3)s1,17.052220580752763
COc1ccc(-c2nsc(-c3nc(NC(=S)S)c4nc(OC)nnn34)n2)cc1,17.013008569683713
COc1ccc(/C=N/Nc2cnn3cc(-c4nc(-c5ccccc5)ns4)nc3n2)s1,17.01170325593874
COc1ccc(-c2nc(N3CCOCC3)c3nc(-c4csc(N)n4)sc3n2)cn1,17.000560899146848
CSC1=NC(=NNc2nc(SC)nc(-c3cccs3)n2)SS1(=O)=O,16.98436211823756
CSc1nnc(-c2csc(-c3nnc(N)s3)n2)n1-c1ccc2c(c1)CSC2,16.9840278668644
COc1ccc(-c2nc3c4cc(-c5nc(NC6CCCC6)ns5)nn4cnn3n2)cc1,16.95715934959071
Cc1ccc(-c2nc3c(=S)sc(N/N=C/c4ccc(-n5ccnn5)cc4)nn3n2)o1,16.95170670538187
Oc1ccc(-c2nc(-c3nc4nc(SSC5CCCO5)cnn4n3)cs2)cc1,16.944640337333233
COc1nc2sc(-c3nc4sc(N/N=C(/C)c5cccs5)nn4n3)nc2s1,16.93289340890245
C/C(=N\Nc1cnn2nc(-c3cccs3)nc2n1)c1nc(-c2nccs2)cs1,16.9262402359177
COc1ccc(-c2nnc3c(/N=N/c4nc5c(s4)CN(C)C5)nc(S)nn23)cc1,16.914847160874086
COc1ncnc2sc(-c3nc4sc(N/N=C(/C)c5cccs5)nn4n3)cc12,16.913321524871435
Cn1c(-c2ccco2)nc2sc(-c3cn(CSc4ccnc(N)n4)s3)nc21,16.90173940440977
C/C(=N\Nc1nc(-c2nc3ccccc3s2)ns1)c1nc(N2CCCC2)ns1,16.878855373767383
COc1ccc(-c2nc3c(=S)sc(N/N=C4/CCCC(C)OC4)nn3n2)cn1,16.867607371963466
COc1ccc2sc(-c3nc4sc(N/N=C(\C)c5nccs5)nn4n3)nc2c1,16.856195838743993
C/C(=N\NC1=NC(=S)S2=NC(c3cccs3)=NN12)c1ccc(-n2nccn2)s1,16.850498022334524
CSc1nn2c(C3CC3)c(-c3nc4nc(-c5csc(N)n5)ccn4n3)nc2s1,16.84312163350189
COc1ccc2oc(-c3nnc4nc(N/N=C/c5cncs5)sc4n3)cc2c1,16.792570614428097
Cc1nc(-c2cnn(-c3csc(N/N=C\c4ccc5c(c4)OCCO5)n3)n2)cs1,16.790352326971533
CSSc1nc(NN=C2CCCCS2)cc(-c2nc3sc(C)nn3n2)n1,16.78365739503957
CSc1nc2c(N)nc(-c3nc(-c4ccc5nsnc5c4)nn3C)cc2s1,16.774054305372
CSc1nn2nc(-c3cnc(N/N=C/c4ccc(Cl)cc4)n4nccc34)nc2s1,16.771190500080937
COc1ccc(-c2nnc3c(n2)nc(-c2ccc4c(n2)sc(=S)n4C)n3C)cn1,16.76667183764589
COc1ccc2nnc(SC(=S)Nc3nc(-c4cccs4)ns3)n2n1,16.76640759945075
Nc1nnc(-c2cc(-c3nnc(SCC(=O)c4cccs4)s3)sn2)s1,16.717676479422842
Cc1nnn(-c2ccc(/C=N/NC(=S)Sc3nc(-c4cccs4)ns3)o2)n1,16.705123255076487
O=C(O)c1ccc(-c2nc3nc(N4CCCC4)nc(N/N=C/c4cccs4)n3n2)cc1,16.698273946040693
Cc1nnc(-c2noc(N(C)C(=S)Nc3nc(-c4cccs4)ns3)n2)s1,16.686101835166532
CC(=NNc1nc(-c2nnc3sc(-c4ccco4)nn23)cs1)c1ccccc1,16.682649207808485
C/C(=N\Nc1cnn2cc(-c3nc(-c4cccs4)ns3)nc2n1)c1nccs1,16.679446272426908
S=c1sc(N/N=C2\CCCC[C@H]2Cn2nccn2)nn2nc(-c3ccco3)nc12,16.676329974963007
c1csc(/C(Cn2cncn2)=N\Nc2nc(-c3ccc4c(c3)OCO4)ns2)c1,16.67106491570378
COc1cccc(-n2nncc2-c2nc3sc(N/N=C/c4cccs4)nn3n2)c1,16.653047362176025
Cc1ccc2nc(N/N=C/c3ccc(-n4nnc(-c5nccs5)n4)cc3)sc2n1,16.650098675421514
COc1cc(OC)c2sc(-c3nc4nc(N5CCCCC5)nc(N)n4n3)cc2c1,16.63014014303819
O=c1cnc2sc(SSc3nnc(N/N=C/c4ccc(F)cc4)s3)nc2o1,16.58860220161167
S=c1sc(N/N=C/c2ccn(-c3ccccc3)n2)nn2nc(-c3ccco3)nc12,16.586894835301532
CN(C)c1nc(NC(=S)S)nc(-c2nnc(-c3ccc4c(c3)OCO4)s2)n1,16.581012742674467
Cc1nnc(SCC(=S)Nc2nc(-c3nccs3)nc(N3CCCC3)n2)s1,16.57662779390759
Fc1ccc(/C=N/Nc2nc(-n3cccn3)cc(-n3nnc(-c4cccs4)n3)n2)cc1,16.519828890374065
C/C(=N\Nc1nc(-n2ccnn2)c(-c2cscn2)s1)c1ccc2c(c1)OCCO2,16.497384427267548
COC(=O)C1Oc2ccc(-c3nnc(NN=C(C)Sc4nccs4)s3)cc2O1,16.46800577927097
COc1ccc(-c2oc(-c3cccs3)nc2-c2nc3c(=S)sc(O)nn3n2)cn1,16.459499055246123
COc1cn(-c2sc(N)nc2-c2nc3c(nnn3-c3ccccc3)c(=S)s2)cn1,16.441303401941745
CCNc1nccc(-n2c(-c3cccs3)nn3nc(-c4ccc5c(c4)OCO5)nc23)n1,16.435020180186005
CSc1nn(-c2nc(N)c3sc(-c4nc(N5CCCC5)ns4)cc3n2)s1,16.434412500107708
COc1ccc(-c2csc3nc(-c4nc5sc(SC)nn5c4N)nn23)cn1,16.431265059455892
O=C(CSc1nc2ccccc2s1)Nc1nnc(Sc2nc3ncccn3n2)s1,16.427558028959876
C/C(=N\Nc1nnc2cnc(-c3cccs3)nn12)c1nnc(-c2cccs2)s1,16.42525393385096
COc1ccc(-c2nc3sc(N/N=C/c4nc5sccc5s4)nn3n2)cc1,16.406799502612635
Cc1cnnn1-c1nc(N/N=C/c2ccncc2)nc(-c2cc3ccccc3s2)n1,16.382440829683354
CSC(S)=NNc1nnc2cnc(/N=N/c3ccc(N4CCOCC4)cc3)cn12,16.37454513018726
C/C(=N/Nc1nn2nc(-c3nnn(-c4ccc(F)cc4)n3)nc2s1)c1cccs1,16.373806867914116
CCn1c(=S)sc2nc(Sc3nnc(NN=C4CCCCC4)s3)nnc21,16.369872637865416
CSSc1nc(NN=C2CCOC2)nc(-c2nc(-c3cccs3)ns2)n1,16.36100107006932
CS[C@H]1CCCC/C1=N\Nc1nn2cc(-c3nnn(-c4ccccc4)n3)nc2s1,16.346924873814356
COc1ccc(-c2nc(-c3nc(NC(=S)S)co3)n(-c3nc(C)ns3)n2)cc1,16.346561950094493
COc1ccc(-c2nc3c(=S)sc(N/N=C4/CCCC[C@H](C)S4)nn3n2)cn1,16.34546324665961
Nc1nnc(-c2nc(-c3csc(=S)o3)nn2CCc2ccc3c(c2)OCO3)s1,16.33743703791467
CCn1sc(=O)nc1-c1ccc2c(c1)-c1nc(N/N=C/c3ccsc3)nn1CCO2,16.312037832833873
COc1ccc(/C=N/Nc2cnn3cc(-c4nc(-c5cccs5)ns4)nc3n2)cc1,16.30138679157815
COC(=O)N=C1SC(=S)S/C1=N\Nc1nnc(-c2ccc(OC)cc2)s1,16.29693366055001
COc1ccc(-c2nc3c(=S)sc(N/N=C4\C[C@H](C)CCCS4)nn3n2)cn1,16.293391402894162
Cn1nnc(-c2nc(-c3ccc4c(c3)sc(=S)n4C)n(-c3ccc(O)cc3)n2)n1,16.29173804880421
COc1ccc(-c2nc3c4cc(-c5nc(NC6CC6)ns5)sc4nnn3n2)cc1,16.287962209285926
CSc1nc(/C=N/Nc2cn3c(n2)-c2cc(-c4ncon4)ccc2OCC3)cs1,16.282841710278973
COc1nc(-c2nc(-c3cccs3)ns2)c2sc(=S)n(CCC(=O)O)c2n1,16.280575313756948
C/C(=N/Nc1nc2nn(C3CC3)nc2c2nc(-c3cccs3)nn12)c1cccs1,16.269366840551655
Cc1csc(-c2nc3sc(N/N=C/c4ccc(-c5nncs5)cc4)nn3n2)n1,16.251046884444296
c1coc(-c2nc3c(-c4nnc(NCSc5nccs5)s4)ccnn3n2)c1,16.239875848702795
COc1cc(Nc2nccs2)nc(-n2sc3c(nnn3-c3ccccc3)c2=O)n1,16.209518574825793
Nc1nc(SCc2ccccc2)nc2nc(-c3nc(-c4cccs4)ns3)nn12,16.208694393271898
C(=N/Nc1nc2n(n1)CCOc1ccc(-c3nnn(C4CC4)n3)cc1-2)\c1cccs1,16.19769512641172
CSSc1nnc(SC(=S)Nc2nc(-c3ccccc3)ns2)nn1,16.19315355300407
COc1ccc(-c2cnn3c(SC(C)(C)C)c(-c4csc(N)n4)nc3n2)cn1,16.19100263242035
C/C(=N\Nc1nn2nc(-c3cccnc3)nc2s1)c1nc(-c2cccs2)ns1,16.15566712324831
O=[N+]([O-])c1ccc(-c2nc3sc(N/N=C(\c4cccs4)C4CC4)nn3n2)cc1,16.15091912154722
Cn1nc(-c2csc(-c3ccc4c(c3)OCO4)n2)nc1N/N=C/c1cccs1,16.133165119630096
CSc1nc2nc(N/N=C(/C)c3cccs3)n3nc(-c4ccnnn4)cc3c2s1,16.13064694122462
CCOc1nc2c(N)nc(-c3nc4c(nnn4-c4ccccc4)c(=S)s3)nc2s1,16.128039956660402
C/C(=N\Nc1ncnc2nc(-c3ccccc3)nn12)c1nnc(-c2cccs2)s1,16.0883863475608
Cc1nc(-c2csc(N3CCCCC3)n2)c2nc(N/N=C/c3cccs3)nn2n1,16.082927472104366
COc1csc(-c2nc3c(=S)sc(N/N=C/c4ccnc(Cl)c4)nn3n2)n1,16.08289072690956
CCOc1nnc(-c2ccc3c(c2)-c2nc(Nc4nccs4)nn2CCO3)s1,16.072247637052424
COc1ccc(-c2nn3nc(-c4csc(N)n4)nc3c(=S)s2)cc1-n1cccn1,16.06619440394382
Cn1c(=N)sc2cc(OCCn3cnn4nc(-c5ccco5)nc4c3=S)ccc21,16.06002306963855
COc1ccc(/C=N/Nc2ncc3c(n2)-c2cc(-n4ncs4)ccc2OCC3)cc1,16.043450207927307
Nc1nc(-c2ccn3nc(SSc4nc5ncccc5s4)nc3n2)cs1,16.03317410370762
CS(C)(c1nc(-c2ccccn2)no1)c1nnc(N2CCSC(S)=N2)s1,16.031695969721717
COC(=O)CSc1ccc(SC(=S)Nc2csc(-c3nncs3)n2)nn1,16.03036904719126
CCOc1nc2sc(-c3nc4sc(=S)n(-c5ccccc5)c4nc3N)nn2n1,16.02567180380508
CSC(C)=NNc1nnc([SH]=NN2CCN(c3nc4ccccc4o3)CC2)s1,16.02527594367257
COc1nn2cc(-c3nc(N/N=C(/C)c4cccs4)n4ncsc34)nc2s1,16.02116942734942
CC(=NNc1nc(-c2nnc3cccnn23)cs1)c1nc(-c2cccs2)ns1,16.001974038690467
COc1ccc(-n2nc(-c3cccs3)nc2-c2nc(NC(=S)S)n(C)n2)cc1,15.98741508652487
CSc1ccc(/C=N/Nc2nnn3sc(-c4ccc5c(c4)OCO5)nc23)s1,15.98446355093167
Cn1c(SSc2nnn(-c3nnc(-c4ccc(O)cc4)s3)n2)nc2ccccc21,15.982359451192988
COc1ccc(-c2nc3nc(-c4csc(NN5CCCCC5)n4)sn3n2)cc1,15.96226252983307
CSc1ccc(-c2nc3c(N/N=C/c4ccc(-n5cncn5)cc4)nsn3n2)cc1,15.950357455926122
C/C(=N/Nc1nn2nc(-c3nnn(-c4ccccc4F)n3)nc2s1)c1cccs1,15.911796062101558
COc1ccc(-c2nn3cc(-c4nnn(-c5ccccc5)n4)nc3s2)cc1C(=O)O,15.908938927118069
Nc1nc(-c2ccc(OCc3csnn3)cc2)nn2c1nc(=S)n2-c1cccs1,15.901951574520272
CC1(C(=O)c2nc3ccsc3s2)CCC/C1=N\Nc1nnn(-c2ccccc2)n1,15.899517613010456
CSc1nn2c(N)c(-c3nc4cnn(-c5ccccc5)c4c(=O)s3)nc2s1,15.896707436833292
CC(C)(C)Oc1ccc(/C=N/Nc2nsc(-n3nnnc3-c3cccs3)n2)cc1,15.8485758194999
C=Cc1c(-c2nc3nc(N4CCCCCC4)nc(N)n3n2)nc2sc(SC)nn12,15.840059581406049
Cn1c(SCn2c(-c3ccco3)nc3sc(-c4nncs4)nc32)n[nH]c1=S,15.82320143542789
COc1ccc(-c2nc3c4nc(-c5cccs5)nn4c(NC4CCC4)nn3n2)cc1,15.807279773498408
CSc1nccc(-c2nc3c(NN=C4CCSOC4)nc(SC)nc3s2)n1,15.780381970653677
O=[SH]c1nnc(-c2ccc3c(c2)OCCn2nc(N/N=C/c4cccs4)nc2-3)s1,15.778589305334293
C/C(=N\Nc1nc(-c2ccc3c(c2)OCO3)ns1)c1nnc(N2CCCCC2)s1,15.764070768029814
COc1cc(C#N)sc1/C=N/Nc1nn2nc(-c3cccs3)nc2c(=S)s1,15.756849225441208
c1csc(SSc2nc(NN=C3CCCCC3)nc(N3CCOCC3)n2)n1,15.740281327587471
O=C(O)SSc1nc(N/N=C/c2ccc3c(c2)OCCO3)nn1-c1ccccc1,15.737413185815216
COc1ccc(/C=N/Nc2nc3nc(-c4nc5cc(F)sc5s4)cnn3n2)cc1,15.73307625636517
CSc1nc(-c2cccs2)nc2sc(N/N=C/c3ccc4c(c3)OCO4)nc12,15.701047320937366
COc1cc2sc(-c3cnn4nc(N/N=C(\C)c5cccs5)nc4n3)nc2s1,15.690414117678152
C(=N/Nc1cnn2cc(-c3nc(-c4ccco4)ns3)nc2n1)\c1ccc(N2CCC2)cc1,15.682453209040847
C(=N/Nc1nc(-c2nnn(-c3ccccc3)n2)cs1)\c1ccc(-n2ccnc2)cc1,15.681306458267334
COc1ccc(/N=C2\SC(=S)S\C2=N/Nc2nnn(-c3ccccc3)n2)nc1,15.658403389530884
CSc1nc(N/N=C/c2ccc(-c3nc4sccn4n3)s2)nc(N2CCCC2)n1,15.650607986617667
Cn1cc(-c2ccc(/C=N/NC3=NC(=S)S4=NC(c5cccs5)=NN34)cc2)cn1,15.648921071660041
CSc1nn2cc(-c3cnn4nc(N/N=C/c5ccc(C)cc5)nc4n3)nc2s1,15.644296045048543
COc1ccc(/C=N/Nc2nc3n(n2)CCOc2ccc(-c4ncsn4)cc2-3)s1,15.640950300761219
CS/C(=N\c1nc2cccnc2s1)Nc1nc(SC)nc(N2CCCC2)n1,15.617159208672811
CN1CCN(c2ccc(/N=N/c3nc4nc(-c5nc(N)ns5)sc4s3)cc2)CC1,15.609436110968952
Cc1nc(-n2cccn2)ccc1/C=N\Nc1nn2nc(-c3ccco3)nc2c(=S)s1,15.593817140718688
Cc1cnn2c(N)nc(SCc3nnc(-c4ccc5c(c4)OCCO5)s3)nc12,15.586033645306404
C/C(=N\Nc1nn2nc(-c3ccc4c(c3)OCO4)nc2s1)c1csc(N2CCC2)n1,15.580976923137824
C[C@@H]1N=C(c2nccs2)C/C1=N/Nc1nn2nc(-c3ccco3)nc2c(=S)s1,15.568328148449194
CNc1nc(-c2ccc(OC)nc2)nc2nc(-c3csc(-c4cccs4)n3)nn12,15.566750327040307
COc1ccc(-c2nc3cnn4c(N/N=C(\C)c5cccs5)nnc4c3s2)cn1,15.55448366821738
CSc1nn2nc(-c3nnc(N/N=C/c4ccc5c(c4)OCO5)s3)cc2s1,15.535810533176862
S=c1sc(N/N=C/c2ccc(-n3cncn3)cc2)nn2nc(-c3ccco3)nc12,15.526220644596338
S=c1sc(N/N=C/c2ccc(-n3cncn3)cc2)nc2c1nnn2-c1ccccc1,15.501049762242896
C/C(=N/Nc1nnc(N2CCCCC2)n2nc(-c3cncs3)nc12)c1nccs1,15.491414036302448
Cn1ncnc1-c1nn2nc(-c3csc(-c4ccc(O)cc4)n3)nc2c(=S)s1,15.479588193195607
COc1nc2sc3nc(N/N=C/c4nnn(-c5ccccc5)n4)sc3c2s1,15.479351662524088
CSc1nnc(-c2ccc3c(c2)OCn2cc(N/N=C/c4cccs4)nc2-3)s1,15.440495257896384
COc1ccc(-c2nc(NN3CCCCC3)c3nc(-c4nncs4)sc3n2)cn1,15.436106059674806
Cc1ccc(-n2nnc3c(=S)sc(N/N=C/c4ccc(-n5cnnn5)cc4)nc32)cc1,15.417182861195336
C/C(=N\Nc1nc(N2CCOCC2)nc2nc(-c3cccs3)nn12)C1CCCCC1,15.398545973227897
C/C(=N\Nc1nnc2c(N3CCOCC3)nc(-c3cccs3)nn12)C1CCCC1,15.385319856705223
CSc1ccc(-c2nc3sc(N/N=C/c4ccc(-n5cncn5)cc4)nn3n2)cc1,15.379217408522168
C/C(=N\Nc1nc(-n2nnc(-c3nnc(N4CCCC4)s3)n2)cs1)c1ccccc1,15.348816073768388
Nc1nc(-c2cn3nc(SSc4cn(C5CCCC5)nn4)sc3n2)cs1,15.348525661036597
Cn1ncc2c(-c3nccs3)nc(Sc3nnc(NN4CCCCC4)s3)nc21,15.326454121863254
COc1ccc(-c2nc3sc(=S)n(-c4nc(N)c(SC)s4)c(=O)n3n2)cc1,15.312678390675691
COc1nn2cc(-c3nc(N/N=C(\C)c4cccs4)n4ncsc34)nc2s1,15.30895760750127
Nc1nnc(SCc2nsc(-c3nc4c(s3)COc3ccccc3-4)n2)s1,15.308643812671837
c1coc(-c2csc(NCCn3nc4c5nc(-c6ccns6)nn5ccnc3-4)n2)c1,15.280828718286703
CSc1nnc(Nc2nc3n(n2)CCOc2cc(-c4nnc(C)s4)ccc2-3)s1,15.268289342488314
CON=C1CCN(c2nnc(Sc3nnc(N/N=C/c4ccccc4)s3)s2)CC1,15.266713309010454
C/C(=N/Nc1nc2n(n1)COc1ccc(-c3nnn(C4CC4)n3)cc1-2)c1cccs1,15.222803232303857
C/C(=N\Nc1nnc2ccc(-c3nccs3)nn12)c1nc(-c2cccs2)ns1,15.20498797788176
Cc1cnn(-c2nn3nc(-c4csc(-c5ccc(O)cc5)n4)nc3c(=S)s2)n1,15.197613277929312
COc1ccc(-n2c(-c3cscn3)nn3nc(-c4csc(N)n4)nc3c2=S)cc1,15.19316898124182
Cn1nnc(CSc2nnc(NC(=S)Sc3nc4ccccc4s3)o2)n1,15.188045768766901
Cc1nc(-c2ccc(/C=N/Nc3cnn4nc(-c5cccs5)nc4n3)s2)ns1,15.166682066837254
CSc1nc(N/N=C/c2cn(-c3ccc4c(c3)OCCO4)nn2)nn1-c1ccccc1,15.14151627623212
CSc1nn2nc(-c3ccco3)nc2nc1N/N=C/c1ccc(-n2cccn2)cc1,15.134823027094018
O=C(O)CSc1nn2nc(-c3csc(-c4ccc5c(c4)OCCO5)n3)nc2s1,15.114280694527352
c1csc(-c2nsc(NN=C3CCN(c4nc(-c5nccs5)no4)CC3)n2)c1,15.090114269932615
C(=N/Nc1nc(-c2ccc3c(c2)OCO3)c2scnn12)\c1ccc(-n2nccn2)cc1,15.07547207162269
Cc1cn(-c2ccc(/C=N/Nc3nc4c(nnn4-c4ccccc4)c(=S)s3)nc2)nn1,15.063995023444585
Nc1nc(-c2cn3ncc(SSc4nnc(-c5ccccc5)s4)nc3n2)cs1,15.032002368151701
Cc1ncn(-c2ccc(/C=N/Nc3nn4nc(-c5nccs5)cc4s3)cc2)n1,14.99480492070687
C(=N/Nc1nccc(N2CCC2)n1)\c1ccc(-c2nc3nc(-c4cccs4)nn3s2)o1,14.991971542732081
C/C(=N\Nc1nc2c(nnn2-c2ccccc2)c(=S)s1)c1nc(N2CCC2)no1,14.981421164937982
C/C(=N/Nc1nsc(-c2cnnn3nc(-c4cccs4)nc23)n1)c1cccs1,14.953607966933049
Nc1nnc(-c2ncc(CSc3nc4ccc(-n5cccn5)nc4s3)s2)s1,14.953348316333866
CSc1nnc(-c2ccc3c(c2)-c2nc(Nc4ncc(C)s4)nn2CCO3)s1,14.928677419090826
C/C(=N\Nc1nsc2nc(-c3cccs3)nn12)c1ccc(-n2cncn2)cc1,14.921872710588032
COc1ccc(-c2nsc(NC(=S)Sc3nnc(N4CCCC4)s3)n2)cn1,14.90913683050207
CSc1nn2cc(-c3cnn4nc(N/N=C(\C)c5cccs5)nc4n3)nc2s1,14.906598223746846
C/C(=N\Nc1nn2nc(-c3cccs3)nc2s1)c1ccnc(-c2cncs2)n1,14.882500569456543
CSc1nn2cc(-c3cc4ncnn4c(N/N=C(/C)c4cccs4)n3)nc2s1,14.871686479920337
CC(=NNc1nnnc2nc(-c3ccc4c(c3)OCO4)c(C)n12)Sc1nccs1,14.85520486265779
C(=N/Nc1nc(-c2cccs2)cs1)\c1cnc(-c2nc3ccc(N4CC4)nn3n2)o1,14.833869230584936
COc1nc(-c2nc3c(NN=C4CCOC4)nc(N4CCCCC4)nc3s2)ns1,14.831156699756685
CSc1nc(-c2nc(-c3nc4nc(N5CCCCC5)cc(N)n4n3)cs2)cs1,14.825393597809521
CSc1csc(-c2cc3sc(N/N=C/c4ccc(-n5nccn5)cc4)nn3n2)n1,14.760654568824952
Nc1nc(-c2nc(SCC3CCOCC3)nc3nc(-c4cccs4)nn23)cs1,14.73404811360109
COc1ccc(-c2nc(N3CCOCC3)c3nnc(NN=C4CCCCC4)n3n2)cc1,14.729636617448069
CC(C)n1nnnc1-c1ccc2c(c1)-c1nc(N/N=C/c3cccs3)nn1CCO2,14.7247761963588
Nc1nc(N2CCCC2)nc2nc(-c3nnc(SCc4nccs4)s3)sc12,14.722404391466037
COc1ccc(-c2nn3c(-c4csc(-c5ccc(O)cc5)n4)nnc3s2)cn1,14.714962931349408
COc1ccc(-c2nnn(-c3ccc4c(c3)sc(=S)n4-c3nnc(N)s3)n2)cc1,14.668531272326318
C(=N/Nc1nc(-c2nccs2)nc(N2CCCC2)n1)\c1ccc(-n2cccn2)s1,14.616612528839074
C/C(=N\Nc1nsc(-c2nnc(N3CCOCC3)s2)n1)c1nc2ccccc2s1,14.606060778844446
FC(F)(F)CSc1nnc(-c2cc3nc(N/N=C/c4cccs4)nn3nn2)s1,14.544929623468358
COc1ccc(-c2nc3c(NN=C4CCOSCC4)nc(SC)nc3s2)cn1,14.53600003996325
O=[N+]([O-])c1ccc(-c2cnc3c(N/N=C/c4ccc(N5CCC5)s4)ncnn23)s1,14.53087760582801
COc1ccc(-c2csc3nc(/N=N/c4csc(N5CCNCC5)n4)nn23)cn1,14.40676785604964
Cc1nncn1-c1ccc(/C=N/Nc2nc3c(nnn3-c3ccccc3)c(=S)s2)cn1,14.37314667476745
C(=N/Nc1nc(N2CCCCC2)nc(N2CCCC2)n1)\c1cnn(-c2ccccc2)n1,14.337669426567324
COc1ccc(-c2nc3c(=S)sc(N/N=C/c4ccc(Cl)s4)nn3n2)cn1,14.333536247871582
Cc1nnc(-c2cc(Sc3nnc(N4CCCC4)s3)nc(N3CCCC3)n2)o1,14.321793293123669
c1ccc(-n2nnnc2SSc2nsc(NN=C3CCCSC3)n2)cc1,14.296371227993157
COc1ccc(-c2nc3c(=S)sc(N/N=C/c4ccc5c(c4)OCO5)nn3n2)cc1,14.286227119867357
C/C(=N\Nc1nsc2nc(-c3cccs3)nn12)c1ccc(-n2nccn2)cc1,14.239294955247926
Fc1ccc(/C=N/Nc2nc(-n3nnc(-c4nnc(N5CCCC5)s4)n3)cs2)cc1,14.233118097649532
Cc1ncn(-c2ccc(/C=N/Nc3nc4nc(-c5cccs5)nn4s3)s2)n1,14.158431501748856
COc1ccc(/C=N/Nc2nc3nnc(-c4ccc5c(c4)OCO5)nc3s2)cc1,14.144657937715937
C/C(=N/Nc1nnc(N2CCCCC2)c2nc(-c3cccs3)nn12)c1cncs1,14.13366730919734
COc1nc(-c2nc3c(NN=C4CCCS4)nc(N4CCCC4)nc3s2)ns1,14.113126347654072
CSc1nc(N/N=C(/C)c2cccs2)n2nc(-c3ccc4c(c3)OCO4)nc2n1,14.067266596274607
Cc1nnn(-c2ccc(/C=N/Nc3nc4c(nnn4-c4ccccc4)c(=S)s3)cc2)n1,14.036066892102433
CNc1nnc2nc(-c3nc4sc(-c5ccc(OC)cc5)nc4s3)sc2n1,13.961648005319162
Cc1nc2nc(SCc3nnc(-c4cc5ccccc5s4)s3)nc(N)n2n1,13.957191193633141
FCc1nn2cc(-c3ncc(/C=N/Nc4nc(-c5cccs5)ns4)o3)nc2s1,13.9314963659729
Cc1nn2nc(-c3cc(-n4ncs4)nc(N/N=C/c4ccc(F)cc4)n3)nc2s1,13.848377716717495
C/C(=N\Nc1nc(-n2ccnn2)cs1)c1csc(-c2ccc3c(c2)OCCO3)n1,13.822642136527824
Nc1nc(SCc2nc(-c3cccs3)nn2-c2nccs2)nc2ccnn12,13.816427945100243
Nc1nnc(-c2nnc(CSc3nnc(-c4ccc5c(c4)CCO5)s3)s2)s1,13.809973434974905
Cn1cc(-c2noc(/C=N/NC(=S)Sc3nc(-c4cccs4)ns3)n2)cn1,13.80098911942336
COc1ccc(/C=N/Nc2nc3n(n2)CCOc2ccc(-c4ncsn4)cc2-3)cc1,13.702262828205098
Sc1nnn(-c2ccc(/C=N/Nc3nc(-c4ccc5c(c4)OCO5)cs3)s2)n1,13.64729646967261
COc1ccc(-c2nc3nc(-c4cn5nc(SC)sc5n4)nnc3s2)cc1,13.570670261115655
C(=N/Nc1nc(-c2cccs2)nc(N2CCCC2)n1)\c1ccc(-n2nns2)cc1,13.546516943783992
COc1ccc(-c2nc(-c3nc4nc(N5CCCCC5)nc(N)n4n3)cs2)cc1,13.505702639963923
COc1nnc(-c2ccc3c(c2)-c2nc(N/N=C/c4cccs4)nn2CCO3)s1,13.43254408081791
C/C(=N/Nc1nnc(N2CCOCC2)c2nc(-c3nccs3)nn12)c1cccs1,13.345314719110972
Cc1ncn(-c2ccc(/C=N/Nc3nc4c(nnn4-c4ccccc4)c(=S)s3)cn2)n1,13.334860209850492
CSc1nn2cc(-c3cnn4nc(N/N=C/c5ccc(F)cc5)nc4c3)nc2s1,13.330064082977326
Cc1ncn(-c2ccc(/C=N/NC3=NC(=S)S4=NC(c5cccs5)=NN34)cc2)n1,13.287871024331201
Oc1ccc(-n2nnc(-c3nc4sc(SCc5cccs5)nn4n3)n2)cc1,13.27777646899572
CSc1nnc(-c2ccc3c(c2)-c2nc(N/N=C/c4ccsc4)nn2CCO3)s1,13.26300263237446
Nc1nc(SCc2nc(-c3ccccc3)ns2)nc2nc(-c3ccsc3)nn12,13.107062034526454
Nc1nc(SCc2nnc(-c3ccc(F)cc3)s2)nc2nc(-c3cccs3)nn12,13.097901503741728
CSc1nc(NN=C2CCSC2)c2nc(-c3nc(SC)nn3C)sc2n1,13.082625177297828
CSc1nnc(-c2ccc3c(c2)-c2nc(N/N=C/c4cccs4)nn2CO3)s1,13.036613051426983
c1ccc(-n2nnnc2SSc2nsc(NN=C3CCSCC3)n2)cc1,12.985015051346963
S=c1sc(N/N=C/c2ccc(-n3nccn3)cc2)nn2nc(-c3cccs3)nc12,12.928456793374702
COc1ccc(/C=N/Nc2nc3n(n2)CCOc2ccc(-c4nncs4)cc2-3)cc1,12.868761118571534
COc1nsc(-c2nc3c(NN=C4CCSCC4)nc(SC)nc3s2)n1,12.586516637946678
CSc1nnc(-c2ccc3c(c2)-c2nc(N/N=C/c4cccs4)nn2CCO3)s1,12.522163514479479
C/C(=N/Nc1nnc(N2CCCCC2)c2nc(-c3ncns3)nn12)c1cccs1,12.351184816924793
