SMILES,log-likelihoodog
O=C(NCc1ccc(-n2nnc(-n3nc(-c4ccns4)s3)n2)cc1)OCc1ccccc1,27.856533853336103
CON=C(N)Cc1ccc(-c2nsc(-n3c(-c4cccs4)nc4c3OCO4)n2)cc1,27.209644508624063
Cc1nc2sc(-c3nc4cnn(-c5ccc(-n6cnc(N)c6)cc5)c4n3C)nc2s1,27.015929047524136
COC1CNCc2nc(-c3c(C)nc(-c4cccs4)n3-c3nc(C)ns3)sc21,25.855847653977744
C[C@H](c1ccc(-n2cc(-c3csnn3)nn2)cc1)N1CCC(n2cnc3ccccc32)N=N1,25.622686125958783
Cn1nnc(-c2nc(C(=O)Nc3c(-c4ccsc4)nc4sccn34)cs2)n1,25.48075639582697
c1csc(-c2ccc(-n3ccc(Sc4nc(N5CCCC5)ns4)n3)nn2)n1,25.139076758663172
CSc1nccc(-c2ncc(-c3nnc(-c4ccc5c(c4)OCCNC5)n3C)s2)n1,25.137490716037608
Cc1ccc(-c2ncn(-c3cc(-c4nncs4)nc(-c4csc5c4CCNC5)n3)n2)o1,24.90841251237996
O=C(O)c1nsnc1-c1ncc(-c2cn(Cc3cccs3)c(N3CCCC3)n2)s1,24.75837176841965
CNc1csc(-n2cc(-c3cn(-c4ccc5sc(C(F)F)nc5c4)nn3)nn2)n1,24.645720966369424
COc1ccc(-n2sc3cc(-c4nc(-c5ccc6c(c5)CNCC6)no4)nnc32)nc1,24.633708123711184
O=C(O)CSc1ncc2c(n1)C=Cc1sc(-n3nnc(-c4cccs4)n3)cc1N2,24.520848409455603
c1ccc(-n2nnc(-c3sc4ccnn4c3-c3nnc(NCC4CC4)s3)n2)cc1,24.371773100057798
O=C(O)c1ccc(CSc2ccn(-c3nc(-n4ncc5cccnc54)ns3)n2)cc1,24.221694064965213
CSc1nc2c(s1)[C@H](c1cccc(-n3nnnc3-c3cscn3)n1)CCN2,24.12970541993038
O=C(O)c1cnn(-c2ccccc2)c1-c1nnn(-c2ccc3c(c2)OC[C@H]2NCC[C@H]32)n1,24.087582912915792
Cn1cnc(-c2nc3sc(-c4cn(CC(=O)c5ccc(F)cc5)nn4)nc3s2)n1,23.829978939725052
Cn1cnc2ccc(-c3nc(-n4nnc(-c5ccc(C(=O)O)s5)n4)cs3)cc21,23.752680469338717
COc1ccc(-n2nc(-c3cn(CC4CCCc5nnncc54)nn3)sc2=S)cc1,23.746703022837526
COc1cnn(-c2nsc(-n3ncc4ccc(-c5nc(C(=O)O)cs5)cc43)n2)c1,23.74363139674395
COc1ccc2c(-n3nc(-c4cccs4)nc3-n3cc(C(=O)O)nn3)csc2c1,23.645239413811893
COc1ccc(-n2cc(-c3ccnc4cc(/C=C/c5nn[nH]n5)nn34)sc2=S)nc1,23.636593151449496
COc1ccc(-c2nncn2-c2nnc3n2N(CC(=O)O)c2ccccc2S3)cc1,23.574148085560054
CNc1nc(F)cc(-c2nn(C)c3nc(-c4nnc(-c5cccs5)s4)sc23)n1,23.570704141796586
Sc1ncsc1-c1ccc(Cn2nnc(-c3nc(-c4cscn4)no3)n2)cc1,23.54665524979302
C[C@H](Nc1nc2cnccc2s1)c1ccc(-n2nnc(-c3nccs3)n2)s1,23.41440560755647
CNc1nc(-c2cn(-c3ccccc3)nn2)nc2sc(=S)n(Cc3ccon3)c12,23.332232369451315
Cc1cc(-c2nn(-c3ccc4cc(N)sc4c3)c(=S)s2)nc(-n2nccn2)n1,23.32257013739914
c1ccc(-n2nnc(-c3sc4nsnc4c3-c3ccc(Cn4cncn4)cc3)n2)cc1,23.319286395794673
O=C(O)c1ccc(-c2cn(Cc3ccc(-c4nnsn4)cc3C3CCS3)nn2)s1,23.29258223425548
COc1ccc(-n2nnc(-c3ccc4nc(SC5=NCCS5)nc(N)c4c3)n2)cc1,23.146861324515264
O=C(O)c1cscc1-c1csc(-c2cn(Cc3ccc(-n4ccnc4)nn3)cn2)n1,23.067351070077247
O=C(OCc1ccc(-n2cc(-n3ncc4cccnc43)nn2)cc1)Sc1nccs1,23.029873865909618
CSc1ccn(-c2nc(CO)cc(-n3ncc4cc(-c5ccsn5)sc43)n2)n1,22.953087097280086
O=C(O)c1nc(-c2nnc(-n3nc(CCN4CCc5ccccc54)s3)s2)cs1,22.922391161023885
CNc1ccc(-c2nc(-c3nnsn3)n(-c3ccc(N4CCCCC4)s3)n2)cn1,22.863764511185295
CNc1csc(-n2nnc(-c3nc4c(C)n(-c5ccc(Cl)cc5)nc4s3)n2)n1,22.84467915329883
Cn1c(-c2cc3nsnc3c(NCC3CCCO3)n2)nc2c1nnn2-c1ccsc1,22.83195438455706
COc1ccc(-c2nc3nc(C(=O)O)cc(N4CCC5(CCCC5)SC4)n3n2)cn1,22.805772001821623
COc1ccc(-n2cc(-c3cscn3)nn2)cc1C(=O)Nc1nnc2sccn12,22.76786364956741
c1cnn(-c2ccc(-c3ccc(CNc4nnc(-c5nccs5)s4)s3)nn2)c1,22.749674447923898
Oc1ccc(-c2nnc(SCc3nnn(-c4ccc5c(c4)CCC5)n3)s2)cn1,22.711786444153773
Cc1ccc(-n2ncc(C(=O)O)c2Oc2ccc(-n3nc4ncsc4n3)cc2)s1,22.674349361699043
OC[C@@H]1COc2ccc(-c3cnn(-c4nc(-c5nnn(-c6ccccc6)n5)cs4)c3)cc21,22.674222407813634
c1nc(-c2cnsc2)n(-c2ccc(Oc3nc(N4CCCC4)n4nccc4n3)cc2)n1,22.66677482802949
c1cnn(-c2nsc(-c3nnsc3N[C@H]3C[C@H](c4ccc5c(c4)OCO5)C3)n2)c1,22.644801372536094
O=C(O)COc1ccc(-n2nc(-c3cncs3)nc2-n2ncc3cccnc32)c(F)c1,22.636921793233988
COc1ccc(-c2nsc(-n3nnc4cc(-c5ccnc(N6CCC6)n5)sc43)n2)cc1,22.579921701555016
NCc1ccc2nnc(-n3nc(SSc4nc5ccccc5s4)s3)nc2n1,22.55261067669598
CCn1c(-c2ccc3c(c2)CNCCS3)nnc1-c1nnc(-c2nc(C)ns2)s1,22.527617706635432
Cc1nsc2cc(-c3nn(-c4ccnc(NCc5csnn5)n4)s3)ccc12,22.519077881071215
CC1Nc2ccccc2N=C1CCn1nc(-n2nccn2)nc1-c1ccc2c(c1)OCO2,22.493693134723
C[C@@H]1COc2cc(-n3nnc(-c4sccc4C(=O)O)n3)ccc2N1Cc1nccs1,22.426172904691054
OC1CCCC(n2nnc(-c3ccc(Cn4nnc(-c5cccs5)n4)cc3)n2)SC1,22.35723090217473
c1csc(-c2noc(-n3cc(NCc4ccc(C5SCCS5)cc4)nn3)n2)n1,22.30932971504476
c1cc(NCc2cncs2)nc(-n2ccc(-c3nnc(-c4csnn4)s3)c2)n1,22.30449305254586
CC(C)(C)c1c(-c2ccc(C(=O)O)cc2)nnn1CCSc1nnc2sccn12,22.275509616854485
c1cc(-c2cc3nsnc3n2C2CCC2)nnc1OCc1nc2c(s1)CNCC2,22.26544482778607
COc1cc(-c2nsc(-c3nnc(NC4CN(C(=O)C(C)(C)C)C4)s3)n2)ccn1,22.26068014040847
CSc1ccc2ncn(Cc3ncc(-n4nnnc4-c4cscn4)s3)c2c1,22.21629992671559
CC1OCc2cc(-n3nc(NCc4csnn4)nc3-c3nccs3)ccc2O1,22.20751498355035
S=c1[nH]nnn1-c1ccc(Oc2ccc(-n3cnc(-c4nccs4)n3)cn2)cc1,22.19273035505062
Cc1sc(Cn2c(=O)sc3ccc(O)nc32)cc1-c1nc(-c2cscn2)no1,22.152533208423247
Cc1nsc(-c2nnc(CN3CCC[C@@H](c4cc5nc(N)sc5s4)C3)s2)n1,22.147394688991074
Cn1nc(-c2ccc(Cn3cnc4c(N)nccc43)s2)n2nc(-c3cccs3)nc12,22.13928168922831
O=C(Oc1ccc(-n2cccn2)cc1)C1(Nc2cc(-c3nnsn3)sn2)CCC1,22.134712682919854
CN(C)c1cc(-c2ccc(C(=O)Nc3nnc(N4CCCCC4)s3)nn2)sn1,22.126928428048494
COc1cc(S)nnc1-c1nc(-c2nccs2)n(-c2ccc3c(c2)CNCCO3)n1,22.099049511643422
FCCNc1ccc(-n2nc(-c3cc4ncsc4s3)nc2-c2csnn2)nn1,22.03766079030041
CN1CCCc2sc(-c3csc(-n4nnc(-c5ccc(CC(=O)O)cc5)n4)n3)nc21,22.02473411703641
COc1ccc(-c2nnc(CNc3nc4nc(C(F)(F)F)ccc4s3)s2)cn1,21.894880989757834
CC(=O)N1CCC=C(c2nc(-c3ccc(C)o3)nn2-c2nnc(SS)s2)C1,21.877107464246677
c1ccc(-c2cc(N3CC(Nc4nc(-c5cc6scnn6c5)ns4)C3)on2)nc1,21.856643482027014
Nc1nc([C@@H]2CCCN2Cc2nc3ccccc3o2)n(-c2ccc(-n3ccnn3)s2)n1,21.82698525768801
NC1=S(c2cccs2)N=C(n2cc(CSc3nc4c(s3)CCC4)cn2)N=N1,21.825423994718633
CNc1nc(-c2cccc(N3CCOCC3)n2)cc(-n2cnc(-c3cscn3)n2)n1,21.787582974584865
COc1cc(-n2nnc(-c3nccs3)n2)ccc1CN1CCCc2nc(N)sc2C1,21.744942578444217
Cn1cc(-c2nsc(Nc3ccc(-n4nnn(-c5ccccc5)c4=S)cc3)n2)nn1,21.70875540688178
O=C(NN1CCCC1)Oc1ccc(Oc2ccc(-n3ncc(-c4ncsn4)n3)cc2)cc1,21.70212477360115
c1csc(-c2nsc(-n3ccc(Oc4ccc(-c5nnn(C6CN6)n5)cc4)n3)n2)c1,21.654536641847972
CNc1nc(-c2nccs2)nc(-n2cc(/C=N/N3CSc4ccccc43)cn2)n1,21.654331807053854
c1cnn(-c2cc(Oc3cc(NC4CC4)n4cc(-c5cscn5)nc4n3)sn2)n1,21.65352459468873
O=C(Nc1nc(-c2cscn2)ns1)SCCn1cnc2c1nc1ccccn12,21.525879797103855
O=C(O)COc1cccc(-c2nc(-c3nc4csnc4s3)nn2C2CCS2)c1,21.51264287277718
COc1ccc(-c2nnn(-c3nc4c(s3)CN(c3cc(N)cc(C)n3)CC4)n2)s1,21.506970561766792
CSc1nn2cc(-c3ccnc(-c4cnn(-c5nc(C)cs5)n4)n3)cc2s1,21.453360850911114
O=C(O)/C=C/c1nc(-c2ccn(-c3nsc(=S)s3)n2)nn1-c1ccc(O)cc1,21.434707661333373
Cn1cnc(-c2cn(-c3ccc(Oc4ccn(-c5nc6ccccc6s5)n4)nc3)nn2)c1,21.421494376476783
c1csc(-c2ncn(-c3cc(-c4cnc5ncsc5c4)nc(NC4CC4)n3)n2)n1,21.40636998454888
Cn1nc(-c2ncc(CN3CCC(C(=O)O)C3)s2)c2sc(-c3nncs3)nc21,21.3858681916534
Nc1nc(-n2cc(/C=C/c3cccc(-n4snc4-c4nccs4)c3)nn2)cs1,21.378397780208182
Cn1c2nc(O)sc2c2nc(CSc3nnc(-c4ccc(F)cc4)s3)nn21,21.32698041250806
CSc1nnc(-n2cc(NCc3nnc4nc(Cl)ccn34)c(C(C)(C)C)n2)s1,21.273151043171215
Oc1nnc(-c2cccc(-n3ncc(CSc4nc5cccnc5s4)n3)c2)s1,21.25584066010139
COc1ccc(N2CC[C@@H](Nc3nc(-c4cnc(-c5csnn5)s4)ns3)C2)nc1,21.254135245166157
c1ccc(-n2nnc(-c3nnsc3NCc3ccc4c(c3)OC(c3ccco3)O4)n2)cc1,21.2460449230415
O=C(O)c1sc(N2CCC(c3cccs3)C2)cc1-n1cnc(-c2nnsn2)c1,21.24103012191214
OC[C@H]1CCCN1c1nc(-c2nccs2)c(-c2nnn(-c3ccc(Cl)cc3)n2)s1,21.23429781981933
CNc1nc(-c2ccc3ncnn3c2)cc(-n2c(SC)nnc2-c2cccs2)n1,21.202786452400105
c1nnc(-c2ccc(Cn3nnc(-c4nc(-c5ccc6c(c5)CNC6)ns4)n3)s2)s1,21.184483137045344
CNc1nc(-c2nc(-c3ccc4c(c3)S[C@H](C)CO4)nn2-c2nccs2)ns1,21.15741915332733
CCn1ncc(-c2csc(-c3nnsc3-c3ccc(C4=NCCN4)s3)n2)n1,21.144995366148358
CNc1ncc(-c2nc3c(ncn3Cc3sc(-c4cn(C)nn4)nc3F)s2)s1,21.12141536510508
Sc1cc(-c2nnc(NCc3ccc4c(c3)OCCO4)s2)nc(-n2nccn2)n1,21.120065717001822
Oc1ccc(-n2ncc(-c3nnc(N4CCC[C@@H]4c4nsc(C5CC5)n4)s3)n2)cc1,21.114918966762257
COc1ccc(-n2nc(C=C3CSC(=S)NC3C(=O)O)c(-c3csnn3)n2)cc1,21.061948628404657
CSc1nnc(-c2nc(-c3ccc4c(c3)[C@@H](c3nccs3)NCC4)n(C)n2)s1,21.04326143453031
Cc1ccc(-c2nnn(-c3csc(NC4CCN(c5ccsn5)CC4)n3)n2)o1,21.041313190164306
Cc1nnc(Nc2nc(CN3CCn4nc(-c5cccs5)cc4C3=O)ns2)s1,21.036531364489907
Nc1nc(N2CCCCC2)nc(-n2cc(-c3cscn3)c(-c3ccsc3O)n2)n1,21.035135791040982
c1ccc(CNc2nccc(-n3nnc(-c4nc(-c5nccs5)cs4)n3)n2)cc1,21.03227366030647
Cc1cc(-n2nnc(-c3csnn3)n2)ccc1Cn1cnc2ccc(C(=O)O)cc21,21.012195338537385
CNc1nc(-c2ccc(Cn3cncn3)cc2)c(-n2nnc(-c3cccs3)n2)s1,20.97732936312174
c1nc(-c2nnn(-c3ccc(Oc4nnc(NC5CCCS5)s4)cc3)n2)cs1,20.976533902059618
COc1ccc(-n2ncc(-c3nn(-c4ccc5nc(O)sc5n4)c(=S)s3)n2)cc1,20.94739691941535
O=C1c2ccoc2CCN1CCNc1snnc1-c1snnc1-c1cccs1,20.933831987203476
c1cnn(-c2nc3nc(-c4ccc(Cn5cnc(-c6ccsc6)n5)cc4)[nH]c3s2)n1,20.922696207816195
CSSc1nnc(-c2cn(-c3cccc(N/C(=N\C#N)SC)c3)nn2)s1,20.915291497837863
COc1cnn(-c2ccc(-c3nnc(NCc4ccc5c(c4)SCCO5)s3)cn2)n1,20.906398464166074
Cc1csc(N2CCCC(Nc3cc(-n4cnc(-c5nnsn5)c4)ccn3)C2)n1,20.8996278301888
Cn1nnc2cc(-c3nn(-c4nnc(NCc5ccc6c(c5)OCO6)s4)s3)ccc21,20.888334807535674
c1csc(-c2cc(-n3ccc(N4CCCCC4)n3)nc(NCc3cscn3)n2)n1,20.88595015540021
Cn1nc(-c2nc(-n3cc(CSc4nc5ccccc5o4)nn3)c[nH]2)sc1=S,20.87008767008163
Oc1nnc(-c2cnc3cnc(CSc4nc(-c5cccs5)cs4)nn23)s1,20.84875290826656
O=C(O)/C=C/c1ccc(-n2cc(-c3nc(-n4cccn4)nc4sccc34)nn2)cc1,20.8385008218567
COc1ccc(-n2cc(-c3cn(-c4ccc5c(c4)CCNC5)nn3)nn2)c(-c2nncs2)c1,20.812463653167978
CC(C)(C)Oc1ccc(-c2nnn(-c3ncnc(-c4ccc(CS)s4)n3)n2)cn1,20.809464486729123
O=C(O)CCn1nc(-n2cc(-c3ccsc3)nn2)nc1-c1ccc2scnc2c1,20.798959788436708
O=C(O)c1ccc(-n2nncc2Oc2cccc(-n3cc(N4CCOCC4)cn3)c2)cc1,20.79810950697853
NCc1nc(-c2nc3snc(Oc4ccc(-n5nccn5)cc4)c3s2)cs1,20.78033770250822
CCOC(=O)c1sc(=S)sc1C(=O)Oc1ccc(-c2nnc(O)s2)cc1,20.758542235472472
c1csc(-c2nnn(-c3cc(-n4ccc(-c5cncs5)n4)nc(NC4CC4)n3)n2)c1,20.75772482898294
S=C(Cn1ncc(-c2cnc(-c3csnn3)s2)n1)Nc1ccc(-n2cccn2)cc1,20.732223713891845
CNc1nsc(-n2ccc(-c3cc(F)cc(-n4cnnc4-c4cccs4)n3)n2)n1,20.731936489002113
C(=N/Nc1ccc(-c2nnn(-c3ccccc3)n2)nc1)\c1ccc(-n2cncn2)s1,20.713619857246908
OC1CC(c2cccnc2)CCN1Cc1cc(-c2csnn2)sc1-c1nnsn1,20.71061594869834
O=C(Nc1nnc(-c2cccs2)s1)c1nc(-c2ncn(C3CCS3)n2)cs1,20.707098597623432
O=C(Cn1cc(-c2cc(-n3nccn3)ns2)nn1)Nc1ccc2ncsc2c1,20.683645341946445
c1ccc(Oc2nn(-c3ncc(-c4nnsc4N[C@H]4CCSC4)nn3)s2)cc1,20.65007654017428
O=C(O)SCc1ccc(-n2cc(-c3csn4c(-c5cccs5)nnc34)nn2)cc1,20.648281751456196
CNc1nnc(Oc2ccc(-c3noc(N4CCC5(CCCS5)CC4)n3)cn2)s1,20.64663371551822
COc1ccc(-c2nnn(-c3nc(NC4=NC(C(F)(F)F)SC4)cs3)n2)cn1,20.6419048005485
COC(=O)Nc1nc2sc(CN3CCCCC3)c(-c3csc(-n4nccn4)n3)c2s1,20.616719183183037
Oc1cc(CSc2cnc(-c3nc4c(s3)CCCC4)nn2)sc1-n1ccnn1,20.615798414110017
CNc1ncnc2c1ncn2Cc1ccc(-c2nc(-n3nccn3)ns2)s1,20.537330154313644
c1ccc(-n2cc(-c3nnn(-c4ccc(Oc5cccc6c5CCN6)nc4)n3)nn2)cc1,20.533287360827792
O=C(O)c1csc(-c2nc(CN3CCC(n4cnc5cccnc54)C3)cs2)n1,20.489767956207846
CNc1nc(-c2nnn(-c3ccc4nc(-n5cc(Cl)nc5C)sc4c3)n2)ns1,20.479532710832334
Nc1nc(-c2cccs2)nc(-n2nnc3cc(Oc4ccn5cccc5n4)ccc32)n1,20.479352897836442
Cc1nsc(-n2c(SCC3CN=NN3)nnc2-c2cc3ccccc3s2)n1,20.44011836757224
COc1ccc(-c2nnsn2)c(-c2nnc(SC3CN(C(=S)S)C3)o2)c1,20.43403429652523
Cc1ccn(-c2csc(-c3ccc4nc(Sc5nnc(N)s5)ncc4c3)n2)n1,20.433097681121094
OC1C(c2ccncn2)CCN1Cc1csc(-c2csc(-c3csnn3)n2)n1,20.431324829385037
CNc1cc(=S)sc(-n2nc(-c3ccsc3)nc2-c2ccc3nc(C)nn3n2)n1,20.42199119126767
S=C(N/N=C/c1nn(-c2nccs2)nc1-c1csnn1)SCC1CCC1,20.380158303867237
COc1ccc(-c2nnn(-c3ccc(O)c(C(=O)N4CCc5scnc5C4)c3)n2)cn1,20.378399074530208
CC(C)(CNc1nc(-n2nnc(-c3cscn3)n2)cs1)c1ccc2c(c1)OCO2,20.373532066677203
Cn1c(=S)[nH]c2c1nc(-c1cccs1)n2Cc1ccc(-c2nnsn2)nn1,20.366245628664505
Nc1ncc(Oc2ccc(-n3cnc(-c4cn(-c5cccc(F)c5)nn4)n3)cc2)s1,20.36387070622876
c1cc(-c2csnn2)ccc1Cn1cnc2nc(-c3cn(C4CCNC4)nn3)sc21,20.361953549142243
Cc1noc(-c2ncc(CN3CCC(c4ccc(-n5nccn5)s4)CC3)s2)n1,20.34266625820695
Cc1nsc(N2CCC(Nc3ccnc(-n4cnc(-c5nccs5)n4)c3)CC2)n1,20.33626927736382
COc1ccn2nc(-n3cc(CNc4nc(-c5cccs5)cs4)nn3)nc2c1F,20.33448203166755
S=c1cnn(-c2nnc(-c3cn(Cc4ccc(-c5ccccc5)cc4)nn3)nn2)s1,20.324888304610866
CNc1nc2ccn(-c3nnc(-c4ccc(CN5CCCCC5)s4)nn3)c2s1,20.32280423290012
Fc1cccc(-n2cc(-c3cn(-c4nnc(NCc5cccs5)nn4)nn3)cn2)c1,20.300994971323274
CSc1nnc(-c2nnc(N3CCC[C@H](Nc4nc5ccncc5o4)C3)s2)s1,20.29903371688708
COc1nnc(-c2ccc(CN3CCC(c4nsc5c(N)ncnc45)C3)s2)s1,20.29042759099994
COc1ccc(-c2nc3n(n2)c(NCc2nc4ccccc4s2)nc2nncn23)cc1,20.28748880494875
c1csc(-c2ncn(-c3nc(-c4ccc5c(c4)CN[C@@H]5Cn4nccn4)cs3)n2)n1,20.274198596309898
Nc1nc(-c2nc3sccc3nc2Oc2ccc(-n3cc(N4CC4)nn3)s2)cs1,20.25779940654787
c1csc(-n2nnc(-c3nc(-c4ncnn4CC4CCCSS4)cs3)n2)c1,20.25573697011696
Oc1ccc(-n2nnc(-c3ccco3)n2)cc1CSc1nc2ccc(Cl)cn2n1,20.238105851027544
N#Cc1cnn2c(NCc3ncc(-c4nnc(CN5CCCCC5)s4)s3)ccnc12,20.222080254188146
COc1cc2oc(Nc3nnc(-c4cccs4)s3)nc2cc1C(=O)N1CCOC1,20.209891215199207
Cc1ccc2cc([C@@H]3CCCN(Cc4nnc(-c5nnsn5)s4)[C@H]3O)sc2n1,20.197547859739025
Nc1nc(-n2cc(CN3CCCCC3)nc2-c2csnn2)nc2sc(C3CC3)nc12,20.18295378890235
C/C=C/c1nnc(N2CCC(Nc3nn4cc(-c5nccs5)nc4s3)C2)s1,20.18036452954574
O=C(O)c1cc(-c2nnn(CCN3CCC(c4ccc5c(c4)OCC5)CC3)n2)sn1,20.174050185020615
Cc1nccc(N2CCC(Nc3nc(-c4cccc(-n5ccnn5)n4)cs3)CC2)n1,20.15698174764614
Fc1ccc(Sc2nnnn2-c2nsc(-c3cn(-c4cccs4)nn3)n2)cc1,20.151121680599736
COc1ccc(-c2nnc(-n3cnc4c(C=S)nc(-c5cccs5)nc43)s2)cn1,20.134150950175844
COc1ccc(NC(=O)n2ncc3sc(-c4csc(N5CCCC5)n4)nc32)cn1,20.131250308098473
COc1ccc(-c2nnc3ccc(-c4nc(-c5ccc6ncnn6c5)cs4)nn23)cc1,20.12508113401236
CN1CCCC[C@H]1Nc1ccc(-n2nnc(-c3nc(-c4csnn4)ns3)n2)cc1,20.111987903383493
Nc1sc(-n2nnc(-c3cscn3)n2)cc1-c1nc(CN2CCCCC2)cs1,20.104135209863404
c1cn(-c2nc(NC3CCSCC3)cc(Oc3ccc(-n4ccnn4)s3)n2)cn1,20.103633335637603
Nc1ncnc(N2CCC2)c1-c1nnn(-c2ccc(Oc3nc4ccccc4s3)cc2)n1,20.080391820955196
O=Cc1nn(-c2ccc(Oc3nnc(NC(=O)C4CCCCS4)s3)s2)s1,20.065225095850007
Nc1nnc(-c2cc(F)c(Cn3nc(-n4cccn4)nc3-c3cccs3)s2)s1,20.052967417402098
c1csc(-c2nc3nc(-c4cnn(CCNc5nc6ccccc6s5)n4)sn3n2)c1,20.04809730145249
Cc1nsc(-c2nc(-c3nn(-c4ccc(/C=C/C(=O)O)cc4)c(=S)s3)cs2)n1,20.034127528180445
Cc1nc(-n2nccn2)ccc1Cn1cnc2scc(-c3nc(C(=O)O)cs3)c21,20.006614301266357
NN=C1CCN(Cc2cc(-c3snnc3-c3nnn(-c4ccccc4)n3)cs2)CS1,20.000826028235817
CSc1nnc(-n2nc3c(n2)O[C@H](CNc2nc4ccccc4s2)CC3)s1,19.988886712870585
Fc1cnc2nnc(SCCNc3nc(-c4cc5ccccc5s4)ns3)n2n1,19.97047880331973
O=C(CSc1nnc(-c2nccs2)n1-c1ncccn1)Nc1nc2ccccc2s1,19.959245725643285
CC(C)(C)Sc1nn(-c2ccc(Cn3cncn3)cc2)nc1-c1nc(C(=O)O)cs1,19.95493570379846
CSc1nnc(-c2nc(CN3CCC[C@@H](c4nnc(C(=O)O)s4)C3)cs2)s1,19.954871381140546
CNC(=O)Oc1ccc(-c2nnnc3nc(Sc4nc5ccccc5s4)nn23)cc1,19.950576570829647
c1csc(Oc2nc(N3CCCCC3)cc(-n3ncc(Nc4nccs4)n3)n2)c1,19.93900811723491
Cc1ccc(-n2nnnc2-c2nnsc2NCc2cccc3c2SCCO3)nc1,19.93400418419553
Cn1c(CNc2nc3nc(-c4cccs4)nn3nc2Cl)nnc1-c1cccs1,19.896907482515733
CNc1csc(-n2nc(F)c(-c3ccn4nc(Sc5ccccc5)nc4n3)n2)n1,19.87132113830447
NCc1sc(-n2ccc(-c3nccs3)n2)nc1Oc1ccc(-n2nccn2)cc1,19.86459931130479
c1csc(-c2nnnn2-c2cc(CNc3nnc4sc(C5CC5)cn34)sn2)c1,19.863167328701977
O=C(O)c1ccc(-c2nnc(COc3ccc4sc(-n5cccn5)nc4c3)s2)s1,19.851649319811088
O=C(O)[C@@H]1CCCN1Cc1csc(-c2ncn(-c3nc(-c4cccs4)ns3)n2)n1,19.851455721328637
C(=C/c1nc(-c2csnn2)nn1-c1ccccc1)\Cn1nnc(-c2ccsc2)n1,19.842320811707143
c1ccc2c(c1)nc(Oc1ccc(-n3cc(-c4csnn4)nn3)s1)n2CC1CCN1,19.822370466473085
c1cc(-c2nnc(-c3nsc(NC4CCSC4)n3)s2)ccc1Cn1cnnn1,19.802829796105026
O=C(OCc1nc2ccccc2s1)C1(Nc2nc(-c3nnsn3)cs2)CCO1,19.793846453518903
c1cn(-c2ncc(CNc3nnc4ccc(-c5cnc(C6CC6)s5)cn34)s2)nn1,19.770481015396015
Cc1nsc(-c2sc(C(=O)NN3CCCC3)nc2-n2cnc(-c3cccs3)n2)n1,19.764013185660502
c1csc(-c2nsn2-c2ccc(Oc3ccc4nnc(CN5CCC5)n4n3)cc2)n1,19.76231293193444
Cn1cc(-c2ncc([C@H]3CCCCN3Cc3cnc(-c4csnn4)s3)s2)nn1,19.760407598107726
c1csc(-c2nnn(-c3nc(NCc4ccc5c(c4)OCO5)nc4sccc34)n2)c1,19.747880500595016
Cc1nnc(-c2cnn(-c3nc(SC(F)(F)F)nn3-c3ccc(O)cc3)c2)s1,19.72841186701411
c1csc(-c2ncn(-c3ncnc(N[C@@H]4CCN(c5nc(C6CC6)cs5)C4)n3)n2)c1,19.723560354401343
Nc1nc(Sc2ccc(-n3nc(-n4nccn4)nc3-c3cccs3)cc2)cs1,19.702998864499396
CSc1nc(N)nc(-c2nnc(-c3cc4ncsc4s3)n2-c2ccccc2)n1,19.68976961048444
COc1cccc(-n2nnc(-c3nc(C(=O)O)cs3)n2)c1N1CCC2(CCC2)CC1,19.670171546095226
c1cc(-c2nnn(-c3nnc(NCc4ccc5c(c4)OCCS5)s3)n2)ccn1,19.656704245749147
Cc1nc(N2CCN(c3nnc(-c4nc(C(=O)O)cs4)s3)CC2)sc1C,19.65076039078879
OCc1cn(Cc2ccc(-c3nc4sc(-c5csnn5)nc4s3)cn2)cn1,19.638530690158397
c1csc(-c2nc(COc3ccc(-n4cc(-c5cscn5)nn4)cc3)no2)c1,19.633983288583742
CC(=O)N1CCC(Nc2nn(-c3ccc(Oc4nn5cccc5s4)nc3)s2)CC1,19.63132661312535
O=C(O)[C@@H]1C[C@H]1c1ccc(-c2nsc(-n3nc(-c4nccs4)nc3S)n2)cc1,19.61131784942158
Cc1cc(-c2csc(N3CC(C(=O)O)C3)n2)nc(-c2nc(-n3ccs3)cs2)n1,19.604690115397798
c1csc(NCc2cn(-c3ncc(-c4ccc5c(ncn5C5CC5)n4)s3)nn2)n1,19.595751930455602
Cc1ccn2c(NCc3c(-c4csnn4)csc3-n3ccnn3)nnc2c1,19.567440652306658
Cc1nc(-c2ccc(Oc3cc(-n4nn[nH]c4=S)sn3)s2)n(-c2ccccc2)n1,19.55234480535876
CSSc1nnc(-c2ccc(-c3nnsc3N3CCC(=N)CC3=O)cc2)s1,19.54256398123166
Cn1c(-c2nn(-c3ccccc3)c(=S)s2)nc2nc(-c3nsc(CN)n3)cnc21,19.532470865987783
O/N=C/c1nc2nc(CN3CCCC3)sc2nc1-n1ccc(-c2cccs2)n1,19.526137036219108
CSc1nnc(-c2cc(-c3nc(N)cs3)n(-c3ccc4ncsc4c3)n2)s1,19.507877646553347
Clc1nc(N[C@@H]2CCNC2)nc(Oc2ccc(-n3nnnc3-c3cccs3)s2)n1,19.480122987916754
CSc1cnn(-c2cccc(Oc3nnc(-c4ccc5c(c4)NCCO5)s3)n2)n1,19.45434875396896
COc1ccc(-n2nc(-c3nc4nsnc4s3)c3c(ncn3C)c2=S)cc1,19.441375440299176
O=C(O)CSc1nnc(-c2ccc(-c3nnc(CN4CCCCC4)s3)nc2)s1,19.422631909213877
Nc1nc(-n2cc(OCc3nc4ccccc4s3)nc2-c2csnn2)cs1,19.420832840357072
Cc1cc(N)nn1-c1nc(N2CCC(c3nnc(-c4nccs4)s3)CC2)ns1,19.408238178097108
Cn1nc(-c2cccs2)nc1SSc1cc2c3sccc3nc(N)n2n1,19.40171861220808
COc1ccc(-c2nnn(-c3nc(N4CCC[C@@H](C(=O)O)C4)c4ccsc4n3)n2)cc1,19.38195257108487
NCc1ccc(-c2cn3nc(Oc4ccc(-n5nns5)cc4)sc3n2)s1,19.370840250407564
Cc1nc(-c2cn(-c3csc(NC4CCCN(c5ccccn5)C4)n3)nn2)ns1,19.354452452203265
c1ccc2c(-c3nnc(NCc4ccc5c(c4)OCO5)s3)cc(-n3nccn3)nc2c1,19.348696925530742
CNc1nsc(-n2nc(-c3ccc4c(ccn4C)c3)c(-c3ccc4ncnn4c3)n2)n1,19.346684654823843
c1nc(-c2cn(-c3nsc(-c4ccc5ncn(C[C@H]6CCCN6)c5c4)n3)nn2)cs1,19.342762436942138
O=C(O)Cc1cnc(Oc2cccc(-n3cnn(-c4nccs4)c3=S)c2)s1,19.325325287594723
C(=N/Nc1cccc(-n2nccc2-c2nnn(-c3cccs3)n2)c1)\c1ccncc1,19.281239370494255
c1cc(-c2nccs2)nc(NC2CCCN(Cc3ncc(-c4nnsn4)s3)C2)n1,19.273610795337465
CSc1nnc(-n2ncc(-c3ccc(Cn4nnc5c4CCCN5)cc3)n2)s1,19.269655136600257
COc1ccc(-c2nsc(Nc3nc(-c4ccc(N5CCOCC5)nc4)no3)n2)cc1,19.267624840973788
Nc1ccc(-c2nnc(SCc3nnn4c3-c3ccccc3SC4)s2)nc1,19.251670351681895
CCn1nc(-c2nc(-c3ccc4nc(S(=O)(=O)O)sc4c3)ns2)sc1=S,19.24721273795542
Nc1nccc2cc(CSc3nc(-n4cc(-c5cccs5)nn4)ns3)cn12,19.243664164827504
c1nnc(Nc2ncc(CSc3nnc(-c4ccc5c(c4)OCCO5)s3)cn2)s1,19.22627259260736
COc1ccc2ncn(-c3nnc(NCc4ccc(-n5nccn5)nc4F)s3)c2c1,19.214207052079356
O=C(O)/C=C/c1ccc(-n2cc(-c3nnn(-c4ccsc4)n3)c(-n3cccc3)n2)cc1,19.199061646793123
O=C(O)COc1ccc(-c2csc(-n3nnc(-c4cccs4)n3)n2)c2ccsc12,19.185111275072465
Cc1nc(-c2nn(-c3nccs3)nc2CN2CCCc3nc(C(=O)O)sc32)cs1,19.16042132817238
Oc1c(SCc2nnn(-c3ccc(-c4nnns4)cc3)n2)sc2ccccc12,19.14623463053029
Oc1sc(-n2nccn2)nc1-c1ccc(Cn2cnc(-c3cscn3)n2)c(F)c1,19.146183521337466
CNc1nc(-c2ncn(-c3ccccc3)n2)nc(-n2nnc(-c3cccs3)c2F)n1,19.138282449128024
C/C(=N\Nc1cnc(-c2nnn(-c3ccccc3)n2)s1)c1ccc2c(c1)OCCO2,19.122306041209896
c1csc(-c2nc3ccnc(NCCc4ccc(-c5nnsn5)s4)n3n2)c1,19.098861794519145
CNc1nn(-c2ccc(Oc3nn4nccc4s3)cc2)nc1-c1ccc2c(c1)OCO2,19.07616030995578
c1cc(-c2nnsn2)cc(-n2nnc(Sc3cc(NC4CCOCC4)cs3)n2)c1,19.065968568106253
COc1ccc(-c2nsc(N3CCC4(CN=CNc5sc(SC)nc54)O3)n2)cc1,19.061906992682193
COc1ccc(-n2nnc(-n3scc(-c4nnsc4-c4ccccc4)c3=N)n2)cc1,19.058614555703247
Cc1nsc(-c2ncc(CN3CCC(c4noc(-c5cscn5)n4)CC3)s2)n1,19.050002194523458
CSc1nnc(-c2nc(-c3nnc(SC)n3-c3ccc4c(c3)CNC4)ns2)s1,19.034930807813016
NC1CCN(c2csc(Oc3ccc(-n4nnc(-c5cscn5)n4)s3)n2)CC1,18.999515104832536
Nc1nc(SCc2nnc(-c3nc4ccc(C5=NCCO5)cc4s3)s2)cs1,18.994687846389052
Cc1nnc(-c2nnc(-c3cc(NC4CSN(c5ccccn5)C4)sn3)s2)o1,18.97472071668757
CNc1nc(-n2nnc(-c3cccs3)n2)nc2sc(-c3nc(C)cs3)nc12,18.945441140323044
Nc1ncc2ncn(C3CCN(Cc4cn5nc(-c6cccs6)nc5s4)CC3)c2n1,18.93988669801356
Nc1nc(C2CCN(Cc3nc(-c4csnn4)sc3-c3csnn3)C2)cs1,18.923930637692152
c1csc(-c2cn(-c3cc(-n4nnc(-c5ccsc5)n4)nc(NC4CC4)n3)cn2)c1,18.92196936957724
CCSc1nnc(-c2cc3c(s2)CNCC3)nc1-n1cnc(-c2nccs2)n1,18.908770784089796
CNc1nc(-n2cc(-c3nccs3)nn2)nc(-n2c(SC)nc3ccccc32)n1,18.90632825153111
Sc1nc(-c2nncs2)n(-c2ccc(Oc3ccc(-n4nccn4)cc3)cc2)n1,18.905499269821483
Cc1cc2c(N)nc(SSc3nnc(-c4nnc5ccccn45)s3)nc2s1,18.904447471536297
c1csc(-c2nnn(-c3cc(-n4cc(-c5ccsc5)nn4)nc(NC4CC4)n3)n2)c1,18.888178562573405
CNc1nc(-c2nccs2)cc(-n2nc(SC)c(-c3ccc4c(c3)OCCO4)n2)n1,18.879702085689473
CNc1nnc(-c2ccc(Cn3cc(-c4nc5c(s4)CCCC5)nn3)nc2)s1,18.846041532926954
O=C(O)Cn1cc(-c2csc(-n3cnc(-c4cccs4)n3)n2)c(-c2cccs2)n1,18.83625654172705
c1nc(-c2nnc(CN3CCC(c4nsc(NC5CCC5)n4)CC3)s2)ns1,18.82926920098544
Fc1ccc(/C=N/Nc2ncc(Sc3ccc(-n4nc5ncsc5n4)nn3)s2)cc1,18.82715076423094
Oc1cc(-n2nnc(-c3cccs3)n2)ccc1Oc1nnc(N2CCCC2)s1,18.81633951127965
N[C@@H]1CCCN(c2snnc2-c2cnn(-c3ccc(Oc4nccs4)cc3)n2)C1,18.813820870552767
Cn1nc(-c2csnn2)nc1Sc1nnc(NC2CCc3ccccc3C2)s1,18.805328132669526
Fc1sc(-n2nnc(-c3cccs3)n2)nc1NCc1ccc(-n2ccnn2)cc1,18.798235875025266
Cc1nc(N2CCCC2)nc(-n2nnc3cc(Oc4nc5ccccc5s4)ccc32)n1,18.789705899805895
Cc1nc2ncc(CSc3nnc(-c4csc(N5CCCC5)n4)s3)nc2s1,18.774072360991138
c1nc(-c2nnn(-c3ccc(Oc4nnc(NC5CCCC5)s4)s3)n2)cs1,18.764774637119462
O=Cc1nn(-c2ccc(CNc3nnc(-n4ncc5cccnc54)s3)s2)s1,18.73360543942174
COc1ccc(-n2nnc(-c3nnsc3NC3CCN(c4cccs4)C3)n2)cc1,18.7295199695511
COc1ccc(-n2nnnc2SC2=NC(Nc3ccc(Cl)s3)=NCC2)nc1,18.72725273061984
c1ccc(-n2nnc(-c3cc(Oc4nc5c(s4)CCNCC5)sn3)n2)cc1,18.719325573160386
O=C(O)C1CCSN(Cc2nc(-c3nccs3)no2)C1,18.6966256048445
CSc1nc2sc(-c3cn(-c4ccc(CN5CCCCC5)s4)nn3)c(N)n2n1,18.67293016675902
Cc1cc(N)nc(N2CCN(c3nc(-c4nnc(-c5cccs5)s4)ns3)C2)c1,18.664197450216765
Cn1nc(-c2csnn2)nc1-c1cn(CSc2cc3ccccc3s2)nn1,18.654759742443765
CNc1nc(-c2nccs2)nc(-n2ccnc2Sc2ccc3c(c2)OCCO3)n1,18.644317659098338
Cc1nsc(-c2nc(-c3nc(-c4ccsc4)ns3)n(C[C@H]3CCCN3)n2)n1,18.64145106783309
C(=N/Nc1nnc(-n2ccc(-c3cscn3)n2)s1)\c1ccc(-n2cccn2)cc1,18.60848400950331
CSc1nc2nc(Oc3ccc(-c4ncsn4)cc3)cc(-c3nccs3)n2n1,18.60364649882952
Cc1cccc(N2CCC[C@H](Nc3ccc(-n4nnc(-c5csnn5)n4)s3)C2)n1,18.59580273530248
COc1ccc(-n2nnc(-c3nccs3)n2)cc1NC(=O)c1nc2c(s1)CCC2,18.59479531555725
Nc1ncc(C2CCN(Cc3nc(-c4nccs4)sc3-c3nnsn3)CC2)s1,18.5905333372572
Fc1cc(CNc2nc(-n3cccn3)cs2)ccc1-n1nnc(-c2cscn2)n1,18.589917639511956
Cn1c(-c2ccc(CN3CCC(C(=O)O)C3)s2)nc2sc(-c3csnn3)nc21,18.585734394463703
CNc1nc(Oc2ccc(-n3nnc(-c4ccsc4)n3)s2)nc(N2CCCC2)n1,18.580455062489172
Cn1c(Oc2ccc(-c3cnnn3-c3nccs3)cc2)nc2cc(C(=O)O)sc21,18.57382128954887
Cn1c(-c2csc(-n3cnnn3)c2)nc2sc(-c3ccc(CC(=O)O)cc3)nc21,18.570150921462467
CSc1nnn(-c2ccc3c(c2)CCN[C@H](C)C3)c1-c1nnc(-n2nccn2)s1,18.569833935173683
CNCc1nc(-c2cccs2)nn1-c1nnc(-c2ccc3nsnc3c2)s1,18.55304507723447
COc1nc(-c2nsc(NC3CCN(c4nc5cccnc5s4)CC3)n2)cs1,18.541754702561796
OCc1cn(-c2nc(CSc3nnc(-c4ccc5c(c4)OCO5)s3)cs2)nn1,18.51321219517701
CNc1nc(Oc2ccc(-n3nnnc3-c3ccsc3)cc2)nc2ncsc12,18.511148639048518
CNc1nc(N2CCCCC2)nc(-n2cc(-c3ncc(-c4nccs4)s3)cn2)n1,18.49996010990029
Fc1nn(-c2ccc(Oc3cnc4sccc4n3)cc2)nc1-n1cc(CS)nn1,18.496214151398675
c1cnn(-c2nsc(-c3ccc(Cn4cnc5c(-c6ccsc6)ncn54)cc3)n2)n1,18.495020118263195
Cc1csc(N2CCC[C@H](Nc3cnn(-c4cccc(-c5nnsn5)c4)n3)C2)n1,18.482390436880646
Cn1nncc1-c1nnc(-c2nnc(-c3ccc(CN4CCCCC4)s3)s2)s1,18.46126394923971
O=C(O)c1cc(-n2nc(-n3cnc(CSc4nccs4)c3)cc2Cl)sn1,18.460368050483865
Cc1nnc(Nc2ccc3nc(Sc4ccc(-n5ccc(F)n5)cc4)nn3n2)s1,18.44757998678643
Cc1nc(-c2nsc(NC3CCN(c4ccnc(-c5nccs5)n4)C3)n2)cs1,18.432555100542324
Nc1nc(-c2cccc(-n3nnc(-c4ccc(CN5CCCCC5)s4)n3)n2)ns1,18.431888780959483
COc1nnc(-c2nnc(N3CCN(c4nc5ccc(C)cc5s4)CC3)s2)s1,18.408368725410334
c1cn(-c2ccc(CSc3nnc(NC4CCCc5ncsc54)s3)nn2)nn1,18.39346775822015
CNc1nc(-c2c(F)cnn2-c2ccc(Oc3nnc4sccc4n3)cc2)ns1,18.392763598279185
Nc1nc(-c2cccs2)nn1-c1nc(-c2ccc(CSc3nncs3)cc2)ns1,18.392277111099638
CNc1nnc(-n2nnc(-c3ccc4c(c3)N(c3csc(C5CC5)n3)CCO4)n2)s1,18.39215449526477
Cn1ccc2nc(-c3nnn(-c4ccc(Oc5nc6ccccc6s5)nc4)n3)n(C)c21,18.388321506678587
Nc1cc(-c2cccs2)nc(SCc2cn(-c3nc4c(s3)COCC4)nn2)n1,18.33008502560647
COc1ccc(-n2nc(-c3nc(-c4csnn4)ns3)c3c(c2=S)COC3)cc1,18.329429609577396
COc1ccc2c(n1)sc1ncn(Cc3ccc(-n4nnc(-c5nccs5)n4)cc3)c12,18.321385733611795
COc1ccc(-c2nnc3sc(-c4ccc(CN5CCCCCC5)nn4)nn23)cc1,18.313835526942956
COc1ccc(-n2cc(NC3CCN(c4nccs4)CC3)nc2-c2nnsn2)cc1,18.308531413684968
c1cncc(-c2cnc(Nc3nnc(-c4nsc(CN5CCCCC5)n4)s3)s2)c1,18.27666306727213
c1cc(Nc2snnc2-c2nsc(CN3CCCCC3)n2)nc(-n2cccn2)c1,18.276393290424863
c1csc(C2CCN(Cc3ncc(-c4nncc(-c5nncs5)n4)s3)CC2)n1,18.272723147527792
Nc1sc(-c2nnn(-c3ccc(CN4CCCCC4)s3)n2)nc1-c1cscn1,18.271074368630924
c1csc(-c2nc3cc[nH]c3n2Cc2ccc(-n3nnc(-c4csnn4)n3)cc2)c1,18.226918823102892
CC1CC(C(=O)O)CN1c1nnn(-c2ccc(Oc3nc4ccccc4s3)cc2)n1,18.22500313441176
c1cc(N2CCCC2)nc(-n2ncc(-c3nc(CSc4nccs4)cs3)n2)n1,18.21993051251343
CSc1ccc(-n2nc(-n3ccc(N4CCCCC4)n3)nc2-c2nccs2)o1,18.217175290478366
Nc1sc(-c2nccs2)cc1-n1nnc(-c2csc(CN3CCCCC3)n2)n1,18.205626830515506
CN1CCC(Nc2snnc2-c2ccnc(-n3nnnc3-c3cccs3)c2)CC1,18.175315983695548
O/N=C/c1nc2c(ncn2C2CCN(Cc3ccc(-c4csnn4)nc3)CC2)s1,18.165059339772476
O=C(O)c1ncnn2nc(CSc3nnc(-c4cccs4)n3-c3cccs3)cc12,18.150832463740308
c1csc(-c2nc(CNc3ccncc3)n(-c3cc(-c4nnsn4)cs3)n2)c1,18.12997373571168
Nc1nsc(-c2csc(CN3CCC(c4nc(-c5nnsn5)cs4)CC3)c2)n1,18.113935493370185
CC(=S)Nc1nnc(-c2ccc(-n3nnc(CSc4nccs4)n3)cc2)s1,18.11252359432159
O=C(O)c1csc(-c2nsc(-n3ccc(CSc4nccs4)n3)n2)n1,18.103161713192574
CNc1ncnc2c1ncn2Cc1ccc(-c2ccnc(-n3ncc(=S)s3)n2)cc1,18.088168450481557
c1csc(-n2cnc3sc(Oc4ccc(-n5nnc(NC6CC6)n5)cc4)nc32)c1,18.08128794805107
CNc1nc(-n2nnc(-c3cccs3)n2)cnc1C1CCN(c2nccs2)CC1,18.07574100600135
S=c1[nH]c(-c2nc(-c3cscn3)ns2)nn1-c1ccc(Cn2ccnc2)cc1,18.073024658331864
CSC(=S)N1CCC(Oc2ccc(-n3nnc(-c4ccc(C(=O)O)o4)n3)cc2)C1,18.05230624708595
Nc1nc(-c2nsc(-c3nnn(Cc4ccc(N5CCCCC5)cc4)n3)n2)cs1,18.03951787108578
c1cnnc(Nc2nnc(C3CCN(Cc4cnc(-c5csnn5)s4)C3)s2)c1,18.02878266024416
COc1ccc(-c2nc(-c3ccc(C(=O)O)cc3)n(-c3nsc(=S)s3)n2)nc1,18.018759330873863
Cc1cn2nc(Nc3nc(-c4csc(CN5CCCCC5)n4)ns3)sc2n1,18.014919266397783
CNc1ncc(-c2nnn(-c3ccc(Oc4cnc5sccc5n4)cc3)n2)s1,18.00963330586568
Fc1nc(-n2nccn2)nc(-c2nccs2)c1CNc1nc(-n2cccn2)cs1,17.98939739561829
CCn1nnc(-c2csc(-c3nc4sc(CN5CCCCC5)nc4s3)n2)n1,17.976107589430587
O=C(O)c1csc(-n2ncc3c2ncn3Cc2ccc(-n3cc(Cl)nn3)cc2)n1,17.973433943381906
COc1ccc(-c2nsc(N3CCC(Nc4ccnc(-n5ccs5)n4)CC3)n2)cn1,17.960140734190254
CSc1ccc(-n2c(-c3nnc(-c4nccs4)s3)nn(CC(=O)O)c2=S)cc1,17.94484270869517
c1csc(-c2nnc(C3CCN(Cc4ncc(-c5csnn5)s4)C3)s2)n1,17.91769185547543
COc1cccc(-c2noc(N3CCOC(Nc4nc(-c5cccs5)ns4)C3)n2)c1,17.916306518791462
c1cncc(Nc2nc(C3CCN(Cc4ccc(-c5nnsn5)s4)CC3)no2)c1,17.913524113473354
Nc1nc(-n2cc(-c3cccs3)nn2)nc2nc(SCc3cccs3)sc12,17.90932769505696
COc1ccc(-c2nnc(N3CCC[C@@H](Nc4nc5ccccn5n4)C3)s2)cn1,17.904915895476105
Cc1nc(-c2cscn2)nn1-c1noc(-c2ccc(OC3CCNCC3)c(F)c2)n1,17.902788909289548
c1ccc(Nc2nc(SSc3ccc(-n4nccn4)nn3)nc3ccnn23)cc1,17.874897451359395
c1cnn(-c2ccc(-c3cn(-c4ccc(OSc5cscn5)cc4)nn3)cn2)n1,17.874111735366117
O=C(O)c1ccccc1CSc1snnc1-c1nnn(-c2ccc(Cl)cc2)n1,17.864224696814716
C(=N/Nc1nc(-n2cc(-c3cccs3)nn2)ns1)\c1ccc(-n2ccnc2)s1,17.853004102377433
Sc1nnc(-c2ccc(CCn3cc(-n4ncc5cccnc54)nn3)s2)s1,17.852205310014682
COc1ccc(-n2nc(-c3nc(-c4cscn4)ns3)n3ncnc3c2=S)cc1,17.836913732020484
Cn1nc(CSc2nnc(C(C)(C)C)s2)cc1-c1nnn(-c2ccccc2)n1,17.834940152920773
COc1ccc2nc(Oc3cccc(-n4nnc(-c5ccsn5)n4)c3)sc2n1,17.832149962437548
Cc1cnn(-c2nsc(N[C@H]3CCCN(c4ccnc(-c5cccs5)n4)C3)n2)n1,17.817437126887427
Cn1c(=S)sc2ccc(Oc3ccc(-c4nnn(-c5ccc(N)nc5)n4)s3)nc21,17.806673869346
CSSc1ncc2cc(-c3n[nH]c(-n4nnc(-c5cccs5)n4)n3)ccc2n1,17.804939338642296
FC(F)(F)CCNc1snnc1-c1snnc1-c1nnn(-c2ccccc2)n1,17.788978084496023
Nc1nc(-c2nnc(-n3cc(CSc4nc5ccccc5s4)nn3)s2)cs1,17.78449101078271
COC(=O)Oc1ccc(-c2nnn(-c3nc(N[C@H]4CCCN4C)sc3Cl)n2)cc1,17.782697203582273
Nc1nc(-c2cn(-c3cc(CN4CCCCC4)sc3-c3csnn3)nn2)cs1,17.769293464889984
c1csc(-c2nnn(-c3nnsc3NCc3ccc4c(c3)OCCO4)n2)c1,17.710319846545342
NNc1csc(-c2cn(-c3ncc(-c4csc(CN5CCCCC5)c4)nn3)nn2)c1,17.706982236496252
O=C(O)COc1ccc(-c2nc(-c3nn(-c4ccsn4)c(=S)s3)ns2)cc1,17.674707524673476
ON=C1CCN(Cc2ccc(-c3cn(-c4nnc(-c5cscn5)s4)nn3)s2)CC1,17.665516253673008
c1csc(-c2nnn(-c3ncnc(Nc4ccc(CN5CCOCC5)cc4)n3)n2)c1,17.664749779287042
CC(C)NC(=O)CSc1nc(-c2ccccc2)n(-c2nc(-c3nnsn3)cs2)n1,17.6637889503381
CNc1nc(F)c2ncn(Cc3ccc(-c4csc(-c5nnsn5)n4)s3)c2n1,17.648446797540405
Cn1cc(-c2ccc(Sc3snnc3-c3nnn(-c4ccccc4)n3)cc2)nn1,17.633272182052444
O=C(O)C1CCN(Cc2nc(-c3nc4nc(-c5cccs5)nn4s3)cs2)CC1,17.627859593045446
CNc1nc(Oc2ccc(-n3nnc(-c4cccs4)n3)cc2)nc2ncsc12,17.626542903172147
c1csc(-c2ccc(CNc3nc(-n4cc(-c5nnsn5)nn4)cs3)cc2)c1,17.619715450953056
O=C(Cn1sc2ccccc21)Nc1nnc(SCc2nc3sccn3n2)s1,17.60323173039792
c1nc(CN2CCCCC2)sc1-c1nc(N2CCCC2)ns1,17.594401294240686
OC1CCN(c2nccnc2Oc2ccc(-c3nnn(-c4nccs4)n3)cc2)CC1,17.582110644886402
CN1CCc2nc(Oc3ccc(-c4cnnn4-c4nccs4)cc3C(=O)O)sc2C1,17.570377265893395
Sc1cc(-c2ccc(Cn3cc(-c4nccs4)nn3)s2)nc(-n2nccn2)n1,17.567153084428774
Nc1nc(-c2nccs2)cc(C2CCN(Cc3ccc(-c4nnsn4)s3)C2)n1,17.55857850196956
CC(=O)Nc1nnc(SCc2nsc(-c3c(Cl)nc4cccnn34)n2)s1,17.550631878291476
Nc1nc(SCc2nc3ccc(-c4nnc(-n5cccn5)s4)cc3s2)cs1,17.54843457685366
Cc1ccc(-c2ncnc(N3CCCC(Nc4nnc(-c5csnn5)s4)C3)n2)s1,17.54057063688218
CSc1ncc(-c2cnc(-n3cc(-c4cn(-c5ccccc5)nn4)nn3)s2)s1,17.532025359948918
CN1CCOc2cc(-c3nc(-c4nnc(SCC(=O)O)s4)ns3)ccc21,17.509243758882327
COc1cccc(-c2nnc(-n3nnnc3Sc3nc4c(s3)CNCC4)s2)c1,17.506958928467363
Clc1ccc(SSc2nnc(Oc3ccc(-n4ccnn4)cc3)s2)nn1,17.50185523954173
O=C(O)c1nnc(SCc2ccc(-n3ccc(-c4nc(F)cs4)c3)nn2)s1,17.500937330521076
Nc1ccn2nc(SCc3sc(-c4nnn(-c5ccccc5)n4)cc3F)nc2n1,17.493490790093063
COc1ccc(-c2nnn(-c3ccc(N/C(S)=N/c4nccs4)s3)n2)cn1,17.48459096621417
Nc1nnc(SCc2nsc(-c3cnn(-c4ccc5c(c4)SCC5)n3)n2)s1,17.482986709710076
COc1ccc(-c2nsc(NC3CN(c4nc5ccc(C#N)nc5s4)C3)n2)cc1,17.475834719609246
CC(C)(C)N1CCC(Nc2nnn(-c3cccc(Oc4nn5nccc5s4)c3)n2)C1,17.46505053368047
Oc1cc(Sc2nccs2)ccc1-n1nc(-n2nccn2)nc1-c1nccs1,17.438286044666704
c1csc(-c2nnn(-c3ccc(Oc4nnc(NC5CCOCC5)s4)cc3)n2)n1,17.43221283417936
Fc1nc(-n2nccn2)sc1-c1nnc(NCc2ccc(-n3cccn3)cc2)s1,17.427188380808012
O=C(O)c1ccc(-c2cn(-c3ccc(OCc4nc5ccccc5s4)nn3)nn2)s1,17.42612081934824
COc1ccc(-c2nc(N3CCCCC3)sc2-c2nc(-n3nccn3)ns2)cc1,17.410105606899588
Cn1c(=S)sc2nc(-c3cn(Cc4ccc(-n5nnc(N)n5)cc4)cn3)ccc21,17.39378550123677
CNc1nc(-c2cn(-c3cccs3)nn2)cc(-n2nc(-c3cccs3)nc2F)n1,17.380358588338645
Cc1nc2c(N)nc(SSc3nnc(-c4ccc5c(c4)OCO5)s3)nc2s1,17.375982155393768
CNc1c(F)nn(-c2ccc(Oc3nc4ccccc4s3)nc2)c1-c1nnsn1,17.35918661427392
c1cnc(N2CCC(Nc3nnc(SCc4ccc(-n5ccnn5)o4)s3)CC2)nc1,17.35780105500526
O=C(O)c1cc(-n2nnc(SCc3ccc4c(c3)OCO4)c2-c2cccs2)sn1,17.347230918895704
O=C1NCc2ccc(SSc3cn(-c4nnc(-c5cccs5)s4)nn3)nc21,17.335056229054135
Nc1nnc([C@H]2CCCN(c3nnc(-c4csc(CN5CCCC5)n4)s3)C2)s1,17.311668905898106
Cn1cnc(-c2nc3sc(Oc4ccc(-c5cn(C6CNC6)nn5)cc4)nc3s2)n1,17.307354149763558
CNc1cc(Oc2ccc(-n3nc(-n4nccn4)s3)cc2)nc(N2CCCCC2)n1,17.29956920606933
Cc1nccc(N2CCC(Nc3nc(-c4cnc(-n5nccn5)s4)cs3)CC2)n1,17.260737158268224
Cc1cnc(-c2ncc(-n3cc(-c4nnsc4NC4CCOCC4)nn3)s2)s1,17.24372987374648
Oc1ccc2c(c1)CCN(CCn1nnc(-c3csc(-c4cscn4)n3)n1)C2,17.242824946859105
Nc1nc(-c2nnc(Oc3cccc(-n4ccc(N5CCSC5)n4)c3)s2)cs1,17.23107352522016
Cc1nc(NC2CCN(c3nccs3)CC2)ccc1-c1nnn(-c2nccs2)n1,17.227957114006177
Nc1csc(-c2nnc(CSc3nnc(-c4ccc5c(c4)CCO5)s3)s2)n1,17.227034915994697
Sc1nnc(-c2ccc(Oc3ncco3)cc2)n1-c1nc(N2CCCCC2)ns1,17.225674885451603
OC1CCN(c2nccnc2Oc2ccc(-n3nnc(-c4cccs4)n3)s2)CC1,17.21983317216787
O=C(O)c1ccc(-c2nc3c(ncn3Cc3ccc(-n4ccnn4)cc3)s2)s1,17.195206923108646
Nn1nc(-c2ccc(CN3CCCCC3)s2)nc1-n1cc(-c2cccs2)nn1,17.19080725613387
CSc1nnc(-n2cc(NCc3cn(-c4ccc5sccc5c4)nn3)nn2)s1,17.18311323625624
c1cc(-c2nnc3ccc(Oc4ccc(-n5nnc(NC6CC6)n5)cc4)nn23)cs1,17.18148872261495
c1ccc(-c2nc(CSc3nnc(N4CCC(Nc5nccs5)=N4)s3)co2)nc1,17.175990372364005
c1ccc(-c2nnc(CNc3nnc(-c4csc(N5CCCCC5)n4)nn3)s2)cc1,17.171761318818543
O=C(Nc1nnc(SCc2cnc(-c3csnn3)s2)s1)C1CCSCC1,17.1511900759936
O=C(O)c1csc(-n2nc(-c3csnn3)nc2CSc2ccc(F)cc2)n1,17.118876738411572
Nc1ccn(-c2nnc(-c3ncc(CN4CCC(c5nccs5)CC4)s3)s2)n1,17.113341510682826
Cc1cc(N2CCC(Nc3nnc(-c4cn(-c5nccs5)nn4)s3)CC2)ccn1,17.107753989734007
COc1ccc(-n2nncc2CSc2nnc(-c3ccc4c(c3)NCCO4)s2)cn1,17.10232185804102
Oc1ccc(-c2nc(-c3ccc(Cn4nnc(-c5nccs5)n4)s3)cs2)nc1,17.092349667314835
COc1ccc(-n2cc(-n3cc(-c4csc(-c5cccs5)n4)nn3)nn2)c(O)c1,17.087764966754282
COc1nsc(-c2nsc(NC3CCN(c4nc5ccccc5s4)C3)n2)n1,17.079632231852973
C(=N/Nc1cccc(-n2nnc(-n3cc(-c4nccs4)cn3)n2)c1)\c1cccs1,17.074575636729314
c1cn(Cc2ccc(-c3csc(Nc4nnc(-c5nccs5)s4)n3)cc2)nn1,17.07221042690789
c1cnn(-c2ccc(Oc3nc(NC4CC4)nn3-c3ccc4ncsc4c3)cn2)n1,17.0500612069326
c1ccc(-n2nc(-n3nccn3)nc2-c2cc(NCc3ccc4c(c3)CCO4)no2)cc1,17.038248652695156
c1cc(-c2nnc(Nc3ccc(N4CCCCC4)nn3)s2)nc(-n2nccn2)c1,17.019020831838173
c1cnn(-c2nc(C3CC3)n(-c3nc(NCc4ccc5ncsc5c4)cs3)n2)n1,16.964028646721644
COc1ccc(-c2nsc(NC3CCN(c4cnc(-n5nccn5)s4)C3)n2)cc1,16.957241290854
O=C(O)CSc1nnc(-c2nnc(-c3csc(CN4CCCCC4)n3)s2)s1,16.95517241899446
c1csc(C2CCCN(c3nnc(SCc4ccc(-n5nccn5)nc4)s3)C2)n1,16.935665831096816
Cc1nccc(N2CCC(Nc3nnc(-c4nc(-c5cccs5)ns4)s3)C2)n1,16.9337774266008
CSc1nnc(-c2nc(-c3nnc(N4CCC(N)CC4)s3)cs2)s1,16.932438299984916
Nc1nc(N2CCCCC2)cc(-n2cc(SSc3nc4ccccc4s3)nn2)n1,16.917725648232263
CNc1ncn(-c2ccc3nc(Oc4ccc(-n5nccn5)nc4Cl)sc3c2)n1,16.911658450294166
COc1ccc(-n2nc(C(=O)ONC(=S)SC)c(-c3csnn3)n2)cc1,16.905155883641502
CSc1nc(C(=O)O)nn1-c1cc(-c2nnn(-c3ccc4sccc4c3)n2)cs1,16.900726220529265
CSC(=S)Nc1nnc(SCc2csc3nnnn23)n1-c1ccccc1,16.89162628508555
FCCNc1nc(-c2nccs2)nn1-c1nc(-c2ccc3nsnc3c2)cs1,16.847374760701765
COC(=O)N[C@@H]1CCN(c2nnn(-c3ccc(Oc4nc5ccccc5s4)cc3)n2)C1,16.841136414873787
Cn1nncc1-c1csc(-n2ncc(SSc3nc4ccccc4s3)n2)n1,16.836638693141847
CN1CCC(Nc2nc(-n3cc(Oc4nc5ccccc5s4)nn3)c(C#N)s2)CC1,16.8340239314287
c1csc(-c2nnnn2-c2ccc(Oc3nc4scc(CN5CCC5)n4n3)cc2)c1,16.829388328503523
c1csc(-c2cn(-c3cc(-n4nnc(-c5cccs5)n4)nc(NC4CC4)n3)cn2)c1,16.799185812321355
Nc1nc(-n2cc(-c3cccs3)nn2)nc2sc(CN3CCC(C(=O)O)CC3)cc12,16.79351929050524
Nc1nccn2nc(-c3ccc(CSc4nnc(N5CCCCC5)s4)s3)nc12,16.793135900787135
c1ccc(Nc2nnc(-c3cn(-c4ccc(Cn5cncn5)cc4)nn3)s2)nc1,16.792021153077986
c1nc(-n2cc(CSc3nnc(Nc4ccc5c(c4)OCCO5)s3)nn2)cs1,16.79169793512068
Cc1ccnc(N2CCC(Nc3csc(-n4nnc(-c5cccs5)n4)n3)CC2)n1,16.774971015625116
Cc1nc(-n2ccnn2)ccc1CSc1nnc(-c2cc3c(s2)CN=CN3)s1,16.74590021851537
CN1CCCC(Nc2nc(-c3ccco3)nc(-n3nnc(-c4cccs4)n3)n2)CC1,16.73397051831434
Nc1nc(CN2CCC[C@@H](c3nccs3)C2)sc1-c1nnn(-c2ccccc2)n1,16.72353389628662
Nc1nc(-c2nnc(Oc3cccc(-n4ccc(N5CCOCC5)n4)c3)s2)cs1,16.702326164540256
CSc1nc2c(s1)CCCC2Nc1snnc1-c1nnn(-c2ccccc2)n1,16.70154991692778
c1csc(Oc2ccc(-n3nnc(NC4CCN(c5nncs5)CC4)n3)cc2)n1,16.68115558864587
C1=NCc2cc(-c3nnc(CSc4nnn(-c5ccccc5)n4)s3)ccc2N1,16.676599901837804
Cn1c(-c2cnn(-c3nnc(NCc4ccc5c(c4)OCO5)s3)n2)nc2ccccc21,16.655961479884795
Cc1csc(N2CCC(Nc3nccc(-n4nnc(-c5cccs5)n4)n3)CC2)n1,16.65582480611093
c1cc(Nc2nc(-c3cnc(CN4CCCCC4)s3)ns2)ncc1-c1nnns1,16.653682461424165
c1csc(-c2nnn(-c3ccc(OCc4nnc(-c5nccs5)s4)cc3)n2)c1,16.650229681921104
FC(F)c1c(NCc2ccc3c(c2)OCO3)csc1-n1cc(-c2nnsn2)nn1,16.648601553869465
CN1CCOc2ccc(-c3nc(-n4nnc(-c5ccc(C(=O)O)s5)n4)cs3)cc21,16.64688779960923
c1nc(-c2nc(CNc3nnc(-c4cncs4)s3)cs2)nc(N2CCCC2)n1,16.646439935196657
CNc1c(-c2nc(-n3nccn3)ns2)nnn1-c1ccc(Sc2ccccc2)cc1,16.64231055580505
Cc1ccc(-c2nnc(N3CCC(Nc4nc(-c5csnn5)cs4)C3)s2)cn1,16.63555841690712
c1cc(-c2nsc(-n3cc(NC4CCCCC4)nn3)n2)ccc1Cn1cnnn1,16.6324807116394
c1cc2c(cc1CSc1nnc(-c3cnc(-c4nnsn4)s3)s1)NCCO2,16.622481198899223
Sc1nc(-c2ccc(CN3CCCCC3)s2)nn1-c1nnc(-c2ccsn2)o1,16.62212790152871
Clc1ccc2nnc(NCc3csc(-n4nnnc4-c4cccs4)n3)n2c1,16.617444864070453
CNc1nnc(-c2cn(-c3ccc(Oc4nc5c(s4)CCCC5)nc3)nn2)s1,16.589475216559496
O=C(O)c1nnc(SCc2ccc(-n3nc(-c4cscn4)s3)cc2)s1,16.587946911031626
Cc1ccc(-c2ncn(-c3nnc(SS)n3-c3ccc4c(c3)OCCO4)n2)o1,16.58756735120341
N[C@@H]1CCCN1c1nc(-c2nc(CSc3nc4ccccc4s3)ns2)ns1,16.57868204539473
Clc1nc(NCc2nc3ccccc3s2)nc(-n2cc(-c3nccs3)nn2)n1,16.568003944319603
O=C(Nc1nnc(SCc2nc(-c3csnn3)co2)s1)C1CCSCC1,16.55149568184544
CSc1nc2c(Oc3ccc(-n4cnc(-c5nccs5)n4)cc3)ncnc2s1,16.548518650704835
Cc1cc(-n2cnc(-c3nccs3)n2)nc(NC2CCN(c3nccs3)CC2)n1,16.542074623401078
Nc1nnc(SCc2ccn(-c3nc4c(-n5cccn5)cccc4s3)n2)s1,16.53603494400288
CSC(=S)Nc1nnc(SCc2ccc(-n3cc4nnccc4n3)nn2)s1,16.52873575792546
c1ncn(-c2ccc(CSc3nnc(NC4CCCc5sccc54)s3)nn2)n1,16.517234570434617
c1ncc(-c2csc(Nc3nnn(-c4cnc(CN5CCCCC5)s4)n3)n2)s1,16.513903956799894
CC1CSCCC1Nc1snnc1-c1nc(-n2nccn2)n(-c2ccccc2)n1,16.482221194828284
c1ccc2sc(Oc3ccc(-n4nnc(-c5nc(NC6CC6)cs5)n4)cn3)nc2c1,16.478787137444915
c1ccc2sc(Oc3ccc(-n4ncc(-c5coc(N6CCNC6)n5)n4)cn3)nc2c1,16.478263253978934
S=c1[nH]nnn1-c1ccc(Oc2ccc(-n3cc(-c4cccs4)nn3)s2)nn1,16.473930908247755
Nc1nnc2sc(-c3ccc(CSc4nnc(N5CCCC5)s4)cc3)nn12,16.46642023058411
Fc1cn(-c2ccc(Oc3nc(Nc4nccs4)nc(N4CCCC4)n3)cc2)nn1,16.45448960716892
CNNc1ncnc(-c2nn(-c3ccc(Oc4nc5ccccc5s4)nc3)s2)n1,16.449873496434336
c1csc(NC2CCN(c3ncc(Oc4ccc(-n5nccn5)nn4)s3)CC2)n1,16.441542333775377
Sc1cnc(-n2nnc(-c3cccs3)n2)cc1CSc1nc2ccccn2n1,16.433064867266623
Nc1ccc(C2CCN(Cc3nn(-c4nccs4)nc3-c3csnn3)CC2)s1,16.431233642211723
c1ccc(-c2nnc(C3CCN(Cc4ncc(-c5nnsn5)s4)CC3)s2)nc1,16.42607810870868
FC(F)n1nc(-n2nnc(-c3nccs3)n2)cc1NCc1ccc2c(c1)OCO2,16.413826726389427
COc1ccc(-c2nsc(N3CCC(Nc4nccc(-c5nccs5)n4)C3)n2)cn1,16.405554960732715
O=C(O)c1ccc(-n2nnc(SSc3csc(N4CCCCCC4)n3)n2)cc1,16.388767343342145
c1ccc(-n2nnc(-c3nc(-c4ccc(CSc5csnn5)cc4)ns3)n2)cc1,16.386575824694646
CSc1nc(-c2nccs2)nn1-c1ccc(Oc2nc3c(s2)CNCC3)nc1,16.38495627930978
CC(C)(O)c1cc(-c2nnn(-c3ccccc3)n2)ccc1CSc1nnc(N)s1,16.372238613083915
Cc1nnc(N2CCC(Nc3nc(-c4nc(-c5ccsc5)no4)cs3)CC2)s1,16.350244305847273
O=C(O)c1csc(-c2nnn(CCN3CCC(c4nc5ccccc5s4)CC3)n2)n1,16.338511979245816
CNc1cnn(-c2nnn(-c3ccc(Oc4nc5ccccc5s4)cc3)n2)n1,16.320323905118524
OCc1nn(-c2ccc(Oc3nc4ccccc4s3)nc2)nc1-n1ncc(=S)s1,16.31651466463744
O=C(CSc1nnc(-c2nnc(-c3cccs3)s2)s1)Nc1nncs1,16.30586245114484
COc1nc(Nc2nnc(-c3ccc(CN4CCCCC4)s3)s2)nc2nsnc12,16.27409181409371
COc1ccc(-c2nnc(N3CC(Nc4nnc(-c5cccs5)s4)C3)s2)nn1,16.27335836716028
Nn1c(SCc2nc3ccccc3s2)nnc1-c1nsc(N2CCCC2)n1,16.27110514529998
O=C(O)[C@H]1CCCN1Cc1ccc(-n2nnc(-c3nc(-c4cscn4)cs3)n2)s1,16.268241681566376
c1csc(-c2nc3ccc(CSc4nnc(NC5CCCCC5)s4)nn3n2)c1,16.26208699183562
c1csc(-c2ncn(-c3nsc(NCc4ccc5c(c4)OCO5)n3)n2)n1,16.25639766683264
CN1CCC(c2csc(-c3nnc(CSc4nnc(N)s4)s3)n2)CC1,16.24613723706706
Cc1ccnc(N2CCC(Nc3snnc3-c3ccc(-c4nnsn4)s3)C2)n1,16.240869806606607
CSc1nnc(-c2noc(-c3ccc(CN4CCC(=NN)SC4)s3)n2)s1,16.239169931288444
CC(=S)Nc1nnc(SCc2nnc(-c3nnn(-c4ccccc4)n3)s2)s1,16.232957844786828
Cn1c(SSc2nc3ccccc3s2)nnc1-c1ccc(C(=O)O)s1,16.20150332204596
CSc1nnc(-c2nnn(-c3ccc(Oc4nc5c(s4)CNCC5)cc3)n2)s1,16.18448251704269
COc1nc(-c2cccs2)nn2c(NCc3nc(-c4cccs4)ns3)nnc12,16.177373823413873
OC1NCCc2cc(CSc3snnc3-c3nnn(-c4ccccc4)n3)ccc21,16.173878854982085
c1cnn(-c2nsc(-c3nnc(SCc4ccc5c(c4)CCO5)s3)n2)n1,16.169950420605733
Nc1ncc([C@H]2CCCN(Cc3nn(-c4ccsc4)nc3-c3csnn3)C2)s1,16.149139025208378
COc1ccc(-n2nnc(-c3nccs3)n2)cc1C(=O)Nc1nc2sccc2s1,16.143310065075102
OC1CCN(c2ccc(Oc3ccc(-n4cc(-c5nnsn5)nn4)s3)cc2)CC1,16.1416723616348
c1csc(-c2csc(NCc3cc(-c4nccs4)nc(-n4nccn4)n3)n2)c1,16.14152325620233
C(=N/Nc1ncccn1)\c1ccc(-n2nc(-n3ccs3)nc2-c2cscn2)cc1,16.12719157754331
Clc1ccc(-n2nnc(CSc3nnnn3-c3ccc(NC4CC4)s3)n2)cc1,16.125257515701193
Cn1nc(-c2cccs2)nc1SSc1nnc(N2CCCC(=N)CC2)s1,16.11407092336523
Nc1nnc(SCc2nc(-n3cc(-c4cccs4)nn3)nc3c2CSC3)s1,16.103848502029646
Nc1cc(N2CCCC2)nc(SSc2nnc(-c3nc(F)cs3)s2)n1,16.07683097810796
Cc1csc(N2CCCC(Nc3nc(-c4csnn4)nc(N4CCCCC4)n3)C2)n1,16.073088474388186
CSc1csc(-n2cc(CNc3nc(-c4ccc5c(c4)OCO5)cs3)nn2)n1,16.07018514332384
COc1ccc(-c2nsc(N3CCN(c4nc(N)c5scc(C#N)c5n4)C3)n2)cc1,16.063376471622362
c1ccc2sc(Oc3ccc(-n4nnc(-c5csc(NN6CCC6)n5)n4)cn3)nc2c1,16.049493664285638
c1cc(CNc2nc(-c3cccs3)cs2)cc(-n2nnc(-c3csnn3)n2)c1,16.03076609700064
CSc1nnc(-c2csc(Nc3nc(N4CCCC4)nc(C(C)(C)C)n3)n2)s1,16.022517411170504
Cc1nc(NC2CCN(c3nc(-c4ccccn4)ns3)C2)sc1-c1nnsn1,16.008570697846878
COc1ccc(-c2nsc(N3CCN(c4nnc(Nc5ncccn5)s4)C3)n2)cc1,16.008392484548118
CNc1nc(N2CCC(c3nccs3)CC2)nc(-n2cc(-c3cccs3)nn2)n1,16.00271410004106
O=C(CSc1nnc(-c2cn(-c3ccc(F)cc3)nn2)s1)Nc1nccs1,16.001069578502847
S=c1[nH]nnn1-c1ccc(Oc2ccc(-n3cc(-c4cccs4)nn3)s2)nc1,15.992897603979435
COc1ccc(-c2nnc(N3CCN(c4nc(-c5cccs5)no4)CC3)s2)cc1,15.978252354085724
c1csc(-c2nc3ccc(CSc4nnc(NC5CCCCC5)s4)nn3n2)n1,15.895898806039986
Nc1nnc(SCc2ccc(-n3nnc(-c4ccc5ncsc5c4)n3)cc2)s1,15.886228678463262
Oc1nc(-c2nnc(CSc3nnc(-c4ccc5c(c4)CCO5)s3)s2)ns1,15.876697674676375
O=C(CSc1nc(-c2cccs2)ns1)Nc1nnc2sc(-c3ccco3)nn12,15.87025988256854
Fc1nn(-c2nc(NCc3cn(-c4ccccc4)nn3)nc(-c3cccs3)n2)s1,15.862808958359233
Cc1ncnn1-c1csc(N2CCC(Nc3nc(-c4cccs4)ns3)C2=O)n1,15.862596645418932
Cn1ccn(Cc2ccc(-c3snnc3-c3nnn(-c4cccs4)n3)cc2)c1=N,15.859674646181723
Oc1ccc(-n2nnc(-c3ccc(Sc4nnn(-c5ccccc5)n4)cc3)n2)cc1,15.837988461776265
Cc1csc(N2CCC[C@H](Nc3ccc(-n4nnc(-c5cccs5)n4)nn3)C2)n1,15.828142191760609
Nc1nnc(SSc2nnn(-c3cccc(-n4c(F)ccc4Cl)c3)n2)s1,15.818491777974039
c1cc(OC2CCOCC2)ccc1Nc1nc(-n2cc(-c3csnn3)cn2)ns1,15.81769893903723
COc1ccc2nc(Oc3ccc(-n4ncc(-n5nc[nH]c5=S)n4)cc3)sc2n1,15.80678498701204
Nc1nnnn1Cc1ccc(-c2snnc2-c2nc(-c3cccs3)ns2)cc1,15.790138268604725
c1ccc(Nc2nnc(SCc3cnn(-c4ccc5c(n4)OCCO5)n3)s2)cc1,15.788896365658454
Nc1nnc(SCc2nsc(-c3nc4c(s3)CN(c3ccco3)CC4)n2)s1,15.787529278343216
CNc1cc(-n2nnc(-c3cccs3)n2)nc(-n2c(F)cnc2-c2cccs2)n1,15.77736330987658
Fc1cc(CNc2nc(-n3cccn3)cs2)ccc1-n1nnc(-c2nccs2)n1,15.757634032484155
Cc1ccc(-c2csc(N3CCC(Nc4nnc(-c5nccs5)s4)C3)n2)o1,15.753019221500313
Nc1c(CSc2nc3ccccn3n2)cc(-n2nnc(-c3cccs3)n2)nc1F,15.742230032346086
O=C(O)[C@H]1CCCN1c1nc(-n2cc(Oc3nc4ccccc4s3)cn2)ns1,15.738682740138948
c1ccc(-n2cc(CSc3nnc(-c4cccs4)n3-c3cscn3)nn2)nc1,15.73312003491611
COc1ccc(-c2nnn(-c3cc(C)nc(NC4CCN(C(C)(C)C)CC4)n3)n2)cn1,15.728525085028558
Oc1cc(-c2nnsn2)sc1CN1CCC(c2nc(-c3cccs3)no2)CC1,15.697232578076125
c1csc(Nc2cc(Oc3ccc(-n4nccn4)nc3)nc(N3CCCCC3)n2)n1,15.693852560154843
FC(F)(F)c1c[nH]c(SSc2nnn(-c3nnc(-c4nccs4)s3)n2)n1,15.672540229599212
CC(C)(C)Nc1nnc(SCc2cc(-c3csnn3)nc(-n3nccn3)c2)s1,15.667042986025027
Oc1ccc2nc(-c3ncc(CSc4nnc(N5CCCCC5)s4)s3)nn2n1,15.666007799998845
CC(=S)Nc1nn(-c2ccc(Oc3nc4ccccc4s3)nc2)nc1-n1nccn1,15.659917908967593
c1csc(N2CCC(Nc3ncc(Oc4ccc(-n5nccn5)cn4)s3)CC2)n1,15.651246933155566
c1cnc(N[C@@H]2CCCN(Cc3cc(-c4nnsn4)sc3-c3csnn3)C2)nc1,15.648248643463946
COC(=S)N1CC(Nc2nnn(-c3ccc(Oc4nc5ccccc5s4)nc3)n2)C1,15.642340765049115
c1ccc2sc(Oc3ccc(-n4ncc(-n5nnc(NC6CC6)n5)n4)cc3)nc2c1,15.639575255929401
CNc1nnn(-c2ccc(Oc3nc4sc(-c5nccs5)nc4s3)cc2)n1,15.637580349828532
Cc1noc(-c2nnc(N3CCN(c4nc(-c5cccs5)cs4)CC3)s2)n1,15.630692168937145
O=C(O)COc1ccc(-c2nc(-n3nnc(-c4cccs4)n3)cs2)cc1Cl,15.625010073306209
c1ccc(-c2csc(Nc3nnc(-c4nnc(CN5CCCC5)s4)s3)n2)nc1,15.61578857540665
Nc1cc(-c2cccs2)nc(SCc2nc3nc(-c4cccs4)nn3s2)n1,15.609964364871894
CSc1nc(-n2ccnn2)sc1CNc1nnc(-c2ccc3c(c2)OCO3)s1,15.603123287572142
c1cc2c(c(-c3ncc(CSc4nnc(NN5CCCCC5)s4)nn3)c1)OCO2,15.599876552107487
Cc1ccnc(N2CCC[C@@H](Nc3nc(-n4nnc(-c5cccs5)n4)ns3)C2)n1,15.574317931676184
Nc1ccc(-c2nnc(SCc3nn4nc(-c5cccs5)nc4s3)s2)cc1,15.547805981358422
Nc1nnc(SCc2cc(-n3cc(-c4cscn4)nn3)nc(C(F)(F)F)c2)s1,15.547297648821369
Nc1nnc(SCc2ccc(-c3nnn(-c4ccccc4)n3)nc2C(F)(F)F)s1,15.54561343251063
CC1OCCc2ccc(CNc3snnc3-n3nnc(-c4cccs4)n3)cc2O1,15.523034002237123
Nc1nnc(SCc2nc(-c3nc(-n4c(F)cccc4=O)cs3)cs2)s1,15.515911481463855
c1csc(-c2nnc(C3CCN(Cc4nsc(-c5csnn5)n4)CC3)s2)c1,15.507478542030096
COc1nc(-n2cc(-c3cscn3)nn2)ccc1Oc1nc2c(s1)CCNCC2,15.505797703436395
c1ccc(Nc2nc(-c3cn(-c4ncc(CN5CCCCC5)s4)nn3)ns2)nc1,15.50134257535614
CSc1cc(-c2ncnc(N3CC(Nc4nc(-c5cccs5)ns4)C3)n2)on1,15.499102845081431
c1ccc2sc(Nc3ncc(CSc4nnc(N5CCCCC5)s4)nn3)nc2c1,15.495854074071087
Nc1cc(CN2CCC(c3nnc(-c4nccs4)s3)CC2)sc1-c1nnsn1,15.483594238428923
c1csc(-c2nnn(Cc3ccc(-c4nsc(NN5CCCCC5)n4)cc3)n2)n1,15.482020156370895
Cc1nccc(N2CCC(Nc3nc(-n4cc(-c5cccs5)nn4)cs3)CC2)n1,15.474990977346172
CSSc1nnc(NC(=O)Oc2ccc(-c3cn(C4CCOC4)nn3)cc2)s1,15.470365623382522
CC(C)(C)c1nnc(SCc2ccc(-c3cccc(-n4ncc(N)n4)n3)nn2)s1,15.460251804263837
Nc1cn(Cc2ccc(-c3snnc3-c3cc(-c4csnn4)sn3)cc2)cn1,15.45450780118331
CNc1ccn(-c2nnn(-c3ccc(Oc4nc5ccccc5s4)nc3)n2)n1,15.445994322266753
Sc1nc(-n2nccn2)ccc1CSc1nnc(-c2ccc3c(c2)OCO3)s1,15.432626157437435
c1ccc(Nc2nc(-c3ccc(Cn4nnc(-c5nccs5)n4)cc3)ns2)nc1,15.424419598030132
c1csc(-n2nnc(-c3nnsc3N[C@@H]3CCN(c4nccc(C5CC5)n4)C3)n2)c1,15.405357055186752
c1cc2c(cc1-c1nnc(SCc3cnc(NC4CCSC4)nn3)s1)OCO2,15.382566451182466
Fc1sc(NCc2ccc(-n3cncn3)cc2)nc1-n1nnc(-c2cccs2)n1,15.382500119289684
Nc1nc(-c2nnn(-c3cnc(-c4ccc(CN5CCCCC5)s4)s3)n2)cs1,15.345753604052934
c1ccc(-c2nnc(CNc3nc(-n4nnnc4-c4cccs4)ns3)s2)cc1,15.343234480584865
CNc1ncn(Cc2ccc(-c3snnc3-c3nnn(-c4ccccc4)n3)s2)n1,15.341454012249484
Nc1nnnc(SSc2cnn(-c3nc(F)c(-c4ccc(F)cc4)s3)c2)n1,15.328022196473402
CC(=O)N1CCC(Nc2nnn(-c3ccc(Oc4nc5ccccc5s4)cc3)n2)CC1,15.31888114192251
c1csc(-c2nnc(C3CCN(Cc4ncc(-c5nnsn5)s4)C3)s2)c1,15.310825329524665
COc1ccc(-c2nnc(N3CCC(Nc4nc5nccnc5s4)CC3)s2)cn1,15.310797322806508
CSc1nnc(-c2nc(C)c(-c3nnn(-c4ccc5c(c4)CCNC5)n3)s2)s1,15.279554760714987
c1ccc(-n2nnc(-c3ccc(CSc4nnc(N5CCCC5)s4)s3)n2)nc1,15.26988787479146
Cn1c(SCc2ccc(-n3cc(-c4nc[nH]n4)s3)nn2)nnc1-c1cccs1,15.26801156802601
c1csc(CNc2cc(-n3cc(-c4cccs4)nn3)nc(-n3nccn3)n2)c1,15.26591410941265
CN1CCC(Nc2nc(-n3cc(Oc4nc5ccccc5s4)cn3)ns2)CC1,15.258979933277418
O=C(O)[C@H]1CCCN(c2nnn(-c3ccc(Oc4nc5ccccc5s4)cc3)n2)C1,15.258196075696647
c1ccc(-n2nc(-c3nnc(SCc4nnnn4-c4ccccc4)s3)s2)cc1,15.25203478823021
CNNc1nsc(-c2cnn(-c3ccc(Oc4nc5ccccc5s4)nc3)n2)n1,15.245654541132174
CNc1ccn(-c2cc(Oc3nc4ccccc4s3)nc(-c3csnn3)n2)n1,15.244280857605
COc1ccc(-c2nnc(N3CC(Nc4nc(-c5nccs5)cs4)C3)s2)nc1,15.22785542651008
c1ccc(-n2nnc(-c3nnsc3SCc3ccc4c(c3)NCCO4)n2)cc1,15.215933454281721
Cc1nc(Nc2cc(-n3cc(-c4nccs4)nn3)nc(N3CCCCC3)n2)cs1,15.189031925865278
c1cc(Nc2nnc(-c3nnc(CN4CCCCC4)s3)s2)nc(-n2ccnc2)c1,15.185666718597265
c1cnc2sc(NCc3nnc(-c4nnc(CN5CCCCC5)s4)s3)nc2c1,15.17896790849961
Nc1nnc(SCc2nnc(-n3nc(-c4ccc5c(c4)CCC5)s3)s2)s1,15.171676560636067
c1cc2sc(Oc3ccc(-n4nnc(NC5CCN(C6CCC6)C5)n4)cc3)nn2n1,15.171096388153417
Oc1ccc(-c2nc(CSc3nnc(-c4ccc5c(c4)OCO5)s3)ns2)nc1,15.158637789805256
c1nc(-c2noc(-c3nnsc3SCc3ccc4c(c3)CNCCO4)n2)cs1,15.155134629037576
O=C(Nc1nnc(SCc2cnn(-c3nccs3)n2)s1)c1ccc(F)cc1,15.152707408339692
c1cc(-c2nc(-c3csnn3)sc2CSc2nnc(N3CCCC3)s2)[nH]n1,15.15030119910958
Nc1ccc(-n2nnc(-c3ccc(CSc4nnc(N5CCCC5)s4)s3)n2)cn1,15.142685498340091
Nc1nc(CSc2nnc(-c3nn(-c4ccccc4)c(=S)s3)nn2)cs1,15.129209399620263
c1csc(C2=NN(c3nnc(SCc4ccc(-n5cnnn5)cc4)o3)CCC2)c1,15.125244741219232
CNc1nsc(-c2cn(-c3cc(Oc4nc5ccccc5s4)ns3)nn2)n1,15.119568049557662
CSc1sc(NCc2ccc3c(c2)OCO3)nc1-n1nnc(-c2cscn2)n1,15.112580345924679
c1nc(-c2cn(-c3nsc(NCc4ccc5c(c4)OCO5)n3)nn2)cs1,15.095478447712267
N[C@H]1CCCN(c2nnn(-c3ccc(Oc4nc5ccccc5s4)cc3)n2)C1,15.092867428870129
Cc1nn(-c2nc(CNc3nnc(-c4ccc5c(c4)OCO5)s3)cs2)nc1F,15.066728783878572
COc1ccc(-c2nnc(N3CC(Nc4nc(-c5cccs5)ns4)C3=O)s2)cc1,15.049943892370829
Cc1ccc(-c2noc(N3CCC(Nc4nc(-c5csnn5)ns4)CC3)n2)s1,15.046877245671153
COc1ccc(-c2cnc(N3CCN(c4nc(-c5nccs5)no4)CC3)s2)cc1,15.04442580104026
Nc1nc(CSc2nc3ccccc3s2)cc(-n2cc(-c3cscn3)nn2)n1,15.043746399901215
O=C(O)c1nnc(-c2ccc(CSc3nnc(N4CCCCC4)s3)s2)s1,15.01960246289996
Cc1cc(NC2CCN(c3nccs3)CC2)nc(-n2nnnc2-c2cccs2)n1,15.01888180202344
c1ncc(-n2cc(CSc3nnc(Nc4ccc5c(c4)OCCO5)s3)nn2)s1,15.016383742354954
Nc1nc(-n2c(SCc3cccs3)nnc2-c2ccc3c(c2)OCCO3)ns1,15.007616304532402
c1ccc2sc(Oc3ccc(-n4nnc(-c5cnn(C6CCNC6)c5)n4)cn3)nc2c1,15.00367085193941
O=C(O)[C@@H]1CCCN(c2nnn(-c3ccc(Oc4nc5ccccc5s4)cc3)n2)C1,14.968705352595917
Nc1cn(Cc2ccc(-c3nc(-n4nccn4)sc3-c3csnn3)c(F)c2)cn1,14.949236109653516
CC(C)(C)Nc1nnc(SCc2ccc(-n3nnc(-c4cscn4)n3)cc2)s1,14.941957727979078
Cc1cnc(N2CCC(Nc3nnc(-c4nnn(-c5ccccc5)n4)s3)CC2)s1,14.938935616408136
COc1ccc(-c2nnc(N3CCC(Nc4nc5cncnc5s4)CC3)s2)cn1,14.937126853884662
c1ccc(-c2nc(CNc3nc(N4CCCCC4)nc(-n4nns4)n3)cs2)cc1,14.926593324620566
CSc1nnc(-c2nc(-c3nnc(-c4ccc5c(c4)OCCN5)n3C)cs2)s1,14.925771572243287
Nc1cccc(SSc2nnc(-c3nnn(-c4ccc(Cl)cc4)n3)s2)n1,14.904164445541163
c1cc2c(cc1-c1nnc(CSc3nnc(NC4CCCCC4)s3)nn1)OCO2,14.881119348927914
O=C(O)c1ccc(-n2cc(CSc3nnc(-c4nc(F)cs4)s3)nn2)cc1,14.873660669528373
Cc1cnn(-c2ncnc(N3CCC(Nc4nc(-c5cccs5)ns4)CC3)n2)c1,14.862262756814452
Cc1csc(N2CCC(Nc3snnc3-c3nc(-c4cscn4)no3)CC2)n1,14.860517556507192
Cc1ncnc2sc(Nc3nnc(-c4csc(CN5CCCCC5)n4)s3)nc12,14.851943855654403
Nc1nnc(SCc2csc(-n3cnc(-c4ccc5c(c4)CSC5)n3)n2)s1,14.842401816496139
O=C(/C=C/c1ccc(-n2nc(-c3csnn3)s2)cc1)Nc1nnc(N2CCC2)s1,14.835398114317334
c1cnn(-c2ccc(CSc3nnc(NC4CSCCS4)s3)nn2)n1,14.8349237117835
Cn1ccc2nc(Nc3nnc(-c4nnc(CN5CCCCC5)s4)s3)ccc21,14.822753466603192
c1cc(CSc2nncs2)cc(-c2n[nH]c(-n3nnc(-c4cccs4)n3)n2)c1,14.820701204746895
Oc1ccnn1-c1nc(CSc2nnc(-c3ccc4c(c3)OCO4)s2)cs1,14.769268518210628
O=C(O)c1ccc(-c2nnn(-c3nnsc3SCc3ccc(F)cc3)n2)s1,14.760802692120242
CNc1nc2c(ncn2[C@@H]2CCCN(Cc3ccc(-c4nnsn4)s3)C2)s1,14.754281541325112
c1cnc2nc(Nc3nnc(-c4nnc(CN5CCCCC5)s4)s3)cnc2c1,14.752833727326626
c1ccc2sc(Oc3ccc(-n4nc(-n5cccn5)nc4NN4CCO4)cc3)nc2c1,14.73715801069476
COc1ccc(-c2nsc(N3CCCN(c4nc(N)c5ccsc5n4)CC3)n2)cn1,14.716056773220132
CN1CCC(Nc2snnc2-c2nc(-c3csnn3)nn2-c2ccccc2)CC1,14.712151801244703
CSc1nnc(-c2cn(-c3ccc(/C=C/C(=O)Nc4nccs4)cc3)nn2)s1,14.703542593512374
O=C(O)CC1CCN(c2nnn(-c3ccc(Oc4nc5ccccc5s4)cc3)n2)CC1,14.694032089726258
c1ccc(-c2nsc(SSc3nnc(-c4cn(C5CC5)nn4)s3)n2)cc1,14.661703119835337
Nc1nnc(SCc2ccc(-c3nsc(-n4ncc5c4CCS5)n3)cc2)s1,14.660577423251233
c1ccc2sc(Oc3ccc(-n4nnc(-c5csc(CN6CCC6)n5)n4)cn3)nc2c1,14.635511715026531
Nc1cc(-c2cccs2)nc(SSc2nnc(-n3nccc3F)s2)n1,14.632286391375013
Cc1nc(S)n(-c2nn(-c3ccc(Oc4nc5ccccc5s4)nc3)nc2F)n1,14.613082161288299
Cc1ccc(-c2nnc(N3CCC(Nc4nc(-c5csnn5)ns4)C3)s2)cc1,14.596792520302724
c1cc(OC2CCN(c3nc(N4CCCC4)ns3)CC2)nc(Nc2nccs2)n1,14.58009589754619
Cc1ccc(N2CCC(Nc3snnc3-c3nnn(-c4ccsc4)n3)CC2)cn1,14.578147678031804
c1cc(Nc2csc(-c3nnc(CN4CCCCC4)s3)n2)nc(-n2cncn2)c1,14.57767086734211
Cc1csc(N2CCC(Nc3nc(-n4cc(-c5cccs5)nn4)ns3)C2)n1,14.57738483159588
Nc1nc(-c2csc(-n3cc(CSc4nc5ccccc5s4)nn3)n2)cs1,14.565853060643716
Cc1csc(N2CCC(Nc3cccc(-n4nnc(-c5cscn5)n4)n3)CC2)n1,14.559637361734643
c1ccc2sc(Oc3ccc(-n4nnc(NC5CCSCC5)n4)cc3)nc2c1,14.542734769657962
Cc1nc(N2CCN(c3ccnc(Nc4nc(-c5cccs5)ns4)n3)CC2)no1,14.537425977389667
c1ccc(Nc2nnc(SCc3nnn(-c4ccc5c(c4)OCCO5)n3)s2)cc1,14.4902372324578
c1csc(-c2ncnc(N[C@@H]3CCCN(Cc4cnc(-c5nnsn5)s4)C3)n2)c1,14.453488934340081
C(=N/Nc1ccnc(N2CCCC2)n1)\c1cccc(-n2nnc(-c3cccs3)n2)c1,14.425396297488042
O=C(O)c1nc(-c2ncc(-n3cc(SSc4ccccc4)nn3)s2)cs1,14.39957264747612
Oc1ccc(-n2cc(SSc3ccn4nc(-c5cccs5)nc4n3)nn2)cc1,14.3985409120862
c1ccc(-n2cc(SCc3nnc(-c4nncs4)n3-c3ccccc3)nn2)cc1,14.397758916755544
c1csc(Nc2nnc(C3CCN(Cc4cnc(-c5nccs5)nn4)CC3)s2)n1,14.371924476261553
Nc1nnc(SCc2nnc(-c3ncc(-c4ccc5c(c4)CCO5)s3)s2)s1,14.354408488753249
O=C(Nc1nnc(SCc2csc(-n3nccn3)n2)s1)C1CCCS1,14.34714703744501
c1ccc(-n2nnnc2SCc2ccc(-c3nsc(-c4csnn4)n3)cc2)cc1,14.34457131039397
Cc1ncc(N2CCC(Nc3snnc3-c3nnn(-c4ccccc4)n3)CC2)s1,14.322349378247026
Cn1nc(CSc2nc3ccccc3s2)nc1-c1nnn(-c2cccs2)n1,14.315892773790468
c1ccc(-n2cc(CSc3nnn(-c4nc(-c5cccs5)cs4)n3)nn2)cc1,14.31106827708741
Nc1nnc(SCc2nnc(-c3nc4c(s3)SCC4)n2-c2ccccc2)s1,14.307744152933818
CSc1nnc(-c2nc(-c3nnn(-c4ccc5c(c4)CNCC5)n3)cs2)s1,14.297479536200793
c1ccc(-n2nnc(-c3nc(CSc4nnc(N5CCCC5)s4)cs3)n2)cc1,14.283624159065297
Cc1ccc(-c2nnc(N3CCC(Nc4nc(-c5cccs5)ns4)C3)s2)nn1,14.24067797140154
Cc1csc(N2CCC(Nc3cccc(-n4nnc(-c5nccs5)n4)n3)CC2)n1,14.237017247912819
Cc1ccnc(-c2nnc(N3CCC(Nc4nc(-c5cscn5)ns4)C3)s2)n1,14.21392791795039
Cc1nsc(-c2ccnc(N3CCC(Nc4nc(-c5cccs5)ns4)C3)n2)n1,14.208765100965824
Nc1nnc(SCc2nnc(-c3ncc(-c4ccc5c(c4)OCC5)s3)s2)s1,14.180308040590917
Nc1cc(CN2CCC[C@@H](c3nnc(-c4nccs4)s3)C2)sc1-c1nnsn1,14.15519400093855
c1csc(-c2cn(-c3nc(CNc4ncnc(N5CCCCC5)n4)cs3)nn2)c1,14.123942165588467
c1ccc(-n2nnc(CSc3nnc(Nc4ccc5c(c4)OCCO5)s3)n2)cc1,14.120379903676431
Nc1ncc(CSc2nnc(-c3cccs3)n2-c2ccc3c(c2)OCO3)s1,14.050028133989548
Nc1nnc(-c2csc(-c3nnc(CN4CCCC4)s3)n2)s1,14.046398270879516
Nc1nnc(-c2csc(-n3cc(-c4csc(CN5CCCCC5)c4)nn3)n2)s1,14.00793992796464
c1csc(-c2nnc(SCc3cn(-c4ccncn4)nn3)n2-c2cccs2)c1,13.976826899878748
Nc1nnc(SCc2nnc(-c3nc4c(s3)COCC4)n2-c2ccccc2)s1,13.966750504201384
c1ccc2sc(SCc3nnc(-n4cc(-c5cscn5)nn4)s3)nc2c1,13.951861368195424
O=C(O)c1csc(-c2nnc(CSc3nnc(N4CCCCC4)s3)s2)n1,13.929025006555847
c1cc(Nc2nnc(-c3ccc(CN4CCCCC4)s3)s2)nc(-n2nccn2)n1,13.927651789137833
O=C(Nc1nnc(SCc2ccc(-n3nccn3)nc2)s1)SC1CCSC1,13.915545992983779
Nc1nc(N2CCCCC2)nc(-n2ncc(CSc3nc4ccccc4s3)n2)n1,13.908198618071316
Cc1ccnc(N2CCC(Nc3csc(-n4cc(-c5cscn5)nn4)n3)CC2)n1,13.884488599886255
Cc1cccc(N2CCC(Nc3snnc3-c3cn(-c4nccs4)nn3)CC2)n1,13.861293373855185
c1ccc2sc(Oc3ccc(-n4nc(NC5COC5)nc4-n4nccn4)cc3)nc2c1,13.79774785490187
Nc1nnc(SCc2ccc(-c3nnn(-c4ccc5c(c4)OCCS5)n3)s2)s1,13.77505057410897
Nc1nc(CSc2nc3ccccc3s2)n(-c2nc(-c3csnn3)cs2)n1,13.76938922213824
Cn1c(SSc2ccc(-n3nnc(-c4cccs4)n3)nn2)nc2ccccc21,13.723033515257827
CC(=O)Nc1nnc(SCc2ccc(-n3nnc(C(C)(C)C)n3)s2)s1,13.709949114956816
COc1ccc(-c2nsc(Nc3nc(N4CCN(C(C)(C)C)CC4)no3)n2)cn1,13.663047283074228
c1cc(-c2nsc(Nc3nc(N4CCCC4)no3)n2)sc1CN1CCCCC1,13.63314159848617
C(=N/Nc1nnc(Sc2ccc(-n3nccn3)cc2)s1)\c1ccc2c(c1)OCO2,13.630116645392372
Nc1nnc(SCc2cn(-c3nc(-c4csnn4)cs3)nc2C(F)(F)F)s1,13.605999204337966
c1ccc(-n2nnc(CSc3nsc(Nc4ccc5c(c4)OCCO5)n3)n2)cc1,13.55544558434942
Nc1nnc(SSc2nnn(-c3ccc(-n4ccc5ccccc54)cc3)n2)s1,13.537655199794767
CN1CCC(C(=O)Nc2nnc(SCc3nc(-c4cccs4)ns3)s2)CC1,13.513030961030385
c1ccc(-n2c(SCc3cn(-c4nccs4)nn3)nnc2-c2cccs2)cc1,13.50924745588483
Clc1ccc(-n2nnnc2SSc2nnnn2-c2ccccc2)cc1,13.46890913439109
COC(=O)N1CCC(Nc2nnn(-c3ccc(Oc4nc5ccccc5s4)cc3)n2)C1,13.404720823133886
c1csc(CNc2cc(-n3nnc(-c4nccs4)n3)nc(N3CCCCC3)n2)c1,13.369902376563163
c1csc(-c2nnn(-c3nc(-c4ccc(CSc5csnn5)cc4)n[nH]3)n2)c1,13.281716220980417
Nc1nnc(SCc2nsc(-c3nnc(-c4ccc(F)cc4F)s3)n2)s1,13.249595332681345
Nc1ncn(Cc2ccc(-c3snnc3-c3nsc(N4CCCC4)n3)s2)n1,13.248606494642193
COc1ccc(-c2nnc(N3CC(Nc4nc(-c5cccs5)ns4)C3)s2)cn1,13.237459832340207
O=C(Nc1nnc(SCc2ccc(-n3ncnn3)s2)s1)c1cccs1,13.222003781028036
Nc1nnc(SCc2csc(-n3cc(-c4cccs4)nn3)n2)s1,13.206248837202665
CC(C)(C)N1CCC(Nc2nnc(SCc3nnc(-c4nccs4)s3)o2)C1,13.202342934459125
Nc1nc(-n2cc(CSc3nc4ccccc4s3)nn2)ns1,13.173115511835475
Nc1nnc(SCc2ccn(-c3nc(-c4ccc5c(c4)OCO5)cs3)n2)s1,13.129465829759472
COc1ccc(-c2nsc(N3CCN(c4nc(N)c5ccsc5n4)CC3)n2)cn1,13.117023495423371
CN1CCC(Nc2nnn(-c3ccc(Oc4nc5ccccc5s4)nc3)n2)CC1,13.100226335775536
Cc1ccc(-c2nnc(N3CCC(Nc4nnc(-c5csnn5)s4)C3)s2)cn1,13.070704279578937
Nc1nnc(C2CCN(Cc3csc(-c4cnc(-n5nccn5)s4)c3)CC2)s1,13.035696044447361
N[C@@H]1CCCN(c2nnc(SCc3sc(-c4csnn4)nc3Cl)s2)C1,13.030690612692187
c1nc(Nc2nc(-c3csc(CN4CCCCC4)n3)ns2)nc(N2CCCC2)n1,12.942766059201583
O=C(O)c1csc(-c2nnc(CSc3cn(-c4ccc(Cl)cc4)nn3)s2)n1,12.941601036901298
Nc1nnc(SCc2nn(-c3nc(-c4ccc5c(c4)OCO5)cs3)s2)s1,12.940792270213686
O=C(Nc1nnc(SCc2csc(-c3nnsn3)n2)s1)C1CCSCC1,12.918718975291647
Cc1cnc(N2CCC(Nc3snnc3-c3nnn(-c4ccccc4)n3)CC2)s1,12.856434396596068
c1csc(-c2nnn(-c3nc(-c4ccc(CSc5nncs5)cc4)n[nH]3)n2)c1,12.785723696840348
C(=N/Nc1ccnc(N2CCCC2)n1)\c1cccc(-n2nc(-c3csnn3)s2)c1,12.723048301707694
Oc1ccc(-n2nnc(-c3nnc(CSc4nc5ccccc5s4)s3)n2)cc1,12.589758030986017
Cn1ccc(-c2nnc(N3CCC(Nc4nc(-c5cccs5)ns4)C3=O)s2)n1,12.58319697421528
NC1CCN(c2nnc(SCc3nc(-c4cccs4)ns3)s2)CC1,12.496976127682727
c1cc(-c2nnc(Nc3nnnc(N4CCCC4)n3)s2)sc1CN1CCCCC1,12.147742892538655
c1nc(Nc2nnc(-c3csc(CN4CCCCC4)n3)s2)nc(N2CCCC2)n1,11.975708658031728
c1cc(NCc2csc(-n3cc(-c4cscn4)nn3)n2)nc(N2CCCCC2)n1,11.704443019138484
c1cc(NCc2csc(-n3cc(-c4nccs4)nn3)n2)nc(N2CCCCC2)n1,11.558639925551446
c1cc(Nc2nnc(-c3nnc(CN4CCCCC4)s3)s2)nc(N2CCCC2)n1,11.505346391922798
Nc1nnc(SCc2cnn(-c3nc(-c4ccc5c(c4)NCCO5)cs3)n2)s1,11.28072563480003
Cc1cccc(N2CCC(Nc3snnc3-c3nnn(-c4ccsc4)n3)CC2)n1,11.207199022868283
Cc1cccc(N2CCC(Nc3snnc3-c3nnn(-c4cccs4)n3)CC2)n1,11.178692937550878
