SMILES,log-likelihoodog
CC1=CSC(n2nc(C)c3ncc(-c4nc(C)c(-n5cncc5N)s4)nc32)=NC1,32.63975445453402
CN(Cc1nncs1)c1nc2n3cc(-c4cncc5sccc45)nc3n(C)cnc1=2,29.054076290760662
Cc1nc(Nc2ncsn2)c(-c2nc3ccnc(N4CCN(C)CC4)c3s2)nc1C,28.373320221178435
Cc1ccc(-c2ccnn3c(SCC4=NNC(S)O4)c(C4=NCCS4)nc23)o1,27.595299364573357
Cc1ncn(-c2cnc3c4ccnc(N=S)c4n(CCC4SCCS4)c3n2)n1,27.423626024427328
COC1CC(Nc2nc(-c3cccs3)nn3cc(-c4ccc5c(c4)OCO5)nc23)O1,26.863764111023723
Cc1cnc(N2CCC(Nc3nsc4c(-c5ccsc5)ncnc34)CC2)c(C)n1,26.599923355380863
c1cnc2c(c1)c1ncc3nc(-c4cncs4)nn3c1n2CCCNc1cncs1,26.49890936722895
COC(=O)CSc1nc2c(c3nc(-c4nccs4)nn13)NC(=S)SC2C,26.365071633184325
CSc1sc2nc(-c3cnc4n3NCCS4)nn2c1-c1oc(C)cc1C,26.302970644875135
Cc1csc2c(-n3c(SCC(F)(F)F)nc4c(cnn4C)c3=O)nc(N)nc12,26.25898386961871
CC(=O)c1cn2cc(-c3nc(NCc4nccs4)nc(N4CCCC4)n3)nc2s1,26.091054666526006
c1csc(CNc2nc(-n3nccn3)nc3sccc4c(-n5cccn5)nc=4c23)c1,26.049024736353125
Cc1ccc(-c2nc3c(NC4=NCCO4)nc(C(=O)OC4CCN(C)CC4)nc3s2)o1,26.01833487386555
COc1ccc2cc(-c3nc4sc(N5CCCCC5)nc4n3CC3C=NO3)oc2n1,25.99677825862362
CSc1nc(-c2oc(C)nc2C)nc2c1c1sc(=O)n(C)c1n2C1CCNCC1,25.932339463745603
CN1CCC(COc2ccnn3c(Nc4nc(-c5cc6ccccc6o5)ns4)nnc23)C1,25.889206011853442
Cc1nc(C)c(-c2nn3cccnc3c2N2CCN(Cc3nsc(N)n3)CC2)s1,25.788694457450685
CC(CC1CCCC1N=O)n1cnc2nc(N3CCSCC3)nc(-c3nccs3)c21,25.738264336164153
Cc1nccc(-c2cn3nccc(N4CCC(Nc5cc(-c6nncs6)ccn5)C4)c3n2)n1,25.69249490639461
COC(=O)c1nn(Cc2cccc(C)c2)/c(=N/Nc2nc3nccnc3s2)s1,25.64773289706769
Cc1cc(-c2nc3c(s2)c2ccc(C(=O)O)cc2n3CCN2CCSCC2)no1,25.626055958709813
c1csc(-c2nc3c(N4CCCSCC4)nccc3n2CCc2nnn[nH]2)n1,25.559912725180812
CC(=O)NCc1nc2sc(-c3ncc4ncn(C5CCN(C)CC5)c4n3)nc2s1,25.53491392950613
C#Cn1cnc2c(OC)cc3nc(-c4nccs4)nc(NCc4nccs4)c3c21,25.497400287484645
Cc1cc(C)c(=O)c2c(NC3CN(c4nccs4)C3)nc(-c3nccs3)nc2n1,25.465290727846668
Cc1cc(Nc2nc(-c3nncn3C)cc3nc(C4=NCCSC4)sc23)sn1,25.456660019695473
CCN(Cc1ccc(C#N)s1)c1nc2sc(-n3cnc4scnc43)nc2s1,25.312295899317334
CCNc1=c2ncnnc2=c2cc3sc2nc3=c-n2sc(N3CCCC3)nc-2=n-1,25.28845490118202
CN(C)c1nc(-c2nccs2)nc2sc3ncc4nc(-c5cncn5C)cn4c3c12,25.167962757320023
Cc1cc(-c2nc3n(CN4CCN(C(C)(C)C)CC4)c(=O)nc(NC4CC4)n3n2)c(C)o1,25.053952569887265
Cc1cc2nc(Nc3nccs3)nn2c(-c2cn(C3CCN(Cc4ccco4)CC3)cn2)n1,24.92873149464531
Cc1ccc2nc(N3CCOCC3)oc2c1CSc1nc2c(O)cc(Cl)nn2n1,24.839586097897573
c1ccc2oc(-c3nc(N4CCOCC4)c4ncn(Cc5cncs5)c4n3)nc2c1,24.81426820069876
c1cc2cc(-c3noc(C4CCN(Cc5csnn5)CC4)n3)nc(NC3CC3)n2c1,24.806803601668378
C#CCn1cnnc1-c1nc2c(Nc3nc4sccc4s3)snc2cc1OC,24.628853304761982
c1csc(NCSc2nc(-c3ccc4c(c3)OCO4)nc3cncn23)n1,24.62781848002063
CCN(Cc1cccs1)n1c(=O)sc2nc(-c3cnc4ccsc4n3)nnc21,24.60423114847331
Cc1cc2c(nnn2C)c(NC2CCCN(c3nc(=O)sc4nc(C)sc34)C2)n1,24.554838940298797
COC1CCN(c2nc(C)nc3sc4cnc(-c5snnc5C)nc4c23)CC1,24.48517918392577
Cc1nn(CCC2CCCO2)c2nc(-c3cc4c(N)ncnc4s3)n3cncc3c12,24.302399533144406
CC1CC(/N=c2\sc(-c3ccco3)ncc2Nc2ncnc3ccsc23)C(=O)O1,24.29516809819327
Cn1cc(-c2cc3c(Nc4nc(N5CCCC5)cs4)ncnc3nc2-n2cccn2)cn1,24.256381192576274
c1ccc2c(c1)nc(Nc1nc(-n3ccnc3)ns1)n2CCN1CCCc2ocnc21,24.22578498596045
Cc1cccc2nc(N3CCN(Cc4ncc(-c5nc(-c6nccs6)no5)[nH]4)C3)oc12,24.21542283428776
Cc1cc(C)nc(N2CSC(Nc3ncnc(-c4nc5ccncc5s4)n3)C2)n1,24.10578341314079
Cc1nc(NCc2csc(-c3nc4ccccn4n3)n2)cc(N2CCC(=O)CC2)n1,24.082581958683974
Cc1ccccc1-c1nsc2oc(SCC3=NN=NC(N4CCOCC4)C3)nc12,24.078654051027247
Cc1cn(-c2cc(Nc3nccc4oc(=S)oc34)nc(N3CCN(C)CC3)n2)c(C)n1,24.04302442768842
CN([O-])c1nc2c(s1)c1nn(CC(C)(C)C)c(=S)n1c(=O)n2Cc1ccccc1,24.04226377366946
CN(C)Cc1cccc2c(N)nc(-n3c(=S)sc4nc(-c5ccco5)nn43)nc12,24.038250603043213
Cn1nc(NCc2cnc(-c3nccs3)o2)c2sc(-c3cnc4ccnn4c3)cc21,24.007854432543535
CSc1nc(NCc2ncc(C)o2)c2c(=O)n(-c3nc4ncccc4s3)sc2n1,23.944740755549628
c1csc(CNc2nc3nc(-n4cnc5c(N6CCOCC6)ncnc54)ccc3o2)c1,23.941299820275383
Cn1cc(-c2ccc3c(c2)nc2c(Nc4nc(N5CCCC5)ns4)ncnn23)cn1,23.925715740786003
Cc1nc(NCc2cccnc2)c(=S)c2sn(-c3ncnc(-n4ccs4)n3)c2n1,23.922272966037834
COc1ccc(-c2nc(C)sc2Nc2nc(N3CCCC3)nc3c2SCN3)cn1,23.89559045369653
c1ccc2oc(CN3CCC(Nc4csc(-c5cn6ncncc6n5)n4)CC3)nc2c1,23.86705745631734
COC1CCN(c2nc(-c3csc(Nc4ccccn4)n3)c3ncsc3n2)CC1,23.831963771298117
CC1CN(c2nc(Nc3nccs3)c3c(n2)oc2onc(N4CCC4)c23)CC(C)O1,23.81113398808435
CCn1c(=O)c2c3nc(C(C)(C)C)nc-3nc(N3CCCCNCC3)nc2n(CC)c1=O,23.78587824691752
Nc1csc(SCN2c3ccccc3Sc3nnc(-c4nccn4C=O)n32)n1,23.765028425496997
CCn1ncc2c(=O)n(C)c3ccc(Nc4nc(N5CCCC5)nc5ccnn45)cc3c21,23.764951142883543
Cc1nc(-c2nc3c(cnn3C3CCN(Cc4nccs4)CC3)c3nncn23)sc1C,23.762630911248316
Cc1noc(-c2ncnc3c2c2cn(C)c(=S)nc2n3CCC2CCSS2)n1,23.704361222673946
C=CNc1nc(-c2coc3ccccc23)nc(N2CCCN(Cc3noc(C)n3)CC2)n1,23.69902523256146
c1cc(CNc2ncnc3c2ncc2nc(-c4cscn4)cn23)nc(N2CCCC2)n1,23.684958829135603
CCn1cc(-c2cc(N)nc(N3CCN(c4nc(C)nc5ncsc45)CC3)n2)s1,23.668146792908335
Cc1noc(-c2nc(C)nc3c2n(C2=NCCO2)c(=S)n3CC2CCCCC2)n1,23.66391365595506
Cc1ccc(Cn2cc3ncnc(-n4nnc(NC5CCSCC5)n4)c3n2)s1,23.54462608706717
Clc1cnc(Nc2noc3c(-c4cn(CCN5CCCC5)cn4)cccc23)s1,23.532432084518227
c1coc(-c2ncnc3c2sn3CCC2CCN(c3ccc4ncsc4n3)CC2)n1,23.508849045789805
CN1CCC(n2c(NCc3nccs3)nc3nc(-c4nncs4)ccc32)CC1,23.501999348512662
c1nc(Nc2ccc3oc(-c4ccsn4)nc3c2)c2ncn(CCN3CCOC3)c2n1,23.481202137904283
CCn1c(-c2nccs2)nn2c(Nc3nc(N4CCCC4)nc4scnc34)ccc12,23.46634491812354
Cc1nn(C)c(-c2ccco2)c1C(=O)N=c1sc2nc(N3CCCC3)n(N)c2s1,23.436054637588608
CN1CCC(Nc2nc(Sc3nncs3)cc3oc(-c4ccns4)nc23)CC1,23.396273756109853
c1ccc2c(Nc3ncnc4onc(-c5ncc(CN6CCOC6)s5)c34)nccc2c1,23.38283228855961
CNc1ncc2sc3nc(Cc4nccs4)c(-n4ncnc4SC)nc3c2n1,23.372913852508994
N=CNc1nsc2c(N3CCCC3)nc3c(nnn3CCCn3cnc4ccccc43)c12,23.32563768526035
N=c1sn(Cc2ccccc2)nc1SCc1nn2nnc(-c3ccco3)c2s1,23.322736046429355
Cc1nc2nc(Nc3ccc(-c4nc5nc(N6CCCC6)ccn5n4)cc3)cnc2n1C,23.251153291475237
CN=C1N=C(/N=c2\ccnc(Nc3cccs3)n2CCCC(=O)OC(C)(C)C)S1,23.238292456278366
ON=C1CCN(CCn2c(NCc3nnc(-c4cccs4)o3)nc3ccccc32)OC1,23.124049517304382
Cc1cccc(N2CCN(Cc3nc(NN4CCCC4)nc(-c4ccco4)n3)CC2)n1,23.116834513079606
CN(C)c1nccc(N2CCC(Nc3nc4c(oc(=O)n4C)c4ncsc34)CC2)n1,23.103239463533914
Cc1nc(CN2CCOCC2)n(-c2nc3sc4c(C)cccc4c3nc2C(=O)O)n1,23.077111575206228
Cc1nsc(-c2nc(N3CCC(Nc4nccs4)CC3)nc3ncsc23)c1C,23.052112923462563
Cc1csc(N2CCCC(Nc3nnc4scc(-c5ccnn5C)c4n3)C2)n1,22.998789062064045
CCn1c(=S)n(C)c2ccc(Nc3nnc4cnn(C5CCSCC5)c4n3)cc21,22.973399404517536
c1csc(NCCn2cc(-c3nc4c(N5CCCSC5)nccc4o3)cn2)n1,22.941417459436863
Oc1ccc2cc(CN3CCN(c4ncnc5c(-c6ccco6)noc45)CC3)oc2c1,22.937084209811704
c1csc(CNc2ncnc3c2c(-c2ccc(-n4nccn4)nc2)nn3C2CC2)c1,22.92174185389811
Cn1cnc2c(SCC3CCN(c4nnc(Nc5cccnc5)o4)C3)nsc21,22.89157397655863
Cc1nc2nc(-c3nn(CCN4CCCC4)c4nc(N)nc(N=S)c34)sc2s1,22.890271623523432
CC(C)(C)CSc1nc(=O)n(CCN2CCCCC2)c2cc(-c3nnnn3N)sc12,22.827566983221725
Cc1nc(Nc2noc3ccc(OC4CN(C)CCS4)nc23)c2ncsc2n1,22.787474410668807
Cc1cc(-c2nc3sc4nc(-c5ccco5)nc(NCC5COC5)c4n3n2)sn1,22.7692611402183
Cc1nc2cccnc2n1CC1CSc2nnc(NCc3nc4ccccc4s3)n21,22.762525403905727
COC(=O)c1cnc2c(C)nc(Nc3nc4sc(CN5CCOCC5)cc4s3)cn12,22.760850226938853
CNc1c(-c2nc3sc(N4CCCC4)nc3c(=O)s2)ncn1Cc1nnc(C)s1,22.75787323338665
Clc1cn2c(NCc3ccco3)nc(Sc3nnc(N4CCCC4)s3)nc2n1,22.66721575919902
CCn1ccc2nccc(Nc3nc(N4CCCC4)nn4c(-c5nncs5)cnc34)c21,22.645715146422923
Cc1cn2ncnc(N3CCN(Cc4nnc(O)o4)C3)c2c1-c1nc2ccccc2s1,22.64540628756373
COc1nccc2nc(NC3CCN(c4ccnc(N=S5CO5)n4)CC3)sc12,22.581799155918045
CNC1CCN(c2ncnc(-c3c(-c4nccs4)nn4c(C)cc(C)nc34)n2)CC1,22.579212681456855
COc1cc(OC)c2nc3nc(N4CCCC4)nc(sc2n1)-c1ncsc1N3,22.578183729292494
c1csc(NCCCn2c(-c3cncs3)nc3cnc(N4CCCC4)nc32)n1,22.565992726168453
C#CCNc1cccc2oc(=S)n(CCn3ncc4c(-c5nncs5)ncnc43)c12,22.56351608092099
CNc1nc2nccnc2c2oc(CN3CCN(c4nccc5nc(C)sc45)C3)nc12,22.489706115473936
Cc1nc(N2CCN(C)CC2)nc2oc(Nc3ccc4nc(-c5cccs5)on34)nc12,22.479708831592564
COC(=O)c1ccc(Nc2nc(N3CCN(c4ccccn4)CC3)nc3ccnn23)cc1,22.477677712906516
C#CCNc1ncnc2sc(Sc3nc4c(o3)c(-c3cccs3)nn4C)nc12,22.444633573695327
Cc1nnc(Nc2nc(N3CCN(Cc4cccc(F)c4)CC3)nc3ncnn23)s1,22.416883416710807
c1ccc2c(NCc3nnc(SCc4ccncn4)nn3)cc(N3CCCC3)nc2c1,22.396086143633926
CSc1nc(N2CCOCC2)c2nc(N=N)c(-c3cc4cccc(C)c4o3)nc2n1,22.39019000456217
CCn1c(N2CCCCC2)nc2cc(F)c(-n3ncc(Nc4nccs4)n3)nc21,22.376414372200234
Cc1nn(-c2nc3ccc(N4CCCC4)nc3s2)c2ncnc(Nc3cccnc3)c12,22.332404230144995
c1csc(-c2nn3c(N4CCCC4)nccc3c2-c2nnc(NC3CC3)s2)n1,22.317672718790302
CC1CCN(c2ncccc2-n2cc(Nc3ncnc(N4CCOCC4)n3)cn2)CC1,22.317029256750704
CN1CCC(n2cnc3c2nc(N(C)c2ccccn2)n2cnc(-c4nccs4)c32)CC1,22.31443582317387
Cc1nc(Nc2nccs2)n2cc(-c3cnn(Cc4ccc5c(c4)OCO5)c3)nc2n1,22.304114420111745
Nc1cccc(OCc2coc(CN3CCN(c4nc5sccc5s4)CC3)n2)n1,22.27776185221914
O=C(O)C1=NC(Nc2nccs2)CCN1c1nc2ccccc2n1CC1CCCO1,22.277710685909515
COc1ccc2nc(Nc3nc(-n4ccnn4)ns3)c(N3CCCC3)nc2c1,22.194760166493133
[C-]#[N+]c1csc2c(Nc3cc(C)no3)nc(N3CCN(Cc4ncsn4)CC3)nc12,22.174374601182272
Cn1nc(Nc2nc3ccccc3s2)nc2cc(-c3nnc(CN4CCOC4)o3)cc1-2,22.14779810490995
Cc1cc2nc(SCC3=NN4CC(C3)CC(Nc3ncnn3C)=N4)sc2s1,22.125120516571705
CN(c1ccc(Cn2ncc3sc(-c4nncs4)nc32)nn1)C1CCCOCC1,22.1207265177467
Cc1nsc(-c2nn(Cc3ccc4nc(N5CCCC5)sc4c3)c(=N)n2C)n1,22.11481465185598
Cc1nc(Nc2cccc3nc(N4CC(C)(C)N=CN4C)sc23)c2ncsc2n1,22.112699342302502
Cc1cc(CN2CCN(c3nsc(Nc4nnc(-c5ccccc5)o4)n3)CC2)ccn1,22.090501919284737
c1coc(-c2ncn3c4nc(N5CCCC5)ncc4n(CCNc4nccs4)c23)n1,22.09037247531721
Cc1nc(Nc2ccnc(-c3cncs3)n2)c2ncn(CC3SCCS3)c2n1,22.079412191564707
COC(=O)c1s/c(=N\c2ccnc3ccnn23)c(NCc2nccs2)nc1C,22.079241641394027
CSc1cc2c(N)nc(-c3nc4sc(N5CCCC5)nc4n3CC=O)nc2s1,22.042307693883895
Cc1cc2c(-c3nc(N)nc(CN4CCN(c5ncccn5)CC4)n3)csc2o1,22.021919866929707
Cc1nc2ccc3cc4c(sc2s1)N1N=C(N)N=C3N=C1N4CCN1CCOCC1,21.999063707549933
[C-]#[N+]c1ccc2c(c1)CCCN2c1nnc(Nc2cc(N3CCN(C)CC3)nc(C)n2)s1,21.990860961884515
CCN1CCCN(c2nc3nc(C)nc(Nc4ccnc5scnc45)c3s2)CC1,21.98914771658363
COc1nn2cc(-c3sn4c(NCc5nc6ccccc6o5)cncc34)nc2s1,21.955882894084052
c1ccc(CNc2nc(-n3c(-c4nccs4)nc4cccnc43)nc3ccnn23)cc1,21.94303367727757
CSc1nc2sc3ncn(CCN4CCOCC4)c3c2cc1-c1csc(N)n1,21.90306961468161
Cc1cc2nnc(-c3ncco3)n2c(Nc2ccc(N3CCN(C4CC4)CC3)cn2)n1,21.88512395008057
Cc1nc(C)c(-c2cccc3nc(N4CCN(Cc5ncsn5)CC4)c(=N)sc23)o1,21.86131720260246
CCOC(=O)c1nc2c(-c3nc4ccccc4s3)nc(N3CCN(C)CC3)nc2s1,21.84231417370093
CCc1nc(-c2sn3c(NC4CCN(C(=O)OC(C)(C)C)CC4)nc(C)nc23)no1,21.835455049563404
Cc1csc(N2CCC(Nc3nc4c(cc(-c5cnco5)c(=O)n4C)s3)CC2)n1,21.771603647402127
Cc1nsc(-c2nc3c4cccnc4n(C4CCCC4)c3nc2N2CC(C)(C)N=N2)n1,21.751324039128317
Cc1ccnc(Nc2nc(N3CCCC3)cc3nc(-c4nc5c(cnn5C)s4)cn23)n1,21.726383686811516
Cc1nc(Nc2ncnn3nc(CN4CCN(C(=O)O)CC4)c(C)c23)c2sccc2n1,21.725321158821714
Cc1nc(Sc2nc3c(s2)CCC3N)c(-c2ccc(N3CCOCC3)nn2)o1,21.714254769287965
c1ccc(-c2cnc(N3CCC(NCc4cscn4)C(n4nccn4)C3)o2)nc1,21.68757217112345
COC(=O)c1ncc(C2=NCCN2c2nc(Nc3cccs3)nc3scnc23)s1,21.679996861340168
Cc1nsc2c(Nc3nnc(-c4cnn(C)c4)s3)nc(N3CCCC3)nc12,21.65868139579723
CCn1c(Sc2nc(-c3ncco3)co2)nc2ncc(N3CCCCNCC3)nc21,21.641885693974466
CN(Cc1cccs1)C(=O)CSc1nc2sc3nc(Cl)nnc3c2s1,21.635780960541716
CCn1c(Sc2nc3cccnc3s2)nc2nnc3c(nc(N4CCCC4)n3C)c21,21.61457140024902
CN(CCc1nc2sc(N3CCCCC3)nc2s1)c1nc(N)nc2sccc12,21.576619466280984
O=c1c(-c2cnc(N3CCCC3)nn2)nc2sccc2n1CCNc1cscn1,21.539198253545038
COc1nc2sc3ncnc(N4CC(Nc5nc(C)cc6ncsc56)C4)c3c2n1C,21.534906146317383
COc1nn2c(sc3nc(N4CCSCC4)nc(NCC#N)c32)c1-c1nccs1,21.52826839292568
Cc1nc(-c2csc3nc(N4CCN(Cc5nc6ccccc6o5)CC4)ncc23)no1,21.448983980380344
CCn1cnc(-c2nc3sc(N4CCCC4)nc3[nH]2)c1Sc1ncc2c(n1)N=N2,21.36048584567363
CC(C)n1ncc2c(Nc3nc4cncn4c4nc(N5CCCC5)sc34)ncnc21,21.359297676829677
CN(Cc1nccs1)c1nc(-c2nccs2)c(NC2=NCCS2)c2nncn12,21.356113492951
N#CCNC1CCN(c2ncnc3c2ncn3Cc2ccc(-c3nccs3)cc2)CC1,21.333856361727026
Cc1csc(N2CCN(c3nc(NCc4ccco4)nc(-c4nccs4)n3)CC2)n1,21.32730290352721
CNc1nc(N2CCCCC2)c2ncn(Cc3nsc(-c4cccs4)n3)c2n1,21.282082465559043
Cc1csc(N2CCN(Cc3nc(Nc4nccs4)nc(-c4ncco4)n3)CC2)c1,21.268124644574772
N=c1c2nc(-c3cccc4occc34)sc2ncn1CCN1CCN(CC(=O)O)CC1,21.267847525473407
Cc1c(-c2nccs2)nn2c(=O)cc(NCc3nnc(-c4cccs4)o3)sc12,21.251483020478332
Cc1csc(-c2nc(N3CCN(Cc4ccncn4)CC3)nc3nc(N=N)sc23)c1,21.243004178883226
Cc1c(-c2cscn2)oc2ncnc(N3CCN(CC4CCSC4)CC3N)c12,21.22729561628505
Cc1nc(C)c(-n2cc3nnc(Sc4nc5c(s4)COCC5)c(N)c3n2)s1,21.199811911249544
O=C(O)c1ccc(-c2nnc(CN3CCCN(c4cnc5sccc5n4)CC3)o2)cc1,21.16917471201029
CCOC(=N)c1nc2c(cnn2-c2nc3sc(N4CCCCC4)nc3nc2C)s1,21.1637087577088
CCOc1nc(-c2nc3nc(N4CCCC4)cnc3s2)nc2c1ncn2C1CCNC1,21.16185319305279
CCCN1CCc2sc3c(Nc4nc(C#N)nc(N5CCCC5)n4)noc3c2CC1,21.09351588201297
N=c1n(CCCn2sc3nccnc32)c2nc(N3CCCC3)ncc2n1C1CCC1,21.08777934569124
Cc1nsc(-c2nnn3c(NCc4ccc5c(c4)OCO5)nc4sccc4c23)n1,21.048215764160403
Cc1nc(Nc2coc(N3CCCC3)n2)cc(-n2c(=S)sc3c(C)nc(C)nc32)n1,21.046437170259058
Cc1ncc(-c2oc3c(Nc4nccs4)nnc(N4CCCN(C)CC4)nc2-3)s1,21.032542197722723
c1coc(-c2nc3c(Nc4nc(CN5CCCC5)cs4)nc(N4CCCC4)nc3o2)n1,21.010076852380518
COc1nc2nc(N3CCCC3)nc(NCc3ncnc(-c4cccs4)n3)c2s1,20.994869839842057
COc1nc(-c2nncs2)cc2sc(NC3CCN(c4cnc(C)cn4)C3)nc12,20.96021282262392
Cc1cc(N2CC(Nc3nc(N4CCCC4)nc4sccc34)C2)nc(-c2ncon2)n1,20.840712093916917
CSc1nc2c3sccc3nc(NC3=NN(c4cnc(C)nc4C)CCC3)n2n1,20.825264749391362
Cc1coc(N2CCC(Nc3nc4c(cnn4Cc4cccs4)c(=O)n3C)CC2)n1,20.797505348192267
COc1cnc(C)nc1NC1CCN(c2ncnc3sc(-n4nccn4)cc23)CC1,20.79034888700876
CONc1nc(CN2CCN(c3ncc(-c4nccs4)o3)CC2)c2sccc2n1,20.788043920174843
Cn1c(CSc2nnc3c(n2)sc2ccccc23)nc(Nc2ccccn2)nc1=O,20.786925090756217
C=CNc1nc(N2CCCC2)nc2c1nnc1nc(Sc3nccs3)n(CC)c12,20.759351760280875
COc1ccc(Nc2ncc(-c3nc(N4CCCC4)nc4ncsc34)cn2)cn1,20.758409437819303
C=CCn1c(Sc2nccs2)nn2cnc(NC3CCSCC3)c2c1=O,20.75783817166397
Cc1csc2sc(NN3CCC(N(C)c4nc5ccccc5o4)C3=O)nc(=O)c12,20.745969549233532
COc1cc2sc(NC3CCN(c4nc(-c5ncccc5C)ns4)CC3)nc2nn1,20.70693554137136
Cc1nn(-c2nc(Nc3ncns3)c3cnn(Cc4ccccc4)c3n2)c2ccccc12,20.70072911884297
CCn1ncc2cc(Nc3nc(N4CCCC4)nc4sc(-c5cncs5)nc34)cnc21,20.68904462906638
CCn1c(=S)n(C)c2c1nc(-c1csc3c(C)nc(N4CCCC4)nc13)n2N,20.6879709120245
Cc1ccc(Cn2c(=O)sc3ncnc(N4CCN(c5csc(N)n5)CC4)c32)o1,20.676814218574517
Cc1nc(-c2nc3ccccc3s2)c2c(N3Cc4nnsc4NC3(C)C)ncnn12,20.668531971993573
Cc1nsc(N2CCN(Cc3oc4sc5nc(NC6CC6)nnc5c4c3C)CC2)n1,20.665861423580367
Cc1nc(NC2CCN(c3nccc4ccsc34)CC2)c2nc(-c3nncn3C)oc2n1,20.656110438052497
NCCSc1ncc2cnn(-c3nc4sc(N5CCCC5)nc4s3)c2n1,20.65177190885378
Cc1nc(CNc2nc3nc(N4CCCC4)c(=O)n(-c4nccs4)c3s2)cs1,20.641531466076824
CSc1nc(N2CCCCC2)c2nc(-c3nc(CN4CCCC4)no3)sc2n1,20.636879961981435
COc1ccc(-c2nc(Nc3nc(N4CCCCC4)cs3)n3ccnc3n2)cn1,20.62817221625533
COc1ccc(-c2nsc(Nc3nc(N4CCCC4)nc4ccsc34)n2)cn1,20.615016280453528
CCc1nc(-c2nc3c(N)nc(N4CCCC4)nc3s2)n(-c2nc(C)cs2)n1,20.571385972972095
ON(CCn1cnc2c(N3CCOC3)nc(-n3ncc4ccccc43)nc21)c1ccccc1,20.548837023848378
c1csc(Cn2cc(-c3nnc4cc(N5CCCC5)nc(Nc5nccs5)n34)cn2)n1,20.54453422036741
CNc1c(Sc2ccco2)nnc2c(N3CCOCC3)nc(-c3cncs3)nc12,20.53990453450081
O=C(CSc1nc2sc(N3CCCC3)nc2o1)ONc1cccc2c1OCO2,20.525819705857103
Cc1nsc(-c2nc3sc(N4CCCCC4)nc3n2CCNC(=O)OC(C)C)n1,20.519557266632056
Cc1nc(NC2CN(c3nc4ccccc4s3)C2)c2c(-c3ccco3)nn(C)c2n1,20.495076148066033
Cc1nc(NC2CCN(c3ncnn3C)CC2)c2ccc(-c3cscn3)nc2n1,20.49480973586227
Cc1noc(-c2cc(CN3CCN(c4nc(C)c5sc6ccccc6c5n4)CC3)on2)n1,20.49252288673213
Cc1nc(NC2=Cn3c(nnc3-c3nc4ccccc4s3)SC2)nc(N(C)C)n1,20.466233773617184
COc1ncc(Nc2nc(-n3cc(C)cn3)nc3sc(N4CCCCC4)nc23)cn1,20.46346854912992
COc1nc2sc(NC3CCN(c4ccccn4)CC3)nc2nc1-c1ncsn1,20.46167726359735
COc1cnc(N2CCC(Nc3nc4ncnc(-c5cscn5)c4s3)CC2)s1,20.456908524767705
COC(=O)c1ccc(-c2nccn2-c2nc(N)c3nc(N4CCCCC4)sc3n2)s1,20.447366668182546
Cc1noc(-c2csc3nc(N4CCCC4)c(N4C=C(Nc5nccs5)CC4)nc23)n1,20.427826646763908
Cc1nc2cccc(-n3ncc4c(N5CCN(Cc6csc(N)n6)C5)ncnc43)c2s1,20.412419889933794
COc1ncc2n(C3CCNCC3)c3sc4ncc(-c5oc(C)nc5C)nc4c3n12,20.410447178738988
c1ccc2c(c1)ncn2-c1nc(NCc2nccs2)nc(-n2nnc3ccccc32)n1,20.407632424961843
O=C(O)C1CN(c2nc(SCC3CCCSS3)nc3sccc23)C=NO1,20.378198101673078
c1ccc(-c2noc(CNc3nc4nc(N5CCCC5)c5ncnn5c4s3)n2)cc1,20.349551198844335
c1nnc(-c2cc(N3CCCC3)nc(Nc3ccc4nnc(N5CCCC5)n4c3)n2)s1,20.34935113025618
COc1ccc(-c2cnn3c(Nc4ccc(N5CCOCC5)cc4)nsc23)cn1,20.34872474792046
CSc1nc2nc(N3CCOCC3)nc(Nc3nc(C)cc4scnc34)c2s1,20.32892285699784
Cc1cn(-c2nnc3nc(N4CCCC4)sc3n2)c2cccc(Nc3nncs3)c12,20.31986374614535
Cc1nsc(-c2ccc3nc(N4CCCC4)n(CCNC(=O)OC(C)(C)C)c3n2)n1,20.29713276835415
Cc1nc(NC2CCN(c3ncnc4ncn(C)c34)C2)c2c(-c3ccco3)nsc2n1,20.28319911113806
Cc1csc(N2CCC(Nc3nc(C)cc4nc(-c5cncs5)nn34)CC2)n1,20.278439487110923
c1ncc(CNc2c3ccsc3nc3nc(-c4cnc(N5CCC5)nc4)nn23)s1,20.27045593876414
COc1ccc(-c2nc(C)no2)c2nc(N3CCC(Nc4nccs4)CC3)sc12,20.25801916740955
COc1ccc2nc(Nc3nc(N4CCCC4)nc4nnc(-c5nccs5)n34)sc2c1,20.253403446299902
CCn1cnc2c(NC3CCN(c4nc(-c5cccs5)ns4)CC3)nc(C)nc21,20.22399609142285
Cc1csc(Nc2cnn(-c3nc4c(N5CCN(C)CC5)nccc4c(=N)o3)c2)n1,20.198870292815982
Cc1nc(Nc2ccc(N3CCOCC3)nc2)nc(-n2c(=S)oc3c(C)cccc32)n1,20.19039244974738
Cc1ccc(-c2nnc3c(n2)sc2nnc(SCC4CCSS4)nc23)o1,20.161037000820787
Cc1nc(N2CCCC2)nc2sc(-c3nc4c(N5CCC[C@@H]5C)ncnn4c3N)cc12,20.15330948139577
Cc1nc(CN2CCN(c3nc(-c4occc4C)c4[nH]c(=S)sc4n3)CC2)no1,20.145435827408235
Cc1nc(N2CCC(Nc3nc4ncsc4s3)CC2)n(Cc2nccs2)n1,20.108091415489664
Cc1nc(Nc2nc(N3CCCC3)c(C3CC3)s2)nc(-n2cnc3sccc32)n1,20.09275863439631
C#CCn1cnc2c3c(NCc4nc(-c5cscn5)ns4)nc(C)nc3sc21,20.08319633308587
CCc1nc2nc(-c3cscn3)ccc2n1-c1nc2sc(N3CCCC3)nc2n1N,20.08182456150012
c1coc(-c2nn3c(Sc4nc5ccccc5o4)nnc3n2CCN2CCCCC2)c1,20.065635556460602
CNc1nc2c(N3CCN(Cc4ccco4)CC3)nc(-c3nc(C)ns3)nc2s1,20.052670119262885
CCNc1nc(-c2nc3sc(N4CCCC4)nc3s2)cc(-n2nccn2)n1,20.050672125374586
Cc1nc(N2CCC(C)(n3sc(Nc4ccncc4)nc3=O)CC2)c2ncsc2n1,20.041994460922346
c1ncn(C2CCCN(CCNc3nc4cnnc(-c5cncs5)c4s3)CC2)n1,20.02369461942304
Cc1cnc(CNc2nc(N3CCCCC3)nc3c2ncn3Sc2nccs2)o1,20.022152607878244
CNc1nc(Cn2cnc3c(-c4nccs4)nsc32)nc(-c2cccs2)n1,20.00340202250982
CNc1ncnc2c1ncn2C1CCN(Cc2nc3sc(-c4ccsc4)nc3o2)CC1,20.001951199296396
Cc1nc2c(ncn2C)nc1-c1nc2c(NCc3cccs3)nc3ccsc3n2n1,19.995015750684253
CNc1ccc(-c2csc(N3CCN(Cc4nnc(-c5ncco5)o4)CC3)n2)s1,19.9807078012913
Cc1nc(Nc2nc(N(C)C3CCSCC3)nc3scnc23)c2ncsc2n1,19.95728605052975
COc1ccc2snc(N3CCC(Nc4nc(C)nc5nc(Cl)nn45)CC3)c2c1,19.934727891704508
CCOC(=O)c1ccc2nc(Nc3nc(N4CCCC4)nc4scnc34)sc2c1,19.908906671249632
Cc1noc(-c2nc3c(N4CCN(Cc5cccc(C(=O)O)c5)CC4)ncnc3s2)n1,19.900066651425448
CN1CCN(c2nc(C#N)cc3nc(NCc4nnc(-c5cccs5)o4)sc23)CC1,19.876695459496517
Cc1c(Cl)cn2ncnc(NCc3nnc(Sc4nc5c(s4)COCC5)o3)c12,19.871680999868737
CN(C)c1nc2c(nc(NCc3cc4cccnc4o3)n3nc(-c4ccco4)nc23)s1,19.85591894649858
COC1CN(C(=O)OC(C)(C)C)Cc2sc3nc(NCc4cscn4)ncc3c21,19.842764602953434
Cn1cc(-c2nc3c(N4CCC(NCc5cc6ccccc6o5)O4)ncnc3s2)cn1,19.8389107897183
Cc1nc(N2CCN(c3nc(C)nc4scnc34)CC2)c2sc(NC3CC3)nc2n1,19.824869238735705
O=C(O)c1csc(-c2ccc(N3CCN(Cc4nc5ccccc5o4)CC3)nc2)n1,19.813688584282467
Cn1cc(-c2cnn3c(Nc4ccc5c(c4)oc(=O)n5C)nc(N4CCCC4)nc23)cn1,19.801202206290316
c1csc(Nc2nc(N3CCCC3)nc3c2oc2nc(SCC4CC4)ncc23)n1,19.77969380137339
c1csc(NCCn2nnc3nc(N4CCCCC4)nc(-c4cncs4)c32)n1,19.777405982505567
COc1nc(-n2ccc(N3CCC3)n2)nc2sc(Nc3nc4ccccc4s3)nc12,19.776682967243293
Cc1cnc(CN2CCN(c3ncnc(Nc4nc5ccccc5s4)n3)CCO2)cn1,19.7754505920011
c1ncc(-c2nc(NCc3csc4nc(N5CCCC5)cn34)n3cncc3n2)s1,19.768456243997367
c1cnc(N2CCN(CCc3nc(-c4nccs4)c(-c4nccs4)o3)CC2)nc1,19.752441975783128
Cc1nc(NC2CCCN(c3nnn(C)n3)C2)c2scc(-c3cscn3)c2n1,19.747642353867462
Cc1c(-c2cn3ncnc(N4CCC4)c3n2)sc2ncnc(NCc3nccs3)c12,19.74312693437049
Cc1nc(Nc2ccc(F)cn2)c2cnn(Cc3nc(-c4nccs4)ns3)c2n1,19.741697171851538
Cc1cc2ncnn2c(NC2CCN(c3nc(-c4ccco4)nc4c3ccn4C)CC2)n1,19.737841724113146
Cc1nc2c(Nc3nnc(CN(C)C(C)(C)C)s3)nc(N3CCCC3)nc2s1,19.72530214277066
COc1cccc2nc(NC3CCON(c4ncc(-c5nc(C)no5)s4)C3)sc12,19.720778021342873
Cc1ccnc(N2CCN(c3nc(Nc4nccs4)nc4snc(C)c34)CC2)n1,19.692768749744566
Cn1nc(Sc2cc3ncccc3s2)nc1N1CCC(Nc2nccnn2)CC1,19.686445267199037
Cc1nc(Nc2c(C)cnn2-c2cnc3nc(N4CCCC4)sc3n2)n2cccc2n1,19.68384880473162
Cc1nc2cc(-c3noc(CN4CCN(c5ncsn5)CC4)n3)c(N)cc2s1,19.67413978641036
CN(C)Cc1nc2c(nc(N3CCCCC3)c(=N)n3nc(-c4cncs4)nc23)s1,19.664978405315615
Cc1nc(N)nc(N2C=NC(C)(C)CN2c2nc(N3CCCC3)nc3sccc23)n1,19.663770986229814
Cc1nc(-c2cccs2)oc1CNc1nc2nncc-2c2nc(N3CCCC3)ncn12,19.644405964146493
Cc1nnc(N2CCC(Nc3nccc4c(-c5nc(C)ns5)csc34)CC2)nn1,19.629271447855064
Cc1oc(CN2CCN(c3ncnn4c(-c5nccs5)cnc34)CC2)cc1C(=O)O,19.629172204362714
c1csc(CNc2ncnc3c2ncn3-c2ccc3nc(N4CCCC4)sc3n2)n1,19.612407213776873
N#Cc1cc2c3sc(NCc4nccs4)nc3n(CCN3CCOCC3)c2s1,19.58580025270132
Cc1ccc(-c2cnc3sc4c(c3n2)c2ncnc(N)c2n4CCN2CCOCC2)o1,19.574190490555882
Cc1nsc(-c2sc3ccnn3c2N2CCC(C)(Nc3nccs3)CC2=O)n1,19.566822636267137
Cc1ccc(-c2ncnc(N(C)c3nc4ncnc(N5CCOCC5)c4s3)n2)s1,19.561715700787577
Cc1nc(Nc2nc3ccccc3s2)n2nc(-c3cnn(C4CCN(C)C4)c3)nc2n1,19.557347523374023
Cc1nc(Nc2nc(N3CCCC3)nn2C2CCSC2)cc(-c2cscn2)n1,19.535221546134686
Fc1ccc(-c2noc(CNc3nc(N4CCCC4)nc4c3ncn4C3CC3)n2)cc1,19.534518695400802
Cc1noc(-c2cc3sc(N4CCOCC4)nc3nc2NCc2nccs2)n1,19.524659586594822
CCn1nnc2c(CN3CCC(Nc4nc5ccsc5s4)OC3=O)cccc21,19.522988946527015
Cc1cc(Nc2ccc(F)cc2)nc(SCC(=O)n2nc3sccn3c2=O)n1,19.515893773759345
COc1cc(OC)c2nc(Nc3nc(-c4nccs4)nc4c3OCOC4)sc2c1,19.51569824805801
CSc1nnn(-c2ccc3c(n2)sc(NCc2cc4ccccc4s2)[n+]3[O-])n1,19.509390245512286
COc1nnc(N2CCOCC2)c2oc(-c3cn4c(n3)sc3cc(C)sc34)nc12,19.504944893512185
O=c1sc(-c2ncnn2CCCNc2nc3ccccc3s2)cnc1N1CCCC1,19.503207943829455
NC1CN(c2nc(-c3nccs3)nc3sc(SCc4ccc(F)cc4)nc23)C1,19.500992433358398
COc1nccnc1-c1ccnc(N2CCC(Nc3nc4ncsc4s3)CC2)n1,19.49784250321742
CSc1nc(NC2=NCN(c3cccnn3)CC2)c2c(-c3ccco3)nsc2n1,19.491617465546472
Cc1oc(-c2nc3scnc3s2)c2ncnc(N3CCN(CCC(=O)O)CC3)c12,19.49092487404836
Cc1nc(C#N)c(-c2nc(N3CCC(Nc4nc5ccccc5s4)CC3)ns2)o1,19.478843003243416
CSc1nn2c(Nc3nc(N4CCN(C)CC4)nc4ccccc34)c(C#N)nc2s1,19.4585961845357
Cc1ccn2ncc(CNc3nc(N4CCCC4)nc4cc(-c5nccs5)nn34)c2n1,19.454664807557393
Cn1cc(Nc2nc3ccccc3s2)nc1SCC(=O)n1nnc2cccnc21,19.454259529320392
CC(C)Nc1ncnc2oc(CN3CCON(c4nc5ccccc5s4)CC3)nc12,19.45370404792754
O=c1c(NCc2nccs2)nc(N2CCOCC2)nc2oc(-c3cccs3)nc12,19.44922608416367
Cc1nsc(-c2nc(NCc3ccc4nccn4c3)nc(N3CCSCC3)n2)n1,19.366479284866028
CSc1nc(NCc2nnc3nc(N4CCCCC4)sc3n2)nc2ccccc12,19.344870069510577
Cn1cncc1CNc1ncc(-c2nc3sc(N4CCCC4)nc3o2)c2ccnn12,19.341034463546382
O=c1nc(Nc2ccc3ncsc3c2)on1CC1CCN(c2ncc(F)cn2)CC1,19.324815144838094
COc1ccc2cc(-c3nsc(Nc4ncnc(N5CCSCC5)n4)n3)oc2c1,19.30549521753773
CCn1c(=O)n(C2CCN(c3ncnc(C)n3)CC2)c2nccc(-c3nccs3)c21,19.301522597954285
CCn1ncc2sc(NC3CCCN(c4nc5nnc(C6CC6)nc5s4)C3)nc21,19.30002534478832
O=c1c2sc(NCc3nnc(-c4cccs4)o3)nc2cnn1CC1CCCS1,19.297994650850864
c1coc(-c2noc(CN3CCN(c4nccc(Nc5ccsc5)n4)CC3)n2)c1,19.280634174363367
Cc1cnc(-c2csc(N3CCN(Cc4cnc(-c5ccsc5)nn4)CC3)n2)o1,19.272899003018896
Cc1nc(NC2CCN(c3nsc(-c4nscc4C)n3)CC2)c2scnc2n1,19.264626925785734
c1cnc2c(c1)ncn2CC1CCN(c2ncnc(Nc3ccnc(N4CCCC4)c3)n2)C1,19.247090670002212
O=c1sc(-c2ccc(NCCn3cncn3)nc2)nc2sc(N3CCCCC3)nc12,19.24641271241831
COc1nc(NC2CCN(c3nccc(C)n3)C2)nc2nc(-c3cscn3)sc12,19.222716903991643
CCC1CCN(c2ncnc(-c3nc4c(s3)N=C(N3CCCCC3)N=C(C)N4)n2)CC1,19.219834525372725
Cc1cc(CN2CCCN(c3ncnc(Nc4nc5occc5s4)n3)CC2)sn1,19.21485943742442
Cc1nn(C)cc1Nc1nc(N2CCCC2)nc2sc3nc(-c4ccco4)nn3c12,19.20952446956084
Nc1nc2c(ncn2CCCn2c(=S)oc3c(N4CCCC4)nccc32)s1,19.20901458491449
N#Cc1nc2c(nc(N3CCCC3)n2CCCNc2nc3ccccc3s2)s1,19.20757989361761
COc1cnc(NC2CCN(c3nc4ccc(-c5cscn5)nc4s3)CC2)nn1,19.16564588249298
Cc1nc(NC2CCN(c3ncc(-c4cnccn4)s3)CC2)c2ncsc2n1,19.159871587257207
Cc1cc2oc(=S)n(CCN3CCN(c4ncnc(-c5ncco5)n4)CC3)c2s1,19.14116066917757
Nc1nc(Sc2nc3cnc(N4CCOCC4)nc3n2CC2CCCCC2)ns1,19.119304863460158
Cn1nnc2nc(NCc3nnc(-c4ccccc4)o3)c3sc(N4CCCC4)nc3c21,19.108283665442837
c1csc(CNc2ncc(-c3nc(N4CC4)c4nc(N5CCCC5)sc4n3)o2)c1,19.092536984953618
c1ccc2oc(CNc3nc4c(-n5ccnc5)nc(N5CCOCC5)nc4s3)nc2c1,19.086510838037846
CCN1CCN(c2ncc(-c3ccnc(Nc4ccc5nnsc5c4)n3)s2)CC1,19.030897852981667
c1nc(NCCn2cc(-c3csc4nnc(N5CCCC5)nc34)nn2)cs1,19.008057181496916
c1csc(NC2CCN(c3nc(COc4ccc5ncoc5c4)ns3)CCO2)n1,18.998563696415065
Cc1nsc(N2CCN(c3ncnc(Nc4ccc(-c5cnco5)cc4)n3)CC2)n1,18.97776018169546
Cc1cc(N)nc(-n2ncc3c(N4CCN(Cc5nc6ccccc6o5)CC4)ncnc32)n1,18.97244634230286
Cc1nsc(N2CCC(NCc3nc4ncnc(-c5cncs5)c4s3)CC2)n1,18.96804832225369
Cc1nn(CCC#N)c2ncnc(Nc3nc(N4CCSCC4)nc4ccsc34)c12,18.953269888595074
CSc1nc(-c2cccnc2)nc(N2CCC(Nc3nnc4sccc4n3)CC2)n1,18.92093751807941
CN(C)c1nc(F)nc2sc(NCc3nnc(-c4nc5ccccc5s4)o3)nc12,18.9202861263167
CNc1nc(N2Cc3nc(N4CCCC4)sc3C2c2nnc(C)o2)c2sccc2n1,18.909216772092986
CSc1nnn2c(NC3CCN(c4nc(-c5ccccc5)cs4)CC3)ncnc12,18.897644368524514
CN(Cc1cc2cccc(-n3nccn3)c2o1)c1nc2sc(N3CCCC3)nc2s1,18.880913257573226
CN1CCC(n2c(=O)nc(-c3cscn3)c3sc(N(C)c4ccccn4)nc32)CC1,18.872142510326846
Cc1nnc(CN2CCC(n3c(=N)n(Sc4nccs4)c4ccccc43)CC2)o1,18.850169383534027
c1coc(-c2nc(NCCn3c(N4CCCC4)nc4sncc43)c3ncsc3n2)c1,18.84307590004384
O=CCn1c(N/N=c2\onc(Sc3ccc4c(c3)OCO4)s2)nc2ccccc21,18.829635377710733
CSc1nnc(CN2CCN(c3scnc3-c3nc4sccc4[nH]3)CC2)o1,18.825283779069302
Cc1noc(-c2sc3ncnc(N4CCN(Cc5cscn5)CC4)c3c2C=N)n1,18.799774085684273
Cc1nc(=O)c2c3ncc(N4CCCCC4)nc3n(CCNc3nccs3)c2s1,18.791768865193493
Cc1nc2nc(N3CCCC3)sc2nc1-c1ncn(CCNc2nccs2)n1,18.784658165700602
Cc1cc2c(c(-c3nc4ccccc4s3)n1)n1nc(N)nc1n2CCN1CCOCC1,18.781173030723473
CNc1nc(N2CCN(c3nc(C)cs3)CC2)nc2scc(-c3nc(C)no3)c12,18.770312676474635
Cc1nnc(CNc2nc(N3CCCCC3)nc3sc(-c4ccco4)nc23)s1,18.756843692783143
c1ccc2sc(NCCn3ncc4nnc(-c5cnc(N6CCCC6)s5)nc43)nc2c1,18.734072158087262
CN1CCN(c2nc(Nc3nc4ccsc4s3)nc(Oc3cccnc3)n2)CC1,18.69576611710807
Cc1noc(-c2nc3c(nc(N4CCCC4)n3CCC3CCSSC3=N)s2)n1,18.683420000003814
c1cc(CNc2ncc(-c3nc4sc(N5CCCC5)nc4n3C3CC3)cn2)ccn1,18.64771066807116
Nc1nc2n(C3CCN(c4nnc(SCc5ccc(F)cc5)s4)CC3)ccn2n1,18.64726060800266
Nc1ncnc2oc(CN3CCN(c4ncc(-c5nc6ccccc6o5)s4)CC3)cc12,18.643713925710166
Cc1cccc(-n2nc(CSc3nc4[nH]c(N5CCCC5)nc4s3)oc2=S)n1,18.642798900276222
COc1scnc1-c1cc(C)nc(Nc2nc(N3CCOCC3)nc3sccc23)n1,18.639104916708813
c1coc(-c2ccnc(NCSc3nc4ncnc(N5CCOCC5)c4s3)n2)c1,18.615242813102206
COc1ccnc2sc(Nc3nc(-c4cnc(N5CCCC5)nn4)cs3)nc12,18.612172957042382
CN(C)c1ncc(-c2cc3nc(N4CCCC4)nc(Nc4ccncn4)c3s2)cn1,18.600001260227444
Cc1cnc(N2CCC(Nc3nc(C)c4sc(-c5cnco5)nc4n3)CC2)s1,18.599666066170137
Cc1nc(-c2cccs2)nc(N(C)c2nc3ncnc(N4CCSCC4)c3o2)n1,18.596647536650543
Cc1cc2sc3c(c2c(N2CCN(Cc4nc(-c5nc(C)no5)no4)CC2)n1)CCN3,18.587603909849346
CN(C)c1nccc(NC2CCCN(c3nnc4sc5ccncc5c4n3)C2)n1,18.58447897876201
Sc1ncnc2c(NCc3nnc(-c4cccs4)s3)nc(N3CCCC3)nc12,18.579554324472443
Cc1nsc(-c2cn3c(N4CCN(Cc5cc6ccccc6o5)CC4)nc(N)nc3n2)n1,18.57471115750018
CSc1nccc(CNc2nc(-n3cccn3)nc3sc(N4CCCCC4)nc23)n1,18.568880637389597
Nc1nnc(Sc2nc3sc(N4CCCC4)nc3n2CCN2CCCCC2)s1,18.566725209954242
Nc1nc(-c2cccnc2OCCN2CCCCC2)nc2sc(N3CCCC3)nc12,18.563875469050267
CSc1nc(Nc2ccc(Cn3ncnn3)nc2)c2sc(N3CCCC3)nc2n1,18.56298012574467
c1nc2c(NCc3cc4nc(N5CCCC5)cnc4o3)nc(N3CCCC3)nc2s1,18.545361123571507
CNc1ncc(-c2nc(N3CCN(Cc4cc(C)no4)CC3)nc3scnc23)s1,18.53707866330726
Cc1nsc(-c2nc3c(Nc4ccncc4)ncnc3n2CC2SCCS2)n1,18.526425020394054
c1ccc2c(c1)nnn2-c1nsc(NCCn2c(N3CCCC3)nc3ccccc32)n1,18.515446450236308
CN(C)c1nc(NC2CCN(c3ccn4ncc(C#N)c4n3)CC2)c2ccsc2n1,18.511079257600336
Cc1nc2ccc(Nc3nc(-c4nncn4C)nc(N4CCSCC4)n3)cc2s1,18.50613112533086
Cc1cc(-c2nc3c(s2)sc2ncnc(N4CCN(CCC(=O)O)CC4)c23)on1,18.505651585145614
Cc1nsc(-c2nc3[nH]c(=S)nc(N4CCN(Cc5ncc(C)o5)CC4)c3s2)n1,18.473161526494955
Cc1cnc(Nc2nc(N3CCCCC3)nc3nc(Sc4cnccn4)nn23)s1,18.453918150810008
c1ccc2sc(N3CCN(Cc4nc5c(Nc6ncco6)ncnc5o4)CC3)nc2c1,18.452763821367924
Cc1nc(Nc2ccc(-n3cnc(C)n3)cc2)nc(-c2cnc(N3CCCC3)s2)n1,18.449873676716162
Cc1cc2ccc(Sc3nnc(N4CCN(Cc5cscn5)CC4)o3)nc2o1,18.43644978987172
CN(c1ccc2nsnc2n1)c1ncnc(NC2CCN(c3ccc(F)cn3)CC2)n1,18.422330015289646
Cc1ccc(CNc2nc3nc(-c4cnco4)sc3nc2N2CCOCC2)s1,18.40650352698695
Cc1nc(N2CCN(Cc3nnc(-c4ccco4)o3)CC2)c2sc(=S)n(C)c2n1,18.40440544109488
c1nc(Nc2ccc(Cn3nnc(C4CC4)n3)cc2)c2sc(N3CCCC3)nc2n1,18.38572629617824
Cc1nc(CN2CCN(c3ncnc4sc(-c5ccc(O)c(F)c5)nc34)CC2)no1,18.383033468605383
O=c1sc2nc(N3CCCC3)nc(-c3nccs3)c2n1CCNc1nccs1,18.373497686921883
CSc1nc(Nc2ccc(-c3cnn(C)c3)cn2)c2sc(N3CCCC3)nc2n1,18.372317000044422
COc1nc(-c2nccs2)nc(N2CCC(NCc3nc4ccccc4s3)C2)n1,18.371177797517284
c1nc(NCc2ccc(-c3csc(N4CCOCC4)n3)o2)nc(-c2nccs2)n1,18.365505452574343
CN(C)c1nc(NC2=NCN(c3nccs3)CC2)c2c(-c3ccco3)nsc2n1,18.337432692359005
CSc1nc(N2CCOCC2)c2c(n1)sc1nc(-c3cc(C)c(C(=O)O)s3)cn12,18.321761969428028
Cc1ccc2nc(Nc3nc(C)nc4c3cnn4CC3CCSS3)sc2n1,18.314559099525493
Cc1nnc(CSc2nc3scc(N4CCOCC4)c3n2-c2nccs2)o1,18.30827867048281
CSc1csc(Nc2nc(-c3cnc(N4CCCC4)nc3)nc3c2ncn3C)n1,18.301989146440096
CCc1nnc(Nc2nc(N3CCSCC3)nc3sc(-c4cccnc4)nc23)s1,18.283310652908924
COc1nc2cnc(Nc3nc(N4CCSCC4)nc4sc(C)cc34)cn2n1,18.28209541115724
Cc1nccc(NC2CCN(c3nc4c(ncn4Cc4nccs4)s3)CC2)n1,18.254315756986504
CNc1nc(-c2cncs2)nc(N2CCC(Nc3nc4ncccc4s3)CC2)n1,18.23192311799916
c1nc2nc(-c3cnc(CNc4nnc(N5CCC5)s4)o3)sc2nc1N1CCCC1,18.23141877113708
Cc1ncsc1-c1nc(Nc2ccco2)nc(N2CCN(Cc3nccs3)CC2)n1,18.20522671654674
CSc1nc2nc(N3CCC(Oc4ccccc4)C3)nc(Nc3nccs3)n2n1,18.203375718157172
c1ccc2sc(CSc3ncnc(NC4CCN(c5ccnnn5)CC4)n3)nc2c1,18.189372334065716
Cc1nc(Nc2nc(N3CCCC3)c(N3CCOCC3)s2)cc(-c2cn(C)cn2)n1,18.187398371767035
Cc1nsc(-c2csc3nc(NCc4cncs4)c(N4CCCC4)nc23)n1,18.144033062234364
CN(C)c1nc(NC2CCN(c3nc4cc(Cl)nn4o3)CC2)c2ccsc2n1,18.113739989360145
CN(C)c1ccc(Nc2nnc(-c3cc4sc(N5CCCC5)nc4s3)nn2)cn1,18.112765999433684
Cc1noc(-c2cc3ncnc(N4CCN(Cc5nc6ccccc6o5)CC4)c3s2)n1,18.08738690217637
Cc1noc(-c2nc3c(N4CCN(Cc5cc6ccccc6o5)CC4)ncnc3s2)n1,18.085177570389213
Cc1nnc(CNc2nc(-n3cnc4ccccc43)nc(N3CCOCC3)c2Cl)o1,18.07023688502528
Cn1c(CNc2nc(N3CCCCC3)nc3ncsc23)nnc1-c1cccs1,18.057344851336286
c1ccc2oc(Nc3nc4c(-c5cnn(CCN6CCOCC6)c5)noc4s3)nc2c1,18.044305226160926
Cc1coc(N2CCN(Cc3nc4c(N)nc(-c5cncs5)nc4s3)SC2)c1,18.016615615131784
CSc1nsc2nc(C)nc(Nc3nc4c(N5CCOCC5)nccc4s3)c12,18.010376792236045
C#CCn1c(-c2cnc(CNc3nccs3)o2)nc2sc(N3CCCC3)nc21,18.007455401787517
CSc1nc2c(Nc3ccc4ncsc4c3)nc(N3CCCC3)nc2c(=O)n1C,18.007420549019773
Cn1cnc2nc(-c3cccs3)nc(NCc3nn4nc(N5CCCC5)nc4s3)c21,18.00649445386344
CSc1cc(Nc2nc(N3CCOCC3)c3sc(-c4ccco4)nc3n2)ncn1,17.99082822127482
O=C(CSc1nc(O)c2nc(N3CCCC3)sc2n1)OCn1cnc2ccccc21,17.966580721747015
Cn1cnc(-c2cc3c(NCc4nc5ccccc5o4)nc(N4CCOC4)nc3s2)c1,17.961267333582295
c1cc2c(Nc3nnn(CCC4CCCC4)n3)nc(N3CCSCC3)nc2s1,17.959342575154736
c1coc(CNc2nc(-n3ncc4ccccc43)nc3sc(-n4cncn4)nc23)c1,17.951965006722368
CN(c1ccccn1)c1nc(N2CCN(C(=O)OC(C)(C)C)CC2)nc2sc(O)nc12,17.951451394518184
C1=Nn2nccc2N=C(CSc2nc(-c3cscn3)nn2Cc2ccccc2)N1,17.924073490376855
Cc1nnc(CNc2nc(-n3cnc4ccccc43)nc(N3CCSCC3)c2F)o1,17.9194885458982
c1coc(-c2nc3n(Cc4ccc(NC5CCC5)s4)nc(N4CCOCC4)n3n2)c1,17.895926616794757
Cc1nnc(CN2CCCCN(c3nccn4c(-c5nccs5)nc(C)c34)CC2)o1,17.873358518728924
Cc1cc2onc(-c3ncco3)c2c(NC2CCN(c3ncc4c(ccn4C)n3)CC2)n1,17.864516822691783
Cc1nsc(-c2nc3c(N4CCN(Cc5ccc(C)o5)CCC4N)ncnc3s2)n1,17.861292162808986
COC(=O)c1ccc(Nc2nc(N3CCCCC3)nc3c(-c4nncs4)cnn23)cc1,17.849558639493974
CSc1nccc(N2CCC(Nc3nc(C)nc4onc(-c5nccs5)c34)CC2)n1,17.847416505416344
CN(c1nc(NC2CCN(c3ccon3)CC2)c2ncsc2n1)C1CCOCC1,17.828993056024316
Cc1nc(Nc2ncnn3c(SC4CC4)nc(N4CCOCC4)c23)c2sccc2n1,17.818717934848234
c1coc(-c2nc3nc(N4CCOCC4)nc(Nc4nccs4)c3s2)c1,17.816361532136142
CCn1nc(N2CCCCC2)nc1Nc1nc2ccc(-c3nccs3)nc2s1,17.808856168712307
c1cncc(CNc2ncc(-c3nc4sc(N5CCCC5)nc4n3C3CC3)cn2)c1,17.780925216178424
S=c1oc2cc(Nc3nc(-c4ncco4)ns3)ccc2n1CCN1CCOCC1,17.776804250811423
CCOC(=O)c1nn(C2CCCCC2)/c(=N\Nc2nc(=S)nc3sccn23)s1,17.772916907828012
CN(c1ccccn1)c1nc(N2CCN(c3nccs3)CC2)nc2sc(C(=O)O)cc12,17.771685801579203
N#Cc1nc2c(nc1N1CCCC1)nc(-c1nccs1)n2CCNc1nccs1,17.771664212371356
CN(c1ccc2scnc2n1)c1nc(N2CCC(n3ncnc3N)CC2)cs1,17.764261622018736
CN(C)c1nc(N2CCC(Nc3nc4ccccc4s3)CC2)nc(-n2nccn2)n1,17.740156184698815
Cc1csc(N2CCN(Cc3nnc(-c4nc(-c5cscn5)no4)o3)CC2)c1,17.738801731911863
CSc1nc2c(-c3cnn(C)c3)nsc2nc1NC1CCN(c2ncccn2)CC1,17.720116306225464
c1nc(NCC2CC2)c2cc(-c3nnc4nc(N5CCCCC5)sc4n3)oc2n1,17.712515833221964
Cc1nc(NC2CCN(Cc3nc4ccccc4o3)CC2)nc2sc(-n3cncn3)nc12,17.707698255713265
CNc1nc(-c2ccco2)nc2c1cc1c(N3CCN(Cc4ccco4)CC3)ncnn12,17.697902093425885
Cc1csc(N2CCN(Cc3oc(-c4nc(C)no4)nc3SC(N)=S)CC2)c1,17.695974699839024
Cc1nc(Nc2nnc(-c3nc4ccccc4o3)s2)cc(N2CCN(C)CC2)n1,17.693131419085894
CN(c1nc(N2CCC(Nc3ncccn3)CC2)c2sccc2n1)c1nccs1,17.689349285793593
CSc1cnc(N2CCC(Nc3nc(N4CCCC4)nc4snc(C)c34)CC2)nn1,17.66897393889086
Cc1cc(N2CCN(Cc3nnc(-c4nc(-c5cscn5)no4)o3)CC2)ccc1F,17.628991595048642
Cc1noc(-c2csc3ncnc(N4CCN(Cc5nc6ccccc6o5)CC4)c23)n1,17.624926581174808
Cc1ncc(-c2csc3nc(N4CCSCC4)nc(Nc4nncn4C)c23)o1,17.595652232412956
Cc1sc(=O)oc1CN1CCC(Nc2nc(N3CCOCC3)nc3ncsc23)CC1,17.583700746409164
c1nnc(NCc2ncc(-c3nc4c(N5CC5)cc(N5CCCCC5)nc4s3)o2)s1,17.583559889085507
Cc1nc(C)n(-c2nc(Nc3cncs3)c3nc(N4CCCCC4)sc3n2)n1,17.56610487494949
CSc1nc2nc(N3CCCC3)nc(NC3CCCN(c4nccnn4)C3)c2s1,17.520256161210977
Cc1nc(-c2oc3scnc3c2C)nc(N2CCN(Cc3cscn3)CC2)n1,17.517616317481426
Cc1ccc(-c2nc3nc(N)nc(N4CCN(Cc5nsc(C)n5)CC4)c3s2)o1,17.514968681467796
COc1nc(-c2cscn2)nc2sc(NC3CCCN(c4nncs4)C3)nc12,17.48232424837871
Cc1nc(-c2ncnn2C)nc(N2CCC(Nc3nc4ccsc4s3)CC2)n1,17.47339520059497
Cc1nc(NC2CCCN(c3ncnn3C)C2)c2nc(-c3cncs3)sc2n1,17.425929946203514
COc1cc(-c2nncs2)nc2nc(NC3CCN(c4nccs4)CC3)sc12,17.42017140279775
Cc1nnc(-c2cscn2)nc1NCc1nc2sc(N3CCCC3)nc2s1,17.398199078293857
CN(C)c1ccc(Nc2nc(N3CCCC3)nc3sc(-c4ncns4)nc23)cn1,17.39613213766656
Cc1nn(-c2nc3sc(N4CCCC4)nc3s2)c2nc(-c3cnn(C)c3)cc(N)c12,17.38985312485214
Cc1noc(-c2nnc(CN3CCCN(c4csc(NC5CCC5)n4)CC3)o2)n1,17.38624725877502
CSc1cnc(Nc2nc(N3CCN(Cc4ccco4)CC3)nc3sccc23)o1,17.375275389743127
COc1ncc(-c2nnc3cc(N4CCCCC4)nc(Nc4nccs4)n23)s1,17.372328868156142
CN(C)c1ncc(-c2nc3ncnc(Nc4nc(N5CCCC5)cs4)c3s2)cn1,17.35872864894981
COC(=O)Nc1nc(N2CCN(c3ccccn3)CC2)nc2sc(-c3ccco3)nc12,17.342179452327922
Cc1nc(Nc2cccs2)nc(N2CCN(Cc3nnc(-c4ccc(F)cc4)o3)CC2)n1,17.339893140546565
Cc1cccc(OC2CCN(c3nc(Nc4nncs4)nc(N4CCCC4)n3)CC2)n1,17.335219946397626
c1csc(Nc2ncnc3c2cnn3CCC2CCCN(c3nncs3)C2)n1,17.33440241163791
Cc1nc2nc(NC3CCN(c4nnc(-c5nccs5)s4)CC3)cnc2s1,17.281522064061967
Cc1noc(-c2nsc(CN3CCN(c4nc5sc(C)cc5s4)CC3)n2)n1,17.278738020758873
CSc1nc2nc(N3CCC(Nc4ncccn4)CC3)nc(-c3cncs3)c2s1,17.269747024807895
CC(C)n1cnc2cnc(Nc3nc(N4CCSCC4)nc4sccc34)nc21,17.25008425444476
COc1nc2nc(C)nc(NC3CCN(c4nc(-c5ccccn5)ns4)CC3)c2s1,17.23623372455874
CN(C)c1nc(NC2CCN(c3cnc4scnc4n3)CC2)c2ccccc2n1,17.216011341371097
Cc1nc(CN2CCN(c3nc(Nc4ccc(C#N)cc4)n4ncnc4n3)CC2)cs1,17.21500919786855
Cc1cccc2nc(-c3cn4ncnc(N5CCC(Nc6nccs6)C5)c4n3)oc12,17.20015896865263
Cc1csc(N2CCN(Cc3nnc(-c4nc(-c5cccs5)no4)o3)CC2)c1,17.174093418280123
CC(=O)N1CCC(Nc2nc(-c3cnc(C)o3)nc3sc(N4CCCC4)nc23)CC1,17.17289728917687
[C-]#[N+]c1nc(N2CCCC2)nc2sc(-c3ncn(CCNc4nccs4)n3)nc12,17.17191651230803
Cc1nc(NCc2nc(-c3cncs3)no2)c2sc(N3CCCCC3)nc2n1,17.16187743849539
c1csc(-c2nc(Nc3cncs3)nc3c2cnn3CCN2CCCCC2)n1,17.132521153538857
CSc1nc(-c2csc(C)n2)cn2nc(NC3CCN(c4ncccn4)CC3)nc12,17.132380218266302
CN(c1ccccn1)c1nc(Nc2nccs2)nc(N2CCN(c3ccccn3)CC2)n1,17.128204657263773
CN(C)c1ncnc(NC2CCN(c3nc4c(C#N)cc(Cl)nc4s3)CC2)n1,17.127960408297415
c1nc(NCc2ncc(-c3cc4sc(N5CCCC5)nc4s3)o2)nc(N2CCC2)n1,17.125940299060993
Cc1cnc(Nc2nc3cccnc3s2)nc1N1CCN(Cc2cnco2)CC1,17.124278984601638
Cc1ncsc1CNc1nc(-c2cncs2)nc2sc(N3CCCC3)nc12,17.124203554998868
Cc1nn(-c2nc3sc(N4CCCCC4)nc3c(=O)n2C)c2nc(NC3CC3)ncc12,17.104999654256236
O=c1c2c(cnn2CCCNc2nccs2)sc2nc(N3CCCCC3)nn12,17.0954464962712
CCn1c(=O)n(C)c2nc(NC3CCN(c4nccs4)CC3)c3sc(C#N)nc3c21,17.07274239763211
Cc1nsc(-c2cc3c(N4CCOC(Nc5nccs5)CC4)ncnc3n2C)n1,17.07116720109848
CN(C)c1nccnc1Nc1ncc(-c2nc3sc(N4CCCC4)nc3s2)cn1,17.06658641506863
CN(C)c1ccc(-c2nsc3ncnc(Nc4nc5ncccc5s4)c23)cn1,17.060604734605878
c1cc(-c2nsc(Nc3nc(N4CCCC4)cs3)n2)ccc1Cn1cnnn1,17.05523191267659
NNc1cc(N2CCCC2)nc(CSc2nnc(-c3ccc4c(c3)OCO4)s2)n1,17.048131574745014
COc1ccc(-c2nsc(N3CCC(Nc4nc5ccccc5s4)CC3)n2)cn1,17.04104178984019
CN(C)c1nc(Nc2nccs2)nc(-c2ccc3nc(N4CCCC4)sc3n2)n1,17.02649350877244
CN(C)c1nc(N=C2CS2)nc(N2CCC(Nc3nc4ncccc4s3)CC2)n1,16.9968000829619
CN(C)C1CCN(c2nc(Nc3cnccn3)c3nc(-c4cscn4)sc3n2)CC1,16.996652473124886
Cc1nc(N2CCC(Nc3nc(N(C)C)nc4scnc34)CC2)sc1-c1cnco1,16.99027589425143
CSc1c(-c2ncnc(N3CCC(Nc4nc5ccccc5s4)CC3)n2)ncn1C,16.987972224779234
CN(c1nccs1)C1CCN(c2nc(Nc3cncnc3)c3scnc3n2)CC1,16.971343309557
Cc1nc(Nc2cc3scnc3cn2)nc(N2CCN(Cc3ccco3)CC2)n1,16.95446460500763
CSc1noc2c1c(N1CCOCC1)nc1sc(CNc3nccs3)nc12,16.940835180189016
CC1(C)OCCN(c2nc(Nc3ccc4ncsc4c3)nc(-c3nccs3)n2)O1,16.91272993118149
c1ccc(CN2CCN(c3nc(Nc4ccc(-n5ncnn5)cc4)ns3)CC2)cc1,16.909659097887523
COc1ncnn2c(NC3CCN(c4nccs4)CC3)c(-c3nc(C)cs3)nc12,16.906797277347692
Cc1nc(CNc2nc(N3CCCCC3)nc3nc(-c4nccs4)nn23)cs1,16.874644071838116
Cc1noc(-c2ncc(CN3CCN(c4nc(=S)[nH]c5oc(C)cc45)CC3)s2)n1,16.87296448007528
CN(C)c1nc(-c2ccco2)nc(N2CCCC(Nc3nc4ncsc4s3)C2)n1,16.866817334095032
Cc1c(-c2nccs2)oc2ncnc(N3CCN(Cc4nc(C(=O)O)cs4)CC3)c12,16.864427376253417
Cc1nccc2sc(Nc3ncnc(N4CCN(Cc5nccs5)CC4)n3)nc12,16.859342397798354
Cc1nsc(-c2nnc(Sc3nc4ccccc4n3C3CCN(C)CC3)n2N)n1,16.858146940098457
Nc1ncnc2c1ncn2C1CCN(Cc2cc3nc(N4CCCC4)sc3o2)CC1,16.847374405033932
CCn1c(Sc2nc3[nH]c(N4CCCCC4)nc3s2)nnc1-c1nccs1,16.830241179131953
Cc1nc(-c2nnc(C)o2)nc(N2CCN(c3nc4sc(C)cc4s3)CC2)n1,16.8193436641416
c1coc(-c2nc(NCCn3nnc4sc(N5CCCC5)nc43)c3sccc3n2)c1,16.808447494871462
COc1nc(N2CCC(Nc3nccs3)CC2)n2cc(-c3nccs3)nc2n1,16.76495740653826
CCNc1nc(C)nc2oc(-c3nc4sc(N5CCCCC5)nc4s3)nc12,16.75453675013332
Cc1cc2ocnc2c(NC2CCN(c3nc(N4CCCC4)nc4ncn(C)c34)CC2)n1,16.75240818849365
Cc1nnc(CN2CCN(c3nc(-c4nc(N)cs4)nc4ccsc34)CC2)o1,16.746571161576437
Cc1nc(NC2CCN(c3nnc4sccn34)CC2)c2nc(-c3ccco3)n(C)c2n1,16.744891021693487
Cc1nc(NCc2cncs2)nc(-c2nc3sc(N4CCCCC4)nc3s2)n1,16.72825568908089
COc1nc2ncnc(Nc3nc(N4CCN(C)CC4)nc4sccc34)c2s1,16.72204357822309
c1nc(Nc2noc3nc(N4CCCC4)sc23)c2cnn(CCN3CCCC3)c2n1,16.71247201655472
Cc1nc(N2CCN(Cc3nnc(-c4ccccn4)o3)CC2)nc2sc(S)nc12,16.70903948447782
Cc1noc(-c2cc(CN3CCN(c4nsc5nc(C)sc45)CC3)on2)n1,16.702922306088375
COc1ccc(Nc2ncnn2-c2nc3sc(N4CCCCC4)nc3c(=O)s2)cc1,16.697203552811057
CONc1nc(N(C)C2CCN(C(C)(C)C)CC2)nc2sc(-c3nncs3)nc12,16.69182474605061
Cc1cc2nc(-c3ccco3)nn2c(NCc2nc3sc(N4CCCC4)nc3s2)n1,16.678956982047787
c1ccc(Nc2noc(-c3csc(N4CCN(Cc5nccs5)CC4)n3)n2)nc1,16.66238253510756
CN(C)c1nccc(NC2CCN(c3nc4c(s3)c(=O)oc3sccc34)CC2)n1,16.657325043370438
Cc1nc(Nc2nc(-c3cncs3)cs2)nc(N2CCN(c3ccccn3)CC2)n1,16.652955744106432
CNc1nc(N2CCN(Cc3nc(-c4nccs4)no3)CC2)c2cc(C)oc2n1,16.65260054378731
Cc1cc(-c2ncsn2)nc(N2CCC(Nc3ccnc(N4CCCC4)n3)CC2)n1,16.617780828560516
Cc1csc(N2CCN(Cc3nnc(-c4nc(-c5ccsc5)no4)o3)CC2)c1,16.6146492799187
c1ncn(CCNc2ccc(-c3nc4sc(N5CCCCC5)nc4s3)nn2)n1,16.60211677659356
CNc1ncc(-c2nc3sc4nc(N5CCCCC5)c(SC)nc4n3n2)cn1,16.59872749758423
Cc1nc(-c2nnc(CN3CCN(c4nc(=N)sc5nc(C)sc45)CC3)o2)cs1,16.57156053587167
Cc1cnc(CN2CCN(c3nc(Nc4ccccn4)nc(-c4cscn4)n3)CC2)o1,16.569298938301635
Nc1nc(N2CCCN(Cc3nnc(-c4csnn4)o3)CC2)c(-c2ccccc2)s1,16.565439391991795
COc1ccc(Nc2ncnc(N3CCCCN3c3nc4ccccc4s3)n2)cn1,16.565075505423046
Cc1nn(-c2nc3sc(N4CCCC4)nc3o2)c2nc(NCc3nccs3)ncc12,16.554649142881544
Cn1c(Sc2nccs2)nc2oc(NC3=NCN(c4ccc(F)cn4)CC3)nc21,16.514302590546208
CNc1nnc(-c2nc3sc4nc(N5CCCCC5)nc(N(C)C)c4c3s2)o1,16.511685267514533
CN(C)c1ccc(Nc2scnc2-c2nnc3nc(N4CCCC4)sc3n2)cn1,16.494356698109076
Cc1nc(-c2ccon2)oc1CN1CCN(c2nc(C)c3[nH]c(=S)sc3n2)CC1,16.494205429933317
Cc1cc2ncnc(N3CCN(c4nccc(Nc5nnc(C)s5)n4)CC3)c2s1,16.493381674790026
Cc1cc2c(NCc3noc(-c4nccs4)n3)nc(N3CCOCC3)nc2s1,16.49133799456205
Cc1nsc(-c2nc3sccn3c2N2CCN(Cc3ccc(C(=O)O)o3)CC2)n1,16.490099827604606
Cc1cccc(-c2nnc(CN3CCN(c4nsc(Nc5ccccn5)n4)CC3)o2)n1,16.482282200911182
Cn1cnc2c(NCc3cn4nc(N5CCCC5)nc4s3)nc(-c3ccco3)nc21,16.482239812380733
Cc1ncc2nc(Nc3nc(N4CCN(Cc5ccccc5)CC4)ns3)sc2n1,16.461964300354907
Cc1cnc(S)c(Nc2nc(N3CCOCC3)nc3sc(-c4ccco4)nc23)n1,16.440354886395397
CN1CCCN(c2ncnc(NCc3cnc(-c4nc5ccccc5s4)o3)n2)CC1,16.387312353464477
Cc1csc(N2CCN(Cc3nnc(-c4ccc(-c5nncs5)s4)o3)CC2)n1,16.368737379952908
Cc1ncc(CN2CCN(c3nc(Nc4nccs4)nc(N4CCCCC4)n3)CC2)o1,16.35781815472892
Cc1cc2c(N3CCN(Cc4cnc(-c5nc(S)no5)o4)CC3)ncnc2s1,16.356540827936247
Cc1nc(NC2CCN(c3nc4sc(C)nc4s3)CC2)nc(-n2cccn2)n1,16.29503024007575
Cc1sc(NC2CCCC2)nc1CN1CCN(c2nc(-c3cscn3)no2)CC1,16.281224703781067
COc1nc2c(N3CCC(Nc4nc5ccsc5s4)CC3)ncnc2n1CC=O,16.277881559837567
CN(C)c1nsc2ncnc(N3CCC(Nc4nc5ccsc5s4)CC3)c12,16.26100795742553
Cc1cccc(N2CCN(c3nc(Nc4nccs4)nc(-c4cnco4)n3)CC2)n1,16.249835473285547
Cc1nsc(N2CCN(Cc3nc4c(N)nc(-c5cccs5)nc4s3)CC2)n1,16.243094937293677
Cc1ccnc(Nc2nc(N3CCCC3)c(SSc3nnnn3C(C)(C)C)s2)n1,16.22047405500838
COc1ccnc(-c2cnc(N3CCN(c4ccnc(Nc5ccccn5)n4)CC3)s2)n1,16.220255818731797
c1ccc2oc(Nc3nc4cc(-c5cn(CCN6CCOCC6)nn5)oc4s3)nc2c1,16.215162976434218
CN1CCSC(n2cnc3cc(NCc4nnc(-c5nccs5)o4)ccc32)CC1,16.207016639415418
CN(C)c1nccc(NC2CCN(c3nc4oc(-c5cncs5)nc4s3)CC2)n1,16.175477276876883
Cc1nc(-c2cnc(Nc3ccc4ncsc4c3)o2)nc(N2CCN(C)CC2)n1,16.163233925064247
Cc1nc(NC2CCCN(c3nc(-c4nccs4)ns3)C2)c2cnn(C)c2n1,16.153690183520453
ONc1ncnn1C1CCN(Cc2nc3sc(N4CCCCC4)nc3s2)CC1,16.14110552910352
Nc1nnc(SCCn2c(N3CCCC3)nc3ccc(-c4cscn4)nc32)s1,16.133998553921444
Cc1nnc(-c2ccc(Nc3ncnc4nc(N5CCOCC5)sc34)c(C)n2)s1,16.130837459873653
Cc1nc(CN2CCCN(c3nc(Nc4nccs4)c4ccsc4n3)CC2)no1,16.12154094038615
Cc1nc(Nc2ccncc2)nc(N2CCC(n3ncnc3-c3nccs3)CC2)n1,16.114619194758728
COc1nc(SC)nc2ncnc(N3CCC(Nc4nc5ccsc5s4)CC3)c12,16.11172957227525
c1ccc(CN2CCN(c3nc(Nc4cnc(-c5nnco5)s4)cs3)CC2)cc1,16.104907411281253
Cc1ncc(CNc2nc(-c3nccs3)nc3sc(N4CCCCC4)nc23)nn1,16.095998873307035
c1csc(NCCn2cc(-c3nnc4nc(N5CCCC5)sc4n3)cn2)n1,16.092975878692496
CN(C)c1nc(-c2ccco2)nc2sc(NC3CCN(c4nncs4)CC3)nc12,16.057910969997828
CSc1nc(C)nc(N2CCC(Nc3nccc4oc(-c5nccs5)nc34)CC2)n1,16.055867941605552
c1ccc2sc(N3CCC(Nc4nnc(SCc5ncon5)s4)CC3)nc2c1,16.025606021653036
Cc1csc(NCc2ncc(-c3nc4c(nc(N5CCCC5)c(=O)n4C)s3)o2)n1,16.01527859918444
Cc1csc(N2CCC(Nc3nc(-c4nccs4)c4cnn(C)c4n3)CC2)n1,16.012339928591754
CN(C)c1ncc(-c2nc3c(Nc4nccs4)nc(N4CCCCC4)nc3s2)cn1,16.005741941553744
CNc1nc(-c2nc3c(C)nc(N4CCCCC4)nc3s2)nc(N2CCOCC2)n1,15.992949542558984
c1cnc(NCCn2cc(-c3nc4sc(N5CCCCC5)nc4s3)cn2)nc1,15.983001812365707
Cc1nc(-c2nc(N)nc(N3CCCN(C)CC3)n2)c(-c2nc3ccccc3s2)o1,15.97015210577235
Cc1nc(-c2nccs2)nc(N2CCC(Nc3nc(C)nc4scnc34)CC2)n1,15.964037796789945
CN(C)c1nc(NC2CCN(c3nc4scnc4o3)CC2)c2ccsc2n1,15.945536982569283
CSc1nc2nc(C)nc(N3CCC(Nc4nc5ccccc5s4)CC3)n2n1,15.932461487763888
Cc1csc(N2CCC(n3nnc(CSc4nc5ccccc5s4)n3)=NC2)n1,15.919863434419488
Cc1nnc(NCc2ncc(-c3nc4cnc(N5CCCCC5)nc4s3)o2)s1,15.908377622452246
Cc1sc(Nc2nc3cccnc3s2)nc1N1CCN(Cc2ccco2)CC1,15.906206682206822
COC1CCC(Nc2nc(-c3nccs3)nc3sc(N4CCCC4)nc23)C(=O)C1,15.879714392121462
CCc1cc2c(N)nc(N3CCN(Cc4nnc(-c5cscn5)o4)CC3)nc2s1,15.875131291655636
Cc1noc(N2CCC(Nc3nc(=O)c4c(-c5cscn5)csc4n3C)CC2)n1,15.866236421199686
Cc1nc(N2CCN(Cc3nnc(C)o3)CC2)c2nc(Nc3ccncc3)sc2n1,15.832592216855733
CCn1ncc2c(NC3CCN(c4ncnc5sc(Cl)nc45)CC3)nc(C)nc21,15.822673193960366
Cc1ccc2cnn(-c3nc(C)nc(NC4CCCN(c5nccs5)C4)n3)c2n1,15.812627599127937
Cc1cnc(C)c(N2CCC(Nc3nc4nnc(-c5cncs5)nc4s3)CC2)n1,15.78598778241048
COc1ncc(-c2nc(N3CCC(Nc4nccs4)CC3)nc3scnc23)cn1,15.770197190951441
Nc1nc(SCc2nnc(-c3ccc4c(c3)OCO4)s2)nnc1N1CCCCC1,15.756083986263867
COC(=O)Nc1ncnc2oc(CN3CCN(c4nc5ccccc5s4)CC3)nc12,15.739329890751394
c1ccc(-c2nnc(CN3CCN(c4ccnc(Nc5ccncc5)n4)CC3)o2)cc1,15.728728518402734
c1nnc(SCCn2cc(-c3nc4[nH]c(N5CCCCC5)nc4s3)nn2)s1,15.715392284405652
CSC1CCN(c2noc3nc(Nc4nccs4)nc(N4CCCC4)c23)CC1,15.699340092631994
Cc1cccc(CN2CCN(c3ncnc(Nc4nc5cccnc5s4)n3)CC2)n1,15.685695851086232
Cc1cnn(-c2nc(C)nc(N3CCC(Nc4nc5ccsc5s4)CC3)n2)n1,15.684176139614408
CSc1nc(NC2CCN(c3nncs3)CC2)c2nc(-c3ccco3)sc2n1,15.66710875722688
CN(C)c1nccc(NC2CCN(c3nc4oc(-c5cscn5)nc4s3)CC2)n1,15.661134163098932
Cc1ncc(CNc2ncc(-c3nc4sc(N5CCCC5)nc4s3)cn2)s1,15.653820896031535
c1ccc(-c2nnc(CNc3ccnc(N4CCN(c5ncsn5)CC4)n3)o2)cc1,15.626207302763158
CN(C)c1ccc(Nc2nccc(-c3nc4sc(N5CCCC5)nc4s3)n2)cn1,15.624088325357572
Cc1noc(-c2cnc(N3CCN(Cc4cc5cccc(C(=O)O)c5o4)CC3)s2)n1,15.623810680537806
CCn1c(=O)n(CC(C)(C)C)c2cnc(NC3CCN(c4nccs4)CC3)nc21,15.622691532154938
c1coc(CN2CCN(c3nc(Nc4ccncc4)nc(Nc4nccs4)n3)CC2)c1,15.611094036273975
Cc1nnc(CN2CCN(c3ncnc4nc(-c5sccc5C)sc34)CC2)o1,15.600835298444979
c1csc(-c2nc(NCc3cnn(C4CC4)n3)c3nc(N4CCCC4)sc3n2)n1,15.586952973404408
COc1cccc2sc(Nc3ncnc(N4CCN(c5ncsn5)CC4)n3)nc12,15.584767385630695
Cn1cc(CNc2ncc(-c3nc4sc(N5CCCC5)nc4s3)cn2)nn1,15.583336173523046
Cc1cc(C)nc(N2CCN(c3nsc(Nc4ncnc5ccsc45)n3)CC2)n1,15.567995818860261
Cc1csc(-c2nc3ccnc(N4CCN(Cc5nnc(C)o5)CC4)c3s2)n1,15.55767495570375
CSc1nnc2nc(C)nc(N3CCC(Nc4nc5sccc5s4)CC3)c2n1,15.557625789859022
Cc1cc(Nc2nccs2)nc(N2CCN(Cc3noc(-c4nccs4)n3)CC2)c1,15.517219591985546
CN(C)c1nc(NC2CCN(c3cnc4sc(C#N)nn34)CC2)c2ccsc2n1,15.512860856238307
Cc1noc(-c2nc(S)c(CN3CCN(c4nccc5ncsc45)CC3)o2)n1,15.502590298134395
CN(C)c1nc(NC2CCN(c3ncnc4oc(=O)sc34)CC2)c2ccsc2n1,15.49737208925379
Cc1csc(-c2csc(N3CCN(Cc4nnc(-c5cscn5)o4)CC3)n2)n1,15.496796358288222
Cc1nc(NC2CCN(c3nnc(C)s3)CC2)nc(-n2ncc3ccccc32)n1,15.46704480683611
CSc1nc2ncnc(N3CCC(Nc4nc(C)cc5ocnc45)CC3)c2s1,15.44474072308643
CN(c1nc(NC2CCN(c3nncs3)CC2)c2sccc2n1)c1ncco1,15.413288724034757
Cc1nc(N2CCN(Cc3nc4ccccc4o3)CC2)c2c(n1)sc1nc(N)sc12,15.406493957894194
Cc1cc2oc(-c3cscn3)nc2c(N2CCN(Cc3nnc(C4CC4)o3)CC2)n1,15.393197400398849
CN(C)c1nc(NC2CCN(c3cnc4scnc4n3)CC2)c2ccsc2n1,15.367077166616761
COc1nc2c(Nc3nc(N4CCSCC4)nc4sccc34)ncnc2nc1C,15.3566907797625
Cc1ccc(N2CCN(Cc3nnsc3-c3nccc(Nc4nccs4)n3)CC2)o1,15.346329083185989
CN(C)c1nc(NC2CCN(c3ncc4ncsc4n3)CC2)c2ccsc2n1,15.340394280584398
Cc1nnc(NCc2ncc(-c3nc4c(nc(N5CCCC5)c(=S)n4C)s3)o2)s1,15.33866096652087
Cc1noc(CN2CCN(c3nc(Nc4nccs4)c4ccsc4n3)CC2)n1,15.322611069317908
CN(c1ncnc(NC2CCN(c3nccs3)CC2)n1)c1nc2ncccc2s1,15.320892825080392
CN(C)c1nc(NC2CCN(c3nc4cccnc4s3)CC2)c2ncsc2n1,15.299489229652352
CN(C)c1nccc(NC2CCN(c3nc4c(sc3=O)sc3cncnc34)CC2)n1,15.289624100312869
Cc1cc2nc(N3CCSCC3)nc(NCc3nnc(-c4nccs4)o3)c2s1,15.28328948030185
c1nc(NCCN2CCCC2)c2nc(-c3nc4sc(N5CCCC5)nc4s3)oc2n1,15.271890744612652
Cc1nsc(-c2nnc(CN3CCN(c4nc5cccc(C)c5s4)CC3)o2)n1,15.258486910829173
CSCCNc1nc(N2CCOCC2)nc2sc3nc(-c4ccco4)sc3c12,15.242840305804018
Cc1nnc(NCc2ncc(-c3nc4sc(N5CCCCC5)nc4s3)o2)s1,15.24093077329379
O=C(O)CSc1nc(Sc2nccs2)c2nc(N3CCCC3)sc2n1,15.229638816355369
CN(C)c1nc(NC2CCN(c3cnc4ccsc4n3)CC2)c2ncsc2n1,15.216695702672366
Nc1cnc(SCc2cccs2)n1-c1nnc2nc(N3CCCC3)sc2n1,15.177978469422062
Cc1noc(CN2CCN(c3nc(-c4csc(Nc5ccccn5)n4)cs3)CC2)n1,15.162902153432066
Cc1nc(N2CCC(Nc3nnc4sccc4n3)CC2)c2cnn(CC3CC3)c2n1,15.150260919096343
Cc1cc2ncsc2c(NC2CCN(c3nsc(-c4nc(C)ns4)n3)CC2)n1,15.147867889785559
Cc1nc(-c2cncs2)nc(N2CCC(Nc3nc(C)nc4scnc34)CC2)n1,15.141861206704341
Cc1nc(-c2cncs2)nc(N2CCC(Nc3nnc4sccc4n3)CC2)n1,15.132909404123556
CNc1nc(N2CCSCC2)nc2sc(COc3nc4ccccc4o3)nc12,15.114044719594371
c1ccc2sc(NC3CCN(c4ncnc5c4nnn5CCC4CC4)CC3)nc2c1,15.05285010320929
Cc1ccc(-c2csc(NCc3nc4c(N5CCOCC5)ncnc4s3)n2)cn1,15.04800663361526
COc1nc(-c2nncs2)nc(N2CCC(Nc3nc4ccccc4s3)CC2)n1,15.046770032799664
CN(C)c1nc(Nc2nc3ccc(-c4cscn4)nc3s2)nc(N2CCCC2)n1,15.019718027971313
CNc1nc(N2CCN(Cc3nnc(-c4cscn4)o3)CC2)nc2cc(C)sc12,15.014968948749342
Cc1nc(N2CCC(Nc3nccs3)CC2)c2cnn(Cc3nccs3)c2n1,15.008886472517537
c1csc(-c2nnc(CNc3nc(N4CCC4)nc4nc(N5CCCC5)sc34)o2)c1,14.970256428207447
CN(C)c1nc(N2CCC(Nc3nc4ccccc4s3)CC2)c2sc(=O)oc2n1,14.96696488639191
CSc1nc2nc(N3CCCC3)nc(NC3CCN(c4nccnn4)CC3)c2s1,14.95278794831856
CN(C)c1nc(NC2CCN(c3nc4c(O)ncnc4s3)CC2)c2sccc2n1,14.935893551454729
CN(C)c1nccc(NC2CCN(c3nc4c(s3)sc3ncnc(C#N)c34)CC2)n1,14.910711549713877
c1ccc2sc(Nc3nnc(CCN4CCN(c5ncon5)CC4)s3)nc2c1,14.89740181303399
COc1ccc(Nc2nc(N3CCOCC3)nc3nc(-c4cscn4)sc23)cn1,14.892678489034234
CN(c1nc(Nc2nc3cccnc3s2)nc(N2CCOCC2)n1)c1nccs1,14.85209158564915
c1ccc(-c2nnc(CNc3nc(N4CCCCC4)c(N4CCC4)c4ncnn34)o2)cc1,14.809548378642939
Cc1noc(-c2nc3c(NC4CCN(C)CC4)nc(N4CCCC4)nc3s2)n1,14.799605633245404
CN(C)c1nc(NC2CCN(c3nnc4ccsc4n3)CC2)c2ncsc2n1,14.778239510407383
Cc1nnc(-c2csc(Nc3nc(N4CCN(C)CC4)nc4sccc34)n2)o1,14.75482831314728
CSc1nc(C)nc(NC2CCN(c3nc(N4CCCC4)nc4sccc34)C2)n1,14.724228268441461
CSc1nc2c(NO)nc(N3CCN(Cc4nc5ccccc5o4)CC3)nc2s1,14.680754388735046
CN(C)c1nc(NC2CCN(c3nc4ccsc4c(=O)o3)CC2)c2ccsc2n1,14.647398306340959
Cc1nc(NC2CCN(c3nccs3)CC2)c2nc(-c3nccs3)oc2n1,14.64613809950534
Cc1nc(N2CCN(Cc3nnc(-c4cscn4)o3)CC2)c2c(n1)sc1cc[nH]c12,14.63103173237065
CSc1nc2c(N3CCC(Nc4nc(C)nc5scnc45)CC3)ncnc2s1,14.605164549878712
CN(C)c1ncc(-c2nnc(Nc3nc(N4CCOCC4)nc4sccc34)s2)cn1,14.539996386251818
CN(c1ccc2ncsc2n1)c1ncnc(NC2CCN(c3nccs3)CC2)n1,14.531743670153215
Cc1nc(-c2cnc(C)s2)nc(N2CCC(Nc3nnc4sccc4n3)CC2)n1,14.529796765604967
CSc1nc2nc(N3CCCC3)nc(NC3CCN(c4nc(C)no4)CC3)c2s1,14.498718505321657
CN(C)c1ccc(Nc2nc(N3CCSCC3)nc3sc(-c4cnco4)nc23)cn1,14.464516312261853
Cc1cc2c(N)nc(N3CCN(Cc4nnc(-c5cscn5)o4)CC3)nc2s1,14.460307592181689
c1nc(NC2CC2)n(C2CCN(Cc3nc4oc(N5CCCC5)nc4s3)CC2)n1,14.412469653120866
CN(c1nnnc(N2CCC(Nc3nc4ccccc4s3)CC2)n1)C1CCCC1,14.410291248841887
Cc1nc(C)nc(NC2CCN(c3nsc4nc(N5CCCC5)sc34)CC2)n1,14.35586414850358
Cc1ncsc1CN1CCN(c2nc(Nc3nccs3)nc(-c3ccco3)n2)CC1,14.342450463194272
Cc1nc(C)nc(N2CCN(c3nc(Nc4nccs4)c4sccc4n3)CC2)n1,14.325976594228852
CSc1nc2sc3nc(NCc4nnc(C)o4)nc(N4CCOCC4)c3c2s1,14.319610832572971
Cc1nc(Nc2cccs2)nc(N2CCN(Cc3cnc(-c4nccs4)o3)CC2)n1,14.303797317931222
CN(C)c1cnc(Nc2nc(N3CCOCC3)nc3sc(-c4ccco4)nc23)cn1,14.302766725207054
Cc1nc(NC2CCN(c3ncc(C)s3)CC2)c2nc(-c3cnco3)sc2n1,14.295233706665183
CSc1ccc(Nc2nc(N3CCOCC3)nc3sc(-c4ccco4)nc23)nn1,14.26328478737294
CCNc1nc(-c2cncs2)nc(N2CCN(Cc3nc4ccccc4o3)CC2)n1,14.221581599402157
Cc1noc(CN2CCN(c3nc(Nc4cccs4)nc4ncsc34)CC2)n1,14.19760341638013
Cc1nc(Nc2ccccc2)nc(N2CCN(Cc3noc(-c4nccs4)n3)CC2)n1,14.14665381513911
CN(C)c1nc(NC2CCN(c3nnc4scnc4n3)CC2)c2ccsc2n1,14.127111111316072
N#Cc1cc(N2CCCC2)nc2sc(-c3cn(CCNc4nccs4)nn3)nc12,14.12619392248069
Nc1cc(N2CCCC2)nc2sc(-c3cn(CCSc4nccs4)nn3)nc12,14.021112796682091
Cn1cc(CNc2nc3c(nc2N2CCCC2)sc2nc(-c4ccco4)nn23)cn1,14.006008220882759
CN(c1nsc(NC2CCN(c3cnccn3)CC2)n1)c1nc2ncccc2s1,13.997808328559879
CN(C)c1ccc(Nc2ncc(-c3nc4sc(N5CCCC5)nc4s3)cn2)cn1,13.983538937879946
Cc1nnc(CN2CCN(c3nccc(Nc4nc5sccc5s4)n3)CC2)o1,13.979469772475083
COc1nc(-c2nccs2)nc2sc(NC3CCN(c4nncs4)CC3)nc12,13.96498080534868
Cc1nc(N2CCC(Nc3nc4ccsc4s3)CC2)c2ncn(CCC#N)c2n1,13.901005067951553
Cc1ncnc2sc(N3CCC(Nc4nc(N(C)C)nc5scnc45)CC3)nc12,13.893088364851423
Cc1cc2sc(=N)sc2c(N2CCN(Cc3nnc(-c4cscn4)o3)CC2)n1,13.871039265413094
c1csc(-c2nnc(CNc3ccnc(N4CCN(c5nccs5)CC4)n3)o2)c1,13.862952094945902
CN1CCN(c2nc(CSc3nnc(Nc4ccc(C#N)cc4)s3)cs2)CC1,13.86175602229571
Cc1nc(C)nc(N2CCC(Nc3nc(N4CCCC4)nc4scnc34)CC2)n1,13.833813559871942
Nc1ncnc2c1ncn2C1CCN(Cc2nc3sc(N4CCCC4)nc3s2)CC1,13.826582718995832
Cc1cc(Nc2nccs2)nc(N2CCN(Cc3nnc(-c4ccco4)o3)CC2)n1,13.755440446055367
CN(c1nc(NC2CCN(c3ncco3)CC2)c2scnc2n1)c1nccs1,13.702765446933842
CN(C)c1nc(NC2CCN(c3nnc4ccsc4n3)CC2)c2ccsc2n1,13.685366379054438
CN(C)c1nc(NC2CCN(c3nc4c(O)ncnc4s3)CC2)c2ccsc2n1,13.652319143731209
c1ccc(Nc2nccc(N3CCN(Cc4noc(-c5cscn5)n4)CC3)n2)cc1,13.62365540671911
Cc1nnc(CN2CCN(c3nc(Nc4nccs4)c4sccc4n3)CC2)o1,13.619936749483667
CN(c1nc(NC2CCN(c3ncccn3)CC2)c2scnc2n1)c1nccs1,13.59688763135471
Cc1nc(N2CCC(Nc3nc(N4CCCCC4)nc4sc(C)nc34)CC2)ns1,13.591811750075436
CN(c1ncnc(NC2CCN(c3nccs3)CC2)n1)c1nc2ccccc2o1,13.586793250309446
CN(C)c1nccc(NC2CCN(c3cnc4sc5scnc5c4n3)CC2)n1,13.553590546566316
Cc1nc(Nc2cccs2)nc(N2CCN(Cc3nnc(-c4ccco4)o3)CC2)n1,13.53322532846637
Cc1nc(Nc2cccs2)nc(N2CCN(Cc3nnc(-c4ccccc4)o3)CC2)n1,13.465273172417964
Cc1nnc(CN2CCN(c3nc(Nc4ccc(F)nc4)nc4ccsc34)CC2)o1,13.463722205729091
Cc1nc(Nc2nnc(C)s2)nc(N2CCN(c3nsc4ccccc34)CC2)n1,13.440670069675846
COc1ccc(Nc2nc(N3CCOCC3)nc3sc(-c4cscn4)nc23)cn1,13.40559440118404
CSc1nc2c(N=O)nc(N3CCN(Cc4nc5ccccc5o4)CC3)nc2s1,13.339413702302855
c1ccc(Nc2nc(N3CCN(Cc4nnc(-c5cscn5)o4)CC3)cs2)nc1,13.316097945961824
COc1nc2c(NC3CCN(c4ncsn4)CC3)nc(N3CCCC3)nc2s1,13.2232967139294
Cc1nc(C)nc(NC2CCN(c3nc4sc(N5CCCCC5)nc4s3)CC2)n1,13.16402490016283
Cc1cc(Nc2nccs2)nc(N2CCN(Cc3nnc(-c4cccs4)o3)CC2)n1,13.162215327869546
Cc1nnc(CN2CCN(c3nccc(Nc4nc5ccccc5s4)n3)CC2)o1,13.069387394864826
c1cc(NCc2nnc(-c3nccs3)o2)nc(N2CCN(c3nccs3)CC2)c1,13.064652278769062
Cc1nc(N2CCC(Nc3nc(N4CCCC4)nc4sc(C)nc34)CC2)ns1,12.99964269077649
Cc1cc(N2CCN(Cc3nc4ccccc4o3)CC2)nc(Nc2nccs2)n1,12.89593009041187
COc1nc2c(NC3CCN(c4nc(C)ns4)CC3)nc(N3CCCC3)nc2s1,12.847845611910392
CN(c1ccc2c(c1)OCO2)c1ncnc(NC2CCN(c3nccs3)CC2)n1,12.738138607388473
Cc1nnc(CN2CCN(c3ncnc4sc(Nc5ccc(F)cn5)nc34)CC2)o1,12.632873884724129
CN(c1nc(NC2CCN(c3nccnn3)CC2)c2ccsc2n1)c1nccs1,12.618809795658194
CN(c1nc(NC2CCN(c3ccncn3)CC2)c2ncsc2n1)c1nccs1,12.560354527771532
CN(c1ncnc(NC2CCN(c3ncns3)CC2)n1)c1nc2ccccc2s1,12.549124908658783
COc1nc(Nc2nccs2)nc(N2CCN(Cc3nc4ccccc4o3)CC2)n1,12.497969272576603
c1coc(CN2CCN(c3nc(Nc4nccs4)nc(-c4nccs4)n3)CC2)c1,12.393932639012558
C=Nc1nc(Nc2nccs2)nc(N2CCN(Cc3nc4ccccc4o3)CC2)n1,12.381852873426563
CSc1nnc(Nc2ncnc(N3CCN(Cc4nc5ccccc5o4)CC3)n2)s1,12.36808112665188
CSc1nc2c(NC3CCN(c4ncncn4)CC3)nc(N3CCCC3)nc2s1,12.36682683606707
Cc1nc(Nc2ccccc2)nc(N2CCN(Cc3nnc(-c4nccs4)o3)CC2)n1,12.307125425042862
CSc1nc(Nc2ccc3ncsc3c2)nc(N2CCN(Cc3ccco3)CC2)n1,12.281708978162325
Cc1nsc(N2CCC(Nc3nc(N4CCCC4)nc4sc(C)nc34)CC2)n1,12.274731061523752
CN(c1nc(NC2CCN(c3ncccn3)CC2)c2ncsc2n1)c1nccs1,12.260206091407344
CN(c1ncnc(NC2CCN(c3ncccn3)CC2)n1)c1nc2ccsc2s1,12.246262008439869
Cc1nc(Nc2ccsn2)nc(N2CCN(Cc3nc4ccccc4o3)CC2)n1,12.241904615194668
Cc1cc(CN2CCN(c3nsc(Nc4nc5ccccc5s4)n3)CC2)on1,12.225227616005894
Cc1nc(Nc2nccs2)nc(N2CCN(Cc3cc4ccccc4o3)CC2)n1,12.157292080644341
COc1nc2c(NC3CCN(c4nccs4)CC3)nc(N3CCCC3)nc2s1,12.115535196139799
Cc1cc(Nc2cccs2)nc(N2CCN(Cc3nnc(-c4nccs4)o3)CC2)n1,12.060722253903421
CN(c1nc(NC2CCN(c3cncnn3)CC2)c2sccc2n1)c1nccs1,12.016944615613069
c1ccc(-c2nnc(CN3CCN(c4ncnc(Nc5nccs5)n4)CC3)o2)cc1,11.933059730944718
CN(c1nc(NC2CCN(c3cncnn3)CC2)c2ccsc2n1)c1nccs1,11.824141754765284
CN(c1ncnc(NC2CCN(c3ncsn3)CC2)n1)c1nc2ccccc2s1,11.801478052736245
CN(c1nc(NC2CCN(c3ncncn3)CC2)c2ccsc2n1)c1nccs1,11.799686309029438
CN(c1ncnc(NC2CCN(c3nccs3)CC2)n1)c1nc2ccccc2s1,11.688101585691415
c1ccc(Nc2nc(N3CCN(Cc4nnc(-c5nccs5)o4)CC3)cs2)nc1,11.685049773642259
Cc1cc(Nc2cccs2)nc(N2CCN(Cc3nnc(-c4cscn4)o3)CC2)n1,11.494120008424925
CNc1nc(Nc2nccs2)nc(N2CCN(Cc3nc4ccccc4o3)CC2)n1,11.32135496615296
CN(c1nc(NC2CCN(c3nccs3)CC2)c2ncsc2n1)c1nccs1,11.253126792989503
Cc1nnc(Nc2nc(N3CCN(Cc4nc5ccccc5o4)CC3)ns2)s1,11.179713628129742
CN(c1ncnc(NC2CCN(c3nncs3)CC2)n1)c1nc2ccccc2s1,10.957136656020781
Cc1nnc(CN2CCN(c3nc(Nc4nccs4)nc4ccsc34)CC2)o1,10.918304442900547
Cc1nnc(CN2CCN(c3nc(Nc4nccs4)nc4sccc34)CC2)o1,10.884514230268302
