SMILES,log-likelihoodog
Cc1nsc(-n2c(-c3ccc(C)o3)nc3ccc(-c4nc5n(n4)CCNC5)cc32)n1,27.68218993460494
Nc1ncn(-c2nc(-c3nccs3)sc2-c2cn(CC3CCCCC3)nn2)n1,26.718167757284288
CCn1c(=O)n(C(=S)Nc2nc(-c3nccs3)ns2)c2sc(C(C)=O)cc21,23.89604675609875
Cn1c(=S)sc2nc(-c3cnc(NCc4ccc(-c5nncs5)cc4)nn3)cn21,23.58178584987251
COc1ccc(-c2nc(Nc3cccs3)c3nc(-c4nccs4)n(C)c3n2)nn1,23.413133411557784
O=C(O)c1coc(-c2ncc(-c3nc(-n4cccc4)cnc3N3CCSC3)s2)n1,23.21937910839631
Cc1nn(-c2nc(-c3ccsc3)n[nH]2)cc1SSc1cnc2cccnc2n1,23.20811004983109
CSc1nn(-c2cc(-c3nnc(N)s3)cs2)nc1N1CCCC(C(F)F)O1,23.155686413821424
Cn1nc(-c2nn(Cc3ccc4c(c3)OCCO4)nc2-c2nccc(N)n2)sc1=S,23.154793242251664
Cn1nc(-c2csc(C(=O)O)n2)nc1SCc1nc2cccc(F)c2s1,22.868693641013966
CNc1nc(-c2csc(-c3nccs3)n2)cc(-n2nnc(-c3ccccc3)n2)n1,22.78895018697177
CNc1nsc(-c2csc(-c3nn(C4CCSCC4)c4nc(C)ncc34)n2)n1,22.76728154004403
Cn1cc(-c2cc(-c3nn(C)c4ccccc34)nc(-c3ncc(C(=O)O)s3)n2)s1,22.737161658853175
Cc1ccc(-c2nncn2-c2nc(-c3nnc(CN4CCCCC4)s3)ns2)s1,22.693309551058213
CNc1nnc(-c2nc(-c3csc(C(C)(C)C)n3)n(-c3ccc(OC)nc3)n2)s1,22.68465084941441
CSc1cc(-c2nnc3nc(-c4nc(-c5cccs5)cs4)nn3n2)ccc1N,22.660824307682596
C=CCn1cnc2c(N3CCOC(c4csc(N)n4)=N3)nc(-c3cccs3)nc21,22.55478878148121
Cc1nc(N2CCCCC2)sc1-c1nc2c(C#N)nc(Nc3nccs3)nc2n1C,22.450339587597448
C[C@@H]1N[C@@H](Sc2nc3ccc(-c4nc5nc(-c6cccs6)nn5o4)nc3s2)CO1,22.35904553685663
Nc1nc(-c2cccs2)nc2nc(-c3cnc(Cn4cccn4)s3)n(C3CS3)c12,22.321722134014863
COC(=O)c1ncnc(-c2nn(-c3ccc4c(c3)sc(=S)n4C)c(=S)s2)n1,22.160828275297767
Sc1csc(-c2cc(-c3cnc4cccnn34)nc(NCc3nccs3)n2)n1,22.02620731792131
CNc1cnn(-c2cc(N3CCC(c4nccs4)C3)nc(-c3ccc4c(c3)OCO4)n2)n1,21.962732867728725
c1cnn(-c2csc(-c3cc(-n4ccnc4)nc(NCc4ccc5c(c4)OCO5)n3)n2)c1,21.92990418349129
CNc1nc(-c2cccs2)nn1CC1=Nc2nc(-c3cccs3)nn2CCS1,21.861566740472206
Fc1cncc(-c2ccnc(Nc3nc(Cn4cnc(-n5ccs5)n4)cs3)n2)c1,21.82671112139196
c1csc(-c2nc(-c3nnc4ccc(NCc5cc(N6CCC6)no5)nn34)cs2)n1,21.817664749748182
C[C@@H]1C[C@H](C)N(c2nc(-c3csc(-c4nc(C(=O)O)cs4)n3)cs2)CCO1,21.817462347068965
CNc1nc(-c2ccnc(-n3sc(C)cc3=O)c2)cc2nc(-c3cscn3)nn12,21.690339928281503
COC(=O)c1nc(-c2nc3nc(-c4sc(N5CCC5)nc4N)sc3s2)cs1,21.464890657952548
Cc1cnn(-c2cc(N3CCC(c4ccsn4)C3)nc(-c3csc(C(=O)O)n3)n2)c1,21.459322255208647
CCOC(=O)c1nn(-c2nc(-c3cn(C)c(=S)s3)cc3ncc(N)cc23)s1,21.420211838845013
CCOC(=O)c1nc(-c2nc(-c3nn(C)c(=S)s3)c3cc(N)ccn23)cs1,21.412264418627757
Cn1c(=S)sc2nnc(-c3nc(NCc4cccs4)nc(-c4ccco4)n3)n21,21.398763706238572
Cn1nc(-c2nc3nc(-c4cccs4)nn3s2)c2nc(NC3CCOCC3)ncc21,21.392103455021008
O=C(O)c1csc(-c2nc(-c3nccs3)n(C(=O)SCc3ccccc3)n2)n1,21.38374989661089
Cc1nsc(-c2nc(NC3CCCCC3)n(Cc3nc4c(s3)COCCO4)n2)n1,21.34059229338466
C/C=N/c1cc(-c2nc(Nc3ccc4ncsc4c3)nc(N3CCOCC3)n2)sn1,21.29444276380229
Cc1nnc(-c2cn(C)c(=S)s2)nc1-c1nn(-c2ccc3c(c2)OCO3)cc1N,21.22093421364695
CN1CCC(Oc2ccc3c(c2)ncn3-c2nnc(-c3nc(C(=O)O)cs3)s2)C1,21.1375608845938
Cc1ccc(-c2nsc(-c3nnc4sc(-c5ccnc(N(C)C)n5)cn34)n2)s1,21.13602543964124
Cc1csc(-c2ccn(-c3ccc(Cn4nnc(-c5nccs5)n4)s3)n2)n1,21.079248965517877
COc1ccc(-c2nc3sc(-c4nc(-c5ccccc5)ns4)nn3c2S)cn1,21.077818639388667
C#Cc1c(C(=O)Cn2ccnc2)sc(=S)n1-c1nnc(-c2csc(N)n2)s1,21.001768834744368
Cn1nc(-c2cccs2)nc1-c1nn2c(NC3CCc4ccncc4C3)ncc2s1,20.93124375474908
Oc1nc(-c2nc(CN3CCN(c4nnc(-c5cccs5)s4)CC3)no2)cs1,20.866219090196697
Nc1nnc(-c2cc(-n3cc(-c4cccs4)nc3SCC(=O)F)sn2)s1,20.85723658159853
Nc1sc(=S)nc2ncn(Cc3ccc(-n4ccnn4)c(-c4cccs4)n3)c12,20.84657337754128
C#Cc1cnc2nc(Sc3nc(-c4nc(-c5nccs5)ns4)cn3C)cn2c1,20.841875474704782
Cc1nc2c(s1)c(=O)c(Cn1nc(-c3nc(C(=O)O)cs3)sc1=S)cn2C,20.753181611764386
CNc1nc(-c2nsc(-c3nnc(N4CCO[C@@H](c5ccco5)C4)s3)n2)cs1,20.74716871902094
Nc1nc(-c2cccs2)cc(-c2nn(-c3ccc(Cn4cncn4)cc3)c(=S)s2)n1,20.73594999850181
CC(=O)NN=C1N(c2csc(-c3nc(-c4nccs4)ns3)n2)CCOC1(C)C,20.63722235506863
CSc1nc(-c2ccc(Cn3ncc4nc(-c5cccs5)nnc43)s2)n(C)n1,20.59617326036028
CNc1nc(-c2nccs2)nc(-n2ncc3nc(-c4ncc(C)s4)sc32)n1,20.52464556203918
c1nc(-c2nnn3c(NC4CC4)nc(-c4nc(CN5CCCCC5)cs4)nc23)cs1,20.52213191120028
Cn1ncn(-c2cc(-c3nc(NC4CCCCC4)nc(-c4ncccn4)n3)cs2)c1=S,20.463649244074237
Sc1ncn(Cc2ccc(-c3nsc(-c4cnnc(N5CCCC5)n4)n3)cc2)n1,20.457472080718603
CN1CCC(c2nnc(-c3csc(-n4ncc(-c5csc(N)n5)n4)c3)s2)CC1,20.442842367039248
CNc1nc(-c2cccs2)nc(-n2nc(-c3cc4ncccc4s3)nc2SC)n1,20.413751870341958
Cc1nsc(-c2nc(N3CCCC3)nn2-c2nc(N)sc2-c2ccsc2)n1,20.388530219817547
Nc1ccn2nc(-c3nc(CN4CCSCC4)cs3)c(Oc3nccs3)nc12,20.38412024818747
Cn1cc(-c2nccc(-c3nn(C)c4nc(-c5ccc(N)s5)nn34)n2)sc1=S,20.382036024532827
CSSc1nc2cc(-c3ncn(-c4ncc(C(=O)O)s4)n3)ccc2s1,20.364592210881103
S=c1sc2nc(/C=N/Nc3nc(-c4ccccc4)ns3)nnc2n1CCC1CC1,20.33971322440995
Cc1nc(-c2nnc(N3CCC(Sc4nc(-c5cccs5)ns4)C3)s2)no1,20.31436868869672
CSc1nc2c(N)nc(-c3cccc(-n4ncc(-c5cnn(C)c5)n4)c3)cc2s1,20.28094136070544
c1cn2nc(-c3cscn3)nc(NCc3cn(-c4ccc5ncsc5c4)nn3)c2n1,20.27434691125976
Cn1c(N2CCCC2)nc2c(NC3CCC3)nc(-c3nc(-c4nccs4)ns3)nc21,20.264158203038726
c1cnn(-c2nc(-c3nc(NC4CCCCC4)n(Cc4csnn4)n3)cs2)c1,20.259294675909963
Cc1nc2c(-n3nc(N4CCCCCC4)nc3NCc3nccs3)ncnc2s1,20.250226308954193
Cc1cn(-c2cc(N3CCN(c4cccs4)C3)nc(-c3nc(C(=O)O)cs3)n2)cn1,20.221792332350226
c1csc(-c2nc(NCc3ccc4c(c3)OCO4)n(C3CCN(c4nccnn4)C3)n2)c1,20.198048873024774
Cc1nnc(-n2nc(-c3nc4nc(CNC5CCCC5)ccn4n3)sc2=S)s1,20.19263851107897
COc1cccc(-n2nc(N3CC4(CCCCS4)NC=N3)nc2-c2nccs2)n1,20.14147277029414
O=C(O)c1ccc(-c2nc(/C=N/N3CCOCC3)n(CSc3nccs3)n2)s1,20.139719776808832
CSc1cc2n(n1)CC(Nc1ncc(-c3nc(-n4nccn4)ns3)s1)CCC2,20.130344699901197
Cc1noc(-c2sc(-c3csc(-c4csc(N5CCNCC5)n4)n3)nc2C)n1,20.069008428261217
CSc1nc2cc(-c3nc(-c4csc(N)n4)nn3Cc3cccs3)nn2s1,20.052507425754893
Fc1ccc(-c2nsc(-c3nsc(NC4CCN(c5ncncn5)CC4)n3)n2)cc1,19.97412423307268
[C-]#[N+]c1ccc(Nc2nc(-c3ccn(C)n3)nc(-c3cnc(N4CCNCC4)s3)n2)nc1,19.96925118615991
Fc1nc(NCc2ccc(-n3ccnc3)nc2)nc(-n2nc(-c3cccs3)s2)n1,19.966038079510895
CSc1ccc(CNc2nc(-c3nccs3)nc3nc(-c4cnccn4)nn23)s1,19.908968652649524
CSc1nc(-c2nccs2)nn1-c1nc(-c2ccc(-n3cccn3)cc2)ns1,19.899029183497518
Fc1ccc2sc(-n3nc(-c4nccs4)nc3NCc3cncs3)nc2n1,19.884701817957588
CNc1cn(-c2nccs2)nc1-c1ccc(Cn2nnc(-c3nccs3)n2)cc1,19.876001858085402
Cc1nc(-c2csc(-c3nc(N)c4nc(CN5CCSCC5)sc4n3)n2)ns1,19.80889049295097
Cc1ccc(Nc2nc(N3CCN(c4nc(-c5ncco5)cs4)CC3)ns2)nc1,19.788131118542278
Cc1nn(-c2ccc(-c3coc(-n4cnc(-c5ccn(C)n5)n4)n3)cc2)c(=S)s1,19.77466309473669
Cc1ccc2cc(Nc3nnc(-c4nc(-n5ncc(C)n5)ns4)s3)ccc2n1,19.669536111343678
CNc1nc(-n2cnc(-c3nccs3)n2)ccc1C(=O)Oc1ccc2c(c1)OCCO2,19.6518428897115
CN(C)c1ncnc(-c2nc(-c3nnc(S)s3)nn2-c2ccc(Cl)s2)n1,19.62888806420646
CSC(=S)N1CCOc2cc(Nc3nc4n(C)c(-c5nc(C)ns5)nn4n3)ccc21,19.61425766602251
CNc1nsc(-c2cn(-c3cccs3)c(-n3ccc(C(=O)OC(C)(C)C)n3)n2)n1,19.604463032629134
O=C(O)c1cnc(-c2nc3nc(-c4ccc(N5CCOCC5)cc4)nnc3s2)s1,19.60126696643323
CNc1nsc(-c2nc(-c3ccccn3)cc(-c3csc(N4CCOCC4)n3)n2)n1,19.57728640518333
CNc1nsc(-c2ncc(-c3nc4c(nc3F)nc(-c3nccs3)n4C)s2)n1,19.558408939438024
COC(=O)c1csc(-c2nc(-c3csc(N4CCNCC4)n3)nnc2C2CC2)n1,19.55741820559779
CSc1nc2c(N)nc(-c3cnn(-c4nc(-c5ccsc5)ns4)c3)nc2s1,19.55398638525037
c1cc(-c2nnc(Nc3cc(N4CCCOCC4)ccn3)s2)nc(-n2nccn2)c1,19.538679542335696
Nc1nnc(SCc2cnn(-c3nc(-c4cccs4)nn3C(F)(F)F)c2)s1,19.51577331703367
Cc1nsc(C2CCCCC2Nc2csc(-c3nsc(N4CCCC4)n3)n2)n1,19.50889493733657
CNc1nc(-c2nc(C)ns2)nc(N2CCCN(c3coc(C(C)(C)C)n3)CC2)n1,19.500883693071962
Cc1nsc(-c2nnc(-c3nnc(N[C@@H]4CCN(c5cccnc5)C4)s3)s2)n1,19.497816257133948
O=C(O)c1ccc(-c2nsc(-c3nsc(N4CCC(N5CCCC5)CC4)n3)n2)o1,19.447531608871195
CSc1nc(-c2cc3c(s2)C(=O)NC3)n(-c2csc(-c3nc(C)ns3)n2)n1,19.433222443058956
[C-]#[N+]c1oc(-c2cc3scnc3c(N3CCNCC3)n2)nc1-c1nnc(SC)n1C,19.41459177310558
c1ccc(-c2nsc(-c3nc(NC4CC4)c4nc(-c5cscn5)nn4n3)n2)cc1,19.380963877617166
COc1cc(N2CCOCC2)n2nc(-c3nc(N)sc3-c3cscn3)sc12,19.380847801159582
Cn1c(=O)c(/C=N/Nc2nc(-c3cccs3)ns2)nc2cc(-c3cccs3)nn21,19.343506459530573
O=C(O)c1csc(-c2nc(-c3csnn3)n(Cc3ccc4c(c3)CCS4)n2)n1,19.340603647097694
O=C(O)c1cnc(-c2nc(-c3noc(-c4cc(N5CCOC5)cs4)n3)cs2)s1,19.335984172041947
Cc1nc(C)c2c(n1)OCC[C@@H]2Nc1nnc(-c2nsc(N3CCCCC3)n2)s1,19.314020904653475
Cc1nc(-c2cccs2)n(-c2nc(-c3cnc(N[C@@H]4CCSC4)nn3)cs2)n1,19.302366343214718
C(=N/Nc1nc(-n2cc(-c3cccs3)nn2)cs1)\c1cnn(C2CCOCC2)c1,19.295068535953547
CSc1nnc(-c2cc(N)n(-c3csc(-c4ccc5c(c4)OCO5)n3)n2)s1,19.28035036102621
Fc1ccn(-c2nc(-c3cccs3)nn2-c2nccc(NCc3nccs3)n2)n1,19.267113300872804
CNc1nnc(-c2csc(-n3nnc4c(N5CCOC(C)CC5)nccc43)n2)s1,19.232474228516406
Cc1nc(-c2nc3sc(NCc4nccs4)nn3n2)n(-c2ccc(F)cc2)n1,19.22506854548718
Cn1c(-c2cnsc2)nnc1-c1nc(N)sc1-c1nc(N2CCOCC2)cs1,19.206257910520513
c1csc(-c2ccc(CNc3nc(-c4nncs4)nc(N4CCCC4)n3)cc2)n1,19.1674247406255
C(=N/Nc1csc(-c2nnc(N3CCCC3)s2)n1)\c1nc(-c2cccnc2)ns1,19.145301444642474
c1cnn(-c2nc(Nc3nccs3)nc(-c3csc(N4CCOCC4)n3)n2)c1,19.075718978505343
COc1csc(Nc2nc(-c3nnc(C(C)(C)C)s3)nc(N3CCCC3)n2)n1,19.003910547408086
Cn1nc(-c2ncc(C(=O)O)s2)nc1-c1nnc(SCC(F)(F)F)s1,19.00311713341677
Cn1ccc(-c2nn(-c3nc(-c4csc(N)n4)cs3)c(=S)n2C2CCCC2)n1,18.994795209276575
Cn1nc(N2CCC2)cc1-c1nc2c(N)nc(-c3nc(-c4cccs4)ns3)nc2s1,18.980286493063048
Nc1nc(-c2nc(-c3cccs3)ns2)nn1Cc1ccc2c(c1)N(C=S)CCO2,18.946761149033687
Cn1cc(-c2nc(Nc3ncc(-c4nccs4)s3)nc(N3CCCCCC3)n2)nn1,18.936376459646176
Cn1nc(-c2cccs2)nc1CNc1nc(-c2cccs2)nn2c(=O)scc12,18.92174382889346
Clc1ccc(-n2nnc(-c3csc(N/N=C/c4ccc5c(c4)OCO5)n3)n2)cc1,18.918430774037756
CSc1ncc([N+](=O)[O-])c(-c2cc(-c3nnc(N4CCNCC4)s3)cs2)n1,18.877438991196925
Cn1cnn(Cc2csc(-c3csc(-c4csc(C(=O)O)n4)n3)n2)c1=S,18.855264466654404
Cc1nnc(C2CCC(Nc3nnc(-c4nnc(N5CCCC5)s4)s3)CC2)s1,18.846981376957213
Cc1ccc(CNc2nnc3ccc(-n4nnc(-c5cccs5)n4)cc3n2)s1,18.833897634177898
COc1ccc(-n2c(=S)sc3ncc(-c4nc(SC)nn4C(=O)O)cc32)cc1,18.745587139387695
CSc1nc2c(N)nc(-c3nc(-c4csnn4)cs3)nc2n1CC(F)(F)F,18.72359135909011
Cn1cc(-c2nc(-c3nc(-c4nnc(NC5CCOCC5)s4)cs3)ns2)cn1,18.693449111079754
Cn1nc(SCc2nc3c4ccc(Cl)cc4nc(N)n3n2)nc1-c1cccs1,18.687962988528355
Cn1ccc2nc(Nc3nc(-c4nc(CN5CCCCC5)cs4)ns3)sc2c1=O,18.672691452989916
CSc1nc2nc(-c3nn(C)c(=S)s3)c(NC(=O)OCc3ccccc3)nn2n1,18.66889496707663
CN1CCc2sc(-c3cnc(Cn4nnc(-c5ncc(C(=O)O)s5)n4)s3)cc2C1,18.626728852051915
CC1(C)CCN(c2nc(N)c3sc(-n4ncc(-c5nccs5)n4)nc3n2)CC1,18.615606709791923
COc1cnc2sc(Nc3ccc(-c4nnn(-c5nccs5)n4)cc3F)nc2c1,18.60468147495901
CSc1nnc(-c2nc3ncnc(N4CCN(c5ccnc(O)c5)CC4)c3s2)s1,18.603579222227243
c1nc(-c2cscn2)nc(N2CCCC2CNc2nc(-c3nccs3)ns2)n1,18.58414391285864
O=C(O)c1cnc(-c2nc(-c3nccc(-n4ccc(N5CCCC5)n4)n3)cs2)s1,18.531354760486472
CSc1csc(-c2cc(-c3cnc(-c4ncco4)s3)nc(N3CCNCC3)n2)n1,18.530287629258293
c1cnn(-c2nc(-c3nc(NCc4cscn4)nc(N4CCCCC4)n3)cs2)n1,18.529850161210444
c1csc(-c2nsc(CNc3cc(-c4ncsn4)nc(N4CCCCC4)n3)n2)n1,18.507558406752082
CSc1nc(-c2ccc(C(=O)O)s2)nc(-n2nc3cc(N4CCC4)cc-3s2)n1,18.50468355043939
CNc1nc(-c2sc(SC3=NCCS3)nc2CC#N)nc(N2CCCCC2)n1,18.49740764478862
CC(C)(O)c1nc(SCc2cccs2)nn1-c1nc(N)nc(-c2cccs2)n1,18.493808396942885
CSc1nc(-c2nnc(N3CCCC3)s2)c2sc(-c3ccc(N)nc3)nc2n1,18.466505752022186
Cc1nc(-c2cccs2)nn1-c1nc(-c2nnc(N3CCCCC3)s2)c(N)s1,18.439734529276446
COc1ccc(-c2nsc(/N=C/Nc3cc(C#N)nc(N4CCSCC4)n3)n2)cc1,18.428260397116134
CCn1nc(-c2cnc(-c3cscn3)s2)c2nc(N)n3cc(N4CCC4)nc3c21,18.425530024840317
c1csc(-c2nncn2-c2cc(-n3cccn3)nc(NCc3ccc4c(c3)OCO4)n2)c1,18.414197864432722
CSc1nnc(-c2cnn(-c3nc4c(N)nc(-c5ccsc5)nc4s3)c2)s1,18.405783516643474
C[C@H]1COCCN1c1nc(-c2nccs2)nn1-c1nc(-c2ccc(O)cc2)ns1,18.400650082494323
Cc1nsc(-c2nnc(CN3CCN(c4nc(-c5nccs5)cs4)C3)s2)n1,18.398574183220315
CN(C)c1ncc(-c2nc3c(NC4CCCCC4)nc(-c4nccs4)nn3n2)s1,18.375400916818702
Cn1nc(-c2cc(Nc3ccc(-n4cccn4)cc3)nc(-n3nccn3)n2)sc1=S,18.372691659626764
OCc1csc(-c2nnc(Cn3nnc4nc(-c5cccs5)sc43)s2)n1,18.355023210342086
CC(C)(C)Sc1nc(-n2nc(-c3nccs3)nc2C(=O)O)sc1N1CCCC1,18.339661049333273
Cn1c(SSc2nc3sc(Cl)cn3n2)nnc1-c1ccc(C(=O)O)cc1,18.29344494099183
c1cnn(-c2nc3nc(-c4nccs4)nc(NCCc4ccc5ncsc5c4)n3n2)c1,18.279440773911322
Cc1nc(C2CCN(c3nc(-c4ccc(C(=O)O)o4)nc(N4CCCC4)n3)C2)cs1,18.227478629802604
c1csc(-c2nc(NC3CC3)nc(-n3nc(-c4cccs4)nc3N3CCOC3)n2)c1,18.223290052010324
Cn1nc(-c2cccs2)n1-c1nc(N)c2nc(-c3ccc(N4CCC4)nc3)sc2n1,18.177326662284123
CSc1nc2c(-c3ccco3)nc(NCc3cn(-c4cccs4)nn3)n2c(=O)s1,18.177184667317775
O=C(O)c1cnc(-c2nc(-c3cccs3)cc(-n3cc(CN4CCCC4)nn3)n2)s1,18.171693251533195
Cc1cnn(-c2nsc(-c3nnc(NCc4ccccc4Cl)s3)n2)n1,18.16870861389861
CNc1nc(-c2nc(-c3csc(-c4ccc5c(c4)OCCO5)n3)n(C)n2)cs1,18.130009740902295
CNc1nnc(-c2nc(-c3csc(N4CCOCC4)n3)nc(-c3cccs3)n2)s1,18.113264202372807
CNc1ncc(-c2nc3nc(-c4cccs4)nn3n2Cc2ccc3c(c2)OCO3)s1,18.105412602352708
Cc1ccn(-c2nc(-c3cccs3)nn2C2CN(C)c3ncnc4sc(nc34)N2)n1,18.097203958653118
c1ccc(CNc2nsc(-n3nnc(-c4nc(-c5cccs5)ns4)n3)n2)cc1,18.09061598635898
CNc1nc(-c2ccc(-c3coc(N4CCN(c5ncccn5)CC4)n3)s2)ns1,18.067609383780464
CSc1nc2[nH]nc(-c3ccc(Sc4nc(-c5nccs5)nn4C)cc3)n2n1,18.066463425192975
Cc1csc(-c2nc(-c3csc(Nc4ccc5c(c4)OCCO5)n3)n(C)n2)n1,18.066106999435284
CC(=O)N1CCC(Nc2nc3sc(-c4nnc(-c5cccs5)s4)nn3n2)C1,18.04280864891908
Sc1nc(-c2nccs2)nn1-c1nc(-c2ccc(Cn3ncnn3)cc2)cs1,18.022824520101004
Cc1nsc(-c2nc(-c3nc(N)nc4cc(CN5CCSCC5)sc34)cs2)n1,18.006045632181635
Cc1csc(-c2nc(NC3CCN(c4nccs4)CC3)nc(-n3cccn3)n2)n1,17.99697080197508
O=C(c1nnc(-c2csc(-c3nsc(N4CCNCC4)n3)n2)s1)C1CCCC1,17.992639954994456
Cc1nsc(N[C@@H]2CCCN(c3nc(-c4nc(OC(F)(F)F)cs4)no3)C2)n1,17.98543193026212
c1csc(-n2nnc(Cn3nc(-c4cscn4)nc3NC3CCCCC3)n2)c1,17.9549385412626
CN1CCN(c2ncc(-c3nc(-c4nnc(-c5cccs5)o4)c(N)s3)s2)CC1,17.951378148487162
COc1cc(N)nc(-n2nc(-c3cccs3)nc2Sc2nc3c(s2)CCC3)n1,17.94891998501916
c1csc(-c2nc(-c3nnc(NCc4ccc5c(c4)OCO5)s3)n(C3CO3)n2)c1,17.946938580950153
c1ccc(-c2ncc(CNc3nc(-c4nccs4)nn3-c3nccs3)cn2)cc1,17.93593726998165
c1csc(-c2ncnc(N3CCCC(Nc4nc(-c5nccs5)ns4)C3)n2)c1,17.929179703364724
c1csc(-c2nsc(-c3nc(NC4CCCC4)n(Cc4ccsn4)n3)n2)n1,17.91790438803859
CNc1nc(-c2cccs2)nn1Cc1nnn(-c2ccc3sc(Cl)nc3c2)n1,17.9088113513128
CSc1nc2ccc(Cn3nc(-c4nc(-c5cccs5)ns4)nc3N)n2s1,17.90692351792269
CSc1nc2ccc(-n3nc(-c4nccs4)nc3N3CCC[C@@H]3C(=O)O)cc2s1,17.90519538609345
CCNc1nc(-c2nc3sc(SC(F)(F)F)nn3n2)nc(N2CCCCC2)n1,17.905101211649416
Nc1nc(-c2nc(-c3cccs3)ns2)nn1SCc1ccc2c(c1)OCCO2,17.890155427809376
c1cc(Nc2nnc(-c3cccc(-n4nnc(-c5cccs5)n4)n3)s2)nc(N2CC2)c1,17.886527496639527
Cc1nsc(-c2cc3nc(-c4nc(-c5cccs5)ns4)nc(NC4CC4)n3n2)n1,17.8847447150515
c1csc(-c2ncnc(Nc3cnc(-c4nsc(CN5CCCC5)n4)s3)n2)c1,17.87188863401654
c1csc(-c2nc(NCc3ccc4c(c3)OCO4)n3nc(-c4nccs4)nc3n2)c1,17.870320040332757
Cn1cnc2nc(-c3csc(Nc4ccc(Cn5ncnn5)cc4)n3)sc2c1=S,17.867000730721358
Cc1nc(NCc2cscn2)nc(-c2nn3c(-c4ccc(F)cc4)nnc3s2)n1,17.845064403894284
Cn1nc(-c2nnc(SCc3nc(-c4cccs4)ns3)s2)c2nc[nH]c21,17.833901616662335
c1csc(-c2ncnn2-c2nc(NC3CC3)nc(-c3ccc(CN4CCOCC4)o3)n2)c1,17.809323466717768
Cn1nc(-c2nc(-c3nccs3)n(Cc3ccc4c(c3)CC(C)(N)O4)n2)sc1=S,17.77336793116715
CSc1nnc(-c2nc(-c3cccs3)nn2C2CCN(c3ncco3)CC2)s1,17.75585159365161
CSc1nc2c(NC3CCCOCC3)c(-n3nnc(-c4cccs4)n3)ccn2n1,17.750718342209098
COc1ccc(-c2nc(-c3cscn3)nn2-c2csc(N3CCOCC3)n2)cn1,17.74168178044895
Cn1c(=S)sc2cc(Cn3nc(-c4nccs4)nc3NC3CCCCC3)nn21,17.697761483789243
c1coc(N2CCCC(Nc3nnc(-c4nsc(N5CCCCCC5)n4)s3)C2)n1,17.687119078081746
CSc1nc(-c2nsc(N3CCN(c4nccc(N)n4)CC3)n2)ns1,17.670847004660143
CNc1nc(-c2nnc(-c3nc4sc(C)nc4s3)s2)nc(N2CCCCC2)n1,17.63658627278024
C(=N/Nc1ccc(-n2nnc(-c3cccs3)n2)cc1)\c1cn(-c2cccs2)nn1,17.624077450715234
CSc1nc(-c2nc(N)n(-c3nc(-c4ccc5c(c4)OCO5)cs3)n2)cs1,17.621722955948247
CNc1nc(-c2cnc(N3CCCCC3)s2)cc(-n2cc(-c3nccs3)nn2)n1,17.62144923390343
c1cnc(N2CCC[C@H](Nc3nc(-c4nc(-c5nccs5)ns4)ns3)C2)nc1,17.618158935992373
CC1CN(c2cc(-c3nnc(N)s3)nc(-n3ccc(-c4cccs4)n3)n2)CCO1,17.595752482739726
c1cnn(-c2nc(CNc3nc(-c4cscn4)nc(N4CCCCC4)n3)cs2)c1,17.594398536379074
COc1cc(-c2nn3nc(-c4ccsc4)nc3s2)oc1CN1CCSCC1,17.588456598977796
c1cc(-n2nc(N3CCCCC3)nc2-c2cnc(NCc3cscn3)s2)ncn1,17.565844374370272
CSc1nc(Nc2cc(-c3ncsn3)nc(N3CCCC3)n2)nc(-c2cccs2)n1,17.541485429951532
COc1nnc(-c2nc(-c3nnc(NC4CCN(C(C)=S)C4)s3)cs2)s1,17.530509879556277
Fc1ccc(Nc2nc(-c3ccc(Cn4ccnn4)nc3)nc(-n3ccs3)n2)cc1,17.518671555091107
Cn1c(=O)ccc2c(NCc3nnc(-c4nccs4)s3)nc(-c3nccs3)nc21,17.510697146035625
c1cnn(-c2nccc(CNc3csc(-c4nsc(N5CCCCC5)n4)n3)n2)c1,17.480921042544164
Cn1nc(-c2nnc3c(NCc4ccc(-n5cccn5)cc4)ncnn23)sc1=S,17.472024653039583
CSc1nc(N2CCCCC2)nn1-c1cc(-n2nccn2)nc(NC2CCCC2)n1,17.471365802540195
CSc1ccc(Cn2nc(-c3nc(N)nc(-c4cccs4)n3)sc2=S)nn1,17.462869574346715
C#CCNc1nc(C)cc(-c2nc3sc(-n4cc(-c5cccs5)nn4)nc3s2)n1,17.45782463700641
Cc1nc2cc(Cn3nc(-c4cscn4)nc3-c3csc(N)n3)ccc2s1,17.456111572582827
CSc1nc2cc(-c3nc4cc(-n5cccn5)ncc4s3)nc(NC3CC3)n2n1,17.425809772120147
CSc1nsc(-c2nsc(-c3nc(N)cc(N4CCOCC4)n3)n2)n1,17.415039927565235
CSc1ccnn1-c1ccc(Cn2cnc3c(N)nc(-c4nccs4)nc32)s1,17.404400291608248
CSc1nnc(-c2nn(-c3ccc4nc(NC(C)=O)sc4c3)c(=S)n2C)s1,17.398932104954994
CNc1nnc(-c2cc(F)c3nc(-c4csc(CN5CCCC5)n4)nn3n2)s1,17.391067567850882
Cc1nc(-c2nnn(-c3cc4sc(-c5ccc(N6CC6)cc5)nc4c(N)n3)n2)cs1,17.382426787615255
c1csc(CNc2ncc3c(-n4cnc(-c5cscn5)n4)nn(C4CC4)c3n2)c1,17.366514331662206
c1csc(-c2nsc(-c3csnn3)n2)n1,17.34376313563999
CN(C)c1ncc2c(n1)NCCN2c1csc(-c2nc(-c3nccs3)ns2)n1,17.323934334120803
CN1CCC(Nc2snnc2-c2cnc(-c3nsc(N4CCCCC4)n3)o2)CC1,17.322691400746965
c1csc(-c2nc(NCc3ccc4c(c3)OCO4)n(C3CN=NN3C3CCC3)n2)n1,17.315252800051805
Cc1nc(-c2nsc(Nc3ccc(N4CCN(c5ncccn5)CC4)cc3)n2)ns1,17.29796664924646
CNc1nnc(-c2nc3nc(-c4nc(-c5cccs5)ns4)n(C)c3s2)s1,17.281284398716867
CSc1nnc(-c2nc(NCc3nc4cccnc4s3)nc(N3CCCC3)n2)s1,17.268229568158116
Cc1nsc(-c2nc(-c3nnc(N[C@@H]4CCN(c5ncccn5)C4)s3)cs2)n1,17.256794196275244
Cc1nc(N2CCCC(Nc3csc(-c4nsc(N5CCCCC5)n4)n3)C2)no1,17.24895204113665
c1cnc(Nc2cnc(-c3nccs3)nc2-c2ncc(CN3CCOCC3)s2)nc1,17.246875284285885
COc1nc(-c2nc3nc(-c4cscn4)nc(NC4CCCCC4)n3n2)cs1,17.2397487330453
c1cc(N2CCOCC2)ncc1-c1nsc(-c2nnc(NC3CCCC3)s2)n1,17.2323318827657
CNc1nc(-c2nnc(SC3=NC[C@H](C)OC3)s2)nc(N2CCCCC2)n1,17.228849622240546
CSc1nnc(-c2nnc(-n3nc(C(=O)NC4CCC4)sc3=S)s2)s1,17.225770761189956
CSc1ncn(-c2csc(NC3CCN(c4ncnc(C(C)(C)C)n4)CC3)n2)n1,17.223579970666275
CNc1nc(-c2nsc(-n3cnc(-c4nccs4)c3)n2)nc(N2CCCCC2)n1,17.214397790740403
c1csc(Nc2nc(-c3nc4oc(N5CCC5)nc4s3)nc(N3CCCCC3)n2)n1,17.212991074047757
CSc1nc(-c2nc(-c3cccs3)nn2C2CCOCC2)c2sc(N)nc2n1,17.21257771453708
COC(=O)C1CC(Nc2nnc(-c3nsc(N4CCCCC4)n3)s2)CC(C)O1,17.208990333575887
Cn1nc(-c2cccs2)nc1CNc1nnnc(-c2nc(C(F)(F)F)cs2)n1,17.20591669212593
COc1ccc2sc(Nc3nccc(-c4nsc(N5CCOCC5)n4)n3)nc2c1,17.20243168565463
Nc1ccc(-c2nc(SCc3cn(-c4ccc5c(c4)OCO5)nn3)ns2)s1,17.19523697244972
Cc1cc(-n2nnc(-c3cccs3)n2)ccc1Nc1nnc(-c2nccs2)s1,17.18238220199327
CSc1nc2sc(-c3nc(NC4CCCC4)nc(N4CCCC4)n3)nc(=N)n2n1,17.161527682380644
c1csc(CNc2nnnc(-c3nc(-c4cnc(N5CCCC5)s4)ns3)n2)c1,17.144539947446066
CNC(=O)Oc1nnc(-c2ncc(SSc3ccc4c(n3)OCCO4)s2)s1,17.12567407854677
Cn1nc(-c2nc(-c3cccs3)no2)nc1NC1CCN(c2nccs2)CC1,17.12026846701715
Clc1ccc(-c2cc3nc(-n4ncc(CNc5nccs5)n4)ncn3n2)s1,17.11865699934104
CSc1nnc(Nc2nc(-c3cc4ocnc4c(N4CCOCC4)n3)cs2)s1,17.11819749746419
CNc1nc(-c2cscn2)nc(-n2c(SC3CCCC3)nc3c(F)ncnc32)n1,17.104512136966157
CC1COCCN1Nc1cc(-n2cnc(-c3cccs3)n2)nc(-c2nccs2)n1,17.09835919266843
c1csc(-c2nsc(-c3nc4nc(NCc5ccc(N6CCC6)nc5)on4n3)n2)c1,17.09614251656209
Cc1cncc(N2CC[C@H](Nc3nnc(-c4nc(-c5cccs5)ns4)s3)C2)n1,17.092623990477446
Cn1cc(-c2nsc(-c3ncc(NC4CCN(c5ccccn5)CC4)s3)n2)nn1,17.08094573928998
CCOc1ccc(-c2ncc3nc(-c4nsc(N5CCNCC5)n4)sc3n2)o1,17.072542466502394
Nc1nc(-c2nc3nc(-c4cccs4)nn3n2Cc2ccc(N3CCC3)nc2)cs1,17.06826145434744
Cc1nc(-c2nc(-c3nnc(N4CCN(c5cccc(N)n5)CC4)s3)ns2)cs1,17.064096391535593
Cn1cnc2c(Nc3nc(-c4cccs4)ns3)nc(-c3ccc(N4CCC4)nn3)nc21,17.05443587764753
CN1CCC(n2nc(-c3nccs3)nc2NCc2ccc3c(c2)OCO3)C(C#N)C1,17.036948198580145
Cn1nc(-c2ccccn2)nc1Nc1sc(-c2nsc(N3CCCC3)n2)nc1F,17.035582922974385
O=C(O)c1csc(-c2noc(-c3ccc(N4CCN(c5nccs5)CC4)nc3)n2)n1,17.02278154091221
Cc1nc(NCc2ccc(F)s2)n2nc(-c3nc(-c4cccs4)ns3)nc2n1,17.01359068039408
c1csc(-c2nc(NN3CCCCC3)nc(-n3cc(-c4ccsc4)nn3)n2)n1,17.00249563958937
O=C(O)c1nc(-c2nn(-c3nccs3)nc2SCc2cccs2)cs1,16.99658565675797
c1csc(-c2nc(NCc3ccc4c(c3)OCO4)n(Cc3nccs3)n2)c1,16.989102882005813
c1csc(-c2nc(NCc3ccc4ncsc4c3)n3nc(-n4nccn4)nc3n2)c1,16.985328527151726
CCOC1(C)CSC(N)=NN1c1csc(-c2nsc(N3CCCCC3)n2)n1,16.98320729926266
Cc1nn(Cc2ccc(-c3nc4c(N)nc(-c5cscn5)nc4s3)cc2)s1,16.96757648020084
COc1nc(-c2nc(Nc3nc(-c4ccco4)cs3)nc(N3CCNCC3)n2)cs1,16.963755285575708
Cc1ccn(-c2nc(-c3cscn3)nn2C2CCCN(c3csc(N)n3)CC2)n1,16.962199613015414
Cc1nnc(-c2csc(-c3nnc(N4CCN(c5cccc(N)n5)CC4)s3)n2)s1,16.930772811897487
COC1CCCCN1Nc1cc(-n2nnc(-c3cccs3)n2)nc(-c2cccs2)n1,16.9276932909736
c1coc(-n2nc(-c3csc(N4CCOCC4)n3)nc2NCc2nccs2)c1,16.91141094412278
COc1ccc(-c2nsc(Nc3ncnc(-c4cc5cccnc5s4)n3)n2)cn1,16.907863172067064
Cn1c(N)c(-c2nc(-c3cccs3)nn2Cc2noc(N3CCC3)n2)sc1=S,16.905107425357357
CSc1nc(-c2nccs2)nn1-c1ncc2cnc(NC3CCOCC3)cc2n1,16.892154900381446
Fc1ccc(-c2nsc(Nc3nc(-c4cnc(N5CCOCC5)nc4)no3)n2)cc1,16.883301793099996
CN(C)c1nccc2sc(Nc3ccc(-n4nnc(-c5nccs5)n4)cc3)nc12,16.88132390713729
CSc1nc2ccc(Nc3nnc(-c4cnnc(-n5cccn5)n4)s3)cc2s1,16.88127158215379
c1csc(Nc2cc(-n3nccn3)nc(-c3csc(CN4CCCC4)n3)n2)n1,16.864901609749676
c1csc(-c2ncc(CNc3nc(-c4nnc(N5CCCC5)s4)ns3)cn2)c1,16.85904897136325
Nc1nc(-n2nc(-c3nnc(CN4CCCCC4)s3)nc2-c2cccs2)cs1,16.84527936403809
CSc1ccc(-c2nc(Cl)c(N3CCN(c4nsc(N)n4)CC3)s2)nn1,16.84430070745847
Cc1nc(-c2nnc(NC3CCN(c4nc(-c5cccs5)cs4)C3)s2)no1,16.842746088488962
Cc1nsc(-c2ccn(-c3nc(Nc4cccs4)nc(N4CCCCC4)n3)n2)n1,16.832590328593195
O=C(O)c1csc(-c2nccc(N3CCN(c4nc(-c5cccs5)no4)CC3)n2)n1,16.82928251848559
Cn1nc(NC2CCCN(c3nccc(-c4nccs4)n3)C2)nc1-c1nccs1,16.826536541831242
Nc1nc(=S)oc2c1c(-c1cnc(-c3nccs3)s1)nn2CCN1CCOCC1,16.82567017698011
Cc1nc(-c2nc(-c3nccs3)nn2C2CCN(c3csc(N)n3)CC2)cs1,16.822728425385577
Cc1noc(-c2ccc(Nc3nnc(-c4nsc(N5CCOCC5)n4)s3)cc2)n1,16.81261798099514
Cc1csc(-n2nc(N3CCCC3)nc2NCc2nnc(-c3ccccn3)s2)n1,16.80440440562953
Clc1ccc(-n2nnc(-c3nsc(NCc4ccc5c(c4)OCO5)n3)n2)cc1,16.797293736915634
COc1csc(-c2nc(Nc3csc(-c4cncs4)n3)nc(N3CCCC3)n2)n1,16.79726822986445
CNc1nc(SC2CCOCC2)nc2nc(-c3nc(-c4ccsc4)ns3)nn12,16.788948349396378
Cc1noc(-c2nnc(Nc3cc(N4CCN(c5cccs5)CC4)ncn3)s2)n1,16.78648309355237
c1csc(CNc2nc(-c3nccs3)nn2-c2nnnc(-c3cccs3)n2)c1,16.74278682218755
Nc1nc(-c2nsc(-c3cnc(N4CCN(c5ncccn5)CC4)s3)n2)cs1,16.724896204447106
Cc1nc(-c2nsc(-c3csc(NN4CCOC(c5cccnc5)=N4)n3)n2)cs1,16.72066617256441
Nc1nc(-c2ncc(-c3cn(C4CCN(Cc5nccs5)CC4)nn3)s2)cs1,16.708357363666146
CSc1nnc(-c2nc3oc(-c4ccc(N5CCOC(C)C5)nc4)nc3s2)s1,16.696967902745193
c1csc(-c2nsc(Nc3ccnc(-n4ncc(CN5CCOCC5)n4)c3)n2)c1,16.686844093835482
Cc1nsc(-c2nsc(-c3ncc(NC4CCN(c5ncccn5)C4)s3)n2)n1,16.671877759895587
Cc1ccc(N2CCCC(Nc3csc(-n4cc(-c5csnn5)nn4)n3)C2)nc1,16.66993251820707
CCNc1ncc(-c2ncc3nc(-c4cnc(N5CCOCC5)o4)sc3n2)s1,16.6680467873073
Cn1c(-c2nsc(CN3CCCCC3)n2)nc2nc(-c3cnc(N)s3)sc21,16.663152791794413
c1ccc(-n2cc(CNc3nc(-c4nccs4)nn3C3CCOCC3)nn2)cc1,16.655930871995764
c1csc(CNc2nc(-c3csnn3)nc(-c3csc(N4CCOCC4)n3)n2)c1,16.650592648176616
Cn1cc(-c2csc(-c3cn(Cc4nnc(-c5cccs5)s4)nn3)n2)cn1,16.646735388283908
CN1CCCC(Nc2ncc3nc(-c4csc(-c5cn(C)nn5)n4)sc3n2)CC1,16.644456375953236
CN1CCCN(c2nc(-c3nncc(Nc4ncc(-c5ncco5)s4)n3)cs2)CC1,16.63967520368781
CSc1nc(-c2csc(N3CCNCC3)n2)n(C2CCCCC2c2nnco2)n1,16.6315205853631
c1ccc(CSc2nn3nc(-c4nsc(NN5CCCCC5)n4)nc3s2)nc1,16.629242847334883
Cn1nc(-c2nc(-c3csc(N)n3)nn2Cc2ccc3c(c2)OCO3)sc1=S,16.620348913712625
CSc1nc2c(N)nc(-c3cnn(-c4nc(-c5cccs5)ns4)c3)cc2s1,16.615270267526654
c1cn(Cc2csc(Nc3nc(-c4csc(N5CCOCC5)n4)ns3)n2)cn1,16.606017605595344
c1ccc(-c2nnc(CNc3nnc(-c4nc(N5CCCC5)ns4)s3)s2)nc1,16.59736367773556
Nn1nc(-c2cccs2)nc1-n1cnc(CSc2nnc(C(F)(F)F)s2)n1,16.593193682131364
COc1cc2sc(Nc3nc(-c4ccn(C)n4)nc(N4CCCCC4)n3)nc2s1,16.592688004806636
CSc1nc2ccccc2n1-c1cc(Nc2nc(-c3cscn3)ns2)nnn1,16.59124526013958
Cn1ccnc1-c1nccc(Nc2nnc(-c3csc(N4CCOCC4)n3)s2)n1,16.586365508185892
COc1nc2sc(-c3cc(N4CCCCC4)nc(Nc4nccs4)n3)nn2n1,16.577378758845175
Nc1nc(-c2csc(-c3nccs3)n2)nn1Cc1csc(N2CCCC2)n1,16.567357273846927
c1nc(Nc2ccc(N3CCOCC3)cc2)nc(-n2cc(Oc3nccs3)cn2)n1,16.566491591964425
COc1cnn(-c2nsc(-c3nnsc3Nc3ccc(Br)cc3)n2)n1,16.554163493033915
COc1ccc(-c2nc(Nc3ncnc(Cl)n3)c3c(n2)sc(=S)n3C)cn1,16.547861619395867
C(=N/Nc1nnc(-c2nnc(N3CCCC3)s2)s1)\c1ccc(-n2cncn2)cc1,16.546120095920962
COc1cnn(-c2nc(Oc3ccccc3)cc(-c3cnc(N4CCNCC4)s3)n2)n1,16.541147106552845
CSc1nc(NC2CCN(c3nc(-c4ccco4)ns3)C2)nc(-c2cscn2)n1,16.519546389662107
CCn1c(-c2csc(N)n2)nc2sc(-c3nsc(N4CCCCC4)n3)nc21,16.515327230502333
Nc1nc(-c2nc(-c3cccs3)ns2)nn1Cc1csc(N2CCCC2)n1,16.515105459660617
CSc1nc(-c2ncnc(N3CCC(Nc4nc(-c5cccs5)ns4)C3)n2)co1,16.51483319120313
CSc1nc(-c2cscn2)n(-c2nc(NC3CCCC3)nc(N3CCCCC3)n2)n1,16.50187465688358
Cn1nc(-c2nccs2)n1-c1cc2sc(-c3ccc(N4CCC4)nc3)nc2c(N)n1,16.49673830589571
CC1CN(c2cnc(SCc3nc4nnc(-c5nccs5)nc4s3)s2)CO1,16.485026718568292
COc1ccc(-c2cn3c(NCc4cccs4)nc(-c4nccs4)nc3n2)nn1,16.484340430689365
CN1CCCN(c2ncc(-c3cnc4nc(-c5csc(N)n5)sc4n3)s2)CC1,16.483534900485772
c1ccc(-n2cc(CNc3nc(-c4cccs4)nn3-c3ccnc4ccnn34)nn2)cc1,16.475106390713822
Cc1nnc(CNc2nc(-c3nc4ncsc4s3)nc(N3CCCCC3)n2)s1,16.468221988657906
CCNc1nc2c(N3CCOCC3)nc(-c3nc(-c4cccs4)ns3)nc2s1,16.46473920837292
c1csc(CNc2cn(-c3nc(-c4nnc(N5CCCCC5)s4)ns3)nn2)c1,16.451784211299387
c1csc(-c2ccc(CNc3nc(-c4nsc(N5CCOCC5)n4)no3)cn2)c1,16.450216414085176
c1csc(-c2nnn(-c3ncnc(Nc4ccc(CN5CCOCC5)cc4)n3)n2)c1,16.44624850079242
Cn1nc(-c2nsc(N3CCCCC3)n2)nc1NCc1ccc2ncsc2c1,16.44131384880761
Cc1nc(NCc2ccc3c(c2)OCO3)c2nc(-c3cn(C)c(=S)s3)nn2n1,16.43981759217111
C=Cc1nc(-c2nc(C(=O)O)cs2)sc1-c1nnc(N2CCN(C)CC2)s1,16.43954656383697
O=c1sn(-c2ccc3c(c2)OCO3)nc1CNc1nc(-c2cccs2)ns1,16.435077523254332
CNc1ccc(-c2nc3sc(-c4cn(-c5ccc(OC)nc5)nn4)nc3s2)cn1,16.42700410873989
COc1csc(-c2cc(Nc3nc(-c4cncs4)ns3)nc(N3CCCC3)n2)n1,16.422628402834
CCOC(=O)c1sc(=S)n(-c2nc(-c3nnc(N)s3)cs2)c1C(F)(F)F,16.422176056375974
Cc1nn(-c2nc(-c3cscn3)ns2)c2nc(Nc3ccc(N4CCC4)cc3)ncc12,16.397261858683432
CNc1nnc2nc(-c3nsc(-c4ccc(CN5CCOCC5)s4)n3)sc2n1,16.39457493418337
C=Cn1cnc2c(NCc3nc(-c4cccs4)ns3)nc(-c3nccs3)nc21,16.39328577102741
CSc1nnc(-c2nc(-c3nn(C)c4nc(-c5cccs5)[nH]c34)cs2)s1,16.375901835595826
COc1nnc2cc(Cn3nc(N4CCCCC4)nc3Nc3nccs3)sc2n1,16.364475119528695
CCNc1nc(-c2nn3nc(-c4cncs4)nc3s2)nc(N2CCCCC2)n1,16.35969365648881
C(=N/Nc1cnc(-c2nsc(N3CCCCC3)n2)s1)\c1cn(C2CCCC2)nn1,16.358700881410716
Cc1nccc(-c2ccnc(Nc3nnc(-c4csc(N5CCNCC5)n4)s3)n2)n1,16.34614259585272
Nc1nc(N2CCCCC2)nc(-n2ncc(CSc3nc4ccccc4s3)n2)n1,16.342485229437663
CSc1nnc(-c2nnc(NC3CCN(c4ncc(C#N)s4)CC3)s2)s1,16.33678489668643
Cc1nc2c(NCc3nc(-c4cccs4)ns3)nc(-c3nccs3)nc2s1,16.334354749152386
Cc1nc(C2CNCCN2c2csc(-c3nc(-c4nccs4)ns3)n2)no1,16.31833160117219
c1cc2c(cc1CNc1nnc(-c3nc(-c4csnn4)ns3)s1)OCCO2,16.316884115181967
c1ccc(-c2nccc(Nc3nnc(-c4nnc(CN5CCCC5)s4)s3)n2)nc1,16.29639773965598
Cc1ccn(-c2nc(-c3nccs3)nn2C(=O)Nc2csc(N3CCCC3)n2)n1,16.287138346543884
CNc1ccnc(N2CCN(c3cnc(-c4nc(-c5ccco5)ns4)s3)CC2)n1,16.283109750878292
Cc1nc(-c2nsc(Nc3cc(N4CCCCC4)nc(-n4nccn4)c3)n2)cs1,16.28085593966311
Cc1nnc(-c2cc3nc(-c4csc(N5CCN(C)CC5)n4)sc3c(N)n2)s1,16.27462042622582
c1cc(Nc2nc(-c3ncc(CN4CCCC4)s3)ns2)nc(-n2nccn2)c1,16.272756955164873
N#Cc1nc(Cn2nc(-c3cscn3)nc2NCc2ccc3c(c2)OCO3)cs1,16.270408764495752
c1csc(-c2nc(NCc3ccc(-n4nccn4)cc3)n(-c3nccs3)n2)n1,16.26871631422754
CN(C)c1nnc(-c2cn3c(NC4CCCCC4)nc(-c4nccs4)nc3n2)s1,16.26210920625662
Nc1nc(-c2nsc(CN3CCCCC3)n2)nn1-c1nc(-c2cccs2)cs1,16.261593893550067
Cc1csc(N2CCC(Nc3ncnc(-c4nc(-c5cccs5)ns4)n3)C2)n1,16.2580632133623
Cn1c(-c2nc(-c3cccs3)ns2)nc2cnc(NCc3cncs3)nc21,16.249781374304288
c1csc(-c2nsc(-c3nc(NCc4ccc5c(c4)OCO5)n(C4CO4)n3)n2)c1,16.219707323156005
c1csc(-c2nnn(-c3nc(NCc4ccc5c(c4)OCCO5)nc(C4CC4)n3)n2)c1,16.21961268731229
CSc1nc2c(N)nc(-n3nc(-c4cscn4)nc3N3CCCCC3)cc2s1,16.212870311330114
Cc1csc(-c2nc(N3CCCC3)n(-c3cc(-c4nnc(N)s4)cs3)n2)n1,16.210904074162332
Cc1nn(-c2csc(N)n2)c2sc(-c3csc(CN4CCOCC4)n3)nc12,16.209728235288576
c1csc(Nc2nc(C3=S(CN4CCCC4)N=N3)cc(-c3nncs3)n2)n1,16.20670183307716
c1coc(-c2ncnc(NC3CN(Cc4cnc(-c5csnn5)s4)CCS3)n2)c1,16.206476355603392
Cn1cnc(-c2csc(-c3nnc(Nc4ccc(N5CCOCC5)cc4)s3)n2)n1,16.20012048442309
Cc1nc(Nc2nc(-c3cccc(-n4nccn4)n3)ns2)ccc1N1CCOCC1,16.193822676865818
c1nc(Nc2ccc(Oc3nccs3)cc2)nc(-c2csc(N3CCOCC3)n2)n1,16.186336877773908
Cc1nnc(-c2csc(-c3nnc(N4CCN(c5cccc(O)n5)C4)s3)n2)s1,16.18493019907062
Cc1ccc(N2CCN(c3nnc(-c4nc(-c5csc(N)n5)ns4)s3)CC2)o1,16.17030112302314
CSc1nnc(-c2csc(-c3nc(C(=O)O)cs3)n2)s1,16.13177780784316
CSc1nnc(-c2nc(-c3nn(C4CCNCC4)c4nc(C)cnc34)cs2)s1,16.11923212175465
Cn1cnnc1-c1cc(Nc2nc(-c3cccs3)ns2)nc(N2CCCCC2)n1,16.103809221790698
Cc1csc(-c2nsc(Nc3nccc(-c4csc(N5CCOCC5)n4)n3)n2)n1,16.098248480339233
CS[C@@H]1CCCN(c2nc(N)n3nc(-c4nc(-c5cccs5)ns4)nc3n2)C1,16.088366098976813
CC(=O)c1csc(Nc2csc(-c3nc(CN4CCSCC4)cs3)n2)n1,16.080673806588877
Cc1nc(N2CCC(Nc3nc(-c4nc(-c5cccs5)ns4)cs3)C2)n(C)n1,16.060820039977763
CSc1nsc(-c2noc(-c3nc(NC4CCN(C(C)(C)C)CC4)ns3)n2)n1,16.04900241931
CN(C)c1nc(NCc2cccs2)n2nc(-c3nc(-c4cccs4)ns3)nc2n1,16.0478914067558
Cn1nc(-c2nc(-c3nccs3)ns2)nc1NC1CCN(c2nccs2)CC1,16.02686508800166
Cc1nnc(N2CCC(Nc3nc(-c4nc(-c5cccs5)ns4)cs3)C2)nn1,16.022255815125163
Cc1nc(-c2cscn2)nc(N2CCN(c3nc(-c4ccc(O)cc4)ns3)CC2)n1,16.0069040701317
Nc1nc2nc(N3CCCCC3)nc(SCc3nc(-c4cccs4)ns3)n2n1,16.00103668921762
Cc1nnc(-c2nc(NCc3nc4cccnc4s3)nc(N3CCCCC3)n2)s1,15.99735062754263
S=c1nc(NCc2ccc3c(c2)OCO3)nc(-n2nnc(-c3cccs3)n2)s1,15.993033455812515
CNc1nc(SC2CCOCC2)nc2nc(-c3nc(-c4cccs4)ns3)nn12,15.992460821746304
C(=N/Nc1nc(-c2nnc(-c3cccs3)s2)cs1)\c1ncn(C2CCOC2)n1,15.981609870898819
CN(C)c1ccc(-c2nc3c(N)nc(-c4nsc(N5CCCCC5)n4)nc3s2)cn1,15.977963165933325
Cn1cnc2nc(-c3nc(NCc4nccs4)nc(N4CCCCC4)n3)sc21,15.969322309438288
c1sc(NC2CCOCC2)nc1-c1nc(-c2ccc(Cn3cnnn3)s2)ns1,15.960688462383233
C=Cc1cc(-c2nnc(N3CCN(c4nsc(N)n4)CC3)s2)nc(SC)n1,15.947243298652605
CSc1nnc(-c2nc(-c3ncn(C(=O)NCc4cccs4)n3)cs2)s1,15.946844819737553
COc1ccc(-c2nnc(Nc3nsc(-c4ccc5c(c4)OCCO5)n3)s2)cn1,15.945127384027398
Cn1c(CN2CCCC2)nc2sc(-c3csc(-c4ncc(C(=O)O)s4)n3)nc21,15.934818231594672
CSc1nc(NCc2ccc(-n3cncn3)cc2)n2nc(-c3cccs3)nc2n1,15.925429208157206
Nc1nc(-c2nc(-c3nccs3)nn2Cc2ccc3c(c2)OCCS3)cs1,15.92441458953651
CSc1nnc(-c2cc3nc(-c4cncs4)nc(NC4CCCC4)n3n2)s1,15.911988476016838
CN1CCCN(c2nc(Nc3nccs3)nc(-c3noc(-c4cccs4)n3)n2)CC1,15.908631202915519
c1ccc(-c2nsc(CNc3nc(-c4cccs4)nn3-c3nccs3)n2)cc1,15.90059425232744
Cc1nc2c(-c3csc(-n4ncs4)n3)nnc(NCc3ccc(F)cc3)n2n1,15.892536129233758
CNc1ccc(-c2nc3c(s2)c(-c2nc(-c4nccs4)ns2)nn3C)cn1,15.873107532492543
Cc1csc(-c2nsc(-n3cc(NC4CCN(c5nccs5)CC4)nn3)n2)n1,15.868003376255453
Cc1csc(N2CCC(Nc3nnc(-c4nc(-c5nccs5)ns4)s3)C2)n1,15.863607850926023
Cc1nc(NC2CCN(c3nc(-c4cccs4)ns3)C2)nc(-c2cncs2)n1,15.838991603641956
N=C1SCCC1n1nc(-c2ccc(CN3CCOCC3)o2)nc1Nc1nccs1,15.815320863007345
Cc1nnc2cc(-c3nc(NCc4cccs4)nc(N4CCOCC4)n3)sc2n1,15.783223899318806
Cn1nc(-c2cc3nc(-c4ccc(OCc5nnns5)cc4)ccn3n2)sc1=S,15.783218273418377
Cn1nc(-c2cscn2)nc1NCc1csc(-c2ccc3c(c2)OCCO3)n1,15.754505259680935
Cn1cnc2nc(-c3nc(CN4CCCCC4)cs3)nc(Nc3nccs3)c21,15.736150075217138
Cc1nsc(-c2nsc(-c3ncc(NC4CCN(c5nccs5)C4)s3)n2)n1,15.699225591740696
Clc1nn2c(-c3nc(NCc4cccs4)nc(N4CCCCC4)n3)nnc2s1,15.693424404216824
COc1ccc(-c2nc(NC3CCCC3)n3nc(-c4nn(C)c(=S)s4)nc3n2)cn1,15.687134973972578
Cn1cnc(-c2nc(Nc3nc(-c4cncs4)cs3)nc(N3CCCCC3)n2)c1,15.681294361481196
Cc1nc(-c2ncc(N3CCN(c4nc(-c5ccc(N)cc5)ns4)C3)s2)ns1,15.673409130199591
Cn1nc(-c2ncnc(Nc3ccc(N4CCC4)cc3)n2)n2nc(-c3cccs3)nc12,15.663744722250224
c1csc(-c2nc(NC3CC3)nc(N3CCN(c4nnc(C5CC5)s4)CC3)n2)n1,15.657210128608854
COc1ccc(Nc2nnc(-c3nsc(N4CCNCC4)n3)s2)c2cccnc12,15.647226924163272
Cc1nsc(-c2nc(-c3nnc(NC4CCN(c5ncccn5)C4)s3)cs2)n1,15.637448119629445
Cc1nc(-c2cccs2)nn1-c1nc(Cl)nc(NCc2ccc3c(c2)OCO3)n1,15.625376770025536
Cc1nc2sc(-c3nc(NCc4cscn4)nc(N4CCCCC4)n3)cn2n1,15.616816202206893
c1cnn(-c2csc(Nc3nc(-c4nnc(CN5CCCCC5)s4)ns3)n2)c1,15.614202440916786
Cc1ccn(-c2cnc(Nc3nccs3)nc2-c2csc(N3CCOCC3)n2)n1,15.594610561161133
CSc1nsc(-c2csc(Nc3cc(N4CCOCC4)nc(Cl)n3)n2)n1,15.57311066943366
Cn1nc(-c2nccs2)nc1NCc1nc(-c2ccc3ncsc3c2)ns1,15.559754186640331
Cc1nc2sc(-c3nc(NCc4nccs4)nc(N4CCCCC4)n3)nc2s1,15.557607344156942
Cn1cnc(-c2csc(Nc3nc(-c4nsc(N5CCCCC5)n4)ns3)n2)c1,15.556838704779517
CNc1ncc(-c2nc(N3CCCCC3)nc(N3CCC(c4nccs4)=N3)n2)s1,15.550862776691202
c1csc(-c2nnc(CNc3nc(-c4ncsn4)nc(N4CCCCC4)n3)s2)c1,15.55011273313616
Cn1nc(-c2cscn2)nc1-c1nnc(NC2CCN(c3nccs3)CC2)s1,15.543392879492805
Nc1nc(-c2csc(-n3cnc(SCc4ccc5c(c4)OCCO5)n3)n2)cs1,15.535127978720647
Cc1nc(-c2csc(-c3nc(C(=O)O)cs3)n2)nc(N2CCCN(C)CC2)n1,15.521412048099045
CN1CCN(c2ccnc(Nc3nnc(-c4nc(-c5cccs5)no4)s3)n2)CC1,15.508127881359531
Cn1ncnc1-c1cc(Nc2nc(-c3cccs3)ns2)nc(N2CCCCC2)n1,15.506661817281085
Cc1cccc(N2CCC(Nc3csc(-c4nnc(-c5csnn5)s4)n3)C2)n1,15.50627256207683
Cc1nc(C2CN(Nc3nc(-c4nc(-c5cccs5)ns4)cs3)CCO2)no1,15.499078951531242
CSc1nnc(-c2nc3c(N)nc(N4CCN(c5ccco5)CC4)cc3s2)s1,15.494066882944947
CN1CCN(c2ncc(-c3nc(Nc4nccs4)n(C4CCCC4C#N)n3)s2)CC1,15.486456075608277
Cc1nnc(-c2nc(Nc3ccc(N4CCOCC4)s3)nc(N3CCCCC3)n2)s1,15.484327906723946
Cc1nsc(-c2nsc(Nc3cc(N4CCCCC4)nc(-n4cccn4)c3)n2)n1,15.48145819021955
COc1nn2c(-c3nc(NC4CCCCC4)nc(N4CCCCC4)n3)nnc2s1,15.477469079155377
Cn1nc(-c2csc(Nc3nc(-c4nccs4)ns3)n2)nc1N1CCCC1,15.477454913708053
C(=N/Nc1nnc(-c2csc(N3CCOCC3)n2)s1)\c1ccc(-n2cccn2)cc1,15.451779973762209
Cc1nc(N2CCC(Nc3nnc(-c4nc(-c5cccs5)ns4)s3)C2)n(C)n1,15.442706706048487
CSc1nc2cccnc2n1-c1ccc(Nc2nc(-c3nccs3)ns2)nn1,15.43146407400979
CNc1nc(-c2nc(N3CCCCC3)cc(-n3nnc(-c4ccsc4)n3)n2)cs1,15.425714923709757
Cn1nc(-c2cscn2)nc1-c1cnc(NC2CCN(c3ncccn3)CC2)s1,15.41681514205993
CSc1nc(-c2nccs2)nn1-c1nnc2c(n1)n(C)c(=S)n2C1CCCC1,15.392117246027581
Nc1nc(-c2nc(CN3CCCCC3)cs2)ns1,15.377914493298842
Cc1nsc(-c2nsc(Nc3ccnc(-c4ccc(N5CCOCC5)nc4)c3)n2)n1,15.364180624461365
c1csc(-c2nnc(CNc3nc(-c4nncs4)nc(N4CCCCC4)n3)s2)c1,15.362962123486723
CNc1nc(C)nc(-c2nc3sc(-c4csc(N5CCCCC5)n4)nc3s2)n1,15.360149298599328
CSc1noc(-c2nc(-c3nnc(N4CCNCC4)s3)oc2-c2cccs2)n1,15.254697042782833
CSc1nc2nc(-c3sc(-c4cnc(N5CCCC5)s4)nc3N)sn2n1,15.248312251519588
Cc1nc(-c2nsc(-c3nsc(N)n3)n2)cs1,15.241731523103091
CSc1nc(-c2cc3c(N)nc(-c4cscn4)nc3s2)nc(N2CCOCC2)n1,15.231466192072716
Cc1ccc(-c2nccc(Nc3nnc(-c4nsc(N5CCNCC5)n4)s3)n2)o1,15.221721996602634
C(=N/Nc1cnc(-c2csc(N3CCOCC3)n2)s1)\c1nc(-c2ccccc2)no1,15.213145990554338
CN(C)c1ccc(-c2nc3c(N)nc(-n4nnc(-c5cccs5)n4)cc3s2)cn1,15.212416972476674
Cc1ccn(-c2nc(Nc3nc4sc(C)nc4s3)nc(N3CCCCCC3)n2)n1,15.201591600775167
Cc1nnc(N2CCC(Nc3nnc(-c4nc(-c5cccs5)ns4)s3)C2)n1C,15.200843601963598
Cn1cnc(-c2csc(-c3nc(Nc4nccs4)nc(N4CCCC4)n3)n2)c1F,15.199009306115403
Cc1nc(N2CCC(Nc3nnc(-c4nc(N5CCCCC5)ns4)s3)CC2)no1,15.172832414767782
COc1ccc2nc(Nc3nc(-c4nnc(N5CCCCC5)s4)ns3)sc2n1,15.170869244555938
COC(=O)c1nnc(-c2nc(Nc3ccc(N4CCSCC4)nc3)cs2)s1,15.16878868589493
Cn1cc(CNc2nc(-c3ccc4c(c3)OCO4)nc3nc(-c4cccs4)nn23)cn1,15.168585478616428
Fc1sc(NCc2ccc(-n3cncn3)cc2)nc1-n1nnc(-c2cccs2)n1,15.156752774643001
C[C@@H]1COCCN1c1nc(-c2nc(Nc3nccs3)nc(N3CCCCC3)n2)cs1,15.155603076375481
COc1nc(-c2nnc(Nc3nc4c(s3)COCC4)s2)nc(N2CCCCC2)n1,15.152686704960868
c1csc(-c2csc(Nc3nc(-c4cscn4)nc(N4CCOCC4)n3)n2)c1,15.1436235537455
CSc1noc(-c2cnc(N3CCN(c4nc(N)c5ccccc5n4)CC3)s2)n1,15.139416277775794
Nc1nc(-c2csc(-n3nc(-c4cscn4)nc3CN3CCCCC3)n2)cs1,15.135008683480999
Cn1c(F)c(-c2nnc(SCc3nsc(-c4ccccn4)n3)o2)sc1=S,15.134992196984514
COc1ccc(-c2nsc(N3CC(Nc4nc(-c5cccs5)ns4)C3=O)n2)cc1,15.113474296497396
c1cc2c(cc1CNc1nc(-c3nc(N4CCCCC4)ns3)nn1C1CC1)OCO2,15.102868751153423
c1ccc(-c2nc(CNc3nc(-c4nncs4)nc(N4CCCCC4)n3)cs2)nc1,15.080589358687218
Cc1csc(-c2nsc(Nc3nc(-c4ccnc(N5CCOCC5)n4)cs3)n2)n1,15.075777531697279
COc1ccc(-c2nc(NC3CCN(C(C)(C)C)CC3)nc(-n3ncs3)n2)cn1,15.066797296978889
c1csc(Nc2nc(-c3ccc(CN4CCOCC4)o3)nn2C2CCSCC2)n1,15.064018864155793
Cn1cnc(-c2nc(-c3nnc(NC4CCN(c5nccs5)CC4)s3)cs2)n1,15.045763629340787
CN1CCCN(c2nc(-c3csc(-c4ncc(C(=O)O)s4)n3)ns2)CC1,15.039864808158937
Nc1nc2n(-c3ccccc3)c(SCc3nnc(-c4cccs4)s3)nn2n1,15.0304385988465
CN1CCCCN(c2nc(-c3csc(-c4ncc(C(=O)O)s4)n3)ns2)CC1,15.02520503091035
CSc1sc(N2CCOCC2)nc1-c1nsc(-c2nc(C(=O)O)cs2)n1,15.02343934548627
Cn1c(-n2nnc(-c3cccs3)n2)nc(NCc2ccc3c(c2)OCO3)nc1=S,15.019246899035448
c1csc(-n2cc(CNc3nc(-c4nccs4)nc(N4CCCC4)n3)nn2)c1,15.01356295694965
CSc1nnc2sc(-c3nc(NC4CCCC4)n4nc(SC)nnc34)cc2n1,15.010071713007271
CN1CCC(Nc2cc(-n3nnc(-c4cccs4)n3)nc(-c3nccs3)n2)CC1,15.002638334324416
CSc1nc(NCc2ccc3c(c2)OCO3)nc(-c2nnc(N3CCCCC3)s2)n1,14.984570087920458
CNc1nsc(-c2nc(N3CCCCC3)cc(-n3ccc(-c4nccs4)n3)n2)n1,14.952070214042978
FCCn1cnc2sc(-c3nc(Nc4nccs4)nc(N4CCCCC4)n3)nc21,14.90844616835842
Cc1ccn(-c2nsc(Nc3nccc(-c4csc(N5CCOCC5)n4)n3)n2)n1,14.903338744543975
Nc1nc(-n2nnc(-c3cccs3)n2)nc2sc(SCc3cccs3)nc12,14.898850772037795
c1ccc(-n2cc(CNc3nc(-c4nccs4)nn3-c3cncs3)nn2)cc1,14.870109561671994
c1csc(-c2ncnc(-n3nc(N4CCCCC4)nc3NCc3nccs3)n2)c1,14.861695385925128
c1cnc2sc(CSc3nnc(-c4nc(N5CCCCC5)ns4)o3)nc2c1,14.858755860798563
c1ccc(Nc2nnc(-c3cnc(CN4CCN(c5ncsn5)CC4)s3)s2)nc1,14.849620716201295
Nc1nc(-c2nnc(SCc3nc4ccccc4s3)s2)nc(N2CCCCC2)n1,14.846611698606164
CN1CCCN(c2nc(-c3nnc(Nc4nccc(-c5ccco5)n4)s3)ns2)CC1,14.843346835205663
c1nc(-c2ccc(CSc3nnc(-c4nsc(N5CCNCC5)n4)s3)cc2)no1,14.842991423784564
Cn1nc(-c2cccs2)nc1Sc1nn2cc(-c3ccc(N)nc3)nc2s1,14.84171059042828
COc1ncnc2sc(Nc3nc(-c4nnc(CN5CCCC5)s4)cs3)nc12,14.830844779893988
c1ccc(-c2nc(CNc3nc(-c4nnsn4)nc(N4CCCCC4)n3)cs2)cc1,14.830719373726405
Cc1ccc2nc(Nc3nnnc(-c4nc(CN5CCCCC5)cs4)n3)sc2n1,14.827964506750131
Cc1noc(N2CCCC(Nc3cnc(-c4nsc(N5CCCCC5)n4)s3)C2)n1,14.824740857481714
Cn1cc(CNc2nc(-c3nc4scnc4s3)nc(N3CCCCC3)n2)cn1,14.819462973119716
Cc1ccc(-c2nncc(-n3nc(N4CCCCC4)nc3Nc3nccs3)n2)s1,14.81749061317005
Cc1nc(-c2nsc(-c3nnc(NC4CCN(c5ncccn5)C4)s3)n2)cs1,14.799618468251206
c1cc2c(cc1CNc1nc(-c3nsc(N4CCCCC4)n3)nn1C1CC1)OCO2,14.793593262478451
Cc1coc(C2CN(Nc3nc(-c4nc(-c5nccs5)ns4)cs3)CCO2)n1,14.788402077262262
Cn1nc(-c2cccs2)nc1SSc1nc2nc(C(C)(C)C)cc(N)n2n1,14.780801472781166
Cc1nc(-c2cncs2)cn1-c1nc(Nc2nccs2)nc(N2CCCCC2)n1,14.766569322726061
Nc1nc(-c2nnc(-n3nc(-c4cccs4)nc3CN3CCCCC3)s2)cs1,14.76332649534091
c1cc(N2CCC2)nc(Nc2nn3nc(-c4nc(CN5CCCCC5)cs4)nc3s2)n1,14.762154975506771
CNc1nc(-c2nnc(SCc3nc4ccccc4o3)s2)nc(N2CCCCC2)n1,14.760536170404334
Cc1csc(-c2nc(Nc3ccc(-n4ccnn4)s3)nc(N3CCCCC3)n2)n1,14.757728512331155
c1sc(N2CCNCC2)nc1-c1nnc(-c2nnc(SCC3CCCC3)o2)s1,14.740752297617005
CSc1nnc(-c2nc(N3CC4CCCC4C3)c(-c3nnc(N)s3)s2)s1,14.734452589814449
c1cnc(Nc2nc(-c3ccc(CN4CCSCC4)s3)nc(-n3cccn3)n2)nc1,14.73268598227051
COc1cccc(-c2nc3oc(=S)nc(NC4CCN(c5ncsn5)CC4)n3n2)c1,14.725122374305627
Nc1nc(-c2nccs2)nc2nc(-c3nc(CN4CCOCC4)cs3)sc12,14.711005477409515
Cc1noc(N2CCC(Nc3cnc(-c4nc(N5CCCCC5)ns4)s3)CC2)n1,14.693912270526063
Cn1cc(-c2nn(-c3ccnc(-c4ccc(Cn5cncn5)cc4)n3)o2)sc1=S,14.691800011558696
CN1CCC(Nc2ncnc(-c3nn(C)c4nc(-c5nccs5)sc34)n2)CC1,14.690682779674919
c1ccc(-c2nsc(CNc3nc(-c4nccs4)nn3-c3nccs3)n2)cc1,14.683088967956278
c1csc(-c2nc3ncnc(NC4CCN(Cc5noc(C6CC6)n5)CC4)n3n2)c1,14.667813378929882
c1ccc(-n2nc(-c3nc(NCc4nccs4)nc(N4CCCCC4)n3)s2)nc1,14.664708057699533
Cc1nc(-c2nnc(Nc3ccc(N4CCN(c5ncccn5)CC4)nc3)s2)ns1,14.655643083878816
CSc1nnc(-c2nc(-c3nc(N)sc3C(=O)N3CCSC3)cs2)s1,14.63919017970206
CNc1nc(-c2ncc(-n3cnc(-c4cccs4)n3)s2)nc(N2CCCCC2)n1,14.63298545088448
Cc1cc(N)nc(N2CCN(c3csc(-c4nnc(-c5nccs5)s4)n3)CC2)n1,14.614709664471553
COc1cc(-c2nc3sc(-c4nc(CN5CCCCC5)cs4)nn3n2)sn1,14.614452326564269
Cc1nc(N2CCOCC2)ccc1Nc1nc(-n2cnc(-c3nccs3)n2)cs1,14.605445432871255
COc1ccc(-n2nc(-c3nccs3)nc2/N=N/c2nc3c(s2)CNCC3)cc1,14.593774832426726
c1csc(-c2noc(Nc3nc(-c4csc(N5CCOCC5)n4)cs3)n2)n1,14.54571209112381
Cc1cn(-c2nc(N)nc(-c3cccs3)n2)nc1-c1csc(N2CCOCC2)n1,14.543195275057847
CNc1nc(-c2nccs2)nc(-n2nc(-c3ccc(OC)nc3)sc2=S)n1,14.521122145492368
c1ccc(-c2nc(CNc3nc(-c4nncs4)nc(N4CCCCC4)n3)ns2)cc1,14.520347324171723
Cc1cn2nc(-c3nc(NCc4cscn4)nc(N4CCCCC4)n3)sc2n1,14.501425536140314
Cn1cc(-c2nc3sc(-c4nc(NC5CC5)nc(N5CCCCC5)n4)nc3s2)cn1,14.488393978945075
Cc1cc(Nc2nnc(-c3nnc(N4CCCCC4)s3)s2)nc(N2CCCC2)n1,14.473755697952885
Cc1nc(NC2CCN(c3nccs3)CC2)nc(-n2cnc(-c3cccs3)n2)n1,14.467413118587082
c1csc(-c2csc(-c3nc(NCc4cscn4)nc(N4CCCCC4)n3)n2)n1,14.463663859115412
c1csc(Nc2nc(-c3nnc(N4CCCCC4)s3)nc(N3CCCC3)n2)n1,14.45427822761137
Cc1cc(N2CCN(c3csc(-c4csc(-c5csnn5)n4)n3)CC2)nc(N)n1,14.453382614755874
Cc1ccc(-c2nc3ncnc(NC4CCN(c5nsc(C6CC6)n5)CC4)n3n2)o1,14.452895869710789
CN(C)c1nnc(-c2nc(Nc3ccc4nsnc4c3)nc(N3CCCCC3)n2)s1,14.431371173428067
CC1ON(c2csc(-n3cc(-c4nccs4)nn3)n2)N=C1NCc1cccs1,14.399374398140058
Cc1cnc(N2CCC(Nc3nnc(-c4nc(-c5cccs5)ns4)s3)C2)nn1,14.384003157274114
Cc1csc(N2CCC(Nc3nc(-c4cccs4)nc(-n4cncn4)n3)CC2)n1,14.37658324310697
CN1CCC(Nc2nnc(-c3csc(-n4cnc(-c5cccs5)n4)c3)nn2)CC1,14.370984286867714
c1cncc(-c2csc(Nc3nc(-c4nnc(CN5CCCC5)s4)ns3)n2)c1,14.367070995282601
Cc1nsc(-c2nsc(Nc3nc(-c4cccc(N5CCOCC5)n4)cs3)n2)n1,14.346611794166794
Cn1nc(-c2nc(-c3cccs3)ns2)nc1NC1CCN(c2nccs2)CC1,14.345565703452442
Cc1nsc(-n2nc(N3CCCC3)nc2NCc2nc(-c3cccs3)ns2)n1,14.34463465010937
CSc1nc2ccnc(NC3CCN(c4nc(-c5ccccn5)ns4)CC3)n2n1,14.336468115330492
COc1cc(N2CCCC2)nc(Nc2nnc(-c3nsc(N4CCCC4)n3)s2)n1,14.31531237882192
COc1cc2nc(Nc3nc(N4CCCCC4)nc(-n4ccc(C)n4)n3)sc2s1,14.311936031899956
c1cnc(N2CCC(Nc3csc(-c4nc(-c5nccs5)ns4)n3)C2)nc1,14.296440699138
Cn1cnc(N2CCC(Nc3nnc(-c4nc(-c5nccs5)ns4)s3)CC2)c1,14.272139797851105
Cc1nc(Nc2nnc(-c3nc(N4CCCCC4)ns3)s2)nc(N2CCCC2)n1,14.247352801907164
c1csc(-c2ncnc(Nc3nc(-c4csc(CN5CCOCC5)n4)ns3)n2)c1,14.242205933651043
c1ccc(Cn2nc(N3CCCCC3)nc2Nc2nc(-c3nncs3)cs2)nc1,14.240868617580526
c1cnc(Nc2nc(-c3nc(CN4CCN(c5ccsn5)CC4)cs3)no2)nc1,14.224782664317056
COc1ccc(-c2nc3sc(-c4csc(CN5CCOCC5)n4)nn3n2)s1,14.223058691201542
Cc1cnc2nc(-c3nc(NCc4cscn4)nc(N4CCCCC4)n3)sc2n1,14.195193697606319
Cc1nc(-c2csc(Nc3nnc(-c4cccs4)s3)n2)nc(N2CCOCC2)n1,14.192904324415476
CN1CCC(Nc2nnc(-c3csc(-n4cnc(-c5ccco5)n4)n3)s2)CC1,14.19053720404349
c1ccc(-n2cc(CNc3nc(-c4cscn4)nn3-c3nccs3)nn2)cc1,14.185226310966518
Cc1ccnc(N2CCC(Nc3csc(-n4nnc(-c5cscn5)n4)c3)CC2)n1,14.184684485283405
c1cnc(N2CCC(Nc3nnc(-c4nc(-c5nccs5)ns4)s3)C2)nc1,14.180917231958183
c1cnc(-c2coc(Nc3nnc(-c4nc(CN5CCSCC5)cs4)s3)n2)cn1,14.127985824092617
c1csc(-c2csc(Nc3nnc(-c4nnc(CN5CCCC5)s4)nn3)n2)c1,14.112141440182723
Cc1nn(C)c2sc(Nc3csc(-c4nsc(CN5CCCCC5)n4)n3)nc12,14.108998472117154
c1ccc(-c2nnc(CNc3nc(-c4nncs4)nc(N4CCCCC4)n3)s2)cc1,14.097785043406374
Oc1ccc(-n2nnnc2SCc2nnc(-c3ccc4c(c3)OCO4)s2)cc1,14.085015400726656
Cc1nnc(N2CCC(Nc3cnc(-c4nc(-c5nccs5)ns4)s3)C2)s1,14.084686643108384
COc1ccc2sc(Nc3nc(-c4nccs4)nc(N4CCOCC4)n3)nc2c1,14.075805555470213
CNc1cccc(N2CCN(c3csc(-c4nnc(-c5nccs5)o4)n3)CC2)n1,14.062541317101694
COc1ccc(-c2nc3oc(=S)nc(NC4CCN(c5nccs5)CC4)n3n2)cn1,14.03110820240771
Cc1cc(Nc2nc(-c3cccs3)ns2)nc(-c2nccc(N3CCOCC3)n2)n1,14.016302362888984
CSc1nc2nc(-c3nc(Nc4nccs4)nc(N4CCCC4)n3)sc2n1C,14.014164588464041
c1csc(-c2nc(-c3nnc(NCc4ccc5c(c4)OCO5)s3)n(C3CC3)n2)n1,14.00508524541925
c1ccc(-n2cc(CNc3nc(-c4cccs4)nn3-c3nccs3)nn2)cc1,13.999805725227795
CNc1ncc(-c2nc(F)c3nc(-c4nc(CN5CCOCC5)cs4)sc3n2)o1,13.9828041792933
Cc1nc(-c2cnc(Nc3nc(-c4ccsc4)ns3)s2)nc(N2CCOCC2)n1,13.966905264870416
CN1CCN(c2nc(-c3ncc(Nc4ncnc(-c5ccco5)n4)s3)cs2)CC1,13.964211864314352
c1ccc(-c2coc(Nc3nnc(-c4nsc(CN5CCSCC5)n4)s3)n2)nc1,13.94739557096206
CSc1nc2sc(-c3nc(NC4CCCC4)nc(N4CCCCC4)n3)nn2n1,13.946974266789486
CSc1nnc(-c2nc3nccc(NC4CCN(c5ncccn5)CC4)n3n2)s1,13.931626065538286
Cn1cc(-c2nsc(N3CCC(Nc4nc(-c5nccs5)ns4)CC3)n2)cn1,13.91294164494986
CN1CCN(c2nc(Nc3nc(-c4ccco4)cs3)nc(-c3cncs3)n2)CC1,13.903879262436435
c1cc(-c2csc(Nc3csc(-c4nnc(CN5CCOCC5)o4)n3)n2)cs1,13.871786070666689
c1coc(CN2CCC(Nc3nnc(-c4nc(-c5nccs5)ns4)s3)CC2)n1,13.868617290432207
COc1nnc(-c2nnc(N3CCN(c4cc5sccc5c(N)n4)CC3)s2)s1,13.851385456755516
CNc1ncc(-c2nc3sc(-c4nnc(CN5CCCCC5)s4)nc3s2)cn1,13.780985855464328
Nn1nc(N2CCCCC2)nc1-c1nnc(SCc2nc3ccccc3s2)s1,13.776123639498048
Cn1nc(-c2ncnc(NC3CCN(c4nc(C5CC5)ns4)CC3)n2)sc1=S,13.7678936560538
Cc1cnc2nc(Nc3csc(-c4nc(CN5CCOCC5)cs4)n3)sc2n1,13.76213042719744
CCNc1nc(-c2nc3sc(-c4nccs4)nc3s2)nc(N2CCCCC2)n1,13.761067154396686
c1cnc(N2CCC(Nc3nnc(-c4nc(-c5nccs5)ns4)s3)CC2)nc1,13.746060790172837
c1csc(Nc2nc(N3CCCCC3)nn2Cc2nc(-c3nccs3)ns2)n1,13.678527036440926
c1ccc(-c2cccc(Nc3nnc(-c4nsc(N5CCOCC5)n4)s3)n2)nc1,13.668875688026862
CNc1nnc(-c2nc3sc(-c4cnc(CN5CCOCC5)o4)nc3s2)s1,13.666081059488599
c1cncc(-c2nnc(Nc3nnc(-c4nc(CN5CCOCC5)cs4)s3)s2)c1,13.66072643686632
CSc1nc2sc(-c3nc(NCc4cccs4)nc(N4CCCC4)n3)nn2n1,13.614051346827155
Cc1noc(N2CCN(c3ccc(Nc4nc(-c5nccs5)ns4)cc3)CC2)n1,13.598242086798676
Cc1nnc(N2CCC(Nc3nnc(-c4nsc(N5CCCCC5)n4)s3)CC2)o1,13.589861556307689
COc1cnc2sc(-c3nc(Nc4nccs4)nc(N4CCCCC4)n3)nc2n1,13.57164277544634
CNc1ccc(-c2nnc3nc(-c4nnc(CN5CCOCC5)s4)sc3n2)s1,13.565454293767088
Nc1nc(-c2nc(-c3cccs3)ns2)ns1,13.562153412614675
Cc1nc(-c2nc3sc(-c4csc(CN5CCOCC5)n4)nc3s2)sc1N,13.519955162101143
Cn1ccnc1N1CCC(Nc2nnc(-c3nc(-c4nccs4)ns3)s2)CC1,13.51336398410251
COc1cccc(-c2nc(N)c3nc(-c4nnc(CN5CCOCC5)s4)sc3n2)c1,13.509880597099569
Cn1nc(-c2nccs2)nc1NC1CCN(c2nc(-c3nccs3)ns2)CC1,13.489260204025797
Cc1nc(Nc2nc(-c3nc(N4CCCCC4)ns3)cs2)nc(N2CCCC2)n1,13.455440283690423
c1csc(Nc2nc(-c3nc(N4CCOCC4)cs3)nc(N3CCCCC3)n2)n1,13.44207236705862
c1csc(-c2csc(Nc3cnnc(-c4nnc(CN5CCCC5)s4)n3)n2)n1,13.440589455034647
CNc1nc(-c2nc3c(nc(-c4nccs4)n3C)s2)nc(N2CCCCC2)n1,13.41374476678247
c1cc(-c2csc(Nc3csc(-c4nnc(CN5CCOCC5)s4)n3)n2)ccn1,13.395660785430207
CC1CCCN1c1nnc(-c2nc(Nc3nccs3)nc(N3CCCCC3)n2)s1,13.394923781626499
c1nc(Nc2nc(CN3CCCCC3)cs2)cc(-n2cnc(-c3nccs3)n2)n1,13.393388378318088
c1csc(-c2nc(NC3CCOCC3)n(-c3nc(-c4csnn4)cs3)n2)c1,13.387301135968768
COc1nc2sc(-c3nc(NCc4cccs4)nc(N4CCCCC4)n3)nn2n1,13.36066706358418
c1sc(Nc2nc(N3CCCCC3)no2)nc1-c1nnc(N2CCOCC2)s1,13.348143262665124
c1csc(Nc2nc(-c3nsc(N4CCCC4)n3)nc(N3CCCCC3)n2)n1,13.347872911591754
Cc1ccc2nc(Nc3nc(-c4nnc(CN5CCCCC5)s4)ns3)sc2n1,13.346352539817788
c1cc(Nc2nnc(-c3nc(CN4CCSCC4)cs3)s2)nc(-n2nccn2)c1,13.330355713482898
Cc1nc(NC2CCN(c3nc(-c4nccs4)ns3)C2)nc(-c2nccs2)n1,13.327812103863947
CN1CCN(c2nc(Nc3nc(-c4nccs4)cs3)nc(-c3ccco3)n2)CC1,13.321283160826757
c1ccc(-n2cc(CNc3nc(-c4nccs4)nc(N4CCCCC4)n3)nn2)cc1,13.308233980991544
COc1nc2nc(-c3nc(Nc4nccs4)nc(N4CCCCC4)n3)sc2s1,13.297734885697023
c1cc(N2CCOCC2)nc(-c2cnc(Nc3nc(-c4cscn4)ns3)s2)n1,13.279673907688176
Cc1ncc2nc(-c3nc(NCc4cscn4)nc(N4CCCCC4)n3)sc2n1,13.273671306565307
CSc1nnc(-c2nc(N3CCN(c4cc(C#N)c(N)s4)CC3)cs2)s1,13.230350739642818
c1sc(-c2nnc(CN3CCOCC3)s2)nc1-c1nnc(NC2CCC2)s1,13.209379055671983
Cc1nc2sc(-c3nc(NCc4cscn4)nc(N4CCCC4)n3)nc2s1,13.205521750126804
Cc1nc(Nc2cnc(-c3nc(N4CCCCC4)ns3)s2)nc(N2CCCC2)n1,13.18233340616949
Cc1nc2sc(-c3nc(NCc4cncs4)nc(N4CCCCC4)n3)nc2s1,13.167480735949798
CSc1nnc(-c2csc(Nc3nc(N4CCCCC4)nn3C(F)F)n2)s1,13.15769891710336
Cc1noc(N2CCC(Nc3nnc(-c4nsc(N5CCCCC5)n4)s3)CC2)n1,13.156637058150942
CNc1ncc(-c2ncc3nc(-c4nc(CN5CCOCC5)cs4)sc3n2)o1,13.15515430727126
CN(C)c1cn2nc(-c3nc(Nc4nccs4)nc(N4CCCCC4)n3)sc2n1,13.148429340559964
Cc1ccnc(N2CCC(Nc3nnc(-c4nsc(N5CCCCC5)n4)s3)C2)n1,13.134644432409784
Cc1ccnn1-c1csc(-c2nc(Nc3nccs3)nc(N3CCCCC3)n2)n1,13.118057409297942
COc1ccc2nc(Nc3nnc(-c4nsc(N5CCOCC5)n4)s3)sc2c1,13.103273026190871
c1csc(Nc2nc(-c3nnc(N4CCOCC4)s3)nc(N3CCCCC3)n2)n1,13.101934294014058
CSc1nnc(-c2nc(-c3cc(N4CCN(C(C)(C)C)C4)nc(N)n3)cs2)s1,13.0756975881312
Cc1nc(Nc2nc(-c3cccs3)ns2)nc(-c2csc(N3CCOCC3)n2)n1,13.060764046484337
CNc1ncc(-c2nc3sc(-c4nnc(CN5CCCCC5)s4)nc3s2)o1,13.059931001176789
c1sc(Nc2nnnc(-c3nnc(CN4CCSCC4)s3)n2)nc1C1CCC1,13.040403587203617
c1csc(-c2nsc(CNc3nc(-c4nncs4)nc(N4CCCCC4)n3)n2)c1,13.012050919279616
CNc1nc(-c2nc(N3CCCCC3)cc(-n3nnc(-c4cccs4)n3)n2)cs1,12.999811313874119
Cc1nc2c(Nc3nccs3)nc(-c3nc(CN4CCOCC4)cs3)nc2s1,12.995428798686733
Cn1nc(Nc2nnc(-c3cccs3)s2)nc1-c1ccc(N2CCOCC2)nc1,12.981751006036337
c1ccc(-c2nnc(CSc3nnc(-c4nsc(N5CCNCC5)n4)s3)o2)cc1,12.978575745270328
COc1nc(NCc2nnc(-c3cccs3)s2)n2nc(-c3cccs3)nnc12,12.977929842667557
CN1CCN(c2nc(-c3nnc(Nc4ccnc(-c5ccccc5)n4)s3)ns2)CC1,12.965301918924844
Cc1nc(N)sc1-c1ncc2nc(-c3nc(CN4CCOCC4)cs3)sc2n1,12.844442759848434
Cc1nc2ccc(Nc3nnc(-c4nnc(CN5CCSCC5)s4)s3)cc2o1,12.824381386629218
CN(C)c1ncc2nc(-c3nc(Nc4nccs4)nc(N4CCCCC4)n3)sc2n1,12.774977277423623
Cc1nc2sc(-c3nc(NCc4cscn4)nc(N4CCCCC4)n3)nc2s1,12.744996484176456
c1csc(Nc2nc(-c3nnc(N4CCCC4)s3)nc(N3CCCCC3)n2)n1,12.680288554472883
c1csc(-c2nsc(Nc3ncnc(-n4cc(CN5CCCCC5)nn4)n3)n2)c1,12.627004010938185
c1ccc(-c2noc(CNc3cnc(-c4nsc(N5CCOCC5)n4)s3)n2)cc1,12.619929945879115
COc1cn2nc(-c3nc(Nc4nccs4)nc(N4CCCCC4)n3)sc2n1,12.583971760070037
COc1nc(-c2cccs2)nn1-c1nc(Nc2nccs2)nc(N2CCCCC2)n1,12.582584079036545
CSc1nc(-c2cnc(N3CCN(c4nsc(N)n4)CC3)s2)c2ccccc2n1,12.567974347704952
CSc1nc(NCc2ccc3c(c2)OCO3)nn1-c1nc(-c2csnn2)cs1,12.530354055360947
c1csc(-c2csc(Nc3nc(-c4csc(CN5CCOCC5)n4)no3)n2)n1,12.528427900009493
CSc1nc2ncnc(NC3CCN(c4nc(-c5cccs5)cs4)CC3)n2n1,12.513709555072383
c1coc(-c2noc(CSc3nnc(-c4csc(N5CCNCC5)n4)s3)n2)c1,12.493798431243869
c1ncc(-c2csc(Nc3csc(-c4nnc(CN5CCOCC5)s4)n3)n2)o1,12.480237646181294
COc1ccc2nc(Nc3nnc(-c4csc(N5CCOCC5)n4)s3)sc2n1,12.4460551926595
CNc1nnc(-c2nc3sc(-c4csc(CN5CCOCC5)n4)nc3o2)s1,12.436795316063662
CSc1nc2ccnc(NC3CCN(c4nc(-c5cccs5)no4)CC3)n2n1,12.346945895410954
c1ccc(-c2ncnc(Nc3cnc(-c4nc(CN5CCOCC5)cs4)s3)n2)nc1,12.271320278317933
Cn1c(SSc2nnc(-c3cccs3)n2-c2nccs2)ncc(N)c1=O,12.223358527108863
Cc1ccc2nc(Nc3nnc(-c4nnc(CN5CCCCC5)s4)s3)sc2n1,12.082629862424952
CNc1ncc(-c2ncc3nc(-c4nnc(CN5CCOCC5)s4)sc3n2)s1,12.01166630136121
Cc1nc(-c2nccs2)nc(N2CCC(Nc3nc(-c4cccs4)ns3)C2)n1,12.007516367933624
c1csc(-c2nnn(-c3cc(Nc4nc(CN5CCCCC5)cs4)sn3)n2)n1,11.993450172847824
c1csc(-c2csc(Nc3nc(-c4nnc(CN5CCOCC5)s4)no3)n2)c1,11.981677696046606
Cc1nc(Nc2nc(-c3csc(N4CCOCC4)n3)cs2)nc(N2CCCC2)n1,11.926481905932253
c1cc(-c2nnc(Nc3csc(-c4nnc(CN5CCOCC5)s4)n3)s2)ccn1,11.914357140978472
CNc1nnc(-c2nc3sc(-c4nc(CN5CCOCC5)cs4)nc3s2)o1,11.90557244506767
COc1nc2sc(-c3nc(Nc4nccs4)nc(N4CCCCC4)n3)nc2s1,11.890425048445525
CNc1nnc(-c2nc3sc(-c4nc(CN5CCOCC5)cs4)nc3o2)s1,11.766255652110173
CSc1nc2ncnc(NC3CCN(c4nsc(-c5ccccc5)n4)CC3)n2n1,11.743386573298638
c1ccc(-c2cnc(Nc3nnc(-c4nnc(CN5CCOCC5)s4)s3)s2)nc1,11.741634784934464
c1csc(-c2csc(Nc3nnc(-c4nnc(CN5CCOCC5)o4)s3)n2)c1,11.675094806554258
Cc1ccc(Nc2ncc3nc(-c4nnc(CN5CCOCC5)s4)sc3n2)cn1,11.661270373286698
c1csc(-c2csc(Nc3nc(-c4nc(CN5CCOCC5)cs4)no3)n2)n1,11.584788940564247
c1coc(-c2nnc(Nc3csc(-c4nnc(CN5CCOCC5)s4)n3)s2)c1,11.497480164890918
CNc1nnc(-c2ncc3nc(-c4nc(CN5CCOCC5)cs4)sc3n2)s1,11.48421921688475
c1csc(-c2ncnc(Nc3cnc(-c4nnc(CN5CCOCC5)s4)s3)n2)c1,11.460383297116534
CSc1nc2ncnc(NC3CCN(c4nc(-c5ccccc5)ns4)CC3)n2n1,11.458749712847316
c1ccc(-c2noc(Nc3cnc(-c4nnc(CN5CCSCC5)s4)s3)n2)nc1,11.33567781963746
Cc1cc(Nc2nc(-c3nccs3)ns2)nc(-c2ccc(N3CCOCC3)nc2)n1,11.290057171413899
CSc1nnc(-c2nnc(N3CCN(c4cc5ccccc5c(N)n4)C3)s2)s1,11.204900371070835
c1coc(-c2csc(Nc3csc(-c4nnc(CN5CCOCC5)s4)n3)n2)c1,11.062998047405888
N#Cc1cc(Nc2csc(-c3nnc(CN4CCCC4)s3)n2)nc(N2CCCC2)n1,11.060081085370054
c1ccc(-c2ncnc(Nc3cnc(-c4nnc(CN5CCOCC5)s4)s3)n2)cc1,11.038495997044734
c1nc(Nc2csc(-c3nsc(CN4CCCCC4)n3)n2)nc(N2CCCC2)n1,10.932825502197007
c1cc(Nc2nnc(-c3nnc(CN4CCCCC4)s3)s2)nc(N2CCCC2)n1,10.806464461478603
c1coc(-c2ncnc(Nc3csc(-c4nnc(CN5CCSCC5)s4)n3)n2)c1,10.803379686329265
c1coc(-c2nccc(Nc3nnc(-c4nnc(CN5CCSCC5)s4)s3)n2)c1,10.798556077696919
c1coc(-c2ccnc(Nc3nnc(-c4nnc(CN5CCSCC5)s4)s3)n2)c1,10.788003719178036
c1nc(Nc2nnc(-c3nc(CN4CCCCC4)cs3)s2)nc(N2CCCC2)n1,10.658958830853502
c1nc(Nc2csc(-c3nnc(CN4CCCCC4)s3)n2)nc(N2CCCC2)n1,9.927844398552436
c1coc(-c2csc(Nc3nnc(-c4nnc(CN5CCOCC5)s4)s3)n2)c1,9.83452733263925
