SMILES,log-likelihoodog
CCNC1=C2CC(CC1=O)Cc1c2nc(O)n1Cc1ccc(Oc2cncc(F)c2)s1,37.17025121549569
CCc1nn(Cc2cccs2)c2ccc(-c3ccc4c(c3)nnn4C(=O)C3CC3)cc12,36.29411322158152
Cc1cc(C)c(Sc2cc3c(c4c2cc(Cl)n4C)n(C)c(=O)n3C(=O)O)nc1C,34.07071259484335
Cc1nc2n(c1C)S(=N)(=O)c1ccc(Cn3ccnc3C)cc1-c1ccccc1S2,32.58532166977326
CC(=O)OC(=O)c1ccc(OCC#Cc2cc(C)nn2-c2ccc(O)c(Cl)c2)s1,32.57277833660805
CCN1C(C)=C(Sc2cc(Cl)cc(Cl)c2)C(N)C1c1cn2ccccc2n1,32.353575377073994
Cc1cc2cc(Oc3cc4c(nn3)NC(=O)c3ccccc3N4CC3CO3)ccc2n1C,32.12287408569218
Cc1nc2sc(C(=O)O)cc2cc1Oc1ccc2ncc(F)c(-c3cnn(C)c3)c2c1,31.77022496248973
Cc1ccc(Oc2cccc(-c3cn(-c4ccnc5[nH]c(=O)sc45)c(C)n3)c2)c(C)n1,31.40921603412647
COc1ccc(-c2c(C)n(C)c3c(C)c(-c4ccc5c(=O)[nH]c(=O)sc5c4)nn23)cc1,31.40647807939403
Cc1ccc2cc(CCOc3ccc4nc(-c5nc(C)ns5)n(C5CN5)c4c3)ccc2n1,31.237059260373158
Cc1cc(Cn2c3ncnc(Nc4cccc5ncccc45)c3c3ccnc(C)c32)n(C)n1,30.895101092970574
Cc1nc(-c2ccc(C(=O)O)cc2C)c2sn(Cc3cc4ccccc4nc3C)c2n1,30.673245511841436
COc1nc(-c2nn(-c3cccc4ncccc34)c3nccc(N4CCC4)c23)cc(C)c1O,30.617821470499518
Cc1ccc2c(c1)OCc1sc(Oc3cc4c(c(OCCF)c3)C(=O)CC(O)C4)nc1-2,30.572580399090874
CC1(C)CCNc2cc(CCOc3c4ccccc4nn4nc(-c5ccco5)nc34)cnc21,30.479630416178644
Cc1sc2c(-c3cnc4c(n3)OCO4)c(O)ccc2c1CCOc1cncc(Cl)c1,30.4680216879661
COc1ccc(-c2cn(-c3ccc(O)cc3)nn2)c2c1C1(CCCC1)C(=O)[SH]2(C)=S,30.242801030007627
COc1ccc2cc(Sc3nnnn3C(C)(C)C)c(-n3c(C)cc4c(C)cccc43)nc2c1,30.15567543268555
COc1c(Oc2nc3ccccc3cc2C)ccc2c1nc(-c1cn3c(n1)CCNC3)n2C,29.971959863271625
CC1(C)CCN(c2ccc(-c3cc(Oc4ccc5c(c4O)OCCC5)ncn3)cn2)CC1,29.703997372751658
COc1nc2c(N3CCC(C)CC3)nccc2n1-c1cnc(O)c(Oc2ccccc2)c1,29.678768592890947
Cc1cc(C)c(-c2cccc(Oc3c(Cl)cn(C#N)c4nc(N5CCOC5)nc3-4)c2)s1,29.66088593743205
CCn1c(Sc2cnco2)nc2c3ccccc3n(Cc3cc(F)ccc3O)c(=O)c21,29.55151998287399
Cn1cc2c(nnn2Cc2cn(C)c3ccc(Oc4cc(Cl)cc(Cl)c4)c(O)c23)n1,29.547884421877264
COc1cc(Cn2cnc3c2N2CCC(=O)N=C2CS3)cc(Oc2ccccc2C)c1,29.330920511954663
COC(=O)c1scc2c1sn2Cc1ccc(F)c(C(=O)Nc2nc(C)cc(C)n2)c1,29.296536914155784
Oc1cnn(Cc2cc(-c3ccc(Oc4cccc(F)c4)cc3)n(-c3cccnc3)n2)c1,29.245456606798165
COc1cc(OC2CCCOCC2)sc1-c1cc(Cl)cc2c(C(=O)O)nn(C)c12,29.16604389674639
COc1ccc(Cl)c(Oc2cc(C(=O)O)nc3cccc(-n4ccnc4C)c23)c1,29.161347175264275
COc1ccc(Sc2cc(-c3cnn(C)c3)cc3oc(C)cc23)c2c1NC(=O)CO2,29.09546386365929
COc1cccc(Oc2cccc3c(=O)c(Sc4cccc5c4OCCO5)nn(O)c23)c1,29.057720595676532
COc1ccc2c(n1)c(=O)c1ccccc1n2Cc1ccc(-c2ccsc2C(=O)O)cc1,28.96253764802463
Cc1cc(OCCn2cnc3ccccc32)nc2c1CCCC2Nc1nc2ccccc2o1,28.95877286019016
c1cc(-n2ccnn2)c2cc(Oc3ccc(-c4cn(CC5CCCN5)nn4)cc3)ccc2c1,28.9444463626466
Cc1c(Oc2ccc(Cl)cc2Cl)cnc2c1cc(NCc1cnc3cncnn13)n2C,28.938750023756104
Cc1cc(Oc2cc(-c3cccc(Cl)c3)n3nc(-c4nccs4)[nH]c(=O)c23)n(C)n1,28.930154531933837
Cc1cc(Oc2ccc(C(=O)O)cc2)c2c(c1)nc(SCC#CC1CCCO1)n2C,28.896927380460788
Cc1ccccc1Sc1nc2ccc(Sc3ccc(C)n4nnnc34)cc2n1C,28.819537050082392
COc1ccc(-c2cn(SC)c3ccccc23)cc1Oc1ccc2oc(=O)c(=O)[nH]c2c1,28.571897006157737
CCc1c(/C=C2\SC(Nc3ccc(OC)cc3)=NC2=O)c2scnc2n1C1CCC1=O,28.428596303646064
COc1ccc(OC)c2c1c1sc3ccc(F)nc3c1n2Cc1ccc(C(=O)O)cc1,28.428424137691152
CSc1nccn1-c1ccc(Oc2cccc(-c3nc(C)no3)c2)c2c1CNCCC2,28.379140214757005
Cc1ccc2cc(COc3ccc(-n4c(=O)nc(O)c5cnsc54)cc3Cl)ccc2n1,28.368842074070166
Cn1c(NCc2cccc(Cl)c2)nc2scc(C(=O)OCc3ccccc3C#N)c21,28.34599357175889
COc1cccc(C(F)F)c1Oc1cc(C)nn1-c1ccc2c(c1)SCC/C2=N\O,28.313517030253678
COc1cc(Cl)c(Oc2cccc3c2C(=O)CCC3)cc1-c1cn(C)nc1C(=O)O,28.26132269777008
Cc1nc(-c2ccc(Cl)c(Cn3ccnn3)c2)oc1Cc1ccc2scnc2c1,28.243868309827278
Cc1ncc2c(c1Sc1cccc(Cl)c1)n(C)c(=O)n2Cc1ccc(C(=O)O)s1,28.241185251071812
Cn1nc(Oc2ccc(Cl)cc2)cc1-c1c(NC#N)nc(Sc2ccccc2)n1C,28.228724046773035
Cc1cc2ccc(F)c(Oc3nccc(NCc4scnc4C(F)(F)F)n3)c2n1C,28.163830948098184
Cc1ccc2ccc(-n3nc(SCC(=O)O)nc3-c3ccc4c(cnn4C)c3)cc2c1,28.16241878215901
COc1ccc(-c2nc(O)c3c(n2)c(C)nn3Cc2cccc(C(F)(F)F)c2)s1,28.14553026573505
COc1ccc(-c2cc(Cn3c4ccccc4n4nc(N)nc34)c(-c3cccs3)o2)cc1,28.14413288744434
COC(=O)c1ncc2c(-c3ccc(Oc4cccc5c4CCC(O)C5)cc3)cnc(SC)n12,28.13200341695317
Cc1cc(Oc2ccc(-n3cnn(C(F)F)c3=O)cc2)n(-c2ccc(O)c3ccccc23)n1,28.121941353586134
COc1ccc(-c2c(O)nc3c(Oc4nccs4)ccc(Br)c3c2C)nn1,28.103382962857935
COc1cccc(Cn2cc(-c3ccc4c(cnn4-c4cc(C(=O)O)cs4)c3)cn2)c1,28.08085002983101
COc1ccc(Sc2c(-n3cncn3)nc(O)c3c(C4=CCCOC4)cccc23)cc1,28.036022897231682
Cc1cc(O)c2c(cc(C)n2-c2ccc(Oc3ncc4c(cc(F)n4C)n3)c(Cl)c2)n1,28.03338902966662
O=COc1ccc2nc(NC(=O)c3ccc(-c4cscn4)s3)n(CC(F)F)c2c1,28.017714957477686
COc1nc(Oc2ccc(O)c(Cl)c2)ncc1-c1ccc2ncn(C3CCOC3)c2c1,27.995992664622367
Cc1nc(C(=O)O)ccc1Sc1ccc2c(c1)nc(CN1CCCC1)n2-c1cccnc1,27.994781937043534
Cc1cccc(Oc2ncnc3sc(-c4cc(Cn5ccnc5)cc(F)c4O)nc23)c1,27.992204694041796
Cc1ccc(Oc2cc(C)nc(O)c2Cn2c3cc(Cl)ccc3n3c(=O)ncn23)cc1,27.951810708116806
Cc1cn(Cc2cc(Oc3ccc(Cl)c(-c4nccs4)c3)c3c(c2)C(=O)NC3=O)cn1,27.78481934402535
Cc1ccn(-c2c(Cl)ccc(Oc3cn(-c4cccc(Cl)c4)nc3C)c2C(=O)O)n1,27.71150139271372
COc1ccc(-c2ccc(O)c3sc4cc(OC)c(-n5ccnn5)cc4c(=O)c23)cc1,27.652872896304245
COc1cc(Cl)cc(Oc2ccc(-n3cc(C(=O)O)c4c3CCSC4)c(O)c2)c1,27.642689321118397
Cc1nc(O)c2c(ccn2CCOc2cccc3c2cnn3-c2ccc3ccccc3c2)n1,27.589203791018914
Cc1cc(Cn2c(Sc3ccc(Cl)cc3C(F)(F)F)nc3c(C)n(C)nc32)on1,27.518232731030302
Cc1csc(-c2cc(Oc3c(Cl)ccc(C(=O)O)c3C)nc(N3CCOCC3)c2)n1,27.50058433611571
COc1ccc(Sc2c(C)nc3c(Cl)c(Cl)cc(-c4cn(O)nn4)n23)cc1,27.46466945336906
COc1ccc(F)c(Oc2cccc3c2nc(-c2nc4ccccc4n2CC(=O)O)n3C)c1,27.442722022378554
COCc1ccc(-c2nc3c(O)nc(Sc4ccc5c(c4)OCCO5)nc3cc2C)cc1,27.44263441950217
Cc1cc2c(Oc3cccc(Cn4ccc5c(O)nc6c(c54)COC6)n3)cccc2n1C,27.408969689042905
Cn1nc(-c2nc3ccccn3c2O)cc1Oc1ccccc1Cn1cnc2ccccc21,27.399444916030163
Cc1ccc(COc2c(Cl)c3cncnc3n2-c2cc(C(=O)O)ccn2)cc1Cl,27.348954495326765
COc1cc(Cl)cc(Oc2cccc(Cn3cnc4c(Cl)nn(C(=O)O)c43)c2)c1,27.319439942955334
COC(=O)c1ccc(-c2cc(COc3ccc4c5c(cnc(O)c35)CS4)sn2)cc1,27.2954450051291
COc1cccc(Oc2ccc(-c3cccc4c3C3(CCS4)ON=C3O)nc2OC)c1,27.28987927255891
Cc1cccc(Oc2c(C(=O)O)n(C)c3c(N4CCCCC4)c(Cl)ccc3c2=O)n1,27.27848865043053
Cc1cc(Oc2ccc(Cl)c(Cn3ncc4sc(=O)n(C)c43)c2O)ccc1Cl,27.264661078232773
Cc1cc(Oc2cc(-n3nnc4ccccc43)ccc2F)c2c(C(=O)O)c(C)n(C)c2c1,27.243876167971226
Cn1cc(CC(=O)O)c2c(-c3ccc(OCc4cn(-c5cccs5)nn4)cc3)cccc21,27.23968346935784
O=C(O)Cn1c(=O)n(CC2CCCC2)c2nc(Sc3ccc4ccccc4n3)ccc21,27.19679168482499
CSCCn1c(-c2cccc(Oc3nc4ccccc4n3N)c2)nc2ccccc21,27.130746594838946
Cn1c(-c2ncnc3sccc23)cc2c(Oc3cc(OCC(=O)O)ccc3F)cccc21,27.11320798302101
Cc1cc(C)c(Oc2cccc3c2CCC3=O)nc1NC1CCN(c2cnccn2)CC1,27.076037988467082
CCOc1ccc2c(c1)C/C(=C\c1ccc(-c3nc(C(=O)O)cs3)s1)C(=O)N2C,27.05809602818218
COc1ccc2nc(Sc3cc(C)c(O)cc3Cl)n3ccc(-n4cncn4)c3c2c1,27.03491478622669
COc1ccc(Sc2cn(C)c3ccccc23)c2c(=O)c3ccc(C(=O)O)nc3n(C)c12,26.981339247881706
Cc1cc(O)n2ncc(Sc3ccc(COc4ccc5c(c4)OCCCO5)cc3)c2n1,26.963523332236264
Cc1cc(Oc2c(Cl)ccc3cc(F)cc(NC(=O)c4nsnc4C)c23)n(C)n1,26.948380408609655
CCn1ncnc1Sc1c(Cl)ccc2nc(O)c(Oc3cccc(Cl)c3)nc12,26.882850583912184
COc1ccc(Oc2cc(Cn3c4c(c5c(O)nncc53)CCC4)sn2)cc1Cl,26.872932641330227
Cn1cc(-c2ccc3c(c2)C(C)(C)OC3=O)nc1Sc1ccc2cc(C(=O)O)sc2c1,26.853894375683712
CSc1nc(NCc2cccc(Cl)c2)c(Cl)c(Oc2ccc3nn(C)cc3n2)n1,26.841934586324047
Cc1c(Oc2ccccc2C#N)nc(O)c2c1n(Cc1ccc(Cl)s1)c(=O)n2C,26.8140314511734
CCOC(=O)c1c(Oc2cccc(C3=NCCN3)c2)nc2c(Cl)cccc2c1SC,26.789197786209147
Cc1cc(Oc2nc3ccccc3c(Cn3c(=O)sc4c(O)cccc43)c2Cl)nn1C,26.740203466364136
COc1ccc(Cn2c(Sc3cc(C(=O)O)c4ncccc4n3)nc3ccccc32)cc1,26.73450275848625
COc1ccc(-c2noc3sc4ccc(-c5ccc(OC)cc5O)cc4c(=O)c23)cc1,26.6931082148383
COC(=O)c1c(-c2ccc3ccccc3c2)nc2n1CCc1cc(OC)c(O)cc1N2C,26.647676776871357
Cc1cc(Oc2nc(Oc3ccc4c(n3)n(C)c(=O)n4C)cc3c2NCCC3)ccc1Cl,26.640880647612622
COc1ccc(-c2cc(Cn3c(=O)sc4c(O)cc(=O)c5ccsc5c43)oc2C)cc1,26.630857479069356
Cc1nc(OCc2cccc3ccccc23)n2nc(-c3ccc(N)cc3)nc2c1N1CCC1,26.611685941529245
Cc1cc(C)cc(Oc2ccc3c(Nc4ccncn4)nc(N4CCOCC4)nc3c2)c1,26.600226287298614
Cc1cc(Oc2cccc(Cn3nnc4c(Cl)cn(C)c43)n2)c2c(c1O)SCC2,26.540275079596054
Cn1c(=O)c2cc(C(=O)O)sc2c2cc(OCc3cccc(-c4nccs4)c3)ccc21,26.535872548875577
Cc1cc2c(nc(C)n2Cc2csc(C)n2)c(C(=O)Nc2nc3ccccc3s2)n1,26.528544571527295
Cc1nc(OCC(=O)O)ccc1-c1ccc2ncn(Cc3csc4ccccc34)c2c1,26.526989186446013
CCn1cnc2c3nc(O)n(Cc4ccc(Oc5cccc(Cl)c5)s4)c3cnc21,26.511376397079964
Cc1cn(CCOc2ccc(-n3c(N)nc4ccccc4c3=O)s2)c2cccc(Cl)c12,26.40820060990517
COc1ccc(Cl)cc1Cn1sc(-c2nc(N)ns2)c(Cc2ccccc2)c1=O,26.341527093332246
CCc1cc(Sc2nnn[nH]2)c2c(n1)Sc1ccc(Oc3ccccc3)cc1CN2C,26.327882123192936
COc1ccc2nc(-c3cccc(Cl)c3)n(Sc3cnc4c(OC)cccn34)c2c1,26.318042164126528
Oc1c(COc2cc(-c3ccc(Cl)cc3)no2)nnn1-c1ccccc1C(F)(F)F,26.279358077276296
Cc1c(SCC(=O)O)nc(-c2ccccc2Cl)n1-c1ccc2oc(=O)n(C)c2c1,26.21765091618152
COc1ccc(-c2cc3c(ccn3C3COC3)c(Sc3ccc(C(=O)O)cc3)n2)cc1,26.145091984443454
COc1ccc(Sc2nc3c(cc(N4CCCCC4)n3C)nc2Cl)cc1C(=O)O,26.071624569405067
CC(=O)Oc1ccc(-c2cc3c(n2Cc2ccc(C(=O)O)cc2)SCCS3)nc1,26.044057958091884
COc1cc2nc(Cl)c(Cl)cc2n1CCOc1ccc2c(c1)SCC(C(=O)O)O2,26.01485382147903
CNc1nc(Oc2ccc(-n3c(C)nc4c(N5CCC5)ccnc43)cc2)nc2ccccc12,26.005276413019583
Cc1cc(Oc2ccc(Cl)cc2)c(C)n1-c1nc2cccc(C(=O)O)c2c(=O)n1C,26.00303631703559
Cc1cc(Oc2ccc(-c3ccc4c5ccsc5c(=O)n(CC(=O)O)c4c3)cc2)n(C)n1,25.96544482708605
Cn1cc(-c2ccc(Sc3c(C#N)c4ncccc4n3CC(=O)O)cc2)c2ccccc21,25.94571319067882
Oc1nc(CC2CCCCC2)c(COc2ccc(-c3nnsn3)cc2)c2c1CSC2,25.925380070391515
COc1cc(Oc2ccc(Cl)cc2)ccc1C(=O)OCC1CCNC(=O)c2scnc21,25.894549823366162
COC(=O)c1cc(Br)ccc1Oc1cnn(-c2cccc(C(=O)O)c2)c1C,25.846952494508542
CSc1ncc(-c2ccc(Cn3c(C(C)(C)C)c(C)c4c(O)nc(C)nc43)cc2)cn1,25.794522303465232
COc1ccc(Cn2c(=O)n(C3CCCC3)c(=O)c3cc(-c4ccc(O)cc4)sc32)cc1,25.791285018960394
COc1cc(Oc2nc3c(-c4cnc5ccccc5c4)csc3n2C)cc(C(=O)O)c1,25.76145787879104
COc1cccc(-c2nc(Sc3nnc(C(F)(F)F)n3C)c(O)nc2C(C)(C)C)c1,25.74652808660658
COc1cc(-c2cnc3c4c(c(Cl)nn23)NCCC4)ccc1Oc1cc(C)nc(O)c1,25.730298370284398
COc1c(C)cc(Oc2nc(O)nc3c2-c2ccc4c(c2SC3)CCO4)cc1Cl,25.676869069595387
Cc1cc(Oc2ccc(-c3nc(O)c4c(cnn4-c4ccc(F)cc4)n3)c(F)c2)nn1C,25.63867632117835
CN1CCc2nn(-c3cccc(C(=O)O)c3)c(Oc3cccc(Oc4ccccc4)c3)c2C1,25.627875905532928
O=C1CCc2c(Oc3cc(CCSc4ccc(O)nn4)cc4c3OCCS4)cccc21,25.61105810840947
COC(=O)c1csc(-c2ccc3c(c2)COc2cc(OC)c(O)cc2N3C2CCC2)n1,25.609878600463034
Cn1nc(-c2cccc3c(Sc4ccccc4)n(Cc4ccc(O)cc4)nc23)ccc1=O,25.59584997529747
COc1csc(C(=O)Nc2ncnc3c(Oc4ccc(Cl)cc4F)nn(C)c23)c1,25.592848781363625
Cc1cc(Cn2c(-c3cccc(Cl)c3)nc3c(N4CCCC4)nc(N)nc32)sc1C,25.586848171092452
Cc1nc(Nc2ccc(-c3cnn(C)c3)c(F)c2)nc(Oc2cccc3c2OCCC3)n1,25.58637244841454
COc1ccc(Cn2c(-c3ccncc3)nc3c(Nc4ccc(F)cc4)ncnc32)cc1,25.579566687104574
Cc1nc2c(-c3ccc(Oc4ccc5c(c4)OCCO5)nc3F)c(C)sc2nc1CO,25.57851683214254
C=Cc1cc(Cn2c(-c3ccc4c(c3)OCO4)nc3c(C(=O)O)csc32)ccc1OC,25.57057384062041
Cc1nc2ccccc2n1Cc1cc(Oc2ccc(C(=O)O)cc2)c2c(c1)SCCO2,25.56895255160366
C#CCOc1c(Oc2cccc3sc(-c4cc(O)ccn4)cc23)ncnc1N1CCCC1,25.568231880430027
COc1c(C)cc(Oc2ccc3c(c2)C(=O)c2c(O)nc(SC)nc2-3)c2c1SCC2,25.565370361511203
COc1c(-c2csc(C(=O)O)c2)n(C)c2cccc(Oc3ccc4c(c3)OCCO4)c12,25.535851438330138
CSc1nc2c(c(Oc3ccc(Cl)cc3)n1)-c1cnn(CCC(=O)O)c1CCC2,25.526089844777093
Cc1ccc(Oc2nnc(Sc3ccc4c(c3)nc(C(F)(F)F)n4O)n2C)c(C)c1,25.5148896593315
COC(=O)c1ccc(Sc2c3nc(Cl)ccc3nn2-c2cccc(O)c2C)cc1,25.514867074862245
COc1ccc(-c2nc(Sc3ccc(-c4ccccc4)cc3)nn2C2CCOC2)nc1O,25.496817144458554
COC(=O)c1sc2cc(Br)ccc2c1OC(=O)c1ccc(OC)cc1O,25.476083400906408
CCn1c(Sc2cccc(C(=O)O)c2)nc(-n2ccnc2)c1-c1ccccc1Cl,25.464994399007566
Cc1nc(N2CCCC2)sc1Oc1ccc(Sc2ccc3oc(=O)[nH]c3c2)c(C=O)c1,25.428484513739036
COc1nc(Oc2ccc(Br)cc2C)ccc1Sc1ccnc2[nH]nnc12,25.416226400870865
CCn1nc(C)c2cc(-c3nnns3)c(Oc3ccc(Cl)c(C(F)(F)F)c3)nc21,25.388156656052324
Cc1c(CSc2nnc(N)c3c2CCS3)nnc(Oc2cccc(Cl)c2)c1Cl,25.383290075122577
Cn1c(Oc2cc(NC(=O)c3cc(C4CC4)sn3)ccn2)nc2cc(Cl)ccc21,25.36211552235425
CCOc1ccc2c(c1)c1cc(O)ncc1c(=O)n2Cc1sc(C(F)(F)F)nc1C,25.353102620494397
COC(=O)c1ccc(OCCn2c(O)nc3cc(-c4nc5ccccc5s4)ccc32)cc1,25.318442796215976
CCn1c(=O)c(Sc2c(Cl)cccc2Cl)nc2c1n(C)c(=N)n2CC1CC1,25.290060681535493
Cc1nc(O)c2nc(C)n(-c3ccc(Oc4cc(C)c5ccccc5n4)c(Cl)c3)c2n1,25.279615411728667
O=c1c2ccc(OCCCn3cccc3)cc2[nH]c2cc(Sc3nccs3)cnc12,25.274027728995506
Cc1ccc(Cn2ccc3c(Sc4nnnn4-c4ccc(O)c(Cl)c4)ccnc32)cc1,25.25717020778106
Cc1ccc2c(=O)n(C)c(Sc3cccc4ccccc34)nc2c1Oc1ccnnc1O,25.247346111421162
Cc1c(Sc2ccc(-c3nc4c(OC(F)(F)F)cccn4c3C(=O)O)cc2)cnn1C,25.24547556818559
COc1ccc(Nc2nnc(C(=O)c3cccs3)c(OC(F)(F)F)n2)cc1Cl,25.22264854873108
Cc1ccc2c(-c3ncnc(N4CCCC4)n3)c(Sc3ccc(C(=O)O)cc3)n(C)c2c1,25.20724676716486
Cc1nc(O)c2c(=O)n(-c3ccccc3Cl)c(OCc3cccc4ccccc34)nn12,25.196864320477108
Cc1cc(Sc2c3ccccc3nn2Cc2ccc(C(=O)O)n2C)nc2ccccc12,25.164745100896223
COc1cccc(Oc2cc(Cn3c4c(c5nc(N)ncc53)CCC4)c3c(c2)OCC3)c1,25.158625973069714
Cc1cc(Oc2ccc(Cl)cc2)nc(Nc2ccc(-c3cnn(C)c3)c3c2OCO3)n1,25.137564014122564
O=c1n(-c2ccc(Cl)c(Oc3ccnc4ccccc34)c2)[nH]c(=S)n1CCC1CC1,25.12190612879516
CN(C)c1nc2c(c(Oc3cccc(C(=O)O)c3)n1)CN(c1ccc3ccccc3c1)CO2,25.12174205420037
CCn1c(=O)n(-c2ccc(Oc3cccc(-c4nncs4)c3)c(C)c2)c(=O)c2ccccc21,25.11085808316739
Cc1cccc2nc(N/N=C/c3ccc(Oc4ccc(F)c(F)c4)cc3)c3ncnn3c12,25.094377947002453
Cc1cccc(Oc2ccc(Cn3c(-c4cncs4)nc4c(=O)n(O)ccc43)cc2)c1,25.0933099493866
Cc1cc(Oc2cccc3c2ccn3C)cc(-n2c(=S)[nH]c3c(C)c(C)nn3c2=O)n1,25.068359929868784
CNc1nc(-n2nc(Oc3ccc(Cl)cc3)cc2C)nc2c1ncn2C1CCCC1,25.05593325666858
COc1ccc(-n2nc(Oc3cc(Cl)cc4c3CCC4)c3c2COC3CC(=O)O)cc1,25.03214663224756
COc1cc(Oc2cc(Cl)c3c(c2)OCCO3)c2c(-c3cccc(O)c3)nn(C)c2n1,25.001453791607414
Cc1cc(C(=O)O)cc(COc2cccc3nc(Sc4ccc(Cl)cc4)nn23)n1,24.986090320451844
COc1cnc(Oc2cccc3c2c(C(=O)O)nn3Cc2ccsc2)c2ccccc12,24.986023222102137
COc1ccc(-c2nc(N3CCC(C(=O)O)CC3)ns2)cc1Oc1ccc(Cl)cc1,24.965874331724056
COc1cc(Cn2nnc3c2C(O)CS3)ccc1Oc1c(Cl)ccc2cccnc12,24.957739371573346
Cc1cccc(Sc2c(O)nc3ccc(-n4cnnn4)cc3c2Oc2ccccc2)c1,24.94584607078336
O=C(O)c1cccc2c1c(-c1ccc(Cl)s1)nn2CCOc1ccc2c(c1)OCO2,24.94400935011907
Cc1cc(Sn2c(=O)n(Cc3cccc(C)c3Cl)c3ccccc32)cc(C(=O)O)c1,24.939757969121953
Cc1cc2c(Sc3ccc(-n4c(=O)n(CC(=O)O)c5ccccc54)nc3)cccc2n1C,24.915562401132803
O=C(O)c1cc(-n2ccccc2=O)ccc1Oc1cccc(Cn2cnc3ccccc32)c1,24.896512755848025
COc1ccc(Sc2cccc(C)c2-n2cnnn2)c2c(O)cc(C(F)(F)F)nc12,24.88149983134964
CCn1c(=O)n(-c2ccc(Oc3ccc4ccn(C)c4c3)cc2)c2cc(C(=O)O)ccc21,24.85731470978551
COc1ccc2c(Oc3ccc(Cn4nnc5c4CCN5)cc3)nn(-c3ccccc3)c2c1,24.855346199434727
COc1ccc(OCc2c(-n3ccc(Cl)n3)sc3c(O)nc4ccccc4c23)cc1,24.84403920347447
Cc1cc(OCc2cccc(Cl)c2Cl)nc2nc(-c3ccc(C(=O)O)s3)nn12,24.840593801301132
Cc1c(C(=O)O)c(=O)n(C2CCCC2)c2c(OCCn3cnc4ccccc43)cccc12,24.839571587087963
Cc1cc(Sc2c3ccccc3nn2C)c2ncnc-2n1Cc1ccc(C(=O)O)cc1,24.8227451883172
Cc1cc(Sc2ccc(-c3cccnc3)c(C(=O)O)c2)nn1Cc1ccc2c(c1)OCO2,24.82000993075277
Cc1nc(N2CCCCC2)ccc1Oc1ccn2ncc(CNc3ccc(Cl)cn3)c2n1,24.81818914220241
Cn1nc(Oc2ccc(-c3cc(CN4CCCC4)c4c(O)noc4n3)cc2)c2ccccc21,24.81442643838135
OCc1cn(Cc2csc(Oc3ccc(Cl)cc3)c2)c2c(-n3cncn3)ccnc12,24.806501157728277
CNc1nc(Oc2ccc3c(=O)n(-c4ccccc4)c(C4CC4)nc3c2)c2ccn(C)c2n1,24.798078358403597
Cc1sc(Oc2c(C(=O)O)n(-c3ccccc3)c3ccccc23)nc1Cn1ccnc1,24.791288319014257
Cc1cc(Sc2c3ccccc3c(Cl)c(=O)n2-c2cc(C(=O)O)ccn2)cc(C)n1,24.7790524715834
Cc1ccc(-n2c(SCC(=O)O)nc3c(C)c(Oc4ccnc(Cl)c4)cnc32)cc1,24.77036191829183
Cc1ccc(Sc2nc3c4ccccc4n(Cc4cccnc4C(=O)O)n3n2)cc1C,24.757513447275812
COC(=O)n1c(Sc2nc3ccccc3n2Cc2cccc(O)c2)nc2ccccc21,24.75300535044029
COc1ccc(-c2nc3ccccc3n2-c2cc(C(C)(C)C)n(CC(=O)O)n2)c(Cl)c1,24.743194967683152
COc1ccc(Sc2cc(CO)nc3c2nnn3-c2ccc3occc3c2)c(Cl)c1,24.73678092753823
C=Cn1c(=S)n(CC(=O)O)c2ccnc(Oc3cc(C)c(OC)c4c3CCCC4)c21,24.718143719005514
Cc1c(Oc2ccc(Nc3nc4ccccc4o3)nc2)n(C)c(=O)n1-c1ccc(Cl)cc1,24.709537845622073
COc1ccc(-c2ccc(OC)c3c2C(=O)/C(=C/c2ccc4c(c2)OCO4)C(=O)N3)s1,24.70593893724086
Cn1cc(Cl)cc1C#CCc1cccc(Oc2nc(O)nc(SC3CCCC3)n2)c1,24.705726285481003
COc1ccc(-c2cc(O)cc3c2ncn3Cc2nnc(C3CCOCC3)s2)cc1,24.688533332531076
COc1ncc(N2CCN(c3ccnc(O)n3)CC2)cc1Oc1cc(C)cc2ccccc12,24.681838600650607
Cc1cc(Sn2c(O)nc3ccc(CN4CCCCC4)cc32)ncc1-c1cncnc1,24.65422937894542
COc1cc(Oc2ccncc2C)c2c(Sc3ccc4c(n3)NCCO4)cccc2n1,24.633430788923878
COc1cc(/C=N/Nc2nnc(Cl)c3c2CSC3)oc1Oc1cccc(Cl)c1,24.604363780510063
Cc1cc(Oc2cccc3c2nc(-c2csc(C)n2)n3CC(=O)O)c2c(n1)CCCC2,24.598807960545987
Cc1cc(Oc2ccc(Cl)cc2-n2oc(=O)c3ccccc32)cc(SCC(=O)O)n1,24.574696112844357
Cc1nc2ccc(Oc3ccc(C(=O)O)cc3Cl)cc2n(CCN2CCCC2)c1=O,24.568283797379106
COc1ccc(-c2cc(OC)cc3c2nnn3Cc2ccc(C(=O)O)s2)c(Cl)c1,24.557266118992292
COc1ccc(-c2nnc(Sc3ccc4c(c3)CCCCN4Cc3cncs3)[nH]2)o1,24.54997091859724
O=C(O)c1nc2cc(OCCn3cnc4ccccc43)ccc2n1CC1CCSCC1,24.546561268198907
Cc1c(-c2cc(C)c3nnc(C)n3c2)n(Sc2ccc(C(=O)O)cc2)c2ccccc12,24.525557905946776
Cc1ccc(Oc2cc(Cl)cc3c2cc(-c2noc(N4CCNCC4)n2)n3C)c(C)n1,24.515383771065956
Cc1nc(C)c(-c2ccc(Oc3ccc4c(c3)NC(=O)CO4)c(-n3cnnc3C)c2)s1,24.495159791846298
Cc1ccc(-n2c(=O)n(-c3ccc(Oc4ccccc4)c(C)c3)c3c(O)ncnc32)cc1,24.454551789604167
COc1ccc(Sc2nc3ccccc3n2-c2cccc3c(O)nc(=O)sc23)cc1C,24.445955753836802
COc1cccc(Oc2ccc(Cl)c(Cl)c2)c1C(=O)Oc1nccc2c1ncn2O,24.415621278011706
COc1ccc(-c2nc(Oc3ccccc3)n(-c3ccc4c(c3)CSCC4N)n2)cc1,24.411638144019594
COC(=O)c1cc(-n2cc(-c3cc4ccccc4n3Cc3ccccc3)nn2)ccc1O,24.409893768783306
COc1ccc(-c2ccc(OC)c3c2C2CC(=O)N(c4cccs4)N=C32)cc1C(=O)O,24.406217553751198
CCOc1ccc2c(c1)c(-c1ccc(C(=O)O)s1)nn2Cc1ccc2c(c1)OCO2,24.402272656537924
Cc1cc(Oc2ccc3c(c2)OCCO3)nn1Cc1cc(C(=O)O)cc(C(C)(C)C)c1,24.39492671539154
COC(=O)Nc1nc(-c2ccc(OC)c(OCC3CCOCC3)c2)nc2ccccc12,24.376006976627604
O=C(O)COc1cc(Oc2cccc3c2CCC3)cc2nc(Sc3ccccc3)nn12,24.346153706330334
Cc1c(Sc2ccccc2Cl)n(CCC(=O)O)c2nc(-c3ccccc3)nn2c1=O,24.336409675616455
Cc1ccc(F)c(Oc2cccc3cc(C)n(Cc4ncc(C(=O)O)s4)c(=O)c23)c1,24.30905351599648
Cc1cc(-c2cccc3c2COc2nnc(Sc4ccccc4)n2-3)ccc1OCC(=O)O,24.303405447330906
Cc1cc2c(Oc3cc4c(cc3C)oc(=O)n4C)nc(Nc3ccc(F)cc3)nc2s1,24.298343757380614
COc1ccc(-c2ccc3[nH]c4ccc(Sc5nccs5)nc4c(=O)c3c2)c(OC)c1,24.293434635797258
Cn1nnnc1CNc1cccc2c1ncn2-c1ccc(Oc2ccc(F)c(Cl)c2)cc1,24.278193192676607
CCOc1c(/C=C2/SC(=O)NC2=O)n(C)c2ccc(Oc3cccc4c3CCCO4)cc12,24.276754627250266
Cc1cc(C)cc(Oc2ccc(-n3c(=O)n(CC(=O)O)c4sc5c(c43)CCOC5)cc2)c1,24.248196618360506
COc1cccc2nc(Sc3ccccc3Cl)n3c(N)nc(N4CCCC4)c3c12,24.238251138959868
Cc1cc(Sc2ccc(-n3cccn3)c(C(=O)O)n2)c(-c2cccc(Cl)c2)n1C,24.22320794264001
Oc1cc(Oc2ccc(Cl)cc2)nc(N2CCC(Oc3cccc(Cl)c3)C2)n1,24.178569141370527
CC1(C)CC(N2CCN(CC#N)CC2)c2c(Oc3ccc(Cl)cc3Cl)nc(O)nc21,24.143272660127142
CC#CCOc1cc(Oc2ccnc(NC3CCCCC3)n2)c(Cl)cc1-n1ccnn1,24.138946653487753
Cc1cc(C(=O)O)nc(N2CCC(Cn3c(Sc4ccccc4)nc4ccccc43)C2)n1,24.137021951188636
COc1ccc(-c2cc(C)c3c(c2)-n2nc(nc(Sc4ccccc4)c2=O)C(O)=N3)cc1,24.115573814181673
COc1ccc(-c2nc(N3CCCC3N)nc3c2cnn3Cc2sccc2Cl)cc1,24.109893604041943
Oc1ncn(CCSc2nc3c(c(Oc4cc(Cl)cc(Cl)c4)n2)CCCC3)n1,24.10745554909898
Cn1c(O)nnc1Sc1nc2cccc(Oc3ccc(Cl)c(Cl)c3)c2n1C,24.101909881811064
Cc1c(O)nnc(Oc2ccc(-c3csc(N4CCOCC4)n3)c3ccccc23)c1C,24.090432467369943
COc1ccc(OCC(=O)O)c(Sc2nc3scc(C(F)(F)F)c3o2)c1Cl,24.073980552866242
COc1ccc(/C=C2/SC(=O)NC2=O)cc1COc1ccccc1-c1cscn1,24.067275016859828
Cc1cc2ccccc2c(Sn2nc(Oc3c(C)ccc(=O)n3C)c3ccccc32)n1,24.06244755481244
COC(=O)c1nc2c(C)ccc(Sc3cn(-c4ccc(O)c(Cl)c4)nc3C)c2s1,24.058253394462938
Cc1cn(Cc2ccc(Oc3ccsc3)c(Cl)c2)c2c(O)nc(-n3cccn3)nc12,24.05743624443448
CCn1cnc2c(-c3sccc3Oc3cccc4c3CCC(=O)N4)nc(SC)nc21,24.05068974578963
Cc1cc(C)c(Oc2nc(C(=O)OC(C)(C)C)c(-n3cnc4cc(O)ccc43)s2)c(C)c1,24.04035129447291
Cc1nc(-c2ccc(Oc3nc4ccccc4n3C)nc2)sc1CN1CCC(=N)S1,24.02770253703706
COc1cc(Oc2cccc3c2n(-c2ccccc2)c(=O)n3C)cc(-c2cscn2)c1N,24.02485236852674
Cc1nnc(Sc2nn(Cc3ccc(O)c(F)c3)c3ccccc23)n1C1CCCC1,24.013688061938872
COc1ccc(-c2cc3c(nn2)c(Oc2cccc(Cl)c2)c(C(=O)O)n3C2CC2)cc1,23.973187117531424
CSc1ncc(-c2ccc(NC(=O)CSc3nc4ccccc4s3)cc2)nn1,23.97026596864346
Cc1cc(Cl)ccc1Oc1cc(-n2cnc3c(NCC(=O)O)ncnc32)ccc1Cl,23.94146688066523
Cc1cc(Oc2ccccc2)nc(Nc2nsc3c(=O)n(C)c4cc(F)ccc4c23)n1,23.9207117883555
Clc1ccc(Cn2c(Oc3nccc(NCc4cccnc4)n3)nc3ccccc32)cc1,23.912078257439568
Cc1cc(Oc2cc(Cl)c3c(c2)C(=O)c2cc(Sc4nccc(O)n4)ccc2-3)n(C)n1,23.905755154069666
Cc1ccc(Oc2nc(O)c3c(n2)[C@H](C2CCN(c4ncccn4)CC2)SC3)cc1C,23.898947927630438
Cc1ccnn1-c1c(SCC(=O)O)nc(Oc2ccc(Cl)cc2)c2ccccc12,23.86010233328818
Cn1ccc(Oc2ccc(Cl)cc2Cl)c2nc(-c3cnc(NCCF)nc3)nc1-2,23.857893708354673
COc1cccc(Oc2c(C)sc3c(/C=C4\SC(=O)NC4=O)cn(C4CCC4)c23)c1,23.84732869296208
CN1CCC(c2c(Oc3cccc(Nc4nc5ccccc5o4)n3)ccc(=O)n2C)CC1,23.846006629728404
COc1cccc(-n2c(Sc3nc4ccc(O)cc4n3C)[n+]([O-])c3ccc(Cl)cc32)c1,23.833325212943226
Cc1cc(Cl)cc(Oc2ccc(SCC(=O)O)n2-c2ccc(Cl)cc2)c1,23.83016322052085
COc1ccc(Cn2cc(Nc3nc(-c4ccccc4)nc4nnnn34)c3ccccc32)cc1,23.828684417451896
Cc1nc(-c2cnc(O)n(Cc3ccc(Oc4cc(F)cc(Cl)c4)cn3)c2=O)cs1,23.828224312063032
[C-]#[N+]c1ccc(Oc2ccc(-c3nc(NC4CCN(C)CC4)c4c(C)nnn4n3)cc2)cc1,23.824137471956487
COc1ccnc(Oc2ccc(-n3cc4nc(C)cc-4n(-c4cccs4)c3=O)cc2)c1,23.802988278242836
Cc1cc(Oc2ccc(Cn3ncc4c(O)nc(-c5cscn5)nc43)cc2)ccc1Cl,23.782589542125603
COc1ccc(Cn2cc(-c3ncnc4c3cc(Sc3ccccc3)n4C)[nH]c2=O)s1,23.75893387995049
Cc1cc(Oc2nc3c(Sc4ccc5c(c4)OCO5)cn(C)c3nc2O)ccc1Cl,23.753988719108794
CSc1nc(NC2CC2)cc(-n2c(Oc3ccc(Cl)cc3)nc3ccccc32)[n+]1[O-],23.740879329128234
S=c1[nH]c2cc(OCCn3ccnn3)ccc2n1Cc1ccc(Cl)cc1Cl,23.709095223027948
Cc1noc(C)c1Cn1c(Sc2ccc3c(c2)OCO3)nc2c(F)cc(F)c(O)c21,23.69366004107647
Cc1cc2c(c(Oc3ccc(SCc4ncc(Cl)c(C)n4)s3)c1)NC(=O)CO2,23.691112394421065
COc1ccc(-c2cnc3c(Sc4ccc5c(c4)OCO5)c(=O)[nH]cc3c2)c(OC)c1,23.68890256779782
COC(=O)c1ccc(OCc2ccc3c(c2)OCO3)cc1Sc1ccc2c(c1)OCO2,23.68074694311402
COc1ccc(-c2ccc(C(=O)O)cc2Sc2nnc3c(Cl)cccn23)cc1OC,23.67918589960659
Oc1nc(-c2ccc(Oc3nnnn3-c3cccc(Cl)c3)cc2)cc2ccccc12,23.673172902224245
CC1CN(Cc2ccon2)CCN1c1cc(O)nc(Oc2ccc(Cl)c(Cl)c2)n1,23.671167889671917
COc1cc(-c2nc3c(NCc4cccc(F)c4)ncnc3n2C2CCCCC2)ncn1,23.665719573340958
COc1ccc2nc(NC(=O)Cn3nc(Oc4ccccc4)c4ccccc43)sc2c1,23.665030151582084
CC(=O)Oc1ccc(Cn2nc(Sc3ccc4c(c3)OCO4)c3cc(O)ccc32)cc1,23.6442301816396
COc1ccc(-c2nc(O)c3cccc(Sc4ccc5c(c4)OCCO5)c3n2)cc1,23.644031892990007
COc1cc(Sc2nc3ccccc3n2C)c2nc(C(=O)O)n(Cc3ccccc3)c2c1,23.62673727163988
COc1cccc(OCc2cccc3c2n(-c2ccc4oc(N)nc4c2)c(=S)n3C)c1,23.6190440375528
O=c1c(O)ccnn1Cc1ccc(Oc2cc(-c3ccsc3)nc(Cl)n2)c(Cl)c1,23.580995375429588
Oc1cccc(-c2nc3ccccc3n2CCOc2nc3ccccc3n2-c2nccs2)c1,23.562876567130445
COc1ccc(-c2cc3c(nn2)nc(SCC(=O)O)n3-c2ccccc2Cl)cc1,23.548923992332213
O=c1c(O)cn(Cc2ccc(Cl)c(Oc3ccccc3)c2)c2cnc(-n3ccnc3)cc12,23.53909467163555
COc1cc2nc(N3CCC(=N)CC3)nc(Oc3cccc4ccccc34)c2cc1OC,23.525695406151783
Cc1nn(C)c(C)c1Oc1c(Cl)cc(Cl)cc1C(=O)Nc1nc2ccnnc2s1,23.517220277415273
c1ccc2sc(-c3ccc(OCCc4ccc5c(c4)OCO5)c(-c4nnn[nH]4)c3)nc2c1,23.506488098234232
Cc1c(-c2cc3nc(Nc4ccc5c(c4)OCO5)nn(Cc4ccccc4)c-3c2)cnn1C,23.49832150346057
COc1ccc(-c2nc(C)c3c(Sc4ccc5c(c4)OCC(=O)N5)csc3n2)cc1,23.493599179893604
Cc1c(Sc2cccc(C(=O)O)c2)n(Cc2ccc(-c3ccccc3)cc2)c2ncnn12,23.491977264608284
COc1cc2scc(-c3nc(SCC(=O)O)nc4c(F)cc(F)cc34)c2cc1OC,23.483662975671024
COc1ccc2c(c1)nc(Sc1cccc(Cl)c1)n2Cc1cccc(C(=O)O)c1,23.476706367758545
Cc1cc2c(c(Oc3nc(C)c(C)c(N4CCN(c5ccnc(N)n5)CC4)n3)c1)CCCC2,23.471864984323986
Cc1ccc2c(Oc3cccc(Cl)c3)n(-c3nc(C)nc(N4CCC(N)C4)n3)cc2c1,23.45317104412894
COc1cc2c(nc(Sc3cc(Cl)cc4c3OCO4)n2-c2cccnc2)c(C)c1O,23.44628255379311
O=C(O)CSc1nnc2c3ccccc3n(Cc3cccc(Oc4ccccc4)c3)c2n1,23.405563838453524
COc1cc2c(cc1-n1ccnc1)C(=O)c1nc(O)cc(Oc3ccc(Cl)cc3C)c1-2,23.373465338495873
O=COc1ccc(-c2nnc(Sc3cccc(O)c3)n2-c2cccc(Cl)c2)cc1,23.364864300708245
Cc1cc(Oc2cc(Cl)cc(Cl)c2)n(-c2cccc3c2ccn3Cc2nnn[nH]2)n1,23.336117801279812
COc1ccc(-c2nc3cccc(Sc4ccc5c(c4)OCO5)c3c(=O)[nH]2)cc1OC,23.333275392173274
CC(C)N1CCc2cc(Oc3nc(N)nc4c3ccn4-c3nccs3)c(Cl)cc2C1,23.315861405853116
CNC(=O)n1cc(Cl)nc1Sc1nc(Cl)c(Oc2cc(C)nn2C)cc1Cl,23.289297435036907
COc1cccc(Oc2cccc(Cn3c(O)nc4c3-c3cccnc3SC4)c2)c1,23.284541613880194
O=C(O)c1cc(Oc2cccc(OCCn3cnc4ccccc43)c2)c2c(n1)CSC2,23.266798074676565
Cc1ccc2nc(-c3cc(Oc4cc(Cl)cc(Cl)c4)n(C)n3)n(CC(=O)O)c2c1,23.249704388057427
COc1ccc(-c2ccc3[nH]c(Sc4nnc5ccc(Cl)cn45)nc3c2)c(OC)c1,23.219013458828933
Cc1nc(N2CCN(C)CC2)sc1Oc1cc2cc(C(=O)O)c(C)c(C#N)c2cc1Cl,23.211391675414475
Cc1ncc(Sc2ccc(Oc3nccs3)c3c(Cl)cccc23)n1CC(=O)O,23.20203180944961
CSc1nncc2c1n(C)c(=O)n2Cc1ccc(Oc2ccc(Cl)c(O)c2)c(F)c1,23.197414904553973
COc1ccc(-c2nc(Sc3ccc4ccccc4n3)n(-c3ccc(O)c(F)c3)n2)cc1,23.1951484369406
Cn1cnc(-c2nccc3c(COc4ccc(/C=C5\SC(=O)NC5=O)cc4)cccc23)c1,23.183906047955503
O=C(O)COc1cc(Cl)nc2c1ncn2-c1cccc(Oc2ccc(Cl)cc2)c1,23.18355261205344
COc1ccc(Cn2cc(Sc3ccc4ccccc4n3)c3c(=O)n(O)cnc32)cc1,23.183500563580935
Cc1cc(Oc2cccc3c2c(C)c(-c2nc(C(=O)O)cs2)n3C)c2ccccc2n1,23.169804753243366
Cc1cc(COc2ccc(-c3nnc(S)n3-c3ccc(C(F)(F)F)cn3)cc2)on1,23.165799832134926
COc1ccc(Sc2nc3ccccc3n2-c2cccc(C(=O)O)c2C(F)F)cc1,23.156980085873816
Cn1c(Oc2ccc(-n3ccnc3)c(Sc3ccccc3C(=O)O)c2)nc2ccccc21,23.154131474692072
Cc1c(Sc2ccc(Cl)cc2Cl)n(C)c(Sc2ccccc2C(=O)O)[n+]1[O-],23.152677090949883
CSc1nc2ccc(Cl)cc2n1Cc1ccc(Oc2ccnc3c2cnn3C)cn1,23.14650129790477
Cc1sc(Cn2ccc3nc(N4CCCC4)nc(N)c32)cc1Oc1ccc(Cl)cc1,23.1393081050381
O=C(O)Sn1c(-c2cc(Cl)c(OCCn3ccnc3)c(Cl)c2)nc2ccccc21,23.13348002289982
Cc1cc(-n2cnn(-c3ccc(C(=O)O)cc3)c2=O)c(C)cc1Oc1cccc(Cl)c1,23.11561334725066
COc1cccc2c(Sc3cn(C)nc3C(=O)O)cn(-c3ccc(Cl)cc3)c(=O)c12,23.101800910005046
CC1(C(=O)O)CCN(c2nccc3c2ncn3Cc2cccc(Oc3cccs3)c2)CC1,23.086591567993146
COc1ccc2c(Oc3cc(C(F)(F)F)c(-n4cncn4)cc3Cl)cc(O)nc2c1,23.082030844515003
COc1ccc2cnc(Sc3ccc(-c4ccc(-n5cccn5)nc4)cc3O)nc2c1,23.07011881136166
Cc1ccc2sc(-n3c(=O)n(CC(=O)O)c4cc(Oc5ccccc5)c(C)cc43)nc2c1,23.063196980461043
COc1ccc(F)cc1Nc1nc(Oc2cc(Cl)cc(Cl)c2)c2nnn(C)c2n1,23.060897358182476
Cc1cc(Sn2c(C(=O)O)nc3cc(Oc4cccnc4)c(C)cc32)ccc1Cl,23.059310726888132
Cc1ccc(Oc2sc(N3CCN(c4ccc(Cl)cn4)CC3)nc2C(=O)O)cc1,23.048918423758018
CCn1c(Sc2cc(OCC(=O)O)c(Cl)c3c2OCCCCO3)nc2ccccc21,23.04388274496784
COc1c(Oc2cc(C)cc3c2OCC(=O)N3)cc(Cl)cc1-c1nnc(SC)s1,23.03228574521677
COc1ccccc1Sc1nc(=O)c2c(O)ccnc2n1Cc1ccc(Cl)cc1,23.0303714648676
COc1cc(Sc2nc3c(C(C)(C)C)cccc3n2C)cc(C(=O)OC(C)(C)C)c1O,23.023473905476944
Cn1c(Sc2ccccc2Cl)nc2cc(Oc3ccccc3-c3nnn[nH]3)ccc21,23.01644496975175
Cn1ccc2c(-c3ccnc(OCCn4sc5c(N)ncnc54)c3)cc(Cl)cc21,23.014496201124
CC(=O)Oc1ccc(-c2ccc3c(c2)nc(SCC(=O)O)n3Cc2ccccc2)cc1,22.978522028623495
COc1ccc(-c2cn3c(n2)SCCC3)cc1Oc1cn(CC(=O)O)c2ccccc12,22.969915106132298
O=C(O)c1nnc(Sc2cccc(Cl)c2)n2ncc(COc3ccc(Cl)cc3)c12,22.9616964041054
CCn1c(C(=O)O)nc(-c2ccc3c(c2)OCO3)c1Sc1ccc(Cl)cc1Cl,22.9569465187561
COc1ccc(CNc2nc(Oc3ncc(Cl)cc3Cl)c3scnc3n2)cc1,22.952492102553414
Cc1nc(C)c(Cn2c(=O)c3ccc(-c4nc(C(=O)O)cs4)cc3c3ccccc32)s1,22.9456229191271
O=c1n(CCO)c2ccccc2n1-c1cc(Cl)cc(Oc2nc(-c3cccs3)co2)c1,22.925302667921795
CCn1c(Sc2ccc(-c3nc4ccccc4n3O)cc2)nc2c(C)cccc2c1=O,22.91993390447866
Cc1nc(CN2CCC(C(=O)O)CC2)c(Oc2ccc(-n3cnc4ccccc43)cc2)s1,22.919900966382066
COc1ccc(-c2cc(N3CCn4ccnc4C3)c(C(=O)O)c(Oc3ccccc3)n2)cc1,22.918780249745943
COc1ccc(-c2ccc(Oc3cc(C(=O)O)n4nc(N5CCCC5)cc4n3)cc2)cc1,22.918228355314394
Cn1c(=O)c2ccc(O)nc2n1Cc1csc(-c2ccc(Oc3ccccc3)cc2)n1,22.917667176600293
COc1ccc(Oc2ccc(N3CCC(C(=O)O)CC3)nc2)c2cnn(-c3ccccc3)c12,22.912314185699977
Cn1c(Sc2ccc(OCC(=O)O)c(Cl)c2)nc2cccc(-c3cccs3)c2c1=O,22.90857914512288
COc1ccc(Sc2c(Sc3ccccc3C#N)ncn2C)c2c1S(=O)(=O)CC2,22.90127575547377
Cc1cc(Oc2ccccc2)cc2nc(SCC(=O)O)n(Cc3cccc4c3OCO4)c12,22.892067371822076
CN1CCC(Oc2ccc(Cl)c(Oc3cccc(-c4csc(C(=O)O)n4)c3)c2)C1,22.863069426748023
Cc1cc(Cl)ccc1Oc1ccnc(Cn2nc(-c3cccnc3)n(O)c2=S)c1,22.858548417401067
Cc1cc(Oc2ccc(-c3nnc(S)n3-c3ccc(C(F)(F)F)cc3)nc2)nc(C)n1,22.85757372808184
O=C(Nc1ccccc1)OCCOc1cccc2c1cnn2-c1nc2ccccc2s1,22.84961282479245
COc1ccc(Oc2ncc(/C=C3\SC(=O)NC3=O)n2C2CCCC2)c(C)c1Cl,22.84855282062924
Cn1c(Sc2cc(Cl)cc(OCc3nnn(-c4ccccc4)n3)c2)nc2ccccc21,22.831153235850124
Nc1ncc(Oc2ccc(Cl)cc2)cc1Cn1cnc2c(N3CCCC3)nccc21,22.81620699494482
COc1ccc(-c2nsc(N3CCCCC3)n2)cc1Oc1cccc2c1C(=O)NC2=O,22.81443211709082
COc1ccc(Cn2c(=O)n(C)c3ccccc32)cc1Oc1ccc(C(=O)O)cc1Cl,22.810908434422274
COc1ccc(-c2ccc3c(c2)C(=O)CCN3)c(C)c1Sc1nnnn1-c1ccccc1,22.809139091737695
COc1ccc(Oc2ccc(-n3c(=O)n(-c4cccs4)c4cc(C)nc(N)c43)cc2)cc1,22.783664408000593
CCn1c(=O)n(-c2ccc(Oc3ccccc3)cn2)c2c(Sc3ccncn3)c[nH]c21,22.74967988745438
Cc1cc2c(Oc3ccc(-n4ncn(-c5ccc(C(=O)O)cc5)c4=O)cc3)cccc2n1C,22.74408770206853
Cn1c(COc2ccc(-c3nc4ccccc4n3CC(=O)O)cc2C#N)cc2ccccc21,22.727736790668768
OCCc1cc2ccccc2nc1CSc1nnnn1-c1cc(Cl)cc(Cl)c1,22.709302959119647
Nc1ccc(Oc2ncnc3cc(-c4ccco4)n(CCN4CCOCC4)c23)cc1Cl,22.707357703399584
CCn1c(=O)n(-c2cc(C)c(Oc3cc(O)ccn3)s2)c(=O)c2cccc(Cl)c21,22.70505307588313
Oc1nc(Oc2ccccc2)c(CN2CCOCC2)c2cccc(Oc3ccccn3)c12,22.688923537619594
O=C(O)c1ccc(-c2nc3cc(Cl)cc(OCCn4cccn4)c3s2)c(Cl)c1,22.68822587521846
COc1ccc(-c2cccc3nc(Sc4cccc5ncccc45)n(CC(=O)O)c23)cn1,22.671780088504395
COc1cccc2c1nc(Sc1nnc[nH]1)n2Cc1cccc(OC(F)(F)F)c1,22.65092218010492
Clc1cc(-c2cn(CCSc3nnn[nH]3)c3ncccc23)cnc1Oc1ccccc1,22.641600126884526
Cn1c(-c2ccc3c(c2)OCO3)nc2c(Sc3ccccc3)c(OCC(=O)O)ccc21,22.635218612789593
O=C(O)Cn1c2cccc(Oc3cc(Cn4ccnn4)ccc3Cl)c2c2ccsc21,22.63417963911629
Cc1cc(Oc2ccc(Cl)cc2)cc2nc(-n3cc(CO)cn3)n(-c3cncs3)c12,22.61687584504108
COc1cnc2c(c1)n(-c1ccc(Oc3ccccc3)s1)c(=O)n2-c1ccc(O)cc1,22.615970108995
Cn1nc(Oc2ccc3c(Cl)c(Sc4ccc(C(=O)O)cc4)n(C)c3c2)ccc1=O,22.53993883088977
Cc1csc(Cn2c(Sc3cc(Cl)c(C)c(C(=O)O)c3)[n+]([O-])c3ccccc32)n1,22.498492017480668
CCc1nc(O)nc2c1n(C)c(=O)n2-c1cccc(Oc2cc(Cl)cc(Cl)c2)c1,22.497126185934697
O=C(OCCn1nc(Oc2ccc(Cl)cc2Cl)c2ccccc21)c1ccns1,22.495377592296943
CSc1nc(O)c2c(=O)n(-c3ccc(Oc4ccccc4)c(C)c3)n(C(C)(C)C)c2n1,22.491366544763338
Cn1c(Oc2ccc(Oc3ccnc(N4CCC(N)C4)c3)c(Cl)c2)nc2ccccc21,22.475938516231686
COC(=O)c1cc(Sc2nc3cc(Cl)ccc3n2Cc2ccsc2)cc(C)n1,22.47412275943315
Cc1c(Oc2cccc3c(=O)n(Cc4ccc(C(=O)O)s4)c4c(c23)CCC4)cnn1C,22.4628977207015
COc1cccc(Oc2nc(Cl)nc3c(O)nc(Sc4ccc(F)cc4)nc23)c1,22.450447251916195
COC(=O)CSc1nc(Oc2ccc(-c3cncs3)cc2Cl)c2ccccc2n1,22.447873307451186
Cc1ccc(Cl)c(Sc2c(-c3nnnn3C3CC3)c3ccccc3n2CC(=O)O)c1,22.44706386550198
CSc1cc(Cl)ccc1-n1nnnc1-c1ccc(CNc2ncccn2)c(Cl)c1,22.41312644446243
COc1ccc(-c2cc(CSc3nnc(C(F)(F)F)s3)c3c(O)nccc3n2)cc1,22.41022069531866
Cc1cc(Oc2cc(Cl)cc3c2nc(Nc2nccc4ccccc24)n3C)n(C)n1,22.392647847089144
Cn1nc(Sc2ccncc2)c(/C=C/C(=O)O)c1Oc1cc(Cl)ccc1Cl,22.38494751728569
Cn1c(Oc2cc(Cl)cc(Cl)c2)nc2ccc(CN3CCC(C(=O)O)C3)c(O)c21,22.38289493444022
COc1cc2c(cc1Cl)n(C)c(=O)n2Cc1cccc(-c2sccc2C(=O)O)c1,22.367404745982554
O=C(O)CSc1nc2ccccc2n1-c1nc2cc(OCc3ccccc3)ccc2s1,22.362110028333937
Cn1c(=S)n(C2CCCC2)c2c(Oc3cccc(OCc4ccccc4)c3)nnnc21,22.360423802921467
COc1ccc(-c2nc3c(c(Oc4cccc(C(=O)O)c4)n2)CSC3)cc1N1CCC1,22.355171008639484
O=C(O)CSc1cc(OC(F)F)cc2nc(-c3ccc(-c4ccccc4)cc3)nn12,22.339536938299187
COc1ccc(C2=CC=C3CC4=CC=CN(C(=O)N3Cc3cccc(C(=O)O)c3)C4=N2)cc1,22.33400033917448
COc1ccc(-c2cc3c(cn2)cc(C(=O)O)c(=O)n3Cc2ccc(C(F)(F)F)s2)o1,22.32736785589567
COC(=O)c1ccc(-c2ccc(Oc3ncnc(Nc4ccc(Cl)cc4)n3)cc2)cc1,22.323853532724154
Cc1c(Oc2ccc(F)cc2F)ccc2nc(SCC(=O)O)n(-c3cncs3)c12,22.313187048972903
Cc1nc(NCc2ccnnc2)cc(-n2nc3ccccc3c2Oc2cccc(Cl)c2)n1,22.31273929110319
O=c1oc2c(OCCn3c(O)nc4cc(Cl)ccc43)cccc2n1Cc1cccs1,22.312364428487104
Cn1nc(-c2cc(C(=O)O)n(-c3ccccn3)c2)cc1Oc1ccc(Cl)c(Cl)c1,22.308860559781216
Cc1cc(Cl)c(Oc2ccc(Cl)cc2)cc1Cn1nc(C)n2nc(C(=O)O)cc12,22.305682406216196
Cc1nsc(-n2c(=O)n(CC(=O)O)c3cccc(Oc4ccc(Cl)cc4)c32)c1C,22.304289860328478
Cc1cc(Cn2c(SCc3ccc(F)cc3)nnc2-c2ccc3c(c2)NCO3)on1,22.295822823615236
CCn1c(=O)n(-c2ccc(Oc3nc4ccccc4s3)cc2F)c2cc(C)nc(O)c21,22.294588117710834
C=C1SCCc2c(Oc3ccc(O)cc3C)nc(-n3cnc4c(OC)cccc43)nc21,22.278983011903932
Nc1nc(N2CCCC2)c2nc(SCc3ccccc3)n(Cc3ccccc3Cl)c2n1,22.26494454617239
CSc1nc(Oc2cccc(OC(F)(F)F)c2)cc(-n2cnc3c(O)cccc32)n1,22.260266676021455
COc1ccc2nc(Sc3ccc(-c4ccc(C(=O)O)cc4)cc3)n3c(C)nnc3c2c1,22.254255072131016
COc1ccc(OCC(=O)O)cc1Sc1nc2ccccc2c2ccc3c(c12)OCS3,22.248876483342904
COc1ccc(-n2c(N)cn(-c3nc4ccccc4s3)c2=O)cc1Oc1ccccc1,22.246812630352206
Cn1cc(-c2oc3ncccc3c2Sc2ccc(OCC(=O)O)c(C(F)(F)F)c2)cn1,22.24240692789655
Cc1nc(-n2cc(-c3ccc(Oc4ccc(F)cc4)c(Cl)c3)nn2)sc1C(=O)O,22.23965393028463
Cn1c(Sc2ncc(C#N)n2C2CCNCC2)nc2cccc(Oc3ccccc3)c21,22.21901434769272
COc1cccc(Oc2ccc3c(c2)n(CC(=O)O)c(=O)n3-c2ccc3ccccc3c2)c1,22.207176723061952
C#CC#Cc1cc(-c2cn(C)c(SCC(=O)O)n2)ccc1Oc1nc2ccccc2o1,22.18747606181362
Oc1csc2c1c(-c1ccc(OCCn3ccnc3)cc1)nn2-c1ccccc1Cl,22.178681136374713
COc1cc(=O)n(C2CCOCC2)c(Nc2ccc(Oc3ccc(Cl)cc3)cc2)n1,22.167475780605997
Cc1nn(CC(=O)O)c2ncn(Cc3ccc(Oc4ccc(Cl)c(Cl)c4)s3)c12,22.16492333385247
Clc1cccc(-c2cccc(Oc3ccnc(NCc4ccc5c(c4)OCO5)n3)n2)n1,22.13541612077694
Cc1cc2c(cc1Oc1nc(NCc3ccc4c(c3)OCO4)nc3c1CCC3)OC(C)O2,22.132057029774806
Cc1ccc(-n2c(=O)n(C)c3cc(Sc4nc5ccccc5s4)cc(C)c32)nc1N,22.121396090458447
COc1ccc(-c2cc(Cn3c(=O)n(Sc4ccccc4)c4ccccc43)nnn2)cc1,22.086945802472634
Cc1ccc2c(Cn3c(Sc4cc(C(=O)O)ccn4)nc4ccccc43)cn(C)c2c1,22.075895495313727
COc1ccc2c(c1)OC(c1ccccc1)c1cc(O)c(Sc3nncn3C)cc1C2=O,22.067872061132014
COc1cc(Oc2ccc(Cl)cc2)sc1Cn1c2ccccc2n2nc(N)nc12,22.051209710130557
CCn1c(Sc2ccc3c(n2)c2ccccc2c(=O)n3CC(=O)O)nc2ccc(C)cc21,22.04352131708716
Cc1cc(Oc2nc3ccccc3n2C2CCOCC2)c2c(/C=C/C(=O)O)cn(C)c2c1,22.026687676239426
Cc1cc(Oc2ccc(Cl)cc2)n2c(=O)n(C)c(Sc3ccc(C(=O)O)cc3)nc12,22.023522447308473
Cc1cc(-n2c(C)nc3cc(OC4CCNCC4)ccc32)ccc1Oc1nccs1,22.00832563824832
Cc1nc(NC2CCCC2)c2nnn(Cc3ccc(Oc4ccc(Cl)nc4)cc3)c2n1,22.005299092664618
Cc1c(Cc2ccc3c(c2)OCO3)c2ccc(Sc3cccc(C(=O)O)n3)nc2n1C,21.989539828283522
O=C(O)COc1ccc(-c2nn(Cc3ccccc3Cl)c(=O)c3ccsc23)s1,21.981832393001465
Oc1ccc(Cn2nnnc2-c2ccc(CSc3nc4ccccc4o3)cc2)cc1Cl,21.97101514413089
COc1ccc(Sn2c(-c3ccc(-c4ccc(=O)n(O)c4)cn3)nc3ccccc32)cc1,21.954823699620448
COc1nc(Oc2ccc3cc(C(=O)O)c(=O)n(Cc4ccsc4)c3c2)ccc1Cl,21.94493798350925
O=C(O)c1cc(N2CCOCC2)ncc1Oc1ccccc1Oc1ccc(Cl)cc1,21.943207135260472
COc1ccc2c(c1)Sc1ccccc1C2=C(N)CSc1nnnn1-c1ccccc1,21.935909439105476
Cc1cc(Cn2nc(Sc3ccc(Cl)cc3Cl)c3c(N)ncnc32)nn1C,21.92998045706659
Cc1nc(Sc2ccc3c(c2)OC(C(=O)O)O3)n(Cc2csc3ccccc23)c1C,21.92929838989037
Oc1nc(SCc2ccccc2)nnc1-c1ccc(OCc2ccc3c(c2)OCO3)cc1,21.91615359437762
COc1cc(OC)c2c(Sc3nnc(C(F)(F)F)s3)c(C(=O)O)cc(F)c2c1,21.900339776532114
Cc1cc(Cl)ccc1Oc1nc(N2CCC(CC(=O)O)C2)nc2cc(Cl)ccc12,21.892817297426912
COc1ccc(-c2cc(C)c(C(=O)O)nc2Sc2ccc3c(c2)OCCO3)c(F)c1,21.88992107493915
Cc1cc(Oc2nccc(N3CCOCC3)n2)c2c(-c3cccc(C(=O)O)c3)cn(C)c2c1,21.887273845245904
COc1ccc2nc(Sc3cccc4ccccc34)n(-c3cccc(C(=O)O)n3)c2c1,21.882054526934517
COc1ccnc(Nc2ccc(Cl)c(Oc3ccccc3)c2C(=O)N2CCOCC2)n1,21.879856688201542
COC(=O)c1ccccc1Oc1ccc(-c2nc3ccccc3n2CC(=O)O)c(F)c1F,21.878790050038038
Cn1nnc2c(COc3ccc(Oc4ccc(Cl)cc4Cl)cc3O)csc21,21.870716026767195
Cc1nc2ccc(-c3c(C)nn(CC(=O)O)c3Sc3ccc(Cl)cc3)cc2s1,21.86926978581322
Cc1sc2nc(N3CCCCC3)n(-c3ccc(Oc4ccc(O)cc4)nc3)c(=O)c2c1C,21.86531734511458
COc1ccc(-c2nc3ccccc3c(=O)n2Cc2ccsc2)c(-c2csc(N)n2)c1,21.8491391892594
COc1cccc(OC(=O)Nc2ncnc3c2nc(Sc2ccccc2Cl)n3C)c1,21.82455230414938
Oc1nc2c(ncn2CCOc2cccc(F)n2)c(Oc2ccc(Cl)cc2)c1Cl,21.797837813135292
COc1ccc(Sc2nc3ccccc3n2C)cc1Nc1nc2ccccc2c(=O)o1,21.7949450667092
Oc1nc(SCC(F)F)nc2c1nnn2-c1cccc(Oc2ccc(Cl)cc2)c1,21.791532674878194
Cc1cc(Oc2nc(NC3CCN(C)CC3)nc3c2cnn3C)cc2c1oc1ccccc12,21.77574732566468
Cn1c(Sc2ccc(F)cc2)nc2ccc(Sc3ccc(C(=O)O)cc3)c(C#N)c21,21.762665187085208
Cn1c(Sc2ccc3c(c2)OCO3)cc2c(Oc3cc(F)cc(ON)c3)ccnc21,21.75814093669369
Cc1cc(Oc2c(-c3ccc(F)cc3)cnc3nc(SCC(=O)O)nn23)ccc1Cl,21.738409410170153
Cn1c(Sc2ccc3c(c2)OCO3)nc2c(O)c(CCc3ccccc3Cl)nnc21,21.736759823095454
O=C(O)CSc1nc2ncccc2n1Cc1ccc(Oc2ccc(Cl)cc2)cc1,21.735580887101854
Cn1cc(Cn2cnc3sc(C(=O)O)cc32)cc(Oc2ccc(Cl)c(Cl)c2)c1=O,21.719201538850083
COc1ccc(Oc2ccccc2F)c2c1n(Sc1ccc(C(=O)O)cc1)c(=O)n2C,21.71280985833727
COc1ccc(-c2ccc(F)cc2)c2c1nc(Sc1ccc3c(c1)OCO3)n2CC(=O)O,21.70904162714894
O=C(O)COc1cc(Oc2ccc(Cl)cc2Cl)c2snc(SC3CC3)c2n1,21.702490820367622
COc1ccc(-c2noc3cc(CSc4nnnn4-c4ccc(F)cc4)ccc23)cc1,21.69715849202964
COc1ccc(-c2ccc3c(c2)nc(O)c(=O)n3Cc2nnc(-c3ccccc3)s2)cc1,21.674559891221012
COc1cc(OCC(=O)O)cc2sc3ncn(Cc4ccc(Cl)cc4Cl)c3c12,21.667712970786738
Cn1c(Sc2cccc(Cl)c2)nc2cc(Oc3ccc(N)nc3C3=NCCO3)ccc21,21.657200611584422
COc1ccc(C(=O)O)cc1-c1nc2c(Oc3nc4ccccc4s3)cccc2n1C,21.631026847828835
Cc1cccc(Oc2cc(Cn3cnc4c(O)nc(-c5cncs5)nc43)ccc2F)c1,21.62161175783613
COc1cccc2c1nc(Sc1cncnc1N)n2Cc1ccc(Cl)cc1Cl,21.619012523932987
Cc1cc(Sc2c(C#N)c(C(=O)O)c(Sc3ccc4c(c3)OCO4)n2C)ccc1F,21.616755881299877
COc1ccc2c(SCc3ccc(F)cn3)nnc(Nc3ccc4c(c3)OCO4)c2c1,21.599070860643025
Cn1nc(C2CC2)cc1Sc1nc2c(Oc3ccc(Cl)cc3)ccc(C#N)c2n1C,21.578653666516143
Cn1cncc1Sc1c(-c2cccnc2)c(=O)c2cc(Oc3ccncc3)ccc2n1C,21.539859070462803
Cn1c(Sc2c(OC(F)(F)F)n(C)c3ccccc23)nnc1-c1ccc(C(=O)O)cc1,21.52116419981514
Cc1cc(Sc2nnnn2-c2ccc[nH]2)c(Oc2cccc3c2CN(C)C3)cc1Cl,21.519521074051635
Cc1cc(Oc2c(F)ccc3c2nc(Sc2ccc4c(c2)OCC(=O)N4)n3C)n(C)n1,21.512194384276604
O=C(O)Cn1c(Sc2nc(OCc3ccccc3)ccc2Cl)nc2ccccc21,21.506456645107196
COc1ccc(-c2ccc3nc(Sc4ccc5c(c4)OCCO5)n(C)c(=N)c3c2)cc1,21.503639938030826
COc1cccc2cc(N3CCN(c4ccno4)CC3)nc(Oc3ccc(O)c(Cl)c3)c12,21.50025951359016
Cc1cc(Sc2nc(O)c3cc(Cl)ccc3n2)ccc1OCC(=O)OC(C)(C)C,21.499563325611657
Cc1c(O)ccnc1-c1ccc(CSc2nnnn2-c2c(Cl)cccc2Cl)nc1,21.497007079362923
COc1cc2c(C)nc(-c3ccncc3)c(Sc3ccc4c(c3)OCCO4)c2nc1O,21.47658215421464
COc1ccc(-n2c(Sc3ccc(Cl)cc3)c(-c3cn(C)nn3)c3nc[nH]c32)cn1,21.4735587153478
Cc1nn(CC(=O)O)c2ncn(Cc3cc(Cl)c(Oc4ccc(Cl)cc4)s3)c12,21.47069807302846
Cc1c(Oc2ccc(Cl)cc2Cl)nc(N2CCC(CO)CC2)nc1-n1cccn1,21.469851910845193
Cc1cc(Cn2nc(-c3ccc(C(=O)O)cc3)c3c(N4CCSCC4)cccc32)on1,21.469454523837
Cc1cc(OCC2CN(C(=O)OC(C)(C)C)C2)nc(Oc2cccc3c2CCCC3)n1,21.467003481692117
CCOc1ccc(Cn2c(=O)n(-c3nc(C(=O)O)cs3)c3ccccc32)cc1Cl,21.462978170763567
Cn1cc(C2CC2)nc1Sc1c(C(=O)O)c2ccccc2n1Cc1cccc(Cl)c1,21.460341489204122
Cn1c(-c2ccc(C(=O)O)s2)nc2cc(OCCn3cnc4ccccc43)ccc21,21.452726788859557
Cc1cc(Cn2c(Sc3ccc(Cl)cc3)c(-c3nnnn3C)c3ccccc32)on1,21.422864879388573
COc1ccc(Cl)c(Oc2nc(-n3c(=O)n(CC(=O)O)c4ccccc43)ccc2Cl)c1,21.41936143805242
Cn1c(Sc2cc(C3=NNC(=O)C3)co2)nc2ccc(Oc3ccc(Cl)cc3)cc21,21.385843255328343
Cc1c(-n2ccn(CC(=O)O)c2=O)cc(Cl)c(Oc2nc3ccccc3s2)c1C,21.385248966450398
Cn1c(Oc2ccc(Cn3cnc4cc(Cl)ccc43)cc2Cl)nc(N)nc1=S,21.38017559787303
COc1ccc2c(Sc3nnnn3Cc3ccc(O)c(Cl)c3)cc(Cl)cc2n1,21.375104604363454
COc1ccc2c(c1)nc(Sc1ccc(Cl)cc1)n2-c1cc(F)c(C(=O)O)cn1,21.362829353254178
CC1CN(C)c2cc3ccccc3c(Oc3ccnc(Nc4ccc(C#N)cc4)n3)c2N1C,21.36172641610594
CSc1nc2ccc(O)cc2n1Cc1cc(Cl)cc(Oc2ccc(Cl)cc2)[n+]1[O-],21.359966817484136
Cc1cc(Sc2nc3ccccc3n2Cc2cn(CC(=O)O)nn2)c2ccccc2c1,21.337183761244745
O=C(O)COc1cccc2c(Oc3ccc(Cl)cc3)cn(Sc3ccncc3)c12,21.32654115115398
Cc1cc(N2CCCC2)nc(-n2c(Oc3ccc(Cl)cc3C)cc(Cl)c2C(=O)O)n1,21.31986409505215
COc1ccc(-c2ccc(-n3c(=S)[nH]c4cc(-c5ccco5)nn4c3=O)cc2)c(OC)c1,21.309461404953044
COc1cccc(-c2c(Sc3nnn[nH]3)nnn2Cc2cccc(C(F)(F)F)c2)c1,21.289303867564954
COc1cc(Oc2ccn[nH]2)c2nc(Sc3cc4c(cc3Cl)OCO4)n(C)c2c1,21.282606468295146
Cc1cc(Cn2nnc3c2OC(C(=O)O)CS3)ccc1Oc1cccc2ccccc12,21.25139783386998
COc1ccc2nc(Sc3ccc4c(c3)c3ccccc3n4Cc3nnn[nH]3)n(C)c2c1,21.246593847243982
Cc1nc(Oc2ccc(Cl)cc2Cl)c2nc(SCC3CCOC3)nc(O)c2n1,21.24510840522305
Cc1cc(-n2c(=O)n(C)c3ccccc32)ccc1Oc1sccc1Sc1nc[nH]n1,21.225005499934213
O=C(Nc1nccs1)Oc1ccc(-c2cccc(OCCN3CCCCC3)n2)cc1,21.216710104244708
Cc1ccc(Cn2nc(-c3ccc4c(c3)OCO4)nc2SCC(=O)O)c2ccccc12,21.210352594098797
Oc1ccc(Cl)cc1-n1nc(CSc2ncccn2)nc1Oc1cccc2ccccc12,21.18854572743556
Cc1nc(SCC(=O)O)c(Sc2ccc(F)cc2)nc1-c1ccc2c(c1)OCO2,21.18572354761688
CSc1ncnc2cc(Cn3c(SCC(=O)O)nc4cc(Cl)ccc43)ccc12,21.183277425710703
CSc1nc2n(Cc3ccc(Oc4ccc(Cl)c(C)c4)nn3)c3ccccc3n2n1,21.173325778023326
Oc1cc(Oc2ccc(Cl)cc2)c2nc(-n3cnc(SCC(F)F)n3)ccc2n1,21.171493025972904
Cn1cc(C(=O)O)c(Cl)c1Sc1ccc(Oc2nc(Cl)nc3c2ccn3C)cc1,21.16330343746677
CCn1c(Oc2ccc(Cl)c(Cl)c2)cc2c(N3CCC(CC(=O)O)C3)ncnc21,21.16291136215863
COc1ccc(Sc2nn(Cc3cc4ccccc4nc3F)c3ncnc(O)c23)cc1,21.159337496743778
O=C(O)c1cc(-c2ccco2)c(-n2nc(OCCN3CCCCC3)c3ccccc32)s1,21.155408156109186
COc1ccc2c(c1)nc(Sc1cc(C(=O)O)ccn1)n2Cc1cccc(Cl)c1,21.150476316018633
COc1ccc2c(Oc3ccc(O)c(Cl)c3)nc(N3CCN(c4ccccn4)C3)nc2c1,21.149814630200552
Clc1ccc(Oc2nc(N3CCC(COc4ncccn4)C3)nc3ccccc23)cc1,21.13753946934173
COc1cc(Cl)c(-c2nnc(Sc3ccc4ccccc4c3)n2C(=O)O)cc1OC,21.12022819736202
Cc1cc(Oc2cccc3c2CCO3)ccc1OC1CCN(c2nc(C(=O)O)cs2)C1,21.10853558232293
COc1cc(Oc2cc(Cn3c4ccccc4n4nc(S)nc34)ccc2F)ccc1C#N,21.10616529555253
Cc1c(O)cccc1Sc1nnc2c(C)cc(Oc3ccc(Cl)cc3Cl)nn12,21.10101710464915
COc1ccc2c(c1)ncn2-c1ccc(Oc2sc(N3CCCC3)nc2C)cc1C#N,21.093534903118194
COc1ccc(Oc2ccc3c(c2)n(-c2cc(C(=O)O)cs2)c(=O)n3C)c2c1CCCC2,21.08568512622763
Cc1cc(Oc2ccc(C3CO3)nc2C)n(-c2c(Cl)ccc3sc(C(=O)O)cc23)n1,21.06249766702241
CSc1n(-c2ccc(Cl)c(Oc3ccccc3C(=O)O)c2)c2ccccc2[n+]1[O-],21.05951241408281
O=C(O)COc1cc(Oc2ccc(Cl)cc2Cl)sc1C(=O)OC1CCCC1,21.05775967915438
Clc1cccc(Oc2ccc(Cn3cnc4c(NC5CC5)nc(Cl)nc43)nc2)c1,21.054939330953054
COc1cc2c(Oc3ccc(Cl)cc3C)cc(Nc3ccc4c(c3)OCCO4)nn2n1,21.03890356564253
Cn1cc2c(=O)n(-c3ccccc3)nc(Oc3ccc(Cl)cc3)c2c1SCC(=O)O,21.038348860953874
O=C(COc1ccc2nc(Oc3cccc(Cl)c3)c(Cl)cc2c1)Nc1nncs1,21.02222217214904
COc1cc2nc(Sc3ccc4c(c3)C(=O)c3c(C(=O)O)cccc3-4)sc2cc1OC,21.013576383120245
COc1ccc2c(c1)nc(-c1ccc(Cn3ccnn3)cc1)n2-c1ccc(O)c(Cl)c1,20.99843370320361
O=C(O)CSc1cc2c(s1)-c1cc(OCCn3cnc4ccccc43)ccc1C2=O,20.99230151241746
Cn1ccc2cc(-c3nnc(Sc4cc(C(=O)O)ccn4)n3Cc3ccccc3)ccc21,20.988712001751967
Cc1cnc2c(nc(Sc3ccc(Cl)cc3)n2C)c1Oc1cccc(C(=O)O)c1,20.977027789233265
Cn1c(=O)c(C(=O)O)cn(Cc2ccc(Oc3ccc(Cl)cn3)c(Cl)c2)c1=S,20.974910129745965
Cc1cc(Oc2cc(C)c3c(c2)n(C)c(=O)n3-c2nc(C(=O)O)cs2)ccc1Cl,20.965943321245465
Cn1c(C#N)nc2c(OCC3CCNCC3)nc(Oc3ccc(Cl)cc3Cl)cc21,20.956234017247702
Cc1ccc(Oc2ccc(Cn3nnc4c3cnn4-c3ccc(O)cc3)cc2Cl)cc1,20.9382868251849
Cc1oncc1CN1CCC(Nc2ccnc3snc(Oc4ccc(Cl)cc4)c23)C1,20.926838258898933
COc1ccc(-c2cccc3nc(Sc4ccc5c(c4)OCO5)[nH]c(=O)c23)c(OC)c1,20.9216323223726
COc1ccc(-c2ccc3c(c2)c(SC)nn3-c2ncc(C(=O)O)s2)c(F)c1F,20.918804871518134
Cn1c(Sc2cncc(C(=O)O)c2)nc2c(Oc3cc(Cl)ccc3F)cccc21,20.90770825484598
Cn1c(Sc2ccncn2)nc2c(Oc3ccc(Cl)cc3Cl)cc(CO)cc21,20.90277493834118
CSc1nccc2c1ncn2Cc1cc(Oc2cccc(Cl)c2Cl)nnc1O,20.89287643238062
CC(=O)n1ncc2cc(Oc3nc(NC4CCN(C)CC4)nc4ccccc34)c(C)cc21,20.89219328188014
CNc1nc(C)nc2c1ncn2Cc1cc(Oc2cccc3c2OCCO3)ccc1Cl,20.88403942039274
Nc1nc(Oc2ccc(CSc3ccccn3)cc2)c2cnn(-c3ccccc3)c2n1,20.883583328707648
Cc1cc(Oc2ccc(Cl)cc2Cl)nn1CC(=O)Oc1cccc2c1CN=C2N,20.883184410989394
Cc1cc(Oc2ccc(Cl)cc2Cl)c(Sc2cc3c(nn2)N(O)C(=O)C3)n1C,20.881343678620727
CNc1nc(Oc2ccc(Cl)cc2Cl)cc(SC2CCN(C(=O)OC)C2)n1,20.87683847974489
COc1csc(-c2ccc(Oc3cccc(Cl)c3)cc2/C=C2\SC(=O)NC2=O)n1,20.87463227970394
COc1ccc(-c2nc3cccnc3n2Cc2ccc(-c3csc(C(=O)O)n3)cc2)cc1,20.852806779573392
O=S(=O)(O)c1ccc(-c2nc3ccc(OCCn4cnc5ccccc54)cc3s2)cc1,20.835500061109467
COc1cc(N2CCCCC2)ccc1Oc1cc(-n2cc(C(=O)O)cn2)ccc1Cl,20.796134682800812
COc1nc(C)nnc1-c1ccc(Oc2ccccc2/C=C2\SC(=S)NC2=O)cc1,20.791625759159345
Cn1nc(Sc2ccc(Cl)cc2Cl)nc1-c1ccc(OC2CC2)c(C(=O)O)c1,20.788180861461896
CCn1c(NC(=O)Cn2nnnc2Sc2c(Cl)cccc2Cl)nc2ccccc21,20.78440770600213
O=C(O)CSc1ncc2ncn(Cc3ccc(Oc4cccc(F)c4Cl)cc3)c2n1,20.7836547651186
O=C(O)COc1ccc(Cl)cc1Cn1c(Sc2nccs2)nc2ccccc21,20.783273432102842
Cc1sccc1-n1c(C)nn(-c2ccc(Oc3cccc(C(=O)O)c3)c(Cl)c2)c1=O,20.776268193679407
COc1cc(C(=O)O)ccc1Oc1cccc2c1n(-c1cc3ccccc3s1)c(=O)n2C,20.751858763129945
COc1cc(OC)c(C(C)(C)C)c(-c2nc3c(Cl)cccc3n2CC(=O)O)c1,20.750966617016
COc1ccc(-c2ccc3c(c2)nc(Sc2ccc(Cl)cc2)n3-c2nnn[nH]2)cc1,20.74428827650043
O=C(O)c1cc2nnn(Cc3ccc(F)c(Oc4ccc(Cl)cc4Cl)c3)c2s1,20.738372877943185
CC1CN(C)Cc2cc(Oc3nc(SCC(=O)O)nc4cccc(Cl)c34)ccc21,20.73811611639814
Cn1nncc1-c1c(SCC(=O)O)n(C)c2cccc(Oc3ccc(Cl)cc3)c12,20.72418460114203
CCn1c(=O)n(-c2ccc(Oc3ccc(Cl)cc3)cc2)c(=S)c2c1ccn2CC(=O)O,20.724069731475616
O=C(O)COc1cccc(Cn2c(Sc3cccc(Cl)c3)nc3ccccc32)c1,20.710977686264858
COc1ccc(Cn2c(Sc3cccc4nc(O)c(=O)oc34)nc3ccccc32)cc1,20.707392100153662
Cc1ccc(-c2nc(SCC(=O)O)c(Sc3cccc(Cl)c3)n3nncc23)cc1,20.70601851900754
COc1ncc(-c2nc(O)c3c(n2)CSC3)cc1Oc1cc(Cl)cc(Cl)c1,20.705713130116624
COc1ccc(-c2nnc(SC(C)(C)C)n2Cc2ccc3c(c2)OCO3)c(C(=O)O)c1,20.70162451869001
COc1ccc(-c2c(Sc3cccc(Cl)c3)nc(O)c3c(=O)n(C)cnc23)s1,20.699547856616263
COc1cccc2nc(Sc3cccc(Cl)c3)n(-c3cc(C)cc(C(=O)O)n3)c12,20.699134120359602
COc1ccc(-c2cccc3c2nnn3Cc2csc(-c3ccc(C(=O)O)cc3)n2)cc1,20.690768685201007
Cc1ccc(Cl)cc1-n1nnnc1Oc1cccc(Cn2c(O)nc3ccccc32)c1,20.687062562327842
COc1ccc(-c2nnnn2Cc2ccc(C(=O)O)s2)cc1-c1ccc(F)cc1Cl,20.684656858654957
COc1cc(O)ccc1Oc1cccc2c1c(C#N)c(Sc1ccc3c(c1)OCO3)n2C,20.681951925944887
CCn1c(Sc2ccc(-c3nc4cc(O)ccc4n3C)cc2)nc2ccccc2c1=O,20.67624080855816
COc1ccc(-n2c(=O)sc3cc(Oc4cccc(C(=O)O)c4)c(Cl)cc32)c(C)n1,20.665321305618548
COc1ccc2c(c1)n(Cc1ccc(Cl)s1)c(Sc1ccc(C(=O)O)cc1)[n+]2[O-],20.66236884680687
Cc1nc(Oc2cc(Cl)cc(Cl)c2)ccc1-n1cc(Cn2ccnn2)c(S)n1,20.652269632718053
Cc1cc(Oc2nc(NC3CCN(Cc4ccno4)CC3)nc3ncccc23)ccc1Cl,20.627627787256067
Cc1cc(Br)cc(Oc2c(C)c(C3CC3)nn2-c2nc(C(=O)O)cs2)c1,20.625147631382884
COC(=O)c1ccc(Sn2c(=O)sc3ccc(-c4cccc(OC)c4)cc32)cc1O,20.624697161844754
Cc1cc(C)nc(-n2nc(C(=O)O)cc2Oc2ccc(Sc3cccc(F)c3)cc2)n1,20.610194331869014
Cc1cc(Oc2ccc(Cl)cc2Cl)ccc1Oc1nn(-c2ccccn2)c(=O)n1O,20.607422250171265
CCc1c(F)c2c(OCc3ccc4c(c3)OCO4)cccc2n1-c1nc(C(=O)O)cs1,20.59383037102107
COc1ccc(Br)cc1Sc1nc2cccc(OC)c2c2nc(N)nn12,20.573505614557014
CSCCn1cc(-c2n[nH]c3c(Oc4ccc(Cl)cc4Cl)nccc23)nn1,20.55991001871338
O=C(O)c1ccc(-n2cc(-c3nc4cccc(OCc5ccccc5)c4s3)nn2)cc1,20.53225889620972
Cc1cc(Oc2nc(NC3CCN(c4ccccc4)CC3)nc3ccsc23)c(C)nn1,20.52963774310301
COc1cc(Oc2ccccc2)cc2c1n(-c1cc3ccc(C(=O)O)cc3s1)c(=O)n2C,20.525023622045037
Cc1c(Oc2nc(SCC(=O)O)nn2-c2ccc(Cl)cc2)ccc2c1CCS2,20.506055013586096
COc1ccc(-c2nnc(SC3CCCCC3)n2Cc2cccc(Cl)c2)nc1N,20.50542082683444
CSc1nc(-c2ccc(OCCn3cnc4ccccc43)c(Cl)c2)c2[nH]cnc2n1,20.48471557880676
O=C(O)COc1ccc(Cl)c(Oc2ccc(Cl)cc2)c1-c1ccn2ccnc2n1,20.474690166597085
Cn1c(Sc2ccc(-n3cccn3)cc2)nc2c(Oc3ccc(C(=O)O)cc3)cccc21,20.458766872832246
COc1cc(Oc2ccc(Cl)cc2)cc(-n2c(-n3nccn3)nc3c(O)cccc32)c1,20.451602310396943
Cc1cc(Oc2ccc(C#Cc3ccc(F)cc3)cc2C)n(-c2nc(C(=O)O)cs2)n1,20.44988255965118
COc1cccc2nc(Sc3cccc(Cl)c3)n(-c3cc(C(=O)O)cc(C)n3)c12,20.43083021496949
COc1ccc(C(C)(C)C)cc1-c1cnc(Sc2ccc3c(c2)OCO3)n1CC(=O)O,20.430197533930958
CCn1c(=O)n(-c2ccc(Oc3ccc(Cl)cc3)cc2)c(=O)c2c(SC)nccc21,20.414596426935972
O=C(O)c1ccc(OCCn2c3c(c4nc(Sc5ccccc5)nnc42)CCCC3)cc1,20.41196989245649
Cn1c(=O)n(Cc2cccc(C(=O)O)c2)c2cc(Sc3ncnc4ccccc34)ccc21,20.38082407762551
Cc1nccnc1Oc1nc(NC2CCN(C)CC2)nc2c1c1cc(Cl)ccc1n2C,20.372910409900822
Cc1ccc(Oc2cccc3c2nc(Sc2cccc4c2OCO4)n3CC(=O)O)cc1,20.371919488947675
COc1ccc(Sc2cccc3c2n(-c2ccc(Cl)cc2)c(=O)n3CC(=O)O)cc1,20.370917508675458
Cc1nc2c(O)nc(-n3cccn3)nc2n1Cc1cccc(Oc2ccc(Cl)cc2)c1,20.368201594412287
O=c1ccnc2n(Cc3ccc(Oc4ccc(Cl)cc4)cc3)c(-c3cccc(O)c3)nn12,20.365898932512515
Cc1cc(Sc2ccc3c(nnn3-c3cccc(-c4ccc(C(=O)O)cc4)c3)n2)cn1C,20.356337053359884
Cc1cc(/C=C2\SC(=O)N(CCSSc3nccs3)C2=O)cc2cc[nH]c12,20.340806472290463
CC(C)(C)OC(=O)c1cc(-c2ccc(OCCN3CCCCC3)nc2Cl)ccc1O,20.318119899443502
Cc1c(Oc2cccc3c2nc(Sc2ccc(C(=O)O)s2)n3C)ccc2c1CCO2,20.304402127886892
O=c1cc(Sc2nccs2)n(Cc2ccc(F)c(Oc3ccccn3)c2)cc1O,20.301473541000682
O=C(O)c1ccc2c(n1)n(-c1cccs1)c(=O)n2Cc1cccc(Oc2ccccc2)c1,20.271694183571054
Cc1cc(C)c(Oc2nc(N3CCNCC3)nc3cc(Cl)cc(Cl)c23)c(C)c1,20.246018078344505
Cn1c(=O)n(CCOc2ccc(-c3nc4ccccc4s3)c(C(=O)O)c2)c2ccccc21,20.227611943237275
Cn1nc(C2CC2)cc1Sc1nc2c(=N)c(Oc3cccc(Cl)c3)cccc2n1C,20.218588806484366
Cc1nc(NC2CCN(c3ncccn3)O2)nc(Oc2ccc(Cl)cc2Cl)c1C,20.218080662209502
O=C(O)c1ccc(-c2nc(-c3ccc(OCCn4nnc5ccccc54)cc3)cs2)cc1,20.214800216641127
O=c1nc(O)c2cccc(OCCn3c(Sc4ccccc4)nc4ccccc43)c2s1,20.211969597581025
Cn1cnnc1Sc1ccc(C(=O)O)c(Oc2ccc(Cl)cc2Cl)c1Cl,20.205501139324294
O=C(O)c1ccc(Cn2c(-c3ccc(OCc4ccncn4)cc3)nc3ccccc32)s1,20.204750281515985
Cc1nc(N)c2cc(Cl)cc(Sc3nnc(Sc4ccc(Cl)cc4)n3C)c2n1,20.184729835018917
Cn1c(Cl)nnc1SCC(=O)Nc1ccc(Oc2nc3ccccc3s2)cc1,20.181435037092463
Cc1cc(Cl)ccc1Oc1nc(NC2CCN(C)CC2)nc2c1nc(C(C)(C)C)n2C,20.178531074601082
Cn1c(=O)n(Cc2ncc(C(=O)O)s2)c2c(Oc3ccc(Cl)cc3Cl)cccc21,20.159072258454362
Cn1c(Sc2cccc(Cl)c2)nc2c(Oc3ccc(C(=O)O)nn3)ccc(F)c21,20.158769784304685
Cn1cc(-c2ccc3nc(O)n(Cc4ccc(Oc5ccccn5)c(Cl)c4)c3c2)cn1,20.154919856476116
COc1ccc(-c2nc(Sc3ccc(Cl)c4c3CCOC4)n(CC(=O)O)n2)cc1,20.139442276730787
Oc1cc(Oc2ccc(F)cc2)ccc1Cn1cnc2c(Sc3ccccc3)nnnc21,20.132775642219944
Cc1noc(-c2ccc(Oc3ccc4sc(CN5CCC(O)CC5)nc4c3)cc2)n1,20.12827037602522
CC1(O)CCN(c2ncnc3c2nc(COc2ccc(Cl)o2)n3C2CCCCC2)C1,20.104562396100228
COc1ccc(-c2ccc3c(Sc4ccc5c(c4)OCO5)nn(CC(=O)O)c3c2)cc1,20.093967484344734
Cc1cc(Sc2c(C(=O)O)nc(-c3ccc4c(c3)OCO4)n2C)ccc1OC(F)(F)F,20.090720683354736
CN(C)c1cccc2c(C(=O)O)cc(Oc3ncnn3-c3ccc(Cl)c(Cl)c3)nc12,20.08592623867768
COc1cc(Cl)cc(Oc2nnc(-n3c(C)c(C)c(=O)[nH]c3=S)cc2Cl)c1,20.061965825314573
COc1cnc(N2CCC(Nc3ncccn3)CC2)nc1Oc1cccc2c1CCCC2,20.060055291990196
Cn1c(Sc2ccccc2Cl)[n+]([O-])c2nccc(Oc3ccc(O)c(Cl)c3)c21,20.05384466015247
Cc1cc(Oc2nnn[nH]2)c2c(Cl)c(Sc3ccc4c(c3)OCO4)n(C)c2c1,20.04496040417654
Cc1csc(Cn2c(O)nc(=O)c3c(Oc4cc(Cl)cc(Cl)c4)cccc32)n1,20.03902090064694
O=C(O)c1ccc(-c2nn(Cc3cccc(Oc4ccccc4)c3)c3c2SCC3=O)cc1,20.035241887207633
Cc1cc(Sc2cn(C)c3ccccc23)nnc1OC1CCN(C(=O)OC(C)(C)C)C1,20.034800178912842
O=C(O)CSc1ncnc2c1ncn2Cc1cccc(Oc2ccc(Cl)cc2)c1F,20.034188336606906
COc1cc2c(cc1C)nc(Sc1cccc(Cl)c1)n2-c1cc(C(=O)O)ccn1,20.033351013301015
CCn1c(=O)n(-c2ccc(Oc3nc(NC)nc4ncccc34)c(Cl)c2)c2ccccc21,19.994326812814418
COc1cccc(Sn2c(-c3nc(C)c(C(=O)O)s3)nc3cc(Cl)ccc32)c1,19.956789353113468
COC(=O)CSc1nc(Oc2ccc(Cl)c(O)c2Cl)c2cc(Cl)ccc2n1,19.945049188948396
COC(=O)c1c(O)nc(N2CCCCC2)c2nc(Sc3ccc(Cl)cc3)n(C)c12,19.926516532891327
Cc1cc(Cl)oc1Oc1nc(NC2CCN(C)CC2)nc2c1nc(C(C)(C)C)n2C,19.924579346906157
Cc1cccc(Oc2nn(-c3nc(C(=O)O)cs3)c3c2CN(Cc2ccccc2)CC3)c1,19.922763284855538
COc1ccc(-c2ccc(Sc3nc4c(C)nccc4n3C3CCNCC3)nn2)cc1,19.906749554313766
Cn1cc(-c2ccc(Cl)cc2)nc1Sc1nc2c(Oc3ncn[nH]3)cccc2n1C,19.890713469499133
CNc1nc(Cl)nc2c1nnn2Cc1cc(Oc2ccc(Cl)cc2Cl)cn1C,19.880380417442602
Cn1cc(-c2nc(NCc3ccccn3)nc3snc(Oc4ccc(Cl)cc4)c23)cn1,19.8721562967442
Cc1cc(OC2CCN(c3nccc(O)n3)CC2)ccc1Oc1nc2ccccc2s1,19.86710900802304
Cn1c(=O)n(Cc2ccc(C(=O)O)cc2)c2cc(Sc3ccnc4ccccc34)ccc21,19.844554855432467
Cc1sc(-c2c(SCC(=O)O)nnn2Cc2ccc(Cl)c(Cl)c2)cc1C#N,19.82025458732203
Cc1cc(Oc2nc(C)nc(N3CCC(Nc4ccccn4)CC3)n2)c2ccccc2c1,19.79680029857412
Cc1cnc2nc(SCC(=O)O)n(-c3ccc(Oc4ccc(Cl)cc4)cc3)c2c1,19.78839529884168
Cc1nn(-c2cccc(Oc3nccs3)c2)c(SCC(=O)O)c1Br,19.78576710120077
Cn1ccc(Oc2cc(Cl)cc3c2nc(Sc2ccccc2)n3CC(=O)O)cc1=O,19.773689046904952
O=C(O)CNc1nc2c(ncn2Cc2ccc(Cl)c(Oc3ccc(Cl)cc3)c2)s1,19.76607616040856
COc1ccc(Oc2cccc3c2c(/C=C2\SC(=O)NC2=O)cn3C)c(-c2nccs2)c1,19.7205265708166
OCCn1c(Sc2ccc(Cl)cn2)nc2c(Oc3ccc4c(c3)OCO4)cccc21,19.714156359804722
Oc1cc(Oc2nnnn2-c2ccc(Cl)c(Cl)c2)ccc1CSc1cccnc1,19.710224158840916
Cc1ccc(Oc2ccc(Cn3cnc4c(N5CCCC5)nc(O)nc43)cc2Cl)nc1,19.708604645368315
OCCn1cnnc1Sc1ccc2ncnc(Oc3ccc(Cl)cc3Cl)c2c1,19.684258109975346
COc1ccc(-c2nc3c(Sc4ccc5c(c4)OCO5)cccc3n2CC(=O)O)cc1,19.665625222856693
Cc1nc(O)nc2c1ncn2Cc1ccc(Cl)c(Oc2cc(Cl)cc(Cl)c2)n1,19.659027281467672
Cn1nnnc1Sc1c(Cl)c2c(Oc3ccc(Cl)cc3)ccc(F)c2n1C,19.636013701363783
Cc1nn(-c2ccc(Oc3cccc(Cl)c3)s2)c(=O)n1Cc1cccc(C(=O)O)c1,19.608812856393552
Cc1csc(Oc2ccc(-c3nnnn3Cc3ccc(O)c(C(F)(F)F)c3)cc2)n1,19.59973299429522
COc1ccc(Oc2nc(N3CCC(Nc4ncccn4)=N3)cc3ccccc23)cc1Cl,19.59835597092079
CSc1nc(N)nc2c1ncn2Cc1cccc(Oc2cc(Cl)cc(Cl)c2)c1,19.563542810403998
Cc1nn(C)c(Oc2ccccc2Cl)c1Sc1nnnn1-c1ccc(Cl)cc1,19.557642663309164
COc1ccc(-n2ncc(-c3nnnn3C)c2Sc2ccc(Cl)cc2)c(Cl)c1,19.53268352794496
CCn1c(Sc2ccc(Cn3nc(C(=O)O)c4ccccc43)cc2)nc2ccccc21,19.527293419800298
COc1cc(/C=C2\SC(=O)NC2=O)c(-c2cscn2)c(Oc2ccc(Cl)cc2)c1,19.516088340215763
COc1cc(F)cc(Oc2nc(NC3CCOCC3)nc3oc(-c4ccccc4)cc23)c1,19.499747528891227
Cn1c(=O)n(Cc2ccc(Oc3cc(O)nn3-c3ccccc3)c(Cl)c2)c2ccccc21,19.485208752450795
Cn1c(Sc2ccc(=O)[nH]n2)nc(Sc2ccccc2)c1COC(=O)C(C)(C)C,19.46560161214151
Cc1c(Cn2c(O)nc3ccccc32)cccc1Oc1ncnn1-c1cccc(Cl)c1,19.454693151721703
CCc1c(Oc2nc(Nc3ccc4c(c3)OCO4)nc3c2cnn3C)ccc(Cl)c1F,19.41798359425082
COc1cc2nc(-c3ccc4c(c3)OCO4)n(Cc3ccc(Cl)s3)c2cc1OC,19.417473470890602
O=C(O)c1nc(N2CCSCC2)sc1OCc1cccc(Oc2ccccc2)c1,19.40740372213945
Cn1cc(C(=O)O)nc1Sc1nc2c(Oc3ccc(F)c(Cl)c3)cccc2n1C,19.40430630062442
COc1ccc(Cl)c(Oc2ccc3c(c2)n(-c2cc(C(=O)O)cs2)c(=O)n3C)c1,19.397889406046623
Cc1cnc(-n2ccnc2)cc1Sc1nc2ccccc2n1Cc1ccc(C(=O)O)cc1,19.392448033705087
Cc1cc(Oc2cc(Cl)cc3c2n(-c2ccccc2)c(=S)n3CC(=O)O)n(C)n1,19.345182210370815
COc1cc2nc(-c3ccc(N4CCOCC4)cc3)c(C(=O)O)c(Cl)c2cc1OC,19.31798062107044
Cc1nc(N)nc2c1n(C)c(=S)n2Cc1cc(Cl)c(Oc2cccc(Cl)c2)cn1,19.317201557257704
O=C(O)COc1nc(Oc2ccc(Cl)cc2Cl)sc1C(=O)N1CCCCC1,19.30460751650844
COc1c(-n2cccn2)ccc(Oc2sc(/C=C3/SC(=O)NC3=O)cc2C)c1F,19.302480599459656
COc1ccc2cccc(CSc3nnnn3-c3ccc(Cl)c(Cl)c3)c2c1O,19.29719306258566
Cc1nc(C)c(-c2c(Cl)ccc3nc(Sc4ccc5c(c4)OCO5)n(C)c23)c(O)n1,19.27854328587091
Cn1c(CSc2nnnnc2O)cc2c(Oc3ccc(Cl)cc3Cl)cccc21,19.277965125910963
Cc1cc(-n2nnnc2SCc2nc3ccccc3n2C2CCCC2)cc(Cl)c1O,19.27484968999675
COc1nc(Oc2ccc(Cl)cc2Cl)cc2c(NC3CCN(C)CC3)ncnc12,19.26833296821685
Cc1nc(Sc2ccc3c(c2)OCO3)n(-c2ccccn2)c1Cc1ccc(C(=O)O)cc1,19.259960720195647
Cc1cccc(Oc2nc(NC3CCN(Cc4ccncc4)CC3)nc3scnc23)c1,19.25784353932336
Cc1c(Oc2ccc3c(c2)n(Cc2ccccc2)c(=O)n3C)ccc2nc(C(=O)O)sc12,19.215959944827087
Cc1c(Oc2nc(NCc3ccc4c(c3)OCO4)nc3c2cnn3C)ccc(Cl)c1F,19.2082977362657
CN1CCN(c2cc(Oc3cccc4c3CCCC4)nc(Nc3ccc(C#N)cc3)n2)CC1,19.1918134950096
COc1ccc(C(=O)NC(C)(C)C)c(-n2nnnc2Oc2ccc(Cl)cc2Cl)c1,19.19053455945088
COc1ccc(-n2c(Sc3ccccc3Cl)nc3c(N4CCCC4)nc(N)nc32)cc1,19.147680140437146
Cc1cc(Sc2nc3ccccc3n2-c2ccc3c(c2)OCO3)ccc1OCC(=O)O,19.140278233607535
Cc1cc(Cl)ccc1Oc1nc(NC2CCN(C)CC2)nc(-c2noc3ccccc23)n1,19.128022459382084
COc1ccc2c(=O)n(Cc3cccc(O)c3)c(Sc3ccc4c(c3)OCO4)nc2c1,19.108669765549056
COc1ccc(Cn2c(Sc3ccc4c(c3)OCO4)nc3ccc(C(=O)O)cc32)cc1,19.10695871991785
Cc1cc2c(cc1Oc1ncnc3c1cc(Sc1nc4ccccc4n1C)n3C)C(=O)N2,19.105393831247483
COc1cccc(-c2ccc(Oc3nnnn3-c3ccc(Cl)c(Cl)c3)c(O)c2)c1,19.099316695703987
COC(=O)c1ccc(Cn2c(O)nc3cccc(Sc4ccc5c(c4)OCO5)c32)cc1,19.094289368773612
Cc1c(Oc2ccc(-c3ccc(C(=O)O)cc3)cc2)ccc2c1n(-c1nccs1)c(=O)n2C,19.063480900632342
COc1ccc(-n2nnnc2Sc2ccccc2Cl)c(NC(=O)c2ccsc2)c1,19.06180423876556
CSc1ncnc2c1nc(O)n2Cc1ccnc(Oc2cc(Cl)cc(Cl)c2)c1,19.061380623377914
COc1cc(-n2nnnc2Oc2ccc(Cl)cc2Cl)c(C2CCSC2)cc1O,19.059628351858827
Cc1cc(Cl)ccc1Oc1c(SCC(F)(F)F)c(C(=O)O)nn1-c1ccccn1,19.03340882147098
CCCNc1nc(Sc2nnnn2-c2cccc(Cl)c2Cl)cc(C(C)(C)C)n1,19.02951999292032
Cn1c(Sc2ccc(-n3ccnn3)cc2Cl)nc2cc(Oc3ccc[nH]3)ccc21,19.024667852799137
Cc1cccc2c1nc(Sc1ccc3ncn(C)c3n1)n2Cc1ccc(C(=O)O)cc1,18.997773022044658
CSc1nc2cc(Sc3ccc(F)cn3)cnc2n1Cc1ccc(C(=O)O)cc1,18.991970296458266
N#Cc1sc(=S)n(CC(=O)O)c1-c1ccc(OCCn2cnc3ccccc32)cc1,18.981188551281083
Nc1nc(NC2CCN(Cc3ccccc3)CC2)nc(Oc2ccc(Cl)cc2Cl)n1,18.969696222383455
Oc1nc(Cl)ccc1Oc1ccccc1CCSc1nnnn1-c1ccccc1,18.956859513245934
Cn1c(Sc2ccc3c(c2)OCO3)nc2cc(C(=O)O)c(Oc3ccccc3F)cc21,18.948698058574326
Cc1cc(Oc2cccc3c2nc(Sc2cc4c(cc2Cl)OCO4)n3C)n(C)n1,18.94036146635113
C=C(O)CCn1nnnc1Sc1nn(Cc2ccccc2Cl)c2ccc(Cl)cc12,18.925097754895763
CSc1nc(O)c2ncn(Cc3ccc(Cl)c(Oc4ccccn4)c3Cl)c2n1,18.921826854780544
O=C(O)c1csc(-n2c(C3CC3)cc3ccc(OCCn4cnc5ccccc54)cc32)n1,18.88721553850643
Cc1nc(Sc2ccc3nc(Sc4ccc(Cl)cc4)n(C)c3c2)ncc1C(=O)O,18.88132820964737
Cn1cnnc1Sc1cc2c(Oc3cc(Cl)cc(Cl)c3C(=O)O)cccc2n1C,18.878189734471583
Cc1cc(Oc2ccc(Cl)cc2)c(Sc2nnnn2-c2ccc(F)cc2F)c(O)n1,18.87356455161461
Cn1c(Sc2c(Cl)ccc(OCC(=O)O)c2-c2ccncc2)nc2ccccc21,18.85003179542312
COc1ccc(C(=O)O)cc1Sc1nnnn1-c1cc(Cl)c(C)cc1C(F)(F)F,18.844108923656652
Cc1c(Cl)ccc(Oc2nc(SCC(=O)O)nc3ccc(-n4cccn4)cc23)c1F,18.797283577508754
Cn1c(=O)n(Cc2cccs2)c2cc(Oc3ccc(-c4ccc(C(=O)O)cn4)cc3)ccc21,18.79711886427699
Oc1ccc(-c2ccc(CCSc3nnnn3-c3c(Cl)cccc3Cl)cc2)nn1,18.7939705440083
Cn1c(Oc2cc(Cl)cc(Cl)c2)c(Sc2nnnn2CC(=O)O)c2ccccc21,18.7883096134035
Cn1c(CSc2ccc(C(=O)O)nn2)nc2c(Oc3cccc(Cl)c3)cccc21,18.783698166991805
COc1ccc(-c2cc(C(=O)O)n3nc(Sc4ccc5c(c4)OCCO5)ccc23)cc1,18.77610929766534
Cn1c(CN2CCC2)cc2c(Oc3cccc(Cl)c3)nc(Nc3ccc(C#N)cc3)nc21,18.771182353799343
O=C(O)CSc1nc2sccc2c(=O)n1Cc1ccc(Oc2ccc(Cl)cc2)cc1,18.717611628720643
Cc1cn(C)c2nc(N3CCC(Nc4cccnn4)CC3)nc(Oc3ccc(Cl)cc3)c12,18.71594375309188
Cc1cc(C(O)c2ccccc2)c(-n2nnnc2Sc2ccc3c(c2)OCO3)cc1Cl,18.69958075243291
Oc1ncc(C2CC2)n1Cc1ccc(Oc2nnnn2-c2ccc(Cl)c(Cl)c2)cc1,18.697542329897715
COc1ccc2c(c1)nc(Sc1nnnn1-c1ccccc1)n2Cc1cccc(Cl)c1,18.68020805221985
COc1ccc(-n2nnc(-c3nccs3)c2Sc2ccc(Cl)cc2)c(C(N)=O)c1,18.67014869967691
OCOc1c(Sc2nnnn2-c2cc(Cl)c(O)c(Cl)c2)ccc2ccccc12,18.65751334114252
Cc1nc2c(n1-c1ccc(Oc3nc(SCC(=O)O)nc4ccccc34)cc1)CCC2,18.648207878273777
Oc1nnc2cccc(OCCn3ccnn3)c2c1Sc1ccc(Cl)c(Cl)c1,18.63800712337893
Cn1c(Sc2nc(O)cc(=O)n2-c2ccccc2)nc2cc(Oc3ccccc3)ccc21,18.60613221771532
Cn1cc(C(=O)O)c(=O)cc1Sc1nc2cc(Oc3ccc(Cl)cc3)ccc2n1C,18.57970706719843
COc1ccc(Cn2c(Sc3ccc4c(c3)N=C(O)C(=O)CO4)nc3ccccc32)cc1,18.56188044773007
Cc1csc(Cn2c(=O)n(C)c3c(N)nc(Oc4ccc(Cl)cc4Cl)cc32)n1,18.548313114045424
O=C(CCSc1nnnn1-c1cccc(Cl)c1Cl)Oc1ccc(Cl)cc1O,18.512047203561934
Cc1cc(C)cc(Oc2nc(Nc3ccc4c(c3)OCCO4)nc(N3CCCCC3)n2)c1,18.490807985390447
COc1cnc2c(Oc3ccc(Cl)cc3Cl)nc(NC3CCN(C)CC3)nc2n1,18.47853351126765
COc1ccc(-n2c(Sc3ccc4c(c3)OCO4)nc3ccc(C(=O)O)c(C)c32)cc1,18.477580959972432
CC(C)(C)OC(=O)CSc1nnc(Cl)n1-c1ccc(Oc2cccc(O)c2)cc1,18.46992838501261
O=C(O)c1csc(-n2c(=O)n(Cc3cccc(Oc4ccccc4)c3)c3ccccc32)n1,18.424770049786737
O=C(O)c1csc(Oc2ccc(CN3CCC(n4cnc5ccccc54)CC3)cc2)n1,18.412104756376916
O=C(O)CSc1nnc(-c2nc(Cl)cs2)n1Cc1ccc(-c2ccccc2)cc1,18.407962035337075
COc1ccc(-n2c(Sc3ccc(Cl)cc3)c(C(=O)O)c(=O)n2C)c2cccnc12,18.37321202137041
COc1ccc(Cn2c(Sc3nc(C(=O)O)c4ccccc4n3)nc3ccccc32)cc1,18.364221436875102
O=C(O)CSc1nnc(-c2ccc(OCCn3cnc4ccccc43)cc2)cc1Cl,18.350121013494846
Cc1cc(Oc2nc(N3CCC(Nc4ncccn4)CC3)nc3ccn(C)c23)ccc1Cl,18.325684081174863
O=C(O)CSc1nc2ncncc2n1Cc1ccc(Oc2ccc(Cl)cc2)cc1,18.283116367313976
Cc1cc(Cl)ccc1Oc1c(Sc2ccc3c(c2)OCCO3)nn(C)c1C(=O)O,18.27080011080583
Cc1nn(Cc2ccc(Cl)c(Cl)c2)c(Sc2ccc3c(c2)OCO3)c1C(=O)O,18.265231758967754
CNc1ncnc2c1ncn2-c1ccc(Cl)c(Oc2cc(Cl)cc(OC)c2)n1,18.25265849267141
COc1ccc(-n2c(Sc3ccc4c(c3)OCCO4)nc3ccc(C(=O)O)cc32)cc1,18.226000568398476
O=C(O)CSc1nc2sccc2c(=O)n1-c1ccc(Oc2cccc(Cl)c2)cc1,18.21236989685772
Cn1c(CSc2nnnn2CO)cc2c(Oc3ccc(Cl)cc3Cl)cccc21,18.206387303785164
Cc1ccccc1Cn1c(Sc2ccc3c(c2)OCO3)nnc1-c1cccc(C(=O)O)c1,18.201158874007543
Cc1ccc(OCCn2c(Sc3cccc4c3OCC(=O)N4)nc3ccccc32)cn1,18.193088863455536
COc1ccc2c(Oc3ccc(Cl)c(Cl)c3)nc(N3CCC(C(=O)O)C3)nc2c1,18.11894013008385
COc1ccc(Cn2c(=S)n(-c3ccc(C(=O)O)cc3C#N)c3ccccc32)cc1OC,18.09368653346369
Cc1cc2c(NC3CCN(Cc4ccc(Oc5cnccn5)cc4)CC3)ncnc2s1,18.079201678202654
Cc1cc(Oc2ccc(Cl)cc2)ccc1Sc1nnnn1-c1ccc(O)cc1F,18.063300460754355
COc1ccc(-c2nc(Sc3ccc4c(c3)OCCO4)n(-c3ccccc3)n2)cc1O,18.062632965897073
COc1ccc(-c2nc(Sc3ccc4c(c3)OCO4)n(-c3ccccc3)c2C(=O)O)cc1,18.054946787047506
CN(C)c1nnc(-c2cc(/C=C3\SC(=O)NC3=O)ccc2Oc2ccc(Cl)cc2)s1,18.042761937684393
COc1ccc(Oc2ccc(/C=C3\SC(=O)NC3=O)cc2C)c2sc(C)nc12,18.040350729870838
Cc1cc(Oc2ccc(Cl)cc2Cl)cc2c1n(-c1nc(C(=O)O)cs1)c(=O)n2C,18.03798395383583
CSc1nc(O)c2c(nnn2Cc2cccc(Oc3ccc(Cl)c(Cl)c3)c2)n1,18.029172635893296
COC1=Cc2ccc(F)n3c(C(=O)O)c(Sc4ccc5c(c4)OCO5)c(c23)C=C1OC,18.019371476830123
CSc1nc(Oc2ccc(C(=O)O)cc2Cl)c2cnn(Cc3ccccc3)c2n1,18.01786526296491
COc1cccc(Sn2c(C(=O)O)nc3c(Oc4ccc5c(c4)CCO5)cccc32)c1,18.002061553808534
CSc1nnnc2c1ncn2Cc1ccc(Cl)c(Oc2ccc(Cl)cc2)c1O,18.000305096330123
O=C(O)c1ccc(SCCSc2nnnn2-c2ccccc2Cl)c2ccccc12,17.968912368935076
O=C(O)CSc1nc2ccccc2c(=O)n1-c1ccc(Oc2cccc(Cl)c2)cc1,17.968171050868477
O=C(O)CSc1nc2cc(Oc3ccc4c(c3)OCO4)ccc2n1Cc1ccccc1,17.92638905513207
Cn1c(Sc2c(CCC#N)nc(O)n2-c2ccc(Cl)c(Cl)c2)nc2ccccc21,17.912600211485078
Cc1c(CC(=O)O)n(-c2ccc(Oc3ccc(Cl)cc3)cc2)c(=O)n1-c1nccs1,17.90340204570111
O=C(O)CSc1nc2c(c(Oc3ccc(Cn4cnc5ccccc54)cc3)n1)CCC2,17.781662341031122
CSc1cc(C(=O)O)ccc1CSc1nnnn1-c1cc(Cl)ccc1Cl,17.751219341194794
Cn1cc(-c2ccccc2)nc1Sc1nnc(Oc2cc(Cl)cc(Cl)c2)n1C,17.74975089248877
COc1cccc(Oc2cccc3c2c(=O)n(-c2ccc(C(=O)O)cc2)c(=S)n3C)c1,17.70525324056158
COC(=O)CSc1nc2c(c(Oc3ccc(C(=O)O)cc3)n1)-c1ccccc1CCC2,17.663082735724462
COc1cc(Cn2c(Sc3cccc(Cl)c3)nn3c(N)ncc23)ccc1Cl,17.652293167967418
Cn1c(Sc2ccc3c(c2)OCO3)nc(C(=O)O)c1Oc1ccc(Cl)cc1Cl,17.60194504272964
Oc1ccnc(-c2ccc(CCSc3nnnn3-c3cccc(Cl)c3Cl)cc2)n1,17.57136289488387
Cc1cc(Cl)ccc1Oc1nc(C#N)nc(NC2CCN(Cc3cccs3)CC2)n1,17.557071986952213
COc1ccc2nc(Sc3ncc(C(=O)O)n3-c3ccc(Cl)c(Cl)c3)n(C)c2c1,17.52624170756622
COc1ccc(Oc2nc(NC3CCN(C(=O)OC(C)(C)C)CC3)nc3ccccc23)cn1,17.52368245290438
COc1ccc(-c2nnc(SCC(=O)O)s2)c(Oc2cccc(Br)c2)c1,17.4924409505031
Cn1c(Sc2ccc3c(c2)OCO3)nc2ccc(OCc3ccc(C(=O)O)cc3)cc21,17.448318572859876
Cn1c(CSc2nnnn2-c2ccccc2)nc2c(Oc3ccc(Cl)cc3)cccc21,17.4234954168537
O=C(O)c1nc(Oc2ccc(OCCN3CCCCC3)cc2Cl)c2ccsc2n1,17.39354692315916
Cc1cc(Cl)ccc1Oc1nnc(SCC(=O)O)n1Cc1ccc2c(c1)OCC2,17.294243886584237
COc1ccc(-n2nnc(-c3cc(C(=O)O)ccn3)c2Sc2ccc(Cl)cc2)cc1,17.28321177074047
Cn1c(Sc2cccc(OC(F)(F)F)c2)nc2c(Oc3cncnc3O)cccc21,17.247325012917027
Cc1cc(Oc2ccc(C(=O)O)cc2)c2nc(Sc3ccc4c(c3)OCO4)n(C)c2c1,17.21416244387736
O=C(O)c1cccc(OCCn2c(Sc3cccc4c3OCO4)nc3ccccc32)c1,17.08817911898278
Oc1cc(Oc2ccc(Cl)cc2)nc(SCc2cn(-c3ccc(F)cc3)nn2)n1,17.009342702202584
c1ccc2cc(Sc3nnc(-c4ccc(OCCN5CCCCC5)nn4)o3)ccc2c1,16.986557498507945
Cc1cc(Oc2nc(N3CCN(c4ncccn4)CC3)nc3ccccc23)cc(C)c1O,16.980402174676886
O=C(O)CSc1nnnn1-c1ccc(Oc2ccc(Cl)cc2)cc1C(F)(F)F,16.917669254472152
COc1ccc(-c2nn(CC(=O)O)c(Sc3ccc4c(c3)OCO4)c2C(C)(C)C)cc1,16.694519116766653
Cn1ccc2c(Oc3ccc(Cl)cc3)nc(NC3CCN(Cc4ncco4)CC3)nc21,16.689070365728348
Cc1oc2nc(NC3CCN(C)CC3)nc(Oc3ccc(Cl)c(Cl)c3)c2c1C,16.67844172398642
COc1ccc2c(Oc3cc(Cl)cc(Cl)c3)nc(NC3CCN(C)CC3)nc2n1,16.577386772924832
Cc1cc(Cl)ccc1Oc1nc(Cl)nc(NC2CCN(c3ccncc3)CC2)n1,16.46526729567144
Cn1c(SCC(=O)O)nc(-c2ccc3c(c2)OCO3)c1Oc1cc(Cl)cc(Cl)c1,16.3735304969084
O=C(O)CSc1nnc(Sc2ccc(Cl)c3ncccc23)n1Cc1ccccc1,16.300091227088473
Cc1cc(Cl)ccc1Oc1cc(CSc2nnn[nH]2)nn1-c1ccc(Cl)cc1,16.2472546330945
CSc1nc(O)c2nnn(Cc3ccc(Cl)c(Oc4ccccc4Cl)c3)c2n1,16.13425090511373
COc1ccc(Sc2nnnn2-c2cc(Cl)c(O)c(Cl)c2OC)c(Cl)c1,16.116754743897115
Cc1cc(Cl)ccc1Oc1nc(Nc2ccc(C#N)cc2)nc(N2CCOCC2)c1C,15.955966039260058
Cc1cc(Cl)ccc1Oc1nc(C#N)nc(NC2CCN(Cc3ccccc3)CC2)n1,15.9246563049031
Cc1cc(Oc2ccc(Cl)cc2Cl)c(Sc2nnnn2-c2ccccc2N)n1C,15.908439969327791
O=C(CSc1nnnn1-c1c(Cl)cccc1Cl)OCc1ccc(Cl)c(O)c1,15.895957915398833
O=C(CSc1nnc(Oc2ccc(Cl)cc2Cl)n1C1CC1)Nc1nccs1,15.743835145980224
Cc1cc(Cl)ccc1Oc1cc(CSc2nnn[nH]2)nn1-c1cccc(Cl)c1,15.713637438499688
COc1noc2nc(NC3CCN(C)CC3)nc(Oc3ccc(Cl)c(Cl)c3)c12,15.700861374070735
CNc1ccc(OC(=O)CSc2nnnn2-c2ccc(Cl)c(Cl)c2)cc1Cl,15.617894171975834
Cn1nnnc1SCc1cc(Cl)c(Oc2cc(Cl)cc(Cl)c2)c(F)c1O,15.564353445790267
O=C(O)CSc1nnnn1-c1ccc(Oc2cc(Cl)cc(Cl)c2)cc1Cl,15.56036696959706
Cc1cc(Oc2ncnc(NCc3ccccc3)n2)n(-c2cc(Cl)cc(Cl)c2)n1,15.541292079828548
O=C(O)CSc1nnnn1-c1ccc(Oc2ccc(Cl)cc2)c(Cl)c1Cl,15.531759965938583
COc1nncc2nc(NC3CCN(C)CC3)nc(Oc3ccc(Cl)cc3Cl)c12,15.512622835769855
O=C(O)c1cccc(SCCSc2nnnn2-c2cccc(Cl)c2Cl)c1,15.323235604405415
COc1ccc2nc(Sc3ccc4c(c3)OCO4)n(Cc3ccc(C(=O)O)cc3)c2c1,14.930316889493152
COc1ccc2c(c1)nc(Sc1ccc3c(c1)OCO3)n2Cc1ccc(C(=O)O)cc1,14.555760260539392
O=C(O)CSc1nnc(Sc2ccc(Cl)c(Cl)c2)n1Cc1ccccc1,14.4273598038976
