SMILES,log-likelihoodog
Cc1nsc(-c2ccn(-c3ccc(Oc4ccc(N5CCC(=N)NC5)nn4)cc3)n2)n1,33.998493047249845
CCn1c(Nc2ccnc(-c3cncs3)c2)nc2c1COCn1nc(C)nc1S2,31.719144883945454
Cn1nc(SCc2csc3c(N4CCC4)ncn23)nc1-c1ccc(C(=O)O)nc1,31.04800980858047
Cc1nn(-c2nc(Cl)nnc2NC2CCC3(CCN(C)C3)O2)cc1-c1nccs1,29.899039539174495
CNc1nccc2nc(-c3cn(-c4ncsc4-c4nccs4)c(C)n3)nn12,29.582186050080317
C=CNc1csc(-c2nc(-c3ccnc(Cn4nnc5ccccc54)c3)ns2)n1,29.326443296556693
Cn1ncc2ccc(-c3nnn4nc(CSc5nc(C(C)(C)C)ns5)n(C)c34)cc21,28.992674543465732
Cc1ccn(-c2cnc(NC3CCOCC3)c3cc(-c4nc(-c5cncs5)no4)cn23)n1,28.891004696499998
CSc1cc2c(Nc3nccc(-c4nccs4)n3)nc(-n3cnc(C)n3)nn2c1,28.873150720011957
Cc1ccn(-c2nc(Nc3sc(C)c4c3COC4)nc(-n3ccc4cccnc43)n2)n1,28.709631201079247
Cc1cc(O)nc(C2CCN(c3nc(-c4ccn5nc(Cl)nc5n4)cs3)CC2)n1,28.49728303950384
CNc1ncc(Sc2nc3cc(OC)c(-c4cscn4)nc3s2)n2ccnc12,28.47442860092088
Cc1nc(C)c(-c2nc(N3CCC3)c3ncc(-c4nc5c(cnn5C)s4)n3n2)s1,28.109160306674877
Cc1ccn(-c2cccc(-c3cc(-n4ccnc4)nn3-c3cc(C(=O)O)cs3)n2)n1,28.003956464822085
Cc1ncc(Sc2nc(N3CCCCC(O)=N3)n3cc(-c4cnn(C)c4)nc3n2)s1,27.564560415632883
CCc1nsc2cc(-c3ncnc(Nc4ccc(N5CCOCC5)cc4)n3)sc12,27.416134730868073
Cn1nncc1-c1cc2sc(Sc3cnccn3)nc2c(Nc2ccccn2)n1,27.30268516800218
Cc1cc(-n2ncc3c(-c4nccs4)cnn32)nc(NCc2cccc3c2OCO3)n1,27.28358396549163
Cn1c(-c2ccnn2Cc2cccs2)cnc1Nc1cc(-n2cncn2)ns1,27.283293278443015
Cc1ncc2cc(-c3nnc(Nc4ccsn4)nc3N3CCCCC3)n(C)c2n1,27.241534701192787
Cc1nsc(-c2nc3ccc(-c4nc(O)sc4NC4CCOCC4)nc3s2)n1,26.968121700749336
Cc1nsc(-c2nc3n(c2-c2nnc(Nc4ccccc4)s2)C2OC(C)(C)CN32)n1,26.930642634731566
Cn1nccc1-c1nnc(C2CC2)n1-c1ccnc(-c2nc(S)nc3scnc23)c1,26.788916720878767
C#Cn1nc(-c2cnc(Nc3ccc(C(=O)OC)cc3)n3nc(Cl)cc23)nc1C,26.78746368302898
Cn1c(-c2nccs2)nn2c(-c3cc(Nc4cc(N5CCC5)ncn4)ncn3)ccc12,26.77957188784184
Cc1csc2nc(-c3ncc4c(n3)nc(Sc3cncn3C)n4C3CCNCC3)cn12,26.75289503724974
Cc1cc2ncccc2n1-c1nc(-c2cc(C(=O)O)nn2C)cc(N2CCCCC2)n1,26.7421474513228
Cn1c(-c2cnc(Sc3nc(-c4cncs4)cs3)nn2)nc2c1CCC(N)C2,26.589865441122665
Cc1nc(-c2cc3c(NC4CCOCC4)nnn(C4CCCC4)c-3n2)nc2c1ncn2C,26.475614902545672
CSc1ncc2cc(Oc3cc(-c4cnns4)nc(N4CCCCC4)n3)sc2n1,26.469333318805173
CSc1nnc(-c2nccs2)n1-c1nc(C)cc2c1nc(O)n2C1CCCC1,26.389274044066724
Cc1ccc(-n2cc(-c3nc4c(nc(-c5cncs5)n4C)n3C3CCNCC3)nn2)cn1,26.361291696787454
Cn1nnc(F)c1-c1c(C(=O)O)nc2sc(Sc3nc4ccccc4n3C)cn12,26.324297508198747
OC1CCN(c2nccc(Oc3nc4ccccn4c3-c3ccnc(C4CC4)n3)n2)C1,26.29763988064073
Cc1cc(-n2cc(-c3nn(C4CCN(C)CC4)c4sccc34)cn2)nc(C(=O)O)n1,26.29477767465555
COc1csc(-c2nnc3c(n2)nc(N)n3-c2ccc(N3CCCCC3)cc2)n1,26.221583038287445
Cn1ncnc1Nc1nc(-c2cc(-c3ccc(F)n3C)ns2)nc2sccc12,26.1276945347495
Cn1cc(-c2cc(-c3nc(N4CCC4)nc(-n4ncc5ccc(O)cc54)n3)sn2)cn1,25.999685966929075
Cn1cnc(-c2cc(Nc3ccnc(N4CCC4)c3)n3nnc(-c4cncs4)c3n2)c1,25.990273659481463
Cc1ccnc(-n2scc2-c2nc3nc(Nc4nc(C)c(Cl)s4)ccn3n2)n1,25.973437055848205
CCn1c(-c2cncs2)nc2nc(-n3nc(C)c4c(-c5cscn5)ncn43)ccc21,25.92579209296659
COc1cccc2c(-n3nc(C(=O)O)nc3CNc3ccc(Cl)cc3)nsc12,25.912711870314066
COc1cccc(Oc2nc(-c3csc4c3cnn4N=N)nc(N3CCCCC3)n2)c1,25.880887430094496
CSc1nc2nc(Oc3ccccc3)nc(-c3ccnc(N4CCC(O)CC4)n3)n2n1,25.83702023669811
CSc1cc(NC(=O)c2cscn2)nc(-c2nc(-n3ccc(C)n3)ns2)c1,25.72616952834578
c1ccc(CNc2cc(-n3ncc(-c4nccs4)n3)nc(-c3cncs3)n2)nc1,25.68924450227461
COC(c1ccco1)n1ccc(N2CCC(Nc3nc4nnsc4s3)CC2)n1,25.645562083761035
Oc1ccc2ccc(OCc3c(-c4cnc(N5CCCC5)nc4)nc4sncn34)cc2n1,25.597233679303077
Cc1nc2nc(Sc3nc(-c4ccsc4)ns3)n(-c3ccccc3)c2nc1N,25.573590649359
COc1ccc(-c2nc(Nc3nc4cccnc4s3)nc(-n3ncc(C)n3)n2)cc1Cl,25.53239185992029
Cc1nsc(-c2nc(-c3nc(NC(C)(C)C)ns3)c(N3CC4CCC(C4)C3)n2C)n1,25.514379932446943
Cc1csc(-c2nc(Nc3ncnc4c3CCS4)sc2-c2nc(C)nn2C)n1,25.486287100771875
Cc1cc(-n2nc(Sc3nc4cc(F)ccc4n3C)nc2-c2cnccn2)sn1,25.484672687677495
CNc1ccc(-c2nc3ccc(Oc4nccs4)cn3n2)c(-n2cc(C3CC3)nn2)n1,25.414172702753433
Cc1nc(NC2CCOCC2)cc(-n2nc(N3CCCCC3)cc2Oc2cncnc2)n1,25.412033560929295
Cc1ccc(-c2nc(Cn3c(-c4cncs4)nc4ncnc(N5CCN5)c43)cs2)o1,25.383305249416924
Cn1nc2ccc(-n3ccnc3)cc2c1-c1cc2c(cnn2C)c(Nc2nncs2)n1,25.38040925332189
Cc1noc(-n2c(-c3ccc(NC4CCSCC4)nn3)cnc2-c2ccncc2)n1,25.373603701243987
COc1ncc(-n2ccnc2SC2CCSCC2)nc1-c1nc(C(=O)O)cs1,25.371988345225716
Cc1nc(-c2nc3c(Nc4cnn(C)c4)nccc3s2)n(-c2cn3ccsc3n2)n1,25.345110244781548
Cn1c(-n2cnc3cnccc32)nc2c(NCc3cccs3)nc(-n3cccn3)nc21,25.285222443760336
Cc1cc(-c2nc(-c3nccs3)n(C)n2)c2cc(N)n(CC3CCSS3)c2n1,25.233104464671083
c1sc(NC2CC2)nc1Sc1ccc2sc(-c3cn(C4COC4)nn3)nc2n1,25.22474491672922
Cc1nnn(-c2cccc(-c3nc(NC4CCC4)nc(-n4ncc5ccccc54)n3)c2)n1,25.180727923473334
Oc1ccc(-n2ncnc2-c2nc(-c3cncs3)nn2Cc2cscn2)cc1F,25.16457911680701
Cc1nc(N2CCCC2)sc1-c1nnc2c(cnn2-c2ccc3snc(N)c3c2)n1,25.151114758948413
Cc1nc2c(N)ccc(-n3nc(Sc4ccn(C)n4)nc3-c3nccs3)c2s1,25.118874387468523
Cc1c(-c2c(NC(=O)OC(C)(C)C)nnn2C)nnn1-c1cccc(N2CCCC2)n1,25.10494680092676
CNc1csc(-c2nc(Sc3ccnn3C3CCCOCC3)nn3ccnc23)n1,25.09571245648832
Cc1csnc1-c1nc2ncc(-c3cnn(C)c3)nc2n1-c1ccc2nsnc2c1,25.035801991514763
COc1cc2nc(-n3nccn3)n(-c3nc(N4CCCC4)nc4sccc34)c2cc1O,25.01493841972834
Nc1nc(-c2cnc3n(CCC4CCSSC4)c(-c4cnccn4)nn23)cs1,24.995556036107722
Cc1nc(CNc2nc(-c3nc4cnccc4s3)nc3c2cnn3C2COC2)cs1,24.98465976283908
COc1ccc2cc(-c3nc4cncc(-n5snc5C5CCNCC5)n4n3)oc2c1,24.96894004918624
Cc1nc2c(-c3nnc(Sc4nc(-c5ccccc5)ns4)s3)cc(N)cn2n1,24.961969854764682
Cc1nn2cc(-c3nnc(-n4cccc4)c(NCc4ccnc(Cl)c4)n3)nc2s1,24.929638102954968
c1ccc(Oc2cc(-c3cnc4ncc(-n5ccnc5)nn34)nc(N3CCCC3)n2)cc1,24.923225300710826
Cn1cc(-c2nc3cc(Nc4ccc5nnsc5c4)ncc3n2CC2CCCO2)nn1,24.90198024123294
CSn1nc(N2CCCC2)nc1-c1ccc(Oc2nc3ncccc3s2)c(O)c1,24.855491854679403
COc1nc2ccc(Cl)nc2cc1-c1nnc(-n2cnc(C)n2)n1C1CCNCC1,24.823883065410037
Cc1nc(CNc2nc(-c3nncs3)c(-c3cn4cnccc4n3)s2)cs1,24.81470208209384
Cc1nc(-c2cn3ccnc3c(Nc3ccc4c(c3)OCO4)n2)c(-c2cn(C)nn2)s1,24.78945713103248
Cc1cc2c(nc(-c3cnc4nncn4c3)n2C2CCCC2)c(Nc2cnn(C)c2)n1,24.737110085515233
Cc1nn(-c2cc3nc(N)sc3cn2)cc1-c1ccnc(Sc2nccs2)n1,24.732989323598968
CSc1nc(-c2nc(C)no2)n(-c2cc(O)cc(-c3cnc(N4CCCC4)s3)c2)n1,24.72135175557274
Cn1cnnc1Sc1ccc2nc(-c3nc(CO)cs3)n(-c3nccs3)c2n1,24.703432285420817
Cn1ncc2c(NC3CC3)nc(Sc3nc4ccc(-c5cncs5)cc4n3C)nc21,24.700913155626374
Cc1cnn(-c2cc(Nc3nc4ncccc4s3)cc(-n3c(C)nc4sccc43)n2)n1,24.6791898601049
Sc1ncsc1-n1cc(-n2nc(Oc3ccccc3)nc2-c2ccccn2)nn1,24.668737254633676
COc1ccc(Nc2nc(-c3cnccn3)cn3c(-c4cn5ccnc5s4)cnc23)cn1,24.624054298524918
Cc1ccc2nc(-c3cccc(NC4CCN(c5nnc(C)s5)CC4)n3)nn2n1,24.603482467931187
COc1cnc(Nc2ccc3c(c2)OCCO3)nc1-c1cc(-c2nncs2)nn1C,24.58772786758063
Cc1cc(NCC#N)ncc1-n1cc(-c2nc3c(N4CCCCC4)ncnc3s2)cn1,24.577502594359245
CNc1nc2nc(-c3nc4c(N5CCCC5)nc(-c5nccs5)nc4s3)ccc2n1C,24.56206391005479
Cc1cccc(-c2nc3sc(NC4CC4)nc3n2-c2nc(-c3nccs3)nn2C)n1,24.5610881940496
Cc1csc(Sc2nnc(-c3cc(N)cs3)c3cc(-c4cn(C)nn4)cn23)n1,24.557274082712226
CNc1nccc(-c2nnc3c(-c4cn(Cc5cc6ccccc6s5)nn4)ccnn23)n1,24.55107803413878
Cn1cc(Cl)c(CNc2nc(-n3cnnc3-c3cncs3)cc3ncsc23)n1,24.538101608287782
Cc1cc(-n2cnnn2)cc(-c2nc(Nc3ccc(N4CCOCC4)cc3)ns2)n1,24.49313147663981
CNc1csc(-c2nn(Cc3csc(-c4nncs4)c3F)c3ncncc23)n1,24.463062114048334
Cn1cc(-c2nc(-c3cncs3)n3ncnc(Nc4ccc5c(ccn5C)n4)c23)cn1,24.43718401324133
CNc1ccnc(-n2c(-c3cccs3)nn3nc(SCc4nccs4)nc23)n1,24.415068503922793
CCn1c(-c2cncs2)nn(-c2ccnc(N3CCC(c4ncn[nH]4)CC3)n2)c1=S,24.409015707137996
Cn1c(-c2nnc(N3CCCC3)s2)cc(Sc2ccc(O)cn2)c1-n1nccn1,24.395201430352728
Cc1ncn(-c2nc(Cl)cc(NCc3csc(-n4nc5ccsc5n4)c3)n2)n1,24.29228854536643
Cn1nccc1-c1nnc(-c2csc(Nc3ccc(Cl)cn3)n2)n1-c1cncnc1,24.274233834356938
CN1CCn2nc(-c3ccc(Nc4ncc5nc(-c6cnn(C)c6)sc5n4)cc3)nc21,24.237487418786557
Cc1ccn(-c2nc3cnc4ccsc4n3c2-c2ccnc(Nc3cnn(C)c3)n2)n1,24.217048831854882
Cn1ccnc1-c1ncc2c(Nc3ccc(Cn4ccnn4)nc3)nc3ccsc3n12,24.19030477245818
Cn1nc2c(c1-c1nnc(Nc3cncs3)n1C)CN(c1ncc(Cl)s1)CC2,24.184496041491293
NNc1nsc(-c2nnc(Sc3ccnc(N4CCCC4)n3)n2-c2ccccc2)n1,24.06533847158869
Cc1ccc(N2CCC(Nc3cc(-c4nncs4)nc(-c4cncs4)n3)CC2)o1,24.05187975362971
COc1cccc(-n2ncnc2-c2nc(C3CCNCC3)nnc2-c2nccs2)c1,24.03459295925783
Cn1c(-c2cncs2)nc2nc(-c3cc(NC4CC4)no3)nc(N3CCOCC3)c21,24.004756682346812
CNc1nnc(-c2nc(=S)n3ncnc3n2-c2cccc(Oc3ccccc3)c2)s1,23.988387921596715
Cc1cc(-c2cc3c(cn2)cnn3-c2nc(-c3nnc(S)s3)cs2)n(C)n1,23.981866988127887
CNc1nc(-c2csc3sc(OC)nc23)cc(-n2cc(-c3nccs3)nn2)n1,23.957054544036726
Cc1cc(-c2c(Nc3ccnc(C(F)(F)F)n3)nnn2C)n(-c2nc(C)ns2)n1,23.95681379605996
Cc1ccc(Nc2nc(-n3c(-c4ccc5c(c4)OCO5)nn3C)nc3scnc23)cn1,23.90537892292364
CNc1cccc(-c2nc(SC)c3ncc(-n4cnc(-c5cncs5)c4)n3n2)n1,23.90022439113666
O=C(O)C1CCN(Cc2ccn(-c3nc(-c4nccs4)no3)c2-c2nccs2)CC1,23.898857763560734
CNc1ncc(-c2ccc(Sc3nc(-c4cccs4)n(C)n3)c3nnnn23)cn1,23.898029666025685
Cc1csc(-c2nc(Nc3cnccc3Cl)nn3nc(-c4cnn(C)c4)nc23)n1,23.894777794086412
CNc1nccc(-c2ncn(-c3ncnc(-c4nccs4)n3)c2-c2cccs2)n1,23.87621750262851
Cn1nnc2cc(Nc3nc(-c4cn(C5CCOC5)nn4)cc4cnsc34)ccc21,23.79294399973751
Cc1cccc(-n2nc(SC3=NC(N4CCCC4)=NC3)nc2-c2nc(C)ns2)n1,23.776295960434126
Cc1cc(Nc2ncc(-c3cn(C4CCSCC4)nn3)s2)nc(-n2ccnc2)n1,23.75207637536551
COc1ccc2nc(-c3nncs3)c(-c3nc(CN4CCC(=N)CC4)cs3)n2n1,23.724606824298938
CN1CCC(n2nc(-c3cn4ncnc4s3)c3c(Nc4ccncc4)ncnc32)CC1,23.71736603052257
CNc1cc(-n2nc(-n3ncc4sccc43)nc2-c2nccs2)nc(C)n1,23.689121214260428
COc1csc(-c2csc(Nc3cc4c(c(N5CCOCC5)n3)OCO4)n2)n1,23.66568329027481
Cn1c(-c2cccc(Oc3nnc(SC4CCNC4)s3)n2)nc2sncc21,23.664683913896454
Cn1nc(N2CC2)nc1-c1cn2cccc(Oc3ccnc(Nc4nccs4)c3)c2n1,23.653589157051194
Cc1cnc(Nc2ccc(-n3ncnc3-c3nnn4c(N5CCC5)nccc34)cc2)s1,23.640668650995224
Cn1nnnc1N1CCC(n2c(Oc3cccc(Cl)c3)nc3cnccc32)CC1,23.625164011728984
Cn1cnc2c(Nc3ccc(F)cn3)nc(-n3cnnc3Sc3cccs3)nc21,23.600676419316414
CNc1nc(C)cc(-c2nc3sc(N4CCC(c5nccs5)CC4)c(C#N)n3n2)n1,23.595055392464854
Cc1ncc(Nc2cc(Cl)cc3c(-c4nnc(-c5cnn(C)c5)s4)nnn23)s1,23.58550023689845
Cn1cc(-c2cnn(-c3nc(Nc4cccnc4)c4nc(C5CC5)sc4n3)c2)cn1,23.572937827277233
CC1CCN(c2csc(-c3nc(Nc4cnccn4)c4cnn(C)c4n3)n2)CCO1,23.562533611954855
CN(C)c1ccc(Nc2nc(-c3nccs3)nc3c2nnn3-c2cccs2)nc1,23.552825345878958
Cn1ncc(-c2c3c(NCc4cscn4)nc(-c4cscn4)nc3nn2C)c1F,23.552351445987725
COc1ccc2nc(-c3nnc(Nc4c(N5CC5)cnc5ccsc45)s3)cn2n1,23.547127539263965
Cc1nc(CNc2nc(-c3nnc(-c4cncs4)s3)cc3cnnn23)cs1,23.531348708606394
Cc1nn(-c2nc3cc(Cl)nc(Nc4cncs4)c3n2C)cc1-c1nncs1,23.504802971175707
COc1ccnc(-n2nccc2Nc2nc(-c3nccs3)nc3ccsc23)n1,23.469939044700055
CNc1ncc(-c2cc3c(-c4nc(N5CCCCC5)ns4)nc(OC)nc3s2)cn1,23.456695707669613
Cn1ncnc1-c1cn(-c2cccnc2Oc2ccnc(N3CCC4(CC4)C3)n2)s1,23.449295994618815
Cc1nsc(-n2ncc(-c3nnn4c(NC5CCOCC5)ncc(Cl)c34)c2C)n1,23.439075113432093
CSc1cc(-n2nc(-c3nc(C)ns3)c(C3CCNCC3)n2)cc2nsnc12,23.43215590568408
Oc1cccc(-n2c(Sc3cccs3)nnc2C2=NS(n3cccn3)=CC=N2)c1,23.427478094201135
Cn1c(N2CCCC2)nc(Nc2ccc(-n3cncn3)nc2Cl)c1-c1nccs1,23.41034772388831
Cc1ccnc(Nc2cccc3nc(-c4cn(C5CCN(C)CC5)nn4)sc23)n1,23.383362333061356
CNc1nnc(-c2ccn3c(-c4cc(OC)nc(N5CCCC5)n4)nnc3c2)s1,23.366982517914227
Cc1ccn(-c2ncc3scc(-c4nc(Nc5cnc6sccn56)nn4C)c3n2)n1,23.35678814687661
Cn1c(Sc2ccccc2)nnc1-c1cn(-c2cc(O)c3scnc3c2)nn1,23.34548541986081
Cc1ccnc(-n2nc(-c3nc4ccccc4s3)nc2NC2CCN(C)CC2C#N)n1,23.318601202914806
Cn1ccnc1Sc1nc(N2CCCC2)nc2c(-c3nnc(N)s3)c(Cl)cn12,23.28075279719751
Cc1ncn(-c2nc(-c3nc(NC4CC4)c4ccsn34)ccc2-c2nccs2)n1,23.265657353681448
Cc1nsc(-c2nn3ccsc3c2-c2nc(Sc3cncs3)nn2C)n1,23.264644503014026
COc1cn(-c2cccc(-c3nc(Nc4ncc(Cl)s4)nc4ccnn34)c2)nn1,23.258637131862354
CCn1c(-c2nc(C(C)(C)C)ns2)nnc1-c1nnc(Sc2ccncc2)s1,23.25121727374735
Cc1ccc(-n2c(C)nc3sc(Nc4nccc(N5CCOCC5)n4)nc32)s1,23.234584049935172
Cn1c(Sc2nc3ccccc3s2)nnc1-c1cnc(N[C@@H]2CCOC2)nn1,23.233197498944165
CNc1nc2cc(-n3nc(-c4ccnc(N5CCCC5)n4)nc3-c3nccs3)oc2s1,23.22380971514289
Cn1ncnc1-c1c(-c2nc(Nc3ccc4c(c3)OCO4)nc3c2COC3)sn1C,23.202351771516966
CSc1nc2nc(-c3cc(N4CCOCC4)nc(-c4nc(C)no4)n3)ccc2s1,23.197171978261913
CSc1cc2nc(-c3nnc(Nc4ccnc(C)n4)s3)cnc2n1C1CCOCC1,23.169326168779456
COC(=O)c1ccc(Nc2nc(-c3ncnc4nc(C)sc34)c3sccn23)cc1,23.1588831893118
c1ccc2sc(-c3nc(NCc4cn(C5CC5)nn4)nc(N4CCCC4)n3)nc2c1,23.14127489942416
Cc1nn2cc(-c3nc(NCc4cscn4)c4nc(C5CC5)sc4n3)nc2s1,23.136217839778492
Cc1noc(-n2cc(-c3cnn(C)c3)nc2-c2cnc(Nc3cccc(F)n3)s2)n1,23.131249321316197
Cn1c(-c2nccs2)nc2ccc(CNc3nc(-n4nccn4)nc4ccsc34)cc21,23.09844081288963
Cn1cc(Nc2nccc(Oc3cc(-c4cnccn4)nc4c3SCCS4)n2)cn1,23.078034549329384
Cc1ncn(-c2ccc3nc(Nc4ccc(-c5c6scnc6nn5C)cc4)sc3n2)n1,23.074970539605303
N#Cc1csc(CN2CC(n3nnc4ccc(-c5nnc(NC6CC6)s5)nc43)C2)c1,23.074053387548204
Cn1cc(-c2nc(Sc3nc4ccccc4n3C)nc(-n3ncc4c3NCC4)n2)cn1,23.07168225125752
CNc1cccc(-c2nc(-n3ccc(C)n3)nc(-n3c(Cl)nc4sccc43)n2)n1,23.06195806648767
Cn1cc(-c2nnc(Nc3nc(-n4cnc(-c5nccs5)c4)cs3)cc2Cl)cn1,23.040071870487708
Cc1nc(N2CC2)nn1-c1nc(-c2cnc(Nc3ccccn3)s2)nc2sccc12,23.02601734537034
Cn1c(-c2cc(Nc3nccs3)c3nsnc3n2)nc2nc(N3CCCC3)ncc21,23.02154736977732
Cc1nc(-c2ccc(-n3nc(N)nc3Sc3nc4ccccc4s3)nc2)cs1,23.0094951733189
CNc1nc(-c2nc(N3CCN(c4ncccn4)CC3)cc(-n3ccc(C)n3)n2)cs1,22.96068689102536
Cn1cc(-c2nc3c(c(Nc4nncs4)n2)C(C)(C)CN(c2nccs2)C3)cn1,22.937580446944132
Cc1nc(N2CCCC2)cc(-n2cnc3c(-c4cc(N)nc(N5CCCC5)n4)csc32)n1,22.920552803562867
COc1csc(-c2ccc3nc(Nc4cncnc4)n(C4CCOCC4)c3n2)n1,22.913746348076923
Cc1nsc(-c2cncc(-c3csc(N4CCC(c5nnc(C)s5)CC4)n3)n2)n1,22.90659014806874
Cc1ccc2nc(-c3nc(N4CC4)ns3)c(-c3cccc(Nc4nccs4)n3)n2n1,22.881419640385953
COc1cn(-c2ccc3nc(-c4cnc(NC5CC5)s4)n(-c4cccs4)c3n2)nn1,22.87887296379651
Cn1ncc2sc(-c3nc(NCc4cccs4)n4nccc(-n5cncn5)c34)nc21,22.866724657586698
c1ccc(Sc2nc3c(NCc4cscn4)nc(-c4cnccn4)nn3n2)cc1,22.834952777419957
CC(C)Nc1nsc(-c2nc(N3CCOCC3)c3nc(-c4cccs4)oc3n2)n1,22.810261238280606
Cn1cc(Nc2nccc(-c3nc4sc(-c5cc(F)n(C)n5)cc4s3)n2)cn1,22.805034414980952
CSc1c(F)nn(C)c1-c1nc(-n2cc(C(=O)O)c(-c3cscn3)n2)cs1,22.793692559412477
Cn1cc(Cn2c(-c3nccs3)nnc2-c2nc(-c3nccs3)cs2)cn1,22.766072476943716
Cn1c(Sc2nncnc2-c2csc(Nc3cccnn3)n2)nc2ccccc21,22.76120436863965
FC1CCN(c2nccc(-c3nnc(Nc4nncs4)nc3Oc3ccccc3)n2)CC1,22.74052850481211
CSc1nnc(-c2cc(NC3CCCCC3)n3cc(-c4ncn(C)n4)nc3n2)s1,22.73865097897439
Cn1ncc2nc(-c3nccs3)n(-c3ccnc(Nc4cnccc4N4CCC4)n3)c21,22.73502988158101
CC1(C)CCN(c2nc(Sc3cccs3)nc3sc(-c4nnco4)nc23)CO1,22.686527638925543
O=C(O)Cn1nnnc1-c1cc(-c2ccnc(Sc3cccs3)n2)cs1,22.619845725595045
Cn1cc(-c2nc(-c3nnc(S)n3-c3cccs3)nn2CC2CCCCC2)nn1,22.609948294926348
CSc1nnc(-c2cc3c(nc(-c4nc(Cl)cs4)n3CC(=O)O)s2)s1,22.597697443871287
CNc1nc(C)nc2sc(-c3cn(-c4nc(N5CCCC5)ns4)nc3C)nc12,22.59354781440716
Oc1cnc(OC2CCN(c3nc(-c4cccnc4)ns3)CC2)c(-c2nccs2)n1,22.555856998588204
Cc1nsc(-c2nc(Nc3nc4ccccc4s3)sc2-c2ncnn2C)n1,22.549762449980307
Cc1nc(N2CCCC2)cc(-n2cc(-c3cnc(Nc4ccc(F)nc4)s3)nn2)n1,22.542118165326592
Cn1cc(-c2nnn3c(-c4cncs4)nc(NCc4ccsc4Cl)nc23)cn1,22.541624823777855
Fc1nn(C2CCOCC2)cc1-n1nc(-c2cnccn2)nc1NCc1cscn1,22.51557317439632
Cc1nnc(-c2nc(Nc3ccccn3)nc3c2cnn3CCN2CCCCC2)s1,22.50220457200503
COc1ccc(Cl)cc1-c1nnc2c(Nc3cc(-n4cncn4)ns3)ccnn12,22.500836577605686
Cn1cnc2nc(-c3nnc4c(-c5cccs5)nnc(NCc5cccs5)n34)cn21,22.489684391951904
Cn1cc(-c2nc3cc(Cl)nc(Nc4cc(Oc5ccccc5)ns4)n3n2)nn1,22.485660797845156
CNc1nc(Sc2ncccn2)nn2c(-c3cncs3)nc(-c3cncs3)c12,22.484711394100273
Cn1cnnc1Nc1cccc(Oc2nc(-c3nccs3)nc(N3CCCCC3)n2)c1,22.482018137743314
Cn1cc(-c2nn(-c3nsc4c(NC5CC5)ncnc34)nc2Oc2ccccc2)cn1,22.480939366653228
Cc1nc(-c2cccc(O)c2)n(-c2nc(Sc3cscn3)nc(N3CCCC3)n2)n1,22.47567713593183
O=C(Nc1sc(-c2nc(N3CCCCC3)ns2)nc1Sc1nncs1)C1CC1,22.4711899630722
Cc1nnc(-c2cscn2)n1-c1nc(NCc2cncs2)c2ccc(Cl)n2n1,22.458178043088175
Cc1nc2ccc(N3CCCC3)nc2n1-c1nc(Nc2nccs2)nc2c1ncn2C,22.38366466127137
Cc1noc(-c2ccc3sc(Sc4nncs4)nc3c2OC2CCNCC2)n1,22.366852633420322
Cn1cc(-c2nc(-c3cnn(C)c3)n3nccc(Nc4nc5ccccc5s4)c23)cn1,22.3489732681399
CNc1nnc(C2CCN(c3nc(OC(C)(C)C)nc(-c4cncs4)n3)CC2)s1,22.34786495135807
CN1CCCC(Oc2nc(Nc3ccc4ncsc4n3)nc(-c3nccs3)n2)C1,22.34123918260424
Cc1ncn(-c2ccnc(-c3snnc3-c3ccc(Nc4ccsn4)cc3)n2)n1,22.336104823367307
Cc1nc(-c2ncc(Nc3cn4ccsc4n3)nc2-c2ccc3c(c2)OCO3)n(C)n1,22.324391160299033
Cn1nc(N2CCCC2)cc1-c1c(-c2nnnc(Nc3cccs3)n2)c(F)nn1C,22.30289336764164
Cc1nc(Nc2ccc(C#N)s2)c2sc(-c3cc(N4CCCC4)n(C)n3)nc2n1,22.29848312453596
Cc1noc(-c2nc(N3CC3)sc2-c2ccc3cnc(Nc4nccs4)n3n2)n1,22.289007158107154
CNc1nc(-c2nc3sccc3c(N3CCOCC3)c2Oc2nccnn2)cs1,22.277636009208386
Cc1noc(-c2nc3c(n2-c2cnc(Sc4cccs4)c(N)n2)CCSC3)n1,22.267997933598096
Cn1cc(-c2cc(-c3nnc(Sc4nc5cccnc5s4)n3C)sn2)cn1,22.263222293768806
Cc1cc(Oc2ccccn2)nn1-c1nc(N2CCCC2)nc2nc(N3CCC3)sc12,22.248900456115177
Cn1cncc1-c1nc2c(N3CCC(c4nccc(Nc5nccs5)n4)C3)ncnc2s1,22.246261616393422
Cc1nc(Nc2nc(C(F)(F)F)cs2)cc(-n2sc(=O)nc2-c2cnn(C)c2)n1,22.23586165634218
Cn1cncc1-c1cn(-c2csc(Nc3ccc(-n4cncn4)cc3)n2)c(Cl)n1,22.232224445145377
c1ncc(-c2nc3c(NC4CCOCC4)cc(-c4cnn(C5CCC5)c4)nn3n2)s1,22.20413584934484
Cc1ncc(Nc2ncc(F)c(-c3nnn(C)c3-c3ccc4c(c3)OCCO4)n2)s1,22.174527088218962
OC1COC1Cn1nc(Sc2nc3ccccc3s2)nc1-c1ccc2ncnn2c1,22.14505314197834
Cn1nc(C(=O)O)cc1-c1nc(Sc2csc3c(Cl)csc23)n(C)n1,22.1303276952732
CNc1ncnc2c1ncn2C1CCN(c2nc(-c3ccncc3)nn2C2CCC2)CC1,22.093686323603215
CSc1nnc(-c2nc(-c3cnc(O)s3)nn2-c2ccc3ncn(C)c3c2)s1,22.086729515478712
Cn1c(CSc2nnc(-c3cc4ncnc(N)n4n3)s2)nc2cc(Cl)ccc21,22.08595100144245
Cn1nnnc1Sc1nc2ccc(-c3nccs3)nc2n1-c1ccc(Cl)s1,22.07807579628527
c1csc(Nc2ccc(-n3ncnc3-c3nnc(OC4CCCCC4)nn3)cc2)n1,22.064823498612686
Cn1c(-c2nccs2)nc(F)c1-c1nnc(Nc2ccnc3c2cnn3C)s1,22.044567405280016
CNc1ncc(-c2ncc3nc(-c4nnc(N5CCCC5)s4)n(CC4CC4)c3n2)cn1,22.035211287293436
Cc1nc2nc(N3CCC(C)CC3)nc(Nc3nnc(-c4cncs4)s3)c2s1,22.028484258689918
Cn1nc(F)cc1-c1cc(-c2nccs2)nn1-c1nccc(Nc2cncs2)n1,22.02836787756454
Cc1nsc(-c2nsn2-c2cc(Cl)nn2-c2nc(Cl)cc(NC3CC3)n2)n1,22.026894054678824
CSc1nc(Nc2nccs2)c2cnc(-c3cnn(C4CCSC4)n3)nc2n1,22.021954408410522
CSc1nc(Sc2nnnn2-c2ccccc2Cl)n(-c2sccc2C#N)n1,22.00591611631957
COc1nc(SCc2nc3ccccc3s2)n(-c2nsc3nc(O)ccc23)n1,21.99145035998675
CNc1nsc(-c2ncc(-c3cccc(-n4ccc(C)n4)n3)n2-c2cccs2)n1,21.953751972281253
Cn1c(Sc2nnc(Nc3ccc(Cl)cc3)s2)nnc1-c1ccc2nncn2c1,21.950765309183367
Cc1csc(-c2nc(Nc3ccc4ncsc4c3)nnc2-c2cn(C)nn2)n1,21.938343167955416
CSc1nnc(-c2cn(-c3ncnc4c3c(O)cn4C3CCOCC3)nc2C)s1,21.931594054815896
CSc1cc(-n2nc(N3CCCC3)nc2Nc2nccs2)c2ncc(F)nc2n1,21.90455501689728
Cc1nnc(-c2nc(-c3ccc(N4CCOCC4)cc3)ns2)c(Nc2nccs2)n1,21.891506141780148
CNc1nccc(-c2nc3c(N4CCCCOCC4)ccnc3n2-c2nc(C)ns2)n1,21.885263532646864
COc1ccc2ncn(C3CCN(c4nc(C=N)nc(-c5nccs5)n4)CC3)c2c1,21.876787245881818
Cc1cc(-c2nc(=O)sn2-c2nc(Nc3ccncc3)c3ccsc3n2)n(C)n1,21.87131057595121
CNc1ncc(-c2nnc(-c3nc(Cl)cc(N4CCOCC4)n3)n2C2CCCC2)cn1,21.864638033075465
Cn1cc(-c2cc3nc(-c4cn5ncnc5s4)nc(NCc4cccs4)n3n2)cn1,21.861679117236164
Cn1cc(-c2nn3nc(-c4ccnc(Nc5ccc6ncsc6c5)n4)cc3n2C)cn1,21.845412352163095
Cn1cc(-c2cc(-c3nccs3)nc(Nc3ccc4snnc4c3)n2)c(N2CC2)n1,21.84313548689391
Cc1nsc(-c2nc(-c3csc(Nc4ccc5c(c4)OCCO5)n3)nn2C)n1,21.829728870691376
Oc1ccc(-c2nccs2)nc1OC1CCN(c2ncnc(-c3nccs3)n2)CC1,21.829712342254858
Cn1cc(Nc2nc(-c3cncs3)nc3c(-c4nc(Cl)cs4)n(C)nc23)cn1,21.829696793001972
Cc1nc(-c2nc3cc(Oc4ccnc(NC5CCOCC5)n4)ccc3s2)ns1,21.81762678334932
Cc1ncn(-c2ccc(Nc3nccc(-c4cn5nc(N6CCC6)sc5n4)n3)cc2)n1,21.81717178782015
Cn1c(-c2cnccc2O)nc2ccc(Sc3nnc(-c4cncs4)s3)nc21,21.781782054443237
Cc1nsc(-c2csc(-c3cnn(C4CCOCC4)c3-c3cn(C)nc3O)n2)n1,21.774336313339653
CNc1ccc2nc(-c3nc4c(nc(-c5nccs5)n4-c4nccc(C)n4)s3)cn2n1,21.767961419164386
O=C(O)c1csc(-c2nc(N3CCCC3)c3nc(CSc4cccs4)nn3n2)n1,21.76741109944755
Nc1nc(SCc2nc3ccccc3s2)n(-c2ccnc(N3CCCCC3)c2)n1,21.757254499701407
CSc1csc(-c2nc(Nc3ccc(Cn4cncn4)cc3)nc3scnc23)n1,21.746834379754162
Cn1cc(-c2nn(C)cc2-c2nc(Nc3ccn4ncnc4c3)c3sccc3n2)cn1,21.745427081169527
Cc1nnc(Cn2nc3ccccc3c2-c2nsc(-c3cnc(N)s3)n2)s1,21.743516970019535
Cc1cn(-c2cccc(-c3nc(Nc4ccc5ncsc5c4)n4nccc4n3)n2)nn1,21.737434629697894
COc1ccc(-c2nc(-n3cnc4ccccc43)ns2)c(Nc2cnc(N3CC3)nc2)n1,21.734532066593484
CNc1nc(-c2cnc3nnn(C4CCN(c5ncc(Cl)s5)CC4)c3n2)cs1,21.711397691712513
CNc1nc(-c2nnn(C3CCN(C)CC3)c3nc(-c4nccs4)nc2-3)cs1,21.70480995168745
Cc1ccn(-c2nc(-c3cccs3)nc(-n3cnc(C#N)c3)c2OC2CCNCC2)n1,21.692761234678887
CSc1noc(-n2c(C3CCNCC3)nc3nc(-c4cnn(C5CC5)c4)sc32)n1,21.691859307235298
Cn1c(Sc2nnc(-c3nnn(-c4ncccc4S)n3)s2)nc2ccccc21,21.670703605467708
Cc1csc(-c2c(-c3nc(C)no3)nc(N3CCN3)n2-c2ccc3ncsc3c2)n1,21.667396748484407
Cn1cnnc1Nc1cnc(Sc2cn3ccnc3n2-c2ccccc2Cl)nn1,21.66095728007822
Cc1noc(-c2nn(C3CCN(c4nc(O)cs4)CC3)nc2-c2ccc(F)cc2)n1,21.660625614446946
Cc1cc(N2CCC(Nc3nccc(-c4nnc(N5CCOCC5)s4)n3)CC2)on1,21.66025843106142
CN1CCC(n2c(N)cnc2-c2ccnc(Sc3nc4nccnc4s3)n2)CC1,21.65835412854188
Cn1c(Sc2nnc(-c3nccs3)n2-c2cccc(Cl)c2)nnc1-c1cnccn1,21.642925321109157
Cc1cn(-c2cc(Nc3scc4c3CCSC4)nc(-c3nc(C)ns3)n2)nn1,21.626990901761893
CSc1nnc(-c2cnc3c(Nc4cccnc4)nc(-c4cnn(C)c4)cn23)s1,21.619811087518578
CNc1cnc(-n2c(SCc3nc4ccccc4s3)nnc2-c2cnns2)cn1,21.57529383409671
COc1ccc2sc(-c3cnc4n(C5CCNCC5)c(-c5cnn(C)c5)nn34)nc2n1,21.57409607481226
COc1ccc(Nc2ncc(F)c(-c3cnc4snc(N5CCCC5)c4n3)n2)cn1,21.559284955109675
Cc1cc2nc(Sc3nc(-c4nccs4)n(-c4ncc(F)c(C)n4)n3)ccn2n1,21.545288216218246
Cc1nc(N2CCOCC2)c2cc(-c3nnc(-c4nc(CO)cs4)s3)sc2n1,21.532798933442816
COC(=O)c1ccc(Nc2nc(-c3nc4c(s3)OCC4)cc(-n3ccnc3)n2)s1,21.53097522604381
Cn1c(C2CCN(c3nc(NC4CC4)nc(-c4nnco4)n3)CC2)nc2ccccc21,21.530044742147695
CSc1ccc(Nc2ncc(-c3cnc4c(N5CCCCC5)nsn34)cn2)nn1,21.5107468531598
Cn1cc(-c2ccc3c(c2)cc(Nc2nc(-c4nccs4)n(C)n2)c2nncn23)cn1,21.507587546307683
CNc1nsc(-c2csc(-c3c4ncccc4nn3Cc3nnc(C)s3)n2)n1,21.507308342262863
N#Cc1cc2nc(N3CCC(Oc4nc(N5CCCC5)ns4)CC3)nc(O)c2s1,21.50389609617591
CSc1nnc(Oc2ccc3nn(C)c(-c4nncn4C4CCNCC4)c3c2)s1,21.50134475737824
CSc1ncc(-c2nc(NCc3cccs3)nc(-n3cnc4cccnc43)n2)s1,21.500696510161774
c1nnc(Sc2nn3ncc(-c4ccc(N5CCCC5)nc4)c3nc2NC2CC2)s1,21.49153042405372
Cn1nc(Nc2nc(-c3nc(C(=O)OC(C)(C)C)ns3)cs2)cc1N1CCC1,21.484783280440062
NC1CCN(c2ncnc3sc(OCc4nnc(-c5ccc(F)cc5)s4)nc23)C1,21.474917778059613
CSc1nn(-c2cc(-n3cncn3)nc(NCc3cccs3)n2)c2cccnc12,21.47108146854377
Cn1c(-c2cncs2)nn2c(Sc3ccc4nc(NC5CC5)sc4n3)nnc12,21.468643831315894
CNc1ncc(-c2nc(N3CCCC3)nn2-c2csc3nc(C4CCC4)nn23)cn1,21.462950935998826
O=C(O)Cn1c(-c2csc(N3CCC(n4cccn4)CC3)n2)cnc1-c1nccs1,21.46046615597774
Cc1nc2sc(Nc3cc(-c4ncnn4C)nc(N4CCCOCC4)n3)cc2s1,21.45205732290632
Cc1c(Cl)nc(NCc2cn(-c3ccccc3)nn2)n2nc(-c3cscn3)nc12,21.451007361972042
Cc1csc(Nc2cc(-n3cc(-c4nccs4)nc3F)cc(-n3cncn3)n2)n1,21.43770097183293
Cc1nn(C(C)(C)C)c2nc(N3CCCC3)nc(Nc3nnc(-c4cnccn4)s3)c12,21.42782737711008
CNc1nsc2c1nnn2C1CCN(c2cc(F)nc(-c3nc(C)cs3)n2)CC1,21.415296484822395
CSc1nc(NCc2ccc(-c3nnsn3)s2)nc(-n2ncc3ccccc32)n1,21.37059167108679
Cc1cc2nc(C)c(-c3ncnc(Nc4ccc(N5CCOCC5)nc4)n3)nc2s1,21.35607710621972
Cn1cc(Nc2cc(C3CCN(c4ncsn4)CC3)nc(-c3nccs3)n2)nn1,21.354197775336637
Cn1cc(-c2nsc(=O)n2-c2cc(-c3csc(Nc4ccncc4)n3)ns2)cn1,21.342951331824427
O=C(O)Cn1nc(-c2nccs2)cc1-c1nc(N2CCCC2)cc(-n2ccs2)n1,21.33637915313314
Cn1cc(-c2nc(-c3ccnn3C3CCOCC3)cn2-c2nc(C(=O)O)cs2)cn1,21.332210640123268
Cn1nncc1-c1nc(-c2cc3c(N4CCC(Nc5nccs5)C4)ncnc3o2)cs1,21.32658675719098
CSc1nc(-c2ccc3nc(C)sc3c2)n(-c2nc(N3CCCC3)ns2)n1,21.2928972717519
CSc1nc(-c2nc(C)no2)c(-c2ccc3snnc3c2)n1CC1CCNCC1,21.287944377197014
CC1CCN(c2cccc(-n3nc(N4CCCC4)nc3Nc3nccs3)n2)CC1,21.28712396032855
Cc1cnn(-c2cc(Nc3nc(-c4cnn(C)c4)cs3)nc(N3CCCC3)n2)n1,21.261463236911222
Cc1nsc(-c2nnc(Nc3ccc(N4CCC4)cc3)nc2-c2ccc3nncn3c2)n1,21.257027256352643
Cc1nc(-c2cn(-c3cc(Nc4nccs4)nc(N4CCCC4)n3)nn2)cs1,21.23862331648337
CN1CCC(n2nnc3c(-c4nc(-c5cn(C)cn5)cs4)nc(NC4CC4)nc32)CC1,21.237591868285662
O=C(O)C1CCN(c2ncnc(Sc3nc4ccccc4n3-c3ccccc3)n2)C1,21.208929269718595
Cc1ncn(-c2nc(Nc3ccc4c(c3OC(C)(C)C)OCO4)nc(N3CCCC3)n2)n1,21.197293832982012
c1cc(-n2nc(Nc3nccs3)nc2OCc2nccs2)nc(N2CCCC2)n1,21.188795241264383
Cc1ccn(-c2cc(Nc3cc4scnc4c4cncn34)nc(-n3ccc(C)n3)n2)n1,21.18467933503342
Cn1c(-c2ccoc2)cnc1Sc1nc2c(N3CCC(C(=O)O)CC3)ncnc2s1,21.178752733280575
Cn1c(-c2nsc(Nc3ccccc3)n2)cnc1Sc1nc2ncccn2n1,21.15632850651148
Cn1cc(Nc2nc(-c3cc(N4CCOCC4)nc(-c4cscn4)n3)cs2)cn1,21.145922475909618
Cc1nc(Nc2cccc(N3CCOCC3)n2)cc(-n2cc(-c3cscn3)nn2)n1,21.133318036096693
Cn1c(-c2nc3ccc(-c4nc(C(=O)O)cs4)nc3s2)nnc1N1CCCC1,21.114708189154157
Cn1cc(CNc2nnc(-c3cncs3)c3nc(-c4cccs4)sc23)nn1,21.112337224742987
Cc1noc(-c2sc(N3CCOCC3)nc2Nc2cccc(-c3cncs3)n2)n1,21.109197042430083
c1ncc(-c2nc(Nc3ccc4c(cnn4C4CCC4)n3)nc(N3CCCC3)n2)cn1,21.10565125286007
CSc1nc(N2CCOCC2)c2nc(-c3nccs3)n(-c3ccc(O)cn3)c2n1,21.093462751628067
CSc1nnc2c(NCc3ccncc3)nc(-n3ccnc3-c3nncs3)cn12,21.090598159659997
c1ncc(-c2nc3nnc(-n4cnc(NC5CC5)n4)nc3n2CC2CCCCC2)s1,21.09026314063911
COc1csc(-c2nc3c(N4CCC(n5cnc(O)c5)CC4)ncnc3s2)n1,21.080810815902957
Cc1nsc(C2CCN(c3ccnc(-c4nsc(Nc5cccnc5)n4)n3)CC2)n1,21.060466923445706
Cc1csc(-c2nc(C)nc(N3CCC(Nc4nc5ncccc5s4)CC3)n2)n1,21.057810352596242
C#CCn1c(Sc2ccc3nc(-c4cn(C)cn4)sc3c2)nnc1-c1nncs1,21.050616578763943
Cc1nsc(-c2nc(-c3nncs3)c(Nc3nccc(N4CCCC4)n3)s2)n1,21.04769418445611
OC1CCN(c2nsc3c(Sc4ccno4)nc(Sc4ccccn4)nc23)CC1,21.046845793671412
Cc1ncn(-c2nccc(-c3nc4c(NC5CCOC5)ccnc4n3C3CCCC3)n2)n1,21.024494568584753
Cc1nc(N2CCOCC2)cc(-n2c(-c3nc(C(=O)O)cs3)nc3ccsc32)n1,21.018061040337162
c1cc(Oc2ccnc(Nc3cccnn3)c2)cc(-n2ncnc2-c2nccs2)c1,21.01211393990054
CNc1nsc(-c2nc3cnc(Sc4cccnc4)nc3n2C2CCOCC2)n1,21.007986079296153
OCc1csc(-c2nccnc2N2CCC(c3nc(-c4nccs4)ns3)CC2)n1,21.007543973800164
Cn1cc(-c2ccc(-c3nnc(SCc4nc5sccn5n4)s3)nc2)cn1,20.99982112842268
Cc1cnn(-c2cc(-c3noc(NC4CCN(c5nccs5)CC4)n3)cs2)n1,20.99012807030356
Cn1cc(-c2ncc3c(n2)nc(NC2CCN(c4nncs4)C2)n3C2CCCC2)cn1,20.982485305163298
Cc1ncn(-c2cc(Nc3nc(-c4cncs4)cs3)cc(-c3cnn(C)c3)n2)n1,20.9816072642137
Cn1cc(-c2nc3sc(-c4cc(N5CCC5)nc(Nc5cccnc5)n4)cn3n2)cn1,20.97933129131783
Cc1cc(-c2nc(-c3ncnn3C3CCN(C)CC3)cs2)nc(Nc2nncs2)n1,20.97413173610878
Cn1c(-c2nc3ccccc3s2)nnc1N1CCC(c2nsc(NC3CC3)n2)C1,20.972654558165278
Cc1ccc(Nc2ncc(-n3nc(N4CCCC4)nc3-c3cncnc3)c(F)n2)s1,20.956898356373433
CSc1nc(Nc2ccc3ncnn3c2)nc(-n2c(F)cnc2-c2cccs2)n1,20.95254791070151
CCn1c(Nc2nncs2)nnc1-c1nc2c(N3CCOCC3)nc(C)cc2s1,20.952067334719533
Cc1ncn(-c2ccc(Nc3nc(-c4cncs4)nc4cn(C)nc34)c(Cl)c2)n1,20.950906498691786
CNc1nc(-c2nnc(Sc3nc4ncccn4n3)n2-c2ccc(Cl)cc2)cs1,20.926136636887897
Cc1noc(C2CCN(c3ccc4nc(-c5nncs5)c(NC5CC5)n4n3)CC2)n1,20.914228245684022
Cc1csc(-n2c(-c3cccc(N4CCC(c5nc(C)no5)CC4)n3)n[nH]c2=S)n1,20.910544938251753
CSc1nc(NC2CCN(c3ccnc(-c4nccnn4)n3)CC2)c2sccc2n1,20.886007487855622
COc1cccc(-c2nc(N3CCC(n4cnc5c(N)ncnc54)CC3)sc2F)n1,20.874525382682197
N#CNc1nc(SCc2cn(-c3nccs3)nn2)n(-c2ccccc2)c(=S)n1,20.872646535908995
CSc1nnc(-c2ncc(O)n2-c2ccc3c(n2)c(C)nn3-c2cccs2)s1,20.86941762473723
Cn1cc(-c2nc(-c3cc(N4CCOCC4)nc(Nc4ncns4)n3)cs2)cn1,20.854223090737595
COc1cccc(Nc2nc(-c3nc4ccnc(N5CCOCC5)c4s3)ns2)n1,20.84875470918398
Cc1nsc(-n2nc(-c3cc(-c4ncnn4C)cs3)nc2SC2CCCC2)n1,20.84689444484714
CC1CCN(c2cc(-c3nc(Nc4nncs4)c4nnn(C)c4n3)ns2)CC1,20.825591645884327
c1nc(-c2ncn(-c3ccc(Oc4nc(N5CCCC5)nnc4C4CN4)cc3)n2)cs1,20.82493931751821
[C-]#[N+]c1nc(-c2cnn(C)c2)c(-c2nc(Oc3ccncc3)nn2C2CCNCC2)s1,20.81434057820305
COc1ccc(-n2nc(Sc3ccc4c(c3)OCO4)nc2-c2cscn2)cn1,20.806509612519356
Cc1noc(-c2nc(Cl)sc2-c2nc(N[C@@H]3CCN(C)C3)c3sccc3n2)n1,20.79291149531023
Cc1nnc(-n2nc(Sc3nccs3)nc2-c2cc(C(F)(F)F)nn2C)s1,20.791674837562017
CC(C)n1nnc2c(-n3cnc(C(C)(C)C)c3)nc(-c3cnn(C4CCNCC4)c3)nc21,20.787331593573967
Cc1nnc(C2CCN(c3ccc(Nc4ncc(-c5nccs5)s4)nn3)C2)s1,20.782727935151115
Cn1c(-c2cc(-c3cccc(NC4CCOCC4)n3)sn2)nnc1-c1nccs1,20.776390542247828
CC1(C)CCN(c2nc(Cl)nc(-c3nnc(Nc4nccs4)s3)n2)CC1,20.765580552733535
Cn1cc(-c2nnc(NC(C)(C)C)nc2-c2nnc(Sc3ccncc3)s2)cn1,20.763149071768634
Cn1cnc2nc(-c3nc(O[C@H]4C[C@@H](Nc5nc6ccccc6s5)C4)ns3)cnc21,20.759592133907482
COc1ccc(-n2c(-c3cscn3)nnc2-c2nccc(N3CCNCC3)n2)s1,20.750864967858593
Cn1nccc1-c1cc(=O)sn1-c1cc(-c2cncs2)nc(Nc2cccnc2)n1,20.741651271424953
c1csc(CNc2cc(-n3cnnc3-c3cncs3)nc(-c3cncs3)n2)n1,20.731214781236478
COc1ccnc2nc(-c3cc(N4CCOCC4)nc(Nc4nccs4)n3)sc12,20.692766831505722
Cc1nc2c(NC3CC3)nccc2n1C1CCN(c2nnc(-c3nccs3)n2C)C1,20.68570427613909
Cn1cc(-c2cc(-c3csc(Nc4ccc(-n5cncn5)cc4)n3)sn2)cn1,20.67939555441773
c1ccc(Oc2nc(-c3cnn4c(NC5CC5)nsc34)nc(N3CCCC3)n2)cc1,20.640545834910938
Cn1c(Sc2nc(Nc3ccccc3)c3nccn3n2)nnc1-c1nc(F)cs1,20.618142367297065
Cn1c(-c2nccs2)nc2oc(Sc3cc4c(N)nc(N5CCC5)nc4s3)nc21,20.60891823090344
Cn1nnnc1-c1scnc1Oc1cccc(Nc2nc3ccccc3s2)n1,20.603201939909564
c1csc(-c2nc(Oc3cncs3)nn2-c2cn3ccnc3c(NC3CC3)n2)n1,20.60097227816458
Cc1ncc(-c2nc(Nc3cc(-c4ncnn4C)cs3)nc(N3CCCC3)n2)s1,20.599445642832958
Cc1nc(-c2cccs2)n(-c2cc(-n3nc(C)nc3C(C)(C)C)nc(NC3CC3)n2)n1,20.586759596429058
Cn1cc(-c2cc(F)nc(Nc3ccc(-n4cc(-c5cncs5)nn4)cc3)n2)nn1,20.57180917468666
CSc1cc2nc(Nc3ccc(-n4cnnn4)cc3)nc(-c3ccnn3C)c2s1,20.566191507296267
Sc1nnc(Sc2ccc(-c3nc(Cl)nc(N4CCCC4)n3)cn2)n1C1CC1,20.510569154210657
CNc1ncc(-c2nc(Sc3nc4ccccc4s3)n3nc(Cl)nc3n2)cn1,20.509397384669434
Cc1nsc(NC2CCN(c3nc(-c4nc5cccnc5s4)ns3)CC2)n1,20.505343834883107
Cn1c(Sc2nc(-c3cccs3)nn2-c2ccc(O)nc2)nnc1-c1nccs1,20.499259794258997
c1cc(-c2cscn2)nc(Oc2sc(-c3cscn3)nc2OC2CCNCC2)n1,20.468229139942032
Cn1c(Sc2ccccc2)nnc1-c1nnc(-c2nncs2)n1-c1cccs1,20.467306022398674
c1cc(-c2nncnc2Oc2ccnc(Nc3nccs3)n2)nc(N2CCCC2)c1,20.452738134717947
Cn1cc(-c2nccc(N3CCC(Nc4nnc(-c5nccs5)s4)CC3)n2)cn1,20.45266553769154
Cn1cc(-c2nnc(N3CCCC3)s2)nc1Sc1ccnc2cc(C(=O)O)cn12,20.45253805220213
CSc1nnc(-c2cn3nc(Nc4ccc(-n5cccn5)cc4)sc3n2)s1,20.44995424409743
Cc1nc(-n2ccnc2-c2nccs2)c2nc(-c3cncs3)n(C3CCNC3)c2n1,20.444696644461555
Cn1c(Sc2nnn3ncnc(Nc4ccc(N5CCC5)nc4)c23)nc2ccccc21,20.424612068818156
Cn1cnc2ccc(-c3csc(Sc4nsc(N5CCC(N)CC5)n4)n3)cc21,20.41855603224597
Cc1csc(C2(O)CCN(c3ncnc4c3nc(-c3nc(C)ns3)n4C)CC2)n1,20.38843987584851
CN1CCC(n2nc(C(=O)O)nc2-c2nc3scc(-c4nccs4)c3n2C)CC1,20.383400562067887
COc1ncccc1Oc1nn2c(-c3nccs3)c(C3CCNCC3)nc2s1,20.377389277332167
Cc1ccc2nc(Nc3ccc(Oc4ncnn4C4CCOC(=O)C4)cc3)sc2n1,20.343199008958404
COc1cc(-c2nccs2)nc(NC2CCN(c3ncnc4ncsc34)CC2)n1,20.34049553408343
COc1nc2cc(-c3nnnc(N4CCC(Nc5nccs5)CC4)n3)ccc2s1,20.33880623901849
Cn1cnc(-c2nnc(Sc3nc4ccccc4s3)n2-c2ccc(O)cc2)n1,20.338203533304448
COc1ccc(-n2c(Sc3cnccn3)c3[nH]c(-c4nncs4)nn3c2=S)cc1,20.32428378917729
Cc1nsc(-c2nnc(N3CCC(Nc4nc5ccccc5s4)CC3)n2C)n1,20.318149573145202
Cn1nccc1-c1nc2nc(Sc3cccnc3)nc(Nc3ccncn3)c2s1,20.31530615923872
c1cc(-c2nnc(-c3cnc4nccn4c3)n2CC2CCOCC2)nc(NC2CC2)n1,20.307911219792093
CSc1nnc(-c2ccc3nc(-c4nc(C)no4)n(C4CCNCC4)c3n2)s1,20.287378557120356
Nn1nc(Sc2nnc(-c3nccs3)n2C2CC2)nc1-c1ccc(N2CCC2)nc1,20.282876380410563
c1cc(-n2c(-c3nccs3)nc3ccc(N4CC4)nc32)nc(NCc2cscn2)n1,20.2451137135903
c1cncc(Nc2nc(-c3cc(N4CCOCC4)nc(-c4nccs4)n3)ns2)c1,20.238295120779277
Cc1nc(Nc2cnc(N3CCOCC3)nc2)c(-c2nsc(-c3nccs3)n2)s1,20.220408045789224
COc1ccc2nc(-c3nc(N4CCC(c5nc6ccccc6s5)C4)n(C)n3)cn2n1,20.211740584532556
Cc1csc(-c2ncn3nc(-c4nc(C(=O)O)cs4)n(C4CCN(C)CC4)c23)n1,20.207205920906024
CSc1ncc(-c2nc3ncccc3o2)c(Nc2cnc(N3CCOCC3)s2)n1,20.198439442259193
Cc1csc2nc(Sc3nnc(-c4csc(N)n4)n3-c3ccccc3)nnc12,20.192991640203587
c1cc(-c2cc(-c3ccnn3CC3CCOCC3)ns2)nc(Nc2nccs2)n1,20.186454427751457
Cc1cc(-c2nnnn2-c2cccc(NC3CCN(c4nccs4)CC3)n2)sn1,20.177019314354183
Cc1noc(-c2ncc(N3CCC(Nc4nc(-n5cc(F)cn5)cs4)CC3)s2)n1,20.172236365519005
Cc1ccn(-c2nnc(Nc3ccc(N4CCOCC4)cc3)c(-c3nc(C)ns3)n2)n1,20.15745512799647
COc1nsc(NC2CCN(c3nc(-c4nccs4)c4sccc4n3)CC2)n1,20.14908418792893
C=CC1CC(O)(c2nc(C)ns2)CCN1c1nc(-c2nccs2)n2nccc2n1,20.146228942511662
CCSc1nc(-c2cc(C#N)nn2C2CCNCC2)nc2c1ncn2-c1nccs1,20.143662536065637
Cn1c(-c2nccs2)nnc1-c1nnc(SCc2nc3ccccc3s2)s1,20.12868836611437
Cc1ncn(-c2nc(-c3nccs3)nnc2Nc2nc(-c3ccccc3)cs2)n1,20.122470363730855
CN1CCC(n2c(-c3nnc(SCC(=O)O)s3)nc3c4c(ccc32)OCO4)CC1,20.100890943288817
Cn1cc(-c2nc3cc(-c4ncnn4C4CCCC4)cc(NC4CCOCC4)n3n2)cn1,20.096136595648005
Cn1nc(-c2nc3c(NC4CC4)ncnc3n2CC2CCOCC2)nc1-c1nccs1,20.084830817026173
Cn1c(SCc2nn3cnc(N4CCCC4)c3s2)nnc1-c1ccc(C(=O)O)cc1,20.07822236889908
Cc1nsc(Sc2nc(N3CCOCC3)c3nc(-c4ccccn4)sc3n2)n1,20.072145732298665
Cn1nnnc1-c1ccc2c(cnn2-c2ccnc(Nc3ccc(N4CCCC4)nc3)n2)c1,20.06642852394266
Cc1noc(-c2nsc(C3CCN(c4cc(Nc5cccnc5)sn4)CC3)n2)n1,20.049234827611816
Cn1c(Sc2nnnn2-c2ccccc2Cl)nnc1-c1ccc2sc(O)nc2c1,20.048242885862727
c1cc(Nc2ccc(Sc3nnnn3-c3ccc4c(c3)OCO4)nc2)nc(N2CC2)c1,20.045946177105066
Cc1nc(-c2cscn2)cc(N2CCC(n3ncnc3-c3csc(N)n3)CC2)n1,20.044107973949888
COc1nsc2sc(Sc3nnc(-c4ccncc4)n3C3CCNCC3)nc12,20.04271199487921
Cn1c(Sc2sccc2C(=O)O)nnc1-c1nc2nc(N3CCC3)ccc2s1,20.0413304618771
Cc1noc(-c2nsn2-c2cc(Nc3ccccc3)nc(N3CCOCC3)c2)n1,20.02917030332952
Cn1c(CSc2nnc(-c3cn4cc(C(=O)O)sc4n3)s2)nc2ccccc21,20.00853426577094
CSc1nc2c(nc(-c3nc(-c4ccccc4)n(C)n3)n2C2CCNCC2)s1,20.003083745747148
Cn1c(Sc2cncnc2)nc2c(Nc3nncs3)nc(-c3ccccc3)nc21,20.000484077386428
Cn1c(Sc2nnc(-c3cscn3)n2-c2ccccc2)nnc1-c1cncs1,19.966943283659162
c1cc(Nc2nccs2)nc(Oc2cc(-c3nncs3)nc(N3CCCC3)n2)c1,19.95886940559433
COc1cc(-c2nnnc(NC3CCN(c4nc5ccccc5s4)CC3)n2)sn1,19.918466842696322
c1cc(CNc2nc(-c3cncs3)cc(-n3snc3-c3cncs3)n2)ccn1,19.903681380917114
CNc1cc(-c2nc3nc(-c4nc(C)cs4)nc(N4CCOCC4)c3s2)sn1,19.901568674119808
c1cc(-n2nc(-c3nccs3)nc2-c2cscn2)nc(NCc2nccs2)n1,19.88498823321655
Cc1ncc(-c2nc(Oc3ccc4c(c3)OCCO4)nc(N3CCC(O)CC3)n2)s1,19.862567553534276
Cc1cnc(Nc2nc(N3CCCC3)nn3nc(-c4ccc5ncnn5c4)c(C)c23)s1,19.858217820424066
Cn1c(Sc2nnc(SC3CCCC3)n2-c2cccc(Cl)c2)nn2nnnc12,19.839758028655616
C=CCSc1c(C(=O)O)sc2ncnc(-c3nnc(N4CCOCC4)s3)c12,19.83086622187108
CN(C)c1nc(-c2nc(Nc3cccs3)nc(-n3nnc4ccccc43)n2)cs1,19.823484576078158
Cc1cccc(NC2CCN(c3nc(-c4nccs4)nn3-c3ncns3)CC2)n1,19.80877065425839
Cn1c(-c2cscn2)nnc1-c1cc(Nc2ccccn2)nc(N2CCOCC2)n1,19.80444897002312
CNc1ncnc(-c2cc(Cl)cnc2Sc2nnnn2-c2ccc(Cl)cc2)n1,19.79962569795772
Cc1nnc(C2CCN(c3cc(-n4cnc(N)c4)nc(-c4nccs4)n3)CC2)s1,19.798999531310965
CNc1ncc(-c2nccc(-n3nc(N4CCCCC4)nc3-c3cncs3)n2)s1,19.79804708534064
Cn1cc(-c2cc3c(cn2)nc(Sc2nnnn2-c2ccccc2Cl)n3C)cn1,19.793106188167354
Oc1ccc(-n2nncc2-c2nnc(Sc3nncn3-c3ccccc3)s2)cc1,19.791435598271427
COC(=O)c1ccc(Nc2nc(-c3nnc(N4CCOC4)s3)nc3sccc23)cc1,19.776328120605335
Cn1cc(-c2nc(Nc3ccsc3)nc(N3CCCC3)n2)nc1-c1cscn1,19.75469093354184
CCn1c(-c2ccnc(N3CCCC3)n2)nc2c(Nc3ccc4c(c3)OCO4)ncnc21,19.73510309952414
C=Nc1nn(C)c2nc(-c3nccs3)nc(Nc3ccc(N4CCOCC4)cc3)c12,19.728579895797342
CSc1nc(F)n2ncnc(Nc3cc(-c4cscn4)nc(N4CCCC4)n3)c12,19.726287845078026
Cc1cncn1-c1nc(Nc2nc3ccc(-n4cccn4)nc3s2)nc(N2CCCC2)n1,19.725983584112008
Cc1noc(C2CCN(c3nc(Nc4ccncc4)cc(-c4nccs4)n3)CC2)n1,19.723737251939156
Cn1nnc(N)c1-c1c(-c2nccs2)nc(Sc2nc3ccccc3s2)n1C,19.713290390085387
OC1CCN(c2nc(Oc3ccccc3)nc(-c3nnc(-c4cncs4)s3)n2)CC1,19.711706602182687
c1ccc(Oc2nc(-c3nsc(NC4CC4)n3)cc(N3CCOCC3)n2)cc1,19.703432079533915
Cc1nc(N2CCC(c3cccc(O)c3)CC2)nc(-n2snc2-c2cscn2)n1,19.703132387779732
c1csc(-c2nc(NCc3ccc4c(c3)OCO4)n3nc(-c4nccs4)n3n2)n1,19.696032235295664
COc1ncc(-n2nc(N3CCCC3)nc2-c2cnc(Nc3nccs3)nc2)s1,19.695394976171546
[C-]#[N+]c1csc(Sc2nc3c(-c4cnc(NC)nc4)cc(N4CCCC4)nn3n2)n1,19.69179047751157
c1cc2c(c(Oc3nc(Nc4cn5ccsc5n4)nc(N4CCCC4)n3)c1)OCO2,19.691541766648708
CCn1nc(N2CCCCC2)nc1-c1nnc(Nc2ccc(-n3cncn3)s2)s1,19.67507475818964
Cc1nc2nc(Nc3ccc(CN4CCOCC4)cc3)nc(-c3nc(C#N)cs3)n2n1,19.65694212618906
Cc1csc(-n2nc(SCc3ccc4ncnn4c3)nc2-c2cncs2)n1,19.6513296088098
C[C@H]1COCCN1c1nc(Nc2cccs2)nc(-n2nnnc2-c2cccs2)n1,19.645216884186144
CNc1ccc2nc(-c3nnc(Sc4nc5ccccc5s4)n3C)sc2[n+]1[O-],19.638989973680822
CNc1nsc2c1ncn2C1CCN(c2nc(Cl)nc(-c3nccs3)n2)CC1,19.633624124466408
Cn1cnc(Nc2nc(Sc3nc4sccc4c(=O)n3-c3ccccc3)ns2)n1,19.621110724323074
CSc1nnnn1-c1cc(Nc2ccc3c(c2)OCCO3)nc(-c2cscn2)c1,19.61644039066681
Cc1nn(-c2nc(NCc3cccs3)c3nc(-c4nccs4)nn3n2)cc1Cl,19.613915717756818
COC(=O)C1CCN(c2nc(Nc3ccc(-n4cncn4)s3)c3sccc3n2)CC1,19.608974083362224
CN1CCC(n2nc(-c3nc(Nc4ccc(C5CC5)nn4)ns3)c3cccnc32)CC1,19.59220971823563
c1cncc(Oc2csc(NC3CCN(c4nsc(-c5cnccn5)n4)CC3)n2)c1,19.58462662415232
CN1CCC(Nc2nc(Oc3cccc(-n4cncn4)c3)nc(-c3cscn3)n2)CC1,19.5836435102987
Cn1ccnc1-c1cc(N2CCC(Nc3nccs3)CC2)nc(-c2nncs2)n1,19.57664037304428
CSc1nc(-c2cn(C3CCNCC3)nn2)c(-c2nncs2)n1C1CCCC1,19.53146342611564
OCCn1cc(-c2nnc(Sc3nc4ccccc4s3)n2-c2cccs2)nn1,19.526950900120855
Cn1nc(-c2nnc(SCc3ccc4c(c3)OCCO4)s2)nc1-c1cncs1,19.524583107600616
Cc1nc(C)nc(Nc2ncc(-c3nc(N4CCCC4)c(N4CCOC4)s3)s2)n1,19.522091227247483
Cn1cnc(-c2ncc(F)nc2Oc2ccc(Nc3nc4ccccc4s3)nc2)n1,19.516306766181717
c1ccc(-n2ncnc2Oc2cc(Nc3nccs3)nc(N3CCOCC3)c2)nc1,19.503973495608836
Cc1ccn(-c2cc(Nc3nc(-c4ccc5ncnn5c4)cs3)nc(N3CCCC3)n2)n1,19.501322886417576
CSc1nc2c(-c3nncs3)nc(Nc3ccc(N4CCOCC4)nc3)nc2n1C,19.499118366879237
Cn1cc(-c2csc(-c3ncnn3Cc3csc(Nc4ccccn4)n3)n2)cn1,19.482837524664586
Fc1ccnc(OC2CN(c3ncccn3)C2)c1-c1csc(Nc2nncs2)n1,19.466522534474482
Cc1noc(-c2nc(N3CCCC3)nn2-c2ccc(Nc3nc4ccccc4n3C)s2)n1,19.459208972884348
CSc1nsc(NC2CCN(c3nccc(-c4ccc5nccnc5n4)n3)CC2)n1,19.454479075253968
Cc1noc(-c2nc3cnc(Nc4ccc(N5CCOCC5)cc4Cl)nc3n2C)n1,19.447922153285987
Cn1cc(-c2cc(-n3cnc(Sc4nccs4)n3)cc(-c3nccs3)n2)cn1,19.44186087459659
COc1ccc(-n2nc(Sc3nnc4ccccn34)nc2-c2nccs2)cc1,19.429068314921118
CSc1ccc2c(cnn2-c2nc(Nc3cncs3)nc(N3CCCC3)n2)n1,19.422807817294675
Cn1c(Sc2nc(-c3nccs3)ns2)nc2cc(-c3nnc(O)s3)ccc21,19.409766963686693
CNc1nccc2sc(-c3nnc(Sc4nc5cccnc5s4)n3C)nc12,19.38894244835284
Cn1sc(-c2ccnc(Nc3cccnc3)n2)c1-c1nnc(-c2nccs2)n1C,19.388754359028518
Cn1c(-c2cscn2)nnc1-c1nc(F)c(-n2ccnc2)nc1NC1CCOCC1,19.388627435129518
Cc1nsc(-c2nc(NC3CCOCC3)c3scc(-c4cnn(C)c4)c3n2)n1,19.38644803495923
COC1CCN(c2nc(Nc3ccc4ncsc4c3)nc(-c3nncs3)n2)CC1,19.38529672655313
Cc1ncn(-c2cc(Oc3nccc(-c4csn4C4CCNCC4)n3)ccn2)n1,19.385033209808526
CSc1nnc(-c2cc(-c3ccnn3C)nc(Nc3ccc4c(c3)OCCO4)n2)s1,19.382924526378858
Cn1cncc1-c1cc(-n2cnc(Nc3nccs3)n2)nc(N2CCCCC2)n1,19.37039783937229
CNc1nc2cnc(-c3nc(C)ns3)cc2n1C1CCN(c2nncs2)CC1,19.361435716187696
Cc1cc(-n2cc(-c3nccs3)nn2)nn1-c1nc(Nc2ccccc2)ncc1F,19.351861251154777
Cn1c(-c2ccnc(N3CCCC3)n2)nc2c(Nc3nnc(C4CC4)s3)ncnc21,19.350524241545987
CCc1nnc(N2CCC(n3sc4c(N)nc(-c5cncs5)nc43)CC2)s1,19.3445127649391
Cc1nsc(-c2ncnn2-c2cc(Cl)c(Nc3ccnc(N4CCC4)n3)s2)n1,19.34361307244639
Nc1nc(-c2nccs2)nc(C2CCN(c3nc(-c4cncs4)ns3)CC2)n1,19.33709900886182
Cc1nsc(-c2sc(-c3csc(NC4CCOC4)n3)nc2-n2cnc(C)n2)n1,19.31050715724078
Cc1ncn(-c2nc(Nc3cccs3)cc(-n3ccnc3-c3nccs3)n2)n1,19.305991307359456
CCn1c(-c2nncs2)nnc1N1CCC(Nc2nc3ncccc3s2)CC1,19.29238689953869
Cc1nccn1-c1nc(Nc2nc(N3CCCCC3)ns2)nc(N2CCCCC2)n1,19.292025653780165
Cc1nc(-c2cnc(N3CCOCC3)nc2)n(-c2ccc(Nc3nccs3)nc2)n1,19.285287927123594
Cc1cn(-c2cc(-c3cnc(N4CCOCC4)s3)nc(Nc3ccncc3)n2)nn1,19.265007034614865
Cn1c(Sc2ncc(N)s2)nc2ncnc(N3CCC(c4cscn4)CC3)c21,19.22567885797628
C=CCn1c(Nc2nc3ccccc3s2)nnc1-c1nnc(N2CCCC2)s1,19.22231828647132
Cc1nn(-c2nc(CO)cs2)cc1-c1nnc(Sc2ccc3c(c2)OCO3)s1,19.213165222035155
Cn1nccc1-c1cc(-c2cnc(N3CCOCC3)s2)nc(Nc2nncs2)n1,19.21291449664255
Cn1cc(-c2cc3nc(Sc4ccccc4Nc4nncs4)nn3c(F)n2)cn1,19.208666477913273
CNc1ncnc2sc(-c3nc(Oc4ccccc4)nn3-c3nc(C)cs3)nc12,19.20507242619049
Cc1csc(-n2c(-c3cccc(N4CCCNCC4)n3)nnc2-c2nc(C)ns2)n1,19.190412427919366
Cn1cc(-c2cc(-n3snc3-c3cncs3)nc(Nc3ccncc3)n2)cn1,19.184442454434276
Cn1ccc(Nc2nc(N3CCCC3)nc3oc(Sc4ccc5c(c4)OCO5)nc23)n1,19.18314040173034
Cc1nsc(C2CCN(c3nc(-c4nc(C(=O)O)cs4)c(Cl)n3C)CC2)n1,19.179951057503608
Cn1cc(-c2cc(Nc3nccs3)nc(N3CCCC3)n2)nc1-c1nncs1,19.17984792553179
Cn1c(Sc2nc3ccccc3s2)nnc1-c1nnc(O)n1-c1ccccc1,19.17354922792917
Cc1cnc(-c2nccs2)nc1N1CCC(Nc2nc(-n3nccn3)cs2)CC1,19.163044939970625
Cn1cc(Sc2nc(NC3CCOCC3)c3sc(-c4cscn4)nc3n2)cn1,19.154798926587183
Cc1nnn(-c2ccc(Nc3nc4c(nc(-c5nccs5)n4C)s3)c(Cl)c2)n1,19.15473007667239
CSc1nsc(NC2CCN(c3nc(-c4nccs4)nc4ncoc34)CC2)n1,19.15429512772696
CSc1nc2cc(Nc3nc(-c4cscn4)nc(N4CCCC4)n3)cnc2n1C,19.148508140665164
Cn1c(-c2cn(-c3ccc(Nc4nccs4)cc3)c(=O)cn2)nnc1-c1nccs1,19.146708713419947
Cc1cc(N2CCC(Nc3ncnc(-c4cscn4)n3)C2)nc(-c2nccs2)n1,19.11507595924141
Cc1nn(-c2nc(NCc3cccs3)c3nnc(-c4nccs4)n3n2)cc1Cl,19.101971135959875
Cc1csc(-c2noc(-c3ccnc(NC4CCN(c5nccs5)CC4)n3)n2)n1,19.086250415117778
Cn1c(-c2cccc(N3CCC(Nc4nncs4)CC3)n2)nnc1-c1nccs1,19.072983776126534
Cc1csc(-c2nsc(N3CCC(Nc4nc(C)nc5ncsc45)CC3)n2)n1,19.05296804522047
CC1(c2nncs2)CCN(c2nnc(-c3ccnc(Nc4ccncc4)n3)s2)C1,19.04723751854068
Oc1nnc(-n2c(SCc3nc4ccccc4s3)nnc2-c2cccnc2)s1,19.03335175269814
Cn1cnc(-c2nnc(SCc3nc4ccccc4s3)n2-c2csc(N)n2)c1,19.028211789295035
Cc1nsc(-n2nc(-c3cncs3)nc2-c2csc(NCC(F)(F)F)n2)n1,19.019139816212842
Cc1noc(-c2nnc(C3CC3)n2C2CCN(c3nc4cccc(O)c4s3)CC2)n1,19.01126333323579
CNc1nsc2c1ncn2C1CCN(c2nc(C)nc(-c3nccs3)n2)CC1,18.964932139451463
Cc1cn(-c2cc(Nc3nc4c(Cl)cccc4s3)nc(-n3ccc(C)n3)n2)nn1,18.94843524770792
Cc1noc(-c2nsn2-c2nc(NC3CCN(C)CC3)cc(C(C)(C)C)n2)n1,18.944922619424347
CSc1nnc(-c2ccn3nc(-c4cnc(NC5CCOCC5)nc4)nc3c2)s1,18.939922592180476
Cc1ccn(-c2nc(NCc3nc4ccsc4s3)cc(-n3cnc4cccnc43)n2)n1,18.93762126586467
Cc1nsc(-n2c(-c3cccc(Nc4ccccn4)n3)nnc2-c2nccs2)n1,18.92965554582808
CSc1nnc(-c2nc(Nc3ccc(Cn4cncn4)cc3)n3ccsc23)s1,18.92534545091828
Cc1ncn(-c2nc(Nc3cccc(N4CCOCC4)n3)cc(-c3ccsc3)n2)n1,18.908389121935393
Cc1nsc(C2CCN(c3nc(Nc4cnccn4)cc(-c4nccs4)n3)CC2)n1,18.907923039087855
COc1csc(-c2nc3c(NC4CCOCC4)cc(-c4nccs4)nn3n2)n1,18.89575556778975
CSc1nnc(-c2c3ncnc(Nc4ccc5c(c4)OCCO5)c3nn2C)s1,18.887654067643247
CNc1nc2c(ncn2C2CCN(c3cccc(-c4nnc(C)s4)n3)CC2)s1,18.885295678293314
Cc1noc(-c2nnc(N3CCC(Nc4nc5ccccc5s4)CC3)n2C)n1,18.87432926076947
Cc1ccn(-c2nc(NC3CCOCC3)nc(-n3onc3Sc3cccs3)n2)n1,18.85507875042472
CNc1nccc2c1ncn2C1CCN(c2nc(Cl)cc(-c3nncs3)n2)CC1,18.854329780418674
COc1nc(-c2cnn(C)c2)cc2c1nc(Sc1nccs1)n2C1CCNCC1,18.851243971108747
Fc1cnc(-n2ccnc2)nc1-n1nc(-c2nccs2)nc1NCc1cccs1,18.83347493177199
Cc1cnc(Nc2cc(-c3noc(=S)n3C3CCOCC3)nc(N3CCCC3)n2)s1,18.833150950485997
COc1cccc(NC2CCN(c3nc(-c4nncs4)c4ncsc4n3)CC2)n1,18.833126315095377
Cn1nnnc1-c1csc(-c2csc(Nc3ccc(N4CCCCC4)nc3)n2)n1,18.83120525687965
Cc1csc(-n2c(-c3ccnc(N4CCC(N)CC4)n3)cnc2-c2nccs2)n1,18.807955763153437
c1cc(N[C@H]2CC[C@@H](Oc3nccs3)C2)nc(-n2snc2-c2nccs2)n1,18.80349898886991
NNc1nc(N2CCCC2)nc(-n2c(SC3CCCC3)nnc2-c2cccs2)n1,18.795961013932708
CSc1nc(-c2nccs2)n(-c2ncnc3ccsc23)c1NC1CCOCC1,18.77828572106991
Cc1ccn(-c2nccc(-c3csc(Nc4ccc(N5CCOCC5)cc4)n3)n2)n1,18.7477699447933
Cn1nccc1-c1c(-c2nnc(Sc3nc4ccccc4s3)s2)nnn1C,18.741631100046643
CNc1ccc(-n2nc(C(C)(C)C)nc2-n2nnnc2Sc2cccs2)cc1,18.734531334192766
CNc1nnn(C2CCOCC2)c1-c1ccc2nnn(-c3nc4ccccc4s3)c2n1,18.732676477288106
CSc1nc(-c2cncs2)n(-c2nc(NCc3cccs3)nc3cccnc23)n1,18.72835287642722
Cc1nnc(-c2csc(NC3CCN(c4nc(-c5nccs5)no4)CC3)n2)s1,18.71214609637259
Cn1c(-c2nnc(Nc3ccc(Cl)s3)s2)nc2nnc(N3CCCC3)nc21,18.69896843256961
CSc1nnc(-c2nc3c(N4CCOCC4)ccnc3n2-c2ccc(O)cc2)s1,18.652972497999983
Cc1noc(-c2nc(C#N)c(NC3CCN(C)CC3)n2-c2ccc3scnc3c2)n1,18.651183409600137
Oc1nnc(-c2nnc(SCc3ccc4c(c3)OCO4)s2)n1C1CCOCC1,18.64041766105969
Cc1nnc(-c2nccs2)n1-c1ccnc(Nc2cccc(N3CCOCC3)n2)n1,18.6222455328107
Cc1csc(Nc2cc(-n3nc(N4CCCCC4)nc3-c3cncnc3)ncn2)n1,18.609201569509327
Cn1c(Sc2nnc(SC3CCCC3)n2-c2cccc(Cl)c2)nn(O)c1=N,18.60020398094648
Cc1csc(-n2c(SCc3ccc4c(c3)OCO4)nnc2-c2nccs2)n1,18.598862757146293
Cn1nc(-c2nncs2)nc1-c1nnc(Sc2nc3ccc(Cl)cc3s2)n1C,18.595189098234755
Cn1c(-n2ncnc2-c2nc(CO)cs2)cnc1Sc1nc2ccccc2s1,18.578222438918186
CNc1nc(-c2nnc(C)s2)nc(N2CCC(n3cnc4sccc43)CC2)n1,18.57725538212501
CN1CCC(n2scc2-c2cc(-c3cncnc3)nc(Nc3nncs3)n2)CC1,18.56195368449838
Cc1nc(N2CCC(Nc3ncc(C#N)s3)CC2)c2nc(-c3cscn3)n(C)c2n1,18.53856974371775
CNc1nc(Sc2nnc(C)s2)nc2sc(-c3ccnc(N4CCCC4)n3)nc12,18.517426857741846
Cn1c(Sc2nc3cccnc3s2)nnc1-c1cc(OC2CCNCC2)ns1,18.501333406790327
Cn1cnnc1Sc1nn2ncnc2n1-c1ccc(Nc2nccs2)c(Cl)c1,18.497370067280656
Cn1c(-c2nccs2)nc2nc(-n3cnc(-c4nccs4)n3)cc(NC3CC3)c21,18.487661191584174
Cn1c(-c2nc(Sc3nnnn3-c3ccccc3)ns2)nc2cc(S)ccc21,18.471012661010924
c1ccc(Oc2nncn2-c2cc(Nc3nccs3)nc(N3CCCCC3)n2)cc1,18.466148464795186
CCc1csc(-c2cnc3c(Nc4nncs4)nc(N4CCOCC4)cc3n2)n1,18.460618799944836
Cc1cnc(-c2cn(-c3nc(N4CCCCC4)ncc3Nc3nccs3)nn2)s1,18.44730227357798
Cc1ccn(-c2nsc(-c3cc(Nc4nccs4)nc(N4CCCC4)n3)n2)n1,18.42681941624564
COc1cc(N2CCOCC2)ccc1Nc1nc(-c2cnsn2)c2ccsc2n1,18.421577312689788
c1csc(-n2cc(CNc3nc(-c4cncs4)nc(N4CCCCC4)n3)nn2)c1,18.407797157452347
Cc1csc(-n2cc(-c3ccnn3C3CCOCC3)nc2-c2nc(C)ns2)n1,18.392629129643186
Cc1nc(N2CCOCC2)ccc1Nc1ncc(-c2nc(-c3nccs3)no2)s1,18.3716458400242
Cn1nc(-c2ccccn2)nc1N1CCC(c2nnc(Nc3nccs3)s2)CC1,18.35065514197992
COc1ncn(-c2ccc(Nc3nc(N4CCCCC4)nc(-n4ccnc4)n3)cc2)n1,18.319365454544236
Cn1c(Sc2nc3ccccc3s2)nnc1-c1nncnc1Nc1nccs1,18.311613853854645
CNc1ncnc(-c2nnc(Sc3ccc4nc(N5CCCC5)sc4n3)s2)n1,18.297044875694226
COc1csc(-c2nnnc(N3CCC(Nc4nc5sccc5s4)CC3)n2)n1,18.293480144870884
CNc1nnc(N2CCC(n3c(Oc4nccs4)nc4cccnc43)CC2)s1,18.291048912412165
Cc1noc(-c2nc(Cl)sc2-c2cc(Cl)nc(NC3CCN(C)CC3)n2)n1,18.275728636749463
c1csc(-c2nc(Nc3ccc(N4CCOCC4)cc3)nc(-c3nncs3)n2)n1,18.255799941174274
c1cnn(-c2ccc(Nc3nc(N4CCCCC4)nc(-n4cnc(C5CC5)c4)n3)cc2)n1,18.25155964566052
Cn1cnc(-c2nc(Nc3ccc(Sc4nncs4)cc3)nc(N3CCCC3)n2)c1,18.22536699092756
Cc1cnn(-c2cc(Nc3nnc(-c4nccs4)s3)cc(N3CCCCC3)n2)n1,18.202707349295093
Cc1nnn(-c2ccc(Nc3cc(-c4ncc(F)s4)nc(N4CCCC4)n3)cc2)n1,18.18195372460119
COc1ccc2nc(Nc3nnc(-c4ccnc(N5CCCC5)n4)s3)sc2c1,18.18118175941036
Cc1cn(-c2nc(N3CCCC3)ncc2-c2nnc(Sc3cccs3)s2)nn1,18.171287542847566
CSc1nnc(-c2nsc(N3CCC(n4cnc5c(O)ccnc54)CC3)n2)s1,18.166140052065238
CCn1ncc2sc(-c3cc(N4CCOCC4)nc(Nc4nncs4)n3)cc21,18.143500698275517
C=C1c2nc(-c3nc(C)no3)n(C3CCNCC3)c2N=C(Sc2nccs2)N1C,18.143201233986282
CNc1nccc(-n2nc(-c3ccc4c(c3)OCO4)nc2Sc2nc(F)cs2)n1,18.140980046035946
Cn1c(-c2nccs2)nnc1-c1nc(F)cnc1Nc1ccc(N2CCCC2)nc1,18.12961765077884
Cn1c(Sc2nc(-c3cncs3)nc(N3CCC(N)CC3)n2)nc2ccccc21,18.121030479670292
c1csc(Nc2ccc(Oc3ncnnc3-c3cnc(N4CCCCC4)nc3)cn2)n1,18.11363811556666
COc1cc2c(nc(-c3nccs3)n2-c2ncnc(NCc3cccs3)n2)s1,18.105519501217316
Nc1nnc(SCc2nc(-c3nccs3)n(-c3nc(C(F)(F)F)cs3)n2)s1,18.100610026630473
Cn1c(-c2nsc(Nc3ccc(N4CCOCC4)nc3)n2)nnc1-c1nccs1,18.08325825775356
Cc1nsc(-c2nc(NC3CCOCC3)n(C3CCOCC3)c2-c2nncs2)n1,18.081120945384534
CSc1ncc(-c2nc(Nc3ccc(-n4cncn4)cc3)n3nc(C)cc3n2)s1,18.04721130182289
Cc1nsc(-c2nsc(NC3CCN(c4nc5cccnc5s4)CC3)n2)n1,18.021249546912564
c1csc(-c2cn(-c3csc(NCc4nncn4C4CCCCC4)n3)nn2)n1,18.009793554229855
c1csc(Nc2ccc(Oc3nc(-c4csnn4)nc(N4CCCC4)n3)cc2)n1,17.995287036360057
Cn1cc(-c2cn(-c3ccnc(Nc4ccc(-n5cncn5)cc4)n3)c(Cl)n2)cn1,17.981685095316053
Cn1cc(-c2cn(-c3nc(C(=O)O)cs3)nc2Sc2ccc3c(c2)OCO3)cn1,17.96516743615216
COc1ccc(Nc2nc(-n3c(-c4nccs4)nn(C)c3=O)c3sccc3n2)cc1,17.947170552050704
Cc1ncn(-c2nc(Nc3cccc(N4CCOCC4)n3)cc(-c3cscn3)n2)n1,17.94632064320179
c1ccc2c(c1)ncn2-c1nsc(NCc2nc(-c3cncs3)n(C3CC3)n2)n1,17.945192869146545
CSc1nnc(C2CCN(c3nc(O)nc(-n4cnc5ccccc54)n3)CC2)s1,17.943796976681014
COc1cc(-c2ncnc(NC3CCN(c4nc5ccccc5s4)CC3)n2)sn1,17.933007853929876
Cn1cc(-c2nsc(-c3nnc(NC4CCN(c5nccs5)CC4)s3)n2)cn1,17.932824692967614
Cc1ncn(-c2cc(-c3nc4c(s3)CCCN(C)C4)nc(Nc3nccs3)n2)n1,17.92557517321268
Cc1nsc(-c2nc(Sc3ccncn3)n(C3CCNCC3)c2-c2nncs2)n1,17.918065409869566
Cc1cccc(-n2nc(Nc3cc(N4CCOCC4)ncn3)nc2-c2nccs2)n1,17.906082844657014
Cn1c(Sc2nc3cccnc3s2)nnc1-c1csc(NC2CCOCC2)n1,17.89687626306815
Cn1c(Sc2nc3ccccc3s2)nnc1-c1nsc(=O)n1-c1ccc(O)cc1,17.858919816460176
Cc1nnc(-c2cnc3c(n2)nc(NCc2nccs2)n3C2CCOCC2)s1,17.85055642476291
Cn1cc(-c2nc(Sc3ccc(F)cc3)sc2-c2nnc(C(=O)O)n2C)cn1,17.830339522216498
Cc1nsn1-c1cc(NC(=O)CSc2nnnn2-c2ccccc2Cl)sn1,17.79564802689183
CSc1nnc(-c2cc(-c3c(Nc4ccc5c(c4)OCCO5)cnn3C)on2)s1,17.78251777830961
c1csc(Nc2ccc(Oc3c(-c4ccn5ncnc5c4)nnn3C3COC3)cc2)n1,17.750804393502666
Cc1csc(-n2c(SCc3ccc4c(c3)OCO4)nnc2-c2nncs2)n1,17.74883323649092
Cn1cnc(-c2nc(Nc3ccc(-n4cncn4)cc3)nc(N3CCCC3)n2)c1Cl,17.74846533766057
Cc1ccn(-c2nc(Nc3nc4ccccc4s3)cc(-n3nc(C)nc3Cl)n2)n1,17.738446476648104
Cn1c(-c2cc(Nc3nccs3)nc(N3CCCCO3)n2)nnc1-c1nccs1,17.72960904843722
c1cc(-c2nnc(Nc3nccs3)n2CC2CCCO2)nc(N2CCCC2)n1,17.728822660044305
Cn1c(-c2nccc(NC3CCN(c4nccs4)CC3)n2)nnc1-c1nccs1,17.721882825334934
Cn1cc(-c2nc(N3CCOCC3)sc2-c2ccnc(Nc3ccncc3)n2)cn1,17.720864297688262
COc1nc(Sc2nnnn2-c2ccccc2Cl)cc2sc(NC3CC3)nc12,17.71911334550454
Cn1c(Sc2nc3cccnc3s2)nnc1-c1cc(NC2CCOCC2)ncn1,17.71620696155777
c1ccc(Oc2nc(-c3nsnc3Nc3nccs3)nc(N3CCOCC3)n2)cc1,17.704102806760456
Cn1cc(CNc2ncnn3c(-c4nccs4)nc(-c4ncc(Cl)s4)c23)cn1,17.696614936169535
CSc1nnc(-c2ncc3sn(C4CCN(c5cc(O)ccn5)CC4)c3n2)s1,17.69645015741332
Cc1nnc(-c2ccc(Nc3nnc(-c4ccnc(N5CCCC5)n4)s3)s2)s1,17.67863947748884
Cc1ncn(-c2ccc(Nc3nc(N4CCCC4)nc(-n4cnc5ccccc54)n3)cc2)n1,17.67300306531573
Cc1nc(Nc2ccc(-n3ncnc3-c3nccs3)cc2)nc(N2CCOCC2)n1,17.661117148833064
c1nsc(-c2ccc(Nc3nc(-c4cscn4)nc(N4CCOCC4)n3)cc2)n1,17.654346338452843
COc1csc(-c2nnnc(N3CCC(Nc4nc5ccccc5s4)CC3)n2)n1,17.643161809575318
Clc1ccc(-n2c(Sc3ncnc(NC4CC4)n3)cnc2-c2nnsn2)cc1,17.63938117586448
Cc1nc(-c2nccs2)nc(N2CCC(Nc3nnc(-c4nccs4)s3)CC2)n1,17.633063733719236
Cc1ncn(-c2nc(Nc3nc(-c4nccs4)cs3)nc(N3CCCCC3)n2)n1,17.6192796509872
c1csc(-c2ncc(Oc3nc(N4CCCC4)ns3)c(C3CCNCC3)n2)n1,17.604818053551956
CNc1nc(OC2CCN(c3cnc4sccc4n3)CC2)nc(-c2nccs2)n1,17.604526061481998
Cc1nc(C)n(-c2cc(Nc3nc4ccccc4s3)nc(N3CCCCC3)n2)n1,17.600394524495403
CSc1ncn(-c2ccnc3c2nc(-c2nc(C)ns2)n3C2CCNCC2)n1,17.588931071188608
Cn1cc(-c2nnc(NC3CCN(c4nccs4)CC3)nc2-c2nccs2)cn1,17.55858441020368
Cn1cc(-c2nnc(SCc3nc4ccccc4s3)n2-c2nccs2)nn1,17.548057938311803
C=Cc1nccc(N2CCC(n3cnc4sc(-c5nnc(NC)s5)nc43)CC2)n1,17.51151779027845
Cc1nnc(-c2ccc3c(c2)nc(Sc2nnc(C)s2)n3C2CCNCC2)nn1,17.504901411856142
CN1CCC(n2nc(Sc3nc4cc(N)nn4s3)nc2-c2nccs2)CC1,17.48397323504709
Cn1c(Sc2nc3ccccc3s2)nnc1-c1nsc(NC2CCOCC2)n1,17.48167715708606
Cn1c(-c2nsc(Nc3ccc(N4CCOCC4)nc3)n2)cnc1-c1nccs1,17.465657174744344
Cc1csc(N2CCC(c3cc(-n4cncn4)nc(Nc4nccs4)n3)CC2)n1,17.428526878672667
Cn1nnnc1-c1cc2nccc(NC3CCN(c4nc(C5CC5)cs4)CC3)n2n1,17.42846787956668
COc1ccc2nc(-c3nncnc3N3CCC(Nc4nccs4)CC3)sc2n1,17.42230425352535
Cn1cc(-c2nc(F)sc2-c2nsc(Nc3ccc(-n4cncn4)cc3)n2)cn1,17.412141756064848
Cn1cnc2cnc(Nc3ccc(Oc4nc(N5CCCCC5)ns4)s3)nc21,17.41005414093228
Cc1ccc(Nc2nccc(-c3nnn(C4CCOCC4)c3-c3nccs3)n2)cn1,17.3895020468937
CSc1nc2c(Nc3nncs3)nc(N3CCCC3)nc2n1C1CCOCC1,17.378339315276072
c1csc(Cn2cc(-c3csc(Nc4ccnc(N5CCOCC5)n4)n3)nn2)c1,17.366703405900363
Cc1nc(NC2CCN(c3nc(-c4cncs4)cs3)C2)nc(-c2nccs2)n1,17.3591653027605
Nc1ncc(-c2nnc(SCc3nc4ccccc4s3)n2-c2nccs2)cn1,17.352373020000083
Cc1cn(-c2nc(N3CCCC3)nc(F)c2-c2cnc(Nc3nccs3)s2)nn1,17.321128980521962
c1ccc2sc(Nc3ccc(Oc4nc(N5CCCC5)nc5ncnn45)nc3)nc2c1,17.311419127494098
Oc1nc(Sc2nnc(Sc3nccs3)n2C2CC2)nc(N2CCCCC2)n1,17.298587645821986
COC1CCN(c2nsc(-n3cc(Nc4nc5ccccc5s4)cn3)n2)CC1,17.293868791069876
Cn1c(-c2nc(N)cs2)nc(-c2cccs2)c1Sc1nnnn1C1CCCC1,17.28914151956519
CSc1nc2n(C)c(-c3cccc(NC4CCN(c5nccs5)CC4)n3)nn2n1,17.286450697966874
c1ncn(Cc2ccc(Nc3nc(-c4cncs4)nc(N4CCCC4)n3)s2)n1,17.28250094389578
CNc1nc(-c2nnc(C)s2)nc(N2CCC(c3nc4ccccc4s3)CC2)n1,17.275767620864876
COc1nc(Nc2ccc(N3CCCC3)cc2)nc(-n2snc2-c2nccs2)n1,17.250235778021693
c1nc(NC2CCN(c3nc(-c4nccs4)cs3)CC2)nc(-c2cscn2)n1,17.232014700738798
O=C(O)Cn1nc(-c2nccs2)cc1-c1nc(OC2CC2)c(N2CCOCC2)s1,17.219838047182265
Cc1noc(-c2nsc(N3CCC(Nc4nc(C)nc5sccc45)CC3)n2)n1,17.208441312974244
Cc1cncn1-c1nc(Nc2ncc(-c3nccs3)s2)nc(N2CCCC2)n1,17.197937113958528
CSc1nc2c(NC3CCN(c4ccccc4)CC3)nc(-c3nccs3)nn2n1,17.187417176580258
COc1ccc2nc(-c3cc(N4CCOCC4)nc(Nc4nncs4)n3)sc2c1,17.16617855828004
COc1nc(Nc2ccc(N3CCOCC3)cc2)nc(-c2nc3ncsc3s2)n1,17.159960138710993
Cn1c(Sc2nc3ccccc3s2)nnc1-c1nn(O)c(=S)n1-c1ccccc1,17.130047682223385
Cn1c(Sc2ccc3nc(-c4cncs4)sc3n2)nnc1-c1ccc(O)cn1,17.12832795261744
Cc1cncn1-c1nc(Nc2sc(-c3nccs3)nc2F)nc(N2CCCC2)n1,17.11677544501809
Cc1nnn(-c2ccc(Nc3nc(-c4cscn4)nc(N4CCCC4)n3)c(F)c2)n1,17.114196817692303
Cn1cc(-c2cc(NC3CC3)c3nnc(Sc4nc5ccccc5s4)n3n2)cn1,17.103126671589642
CSc1nnc(-c2c(-c3nccs3)nn(C)c2NC(=O)c2cncs2)s1,17.086005280526546
c1csc(Sc2nc(Nc3ccc(-c4ccon4)cc3)nc(N3CCOCC3)n2)n1,17.085084569700523
Cc1nsc(-n2c(NC3CCN(c4ncccn4)CC3)cnc2-c2cncs2)n1,17.040164176116186
Nc1nc(Sc2nnc(-c3cccs3)n2-c2nc(N3CCCC3)ns2)cs1,17.00322245140603
Cc1nc(N2CCC(O)CC2)cc(-n2c(-c3nccs3)nnc2-c2nccs2)n1,16.977681000783534
Cc1nnc(Sc2noc(-c3c(-c4cccs4)nnn3C3CCNCC3)n2)s1,16.966274275333426
Cc1nc(NC2CCN(c3nsc(-c4nnc(C)s4)n3)CC2)c2ncsc2n1,16.955404420407678
c1cnn(-c2nsc(Nc3ccc(Oc4nc(N5CCCCC5)ns4)cc3)n2)n1,16.9480162837716
Cn1cncc1-c1nsn1-c1ccnc(Nc2ccc(N3CCOCC3)cc2)n1,16.901164968296197
Cc1nnn(C2CCN(c3nc(Nc4ncc(C)s4)nc4ccsc34)CC2)n1,16.898068870256395
CSc1nnc(-c2nc(Nc3ccc4c(c3)OCO4)nc(N3CCCC3)n2)s1,16.878017273230704
Cc1cccc(Nc2nc3nc(-c4nc(C)ns4)nc(N4CCOCC4)c3s2)n1,16.819738148289957
Cn1c(Sc2cc(Nc3ccc4c(c3)OCCO4)ncn2)nnc1-c1nccs1,16.80473096114025
Cc1ncn(-c2nc(N3CCCC3)ncc2-c2nnc(Sc3cccs3)s2)n1,16.786380934149385
Cc1nsc(-c2nccc(N3CCC(Nc4nc(-c5cncs5)ns4)C3)n2)n1,16.769336248857904
Cc1nc(NC2CCN(c3nsc(-c4nnc(C)s4)n3)CC2)c2ccsc2n1,16.73700170566494
Cc1ccn(-c2nccc(NC3CCN(c4nc(-c5nccs5)ns4)CC3)n2)n1,16.71832220773829
Cc1nc(NC2CCN(c3nccs3)CC2)cc(-n2cc(-c3cncs3)nn2)n1,16.7176715604819
c1cc(-c2nn3ncnc3n2C2CCCC2)nc(Nc2ccc(N3CCOCC3)cc2)n1,16.708688434876766
COc1ccc(Nc2nc(-c3cc4ncsc4s3)nc(N3CCOCC3)n2)cn1,16.675646733085504
c1csc(-c2nnc(Nc3nc(N4CCCC4)nc4c3cnn4CC3CC3)s2)n1,16.661633647077718
N#CCNc1nc(N2CCCC2)nc(-n2c(Sc3nccs3)nc3ccccc32)n1,16.65268569981027
Cn1nnnc1Sc1noc(-c2sc(-c3cccs3)nc2C2CCNCC2)n1,16.652570669913768
c1ccc(-n2c(Sc3cc(NC4CCOC4)nnn3)nnc2-c2cscn2)cc1,16.613770740465508
CN(C)c1nc(Nc2ccc3c(c2)OCCO3)nc(-n2snc2-c2nccs2)n1,16.592683664831586
Cc1cc(-n2cncn2)nc(NC2CCN(c3nc(-c4nccs4)cs3)CC2)n1,16.57915962497419
Cc1nnc(-c2cc(N3CCOCC3)nc(Nc3ccc(-n4cncn4)cc3)n2)s1,16.557079239030248
Nc1ccnc(-n2c(SCc3nc4ccccc4s3)nnc2-c2nccs2)n1,16.55381199458819
Cc1ccc(-n2cc(Sc3nc(-c4nncs4)n(C4CCNCC4)n3)nn2)cc1,16.548564576350046
CNc1cc(-n2nc(-c3nccs3)nc2C2CCN(c3nccs3)CC2)ncn1,16.510796572383896
c1cc(Nc2nc(-c3nccs3)nc(N3CCOCC3)n2)cc(Oc2nccs2)c1,16.4973367667971
Cc1ncn(-c2ccc(Nc3nc(-c4cncs4)nc(N4CCCC4)n3)s2)n1,16.494615470408082
Cc1ccn(-c2nsc(-c3ccnc(Nc4ccc(N5CCOCC5)cc4)n3)n2)n1,16.453598057286822
COc1nc(Nc2ccc(N3CCOCC3)cc2)nc(-n2onc2-c2cccs2)n1,16.446360529799342
Cc1noc(-c2nc(F)c(N3CCC(Nc4nc(-n5cccn5)cs4)CC3)s2)n1,16.443197527566184
COc1c(-c2nc(-c3nccs3)n(-c3nc(C)cs3)n2)ncn1C1CCNCC1,16.386689602772684
COc1csc(-c2nc3c(Nc4cncnc4F)nc(N4CCCC4)nc3s2)n1,16.354576821196137
Cn1cc(-c2nnc(-c3nnc(Sc4nc5ccccc5s4)n3C)s2)cn1,16.3346128044117
Cn1c(Sc2ccc3c(c2)OCO3)nnc1-c1nnc(NC2CCOCC2)s1,16.329649128244377
Cn1c(-c2ncnc(Nc3ccc(N4CCOCC4)cc3)n2)nnc1-c1nccs1,16.325171819508313
Cc1noc(C2CCN(c3nc(-c4cnc(NC5CCOCC5)s4)ns3)CC2)n1,16.31100195548221
Cc1nsc(-c2ncnn2-c2cccc(NC3CCN(c4nccs4)CC3)n2)n1,16.28352171648316
Cc1ncn(-c2ccc(Nc3nc(-c4cscn4)nc(N4CCCC4)n3)s2)n1,16.265487462069053
Cn1nccc1-c1cc(Nc2nc(-c3cncs3)nc(N3CCOCC3)n2)cs1,16.260085229565572
CSc1nc2c(NC3CCOCC3)nc(-n3nnnc3-c3nccs3)cc2s1,16.22769791385196
CSc1nc(NC2CCN(c3nnc(Cl)s3)CC2)nc(-c2nccs2)n1,16.216124173388906
CN1CCC(n2cc(-c3scnc3Oc3ccnc(Nc4nccs4)c3)nn2)CC1,16.2136233522993
Cc1cc(Nc2nc(C)nc3c2ncn3C2CCN(c3nccs3)CC2)sn1,16.194126717543632
Cc1csc(-n2nc(-c3ccnc(NC4CCOCC4)n3)nc2-c2nccs2)n1,16.179615388102796
Cc1ccn(-c2nc(Nc3nc4cccnc4s3)nc(N3CCC(C)CC3)n2)n1,16.161587308034246
Nc1ccc(-n2c(SCc3nc4ccccc4s3)nnc2-c2nccs2)cn1,16.15455153558462
CN(C)c1ccc(Nc2nccc(-n3c(-c4nccs4)nc4sncc43)n2)cn1,16.110319628298285
c1cc(OC2CCN(c3nc(-c4nccs4)ns3)C2)nc(Nc2nccs2)n1,16.04704873460348
Cn1c(Sc2ccc3scnc3c2)nnc1-c1nnc(N2CCC(N)CC2)s1,16.03783565413051
Cn1cc(-c2scnc2Oc2ccnc(N3CCC(Nc4nccs4)CC3)n2)nn1,15.941061398664258
c1ccc(Oc2nnc(-c3cnc(Nc4nccs4)s3)c(N3CCOC3)n2)cc1,15.927230665687178
Cn1nc(-c2ncnc(Nc3ccc(N4CCOCC4)cc3)n2)c(-c2nccs2)n1,15.888746709107382
c1ccc(Oc2nc(N3CCCC3)nc(-n3cc(Nc4nccs4)nn3)n2)cc1,15.866388284495239
Cc1nc(-c2nccs2)n(-c2cc(N3CCOCC3)nc(Nc3cccnc3)n2)n1,15.814397018254368
COc1ccc(-n2nnnc2Sc2nnc(-c3nccs3)n2C2CCNCC2)cc1,15.782986033852143
Cn1cc(-c2nnsc2-c2ccnc(Nc3ccc(N4CCOCC4)cc3)n2)cn1,15.772530563583002
Cn1cc(-c2ncccn2)nc1Sc1nc(-c2nccs2)n(C2CCNCC2)n1,15.754251713524376
Cn1c(Sc2nsc(=S)n2-c2ccccc2)nnc1-c1nc(C(=O)O)cs1,15.741542706970142
Oc1nnc(-c2nnc(SCc3nc4ccccc4s3)n2-c2cccnc2)s1,15.693693529417388
c1ccc(Oc2nc(Nc3ccc(-n4ncnn4)s3)nc(N3CCCC3)n2)cc1,15.606414264218948
Cc1ccn(-c2nc(Nc3sc(-c4nncs4)cc3F)nc(N3CCCC3)n2)n1,15.53748517447884
Cc1ncn(-c2ncsc2-c2ccnc(Nc3ccc(N4CCOCC4)cc3)n2)n1,15.497175796906161
Cc1ccn(-c2nc(Nc3sc(-c4cncs4)nc3F)nc(N3CCCC3)n2)n1,15.447633186505586
CSc1nnc(Nc2nc(N3CCCC3)nc3c2cnn3C2CCOCC2)s1,15.434498956015258
Cc1cc(Nc2ncc3sc(=O)n(C4CCN(c5nccc(C)n5)CC4)c3n2)sn1,15.410980730446026
COc1nc(NC2CCN(c3nnc(-c4nncs4)s3)CC2)c2ccsc2n1,15.389022629038498
c1csc(-c2noc(C3CCN(c4nsc(NC5CCOCC5)n4)CC3)n2)n1,15.38528783266485
c1csc(Nc2ccc(Oc3nc(-c4nncs4)nc(N4CCCC4)n3)cc2)n1,15.359691476185583
c1csc(Nc2ccc(Oc3ncnnc3-c3nnc(N4CCCC4)s3)cc2)n1,15.316652905990562
CSc1nnc(Sc2noc(-c3cn(C4CCNCC4)nc3F)n2)n1C1CC1,15.306922646957037
Cn1nc(N2CCCC2)nc1Oc1ccc(Nc2nc3ccc(Cl)nc3s2)nc1,15.297832212007757
Cc1ccn(-c2cc(Nc3ccnc(N4CCOCC4)n3)nc(-c3nccs3)n2)n1,15.215049508556143
Cn1c(-c2csc(Nc3ccnc(N4CCCCC4)n3)n2)nnc1-c1nccs1,15.054873914023085
c1csc(Nc2ccc(Oc3nc(-c4nccs4)nc(N4CCOCC4)n3)cc2)n1,14.99909530537757
Cn1c(-c2nccs2)nnc1-c1nnc(NC2CCN(c3nccs3)CC2)s1,14.905161111376998
c1cc(-c2nncnc2Oc2ccc(Nc3nccs3)cc2)nc(N2CCCC2)n1,14.83810326051625
Cc1ncn(-c2cc(Nc3nc(-c4nccs4)cs3)nc(N3CCCC3)n2)n1,14.804063355058494
Cc1nc(NC2CCOCC2)cc(Sc2nnnn2-c2ccc3scnc3c2)n1,14.788303288719005
Cn1c(Oc2ccc(Nc3nc4ccccc4s3)nc2)nc(N2CCCCC2)nc1=O,14.476039803810098
Cc1cc(-n2nnnc2-c2nccs2)nc(Nc2ccc(N3CCOCC3)cc2)n1,13.98866617055181
Cc1nc(NC2CCN(c3nccs3)CC2)cc(-n2ncnc2-c2nccs2)n1,13.853575017694878
Cc1nc(Nc2ccc(N3CCOCC3)cc2)nc(-n2snc2-c2nccs2)n1,12.705542139841576
