SMILES,log-likelihoodog
Cc1nc(-c2ccc3c(c2)CCC32CCCC2)n(-c2cccc3nc(CCCO)nnc23)n1,35.192886644645284
Cc1nc(C)c(-c2cccc3c2nc(-c2cnc(C)n2-c2ccsc2)c(=O)n3C)s1,34.904014725448704
CCn1nc2c(NCc3ccc(C(F)(F)F)nn3)ccnc2c1-c1ccc2ocnc2c1,33.81274932679891
Cc1nsc(-c2c(-c3cnc(-n4ccnc4)nc3O)c3cc(Cl)ccc3n2C)c1C,33.35294904423226
Cc1cn2c(C3CC3)nnc2nc1-c1ccc(OCc2ccc3c(c2)CC[SH]3(=O)O)cc1,33.19847661374691
Nc1nsc2cc(-c3nc4ccc5ncn(CCCF)c5c4n3CC3CCC3)ccc12,32.94042157310634
COc1ccc(-n2cc(-c3nc(C)c(C)s3)c3ccc4c(c32)C(NN)CCC4=O)cc1,32.62148360330968
O=C(OCc1ccc(F)cc1)SCC(=O)n1cnc2cc(-c3ccccc3)cc(O)c21,32.609538768454264
O=C(O)c1ccc2c(Cn3ccnn3)c(-c3cccnc3)n(-c3cc(C4CC4)cs3)c2c1,32.47061506780705
Cc1c(-c2ccccc2)nc2ccc(CNc3nn(-c4ncccn4)c4ccccc34)nn12,32.406838407017446
Cc1ccc2sc(C(=O)O)nc2c1-c1cccc2ncn(CCC3CCOCCO3)c12,32.40513214772994
COc1ccc(Nc2nc3c(C)c(-c4ccccc4F)sc3n3ccnc23)c(C)n1,32.34692732059811
CNc1ccc(-c2nc3c(ncn3C3CCCO3)c3c(-c4ccc(C)cc4C)cnn23)cn1,32.20714903967547
CCn1cnc(-c2cccnc2)c1-c1ccc(Nc2cn(C)c(=O)c3ccccc23)nc1,32.05885312291362
Cc1cc2ccccc2c(-c2cccc3c2c(NCc2c(C)ncn2C)nc2ncnn23)n1,31.918495982114177
CC1=C(CN2C(C)=C(C)C(=O)C2c2ccc(C)nn2)c2cccnc2-c2scnc2N1,31.897377124639952
Cc1c2cccc(-c3nc4ccc(-c5cn(C)cn5)cc4nc3O)c2nn1CC1CCC1,31.891866826065375
CCn1c(=O)n(C)c2ccc(C)c(-c3csc(-c4ccnc(C(=O)O)c4)c3)c21,31.877198827754253
CCCn1cc(-c2cccc3c(C)n4nc(C)cc(Nc5ccc6c(c5)OCO6)c4c23)nn1,31.82411639490315
Cc1nc(-c2ccc(-c3cn(C)c4ncccc34)cc2-c2cncs2)c(F)n1CC(=O)O,31.772370746796746
CCn1c2ccoc2c2c(-c3nccnc3OC)cc(-c3cn(C4CCNCC4)cn3)cc21,31.722123717978405
CCn1nc2ccccc2c1-c1nc(C)nc2cc(-c3c(NC)nc4ccccn34)ccc12,31.590044246773562
CC(C)Nc1nc(-n2ccc3ccccc32)nnc1-c1ccc2cnn(-c3cccnc3)c2c1,31.56034329066622
COc1ccc(-c2cc(-c3ccc4nc(C)ccc4c3)n(C)c2-n2cnnn2)cc1,31.53562978756055
COC(=O)c1cc2c(-n3c(C)c(C)c4ccc(-c5ccc(O)cc5)nc43)ncnc2s1,31.494651841342204
CCn1c(=O)ccc2c1c(-c1ccccc1)c(C(=O)O)n2-c1ccc2nc(C)sc2c1,31.44108582320701
Cc1cncc(-c2ccc3c(c2)n(CC2CC2)c(=O)n3-c2ccc3nc(N)sc3c2)c1C,31.129903961473385
COC(=O)NCCn1c(Sc2ccc(-c3ccc(Cl)cc3)cc2)nc2ncccc21,31.082434685653357
Cc1nc2c(s1)c1ccc(-c3sc(C(=O)O)cc3C)cc1c(=O)n2CC1CCOC1,31.017299499199897
CCn1c(=O)c2c(N3CCC(CC(=O)O)C3)nc(-c3ccc(O)cc3)cc2c2ccccc21,30.838619826126106
CCn1c(=O)n(CC)c2cc(Nc3nccc(-c4cc5ccc(F)cc5s4)n3)ccc21,30.784965168230404
CCOc1cc(-n2ncc3c(NC)nc4c(c32)COC4)ncc1-c1ccc2ncccc2c1,30.711349292130492
COc1cc(OC)cc(-c2cccc3c2ccc2nc(-c4ccc5ncnn5c4)n(O)c23)c1,30.683890024029036
Cc1nc(-c2cc3c(F)cc(-c4ccc5c(c4)n(C)c(=O)n5C)cc3nc2O)sc1C,30.678297037243986
Cc1c(C(=O)O)sc2c1C(C)C(C)(C)CC(C)n1nc(-c3ccc4c(c3)OCO4)nc1-2,30.64463799866896
Cc1nc(Nc2ccc(F)c(C)n2)n(-c2ccc(-c3cn4nccc4cc3C)c(F)c2)n1,30.570470118791125
Cc1ccc(-c2cc(Nc3nn(C)c4c(Cn5cnnn5)cccc34)c3ccccc3n2)cc1,30.530985271263386
Cc1nnn(-c2ccc(-c3nc4ccccc4s3)c(N3CCC(C(=O)O)C3)c2C)c1C,30.45355801773844
CCn1c(=O)n(-c2ccc(C(=O)O)cc2)c2ccc(-c3cc(-c4cn(C)nc4C)cs3)cc21,30.446540646205225
Cc1nc(C(=O)O)ccc1COc1ccc(-c2nn3sc4c(c3c2C)CCCC4)cc1,30.41526907785798
COc1cc(-c2nc(C)cs2)ccc1-n1ncc(=O)c2cc(-c3ccc(O)cc3)ncc21,30.36008666588884
COC(=O)c1cc(-c2ccc3sc(-n4ccnc4-c4cccnc4)nc3c2)c(C)cc1O,30.24990935652966
CCC1(O)CCc2nc(Sc3cc(C)cc4ncn(-c5cccnc5)c(=O)c34)sc21,30.225954966919872
Cc1cccc(-c2ccnc3c2n(CC(=O)O)c(=O)n3Cc2csc3ccccc23)c1C,30.161172870398197
CN(C)c1cccc(Sn2c(Cl)cc3cc(-c4ccccc4C(=O)O)cnc32)c1,30.15631054810882
Cc1ccc2c(cnn2-c2ccnc(Nc3ncnn3C)c2)c1-c1cccc(OC(F)F)c1,30.097286636589057
COc1cc(OC)c2c(-c3cc(-c4ccnnc4)nc4c3NC(=O)CS4)csc2c1,30.047217076260416
CC(C)(C)C1CCC(OCc2ccc(-c3ccc4sc(=O)n(CC(=O)O)c4c3)cc2)CO1,30.04497082434276
CCOC(=O)c1ccc(-c2cc(N3CCOC3)c3nc(Sc4ccccc4)ccc3n2)[nH]1,30.04225660580468
CCNc1c(-c2cc(-c3ccc4c(c3)OCO4)nc3scc(C)c23)c(C#N)cc(=O)n1C,29.996937902883474
COc1ccc(Nc2ncnc3cc(C)c(-c4ccc5c(c4)OCC4(CCO4)O5)nc23)cc1,29.98576308272594
Cc1nc2cc(Nc3ncc(-c4cnn(C)c4)c4ccccc34)ccc2n1Cc1cnccn1,29.949849710661912
COCc1ncc(-c2ccc3c(c2)SC(=O)NC2N=CC2=C2C=CC=CN2N=C3)s1,29.935373285767565
CCc1nn(-c2ccc3c(c2)CCC32CCOC2)c(-c2cccs2)c1-c1nc(C)no1,29.92862971649816
CCn1c(-c2sc(-c3nc(C)cn4c(C5CCC5)nnc34)cc2O)nc2ccccc21,29.895038129097607
COc1cncc(-c2cc(NC3CC4(CC4)CS3)c3cc(-c4nc(C)no4)ccc3n2)c1,29.889131595564596
Cc1cc(C)c2nc(C)c(Sc3nc4ccccc4n3-c3ccc(O)cc3)[n+]([O-])c2c1C,29.875792422969628
CCCc1c(Sc2ccc3c(c2)OCO3)sc2nc3c(c(O)c12)C(=O)C=C(C)C3=O,29.86734675655928
CSc1cc2nc(CNc3nc(-c4ccncc4)nc4ccccc34)ccc2nc1C,29.757497401829475
COc1ccc(-n2c(=O)n(CC(C)(C)C)c(=O)c3cc(-c4csc(N)c4)c(C)cc32)cc1,29.750764015617996
CCn1[nH]c2nc(-c3cc(F)cnc3C)ccc2sc2ccc(-c3nc(C)no3)cc21,29.692063431702813
Cn1c(-c2cc(C(=O)O)cs2)nc2cc(CCOc3ccc4c(c3)OCCO4)ccc21,29.670492314540105
COc1ccc(-c2cc(Cn3ncc4c(N=S)cccc43)nn2-c2ccccc2C)cn1,29.650244217002687
COc1ccc(-c2ccccc2N2CCC(C(=O)O)O2)c2nc(-c3sccc3C)oc12,29.627902874074692
COc1cc(-c2ccc3nnc(N)n3n2)ccc1-c1nc2ccccc2n1Cc1ccccc1,29.59236551766976
Cc1noc(C)c1-c1cccc2c1n(-c1cncs1)c(=O)n2Cc1ccc(C2CC2)cc1,29.569965880833358
COc1cc(-n2c(-c3ccc(C#N)c(OC)c3)nc3cc4c(cc32)OCC4O)ccc1Cl,29.551194935260405
CCn1c(-c2ccc3c(c2)ncn3-c2ccc(OC)cc2)nc2c3c(N)ncnc3ccc21,29.521543174025716
Cc1nc(-c2cc(N3CCc4cc(-c5cn(C)nc5C5CC5)ccc43)nc(O)n2)cs1,29.51232897956162
Cc1nc(NCc2ccc3c(c2)OCO3)c2cc(-c3ccc4ncn(C)c4c3)cnc2n1,29.492624615556142
CNc1ccc(-n2nnnc2-c2ccc(-c3ccc4nc(C)ccc4c3)c(SC)c2)cn1,29.48518091058023
CN(C)c1ccc(-c2nc(C(=O)O)ncc2-c2ccc3sc4c(c3c2)OCCC4)cn1,29.430372563397224
CCOc1nc(Sc2c(C)ccc3ccc(=O)n(CC(=O)O)c23)sc1C(C)(C)C,29.422686851972244
COc1cccc(-c2cc(C)nc3c(-c4ccc5nc(C(=O)O)sc5c4)c(C)nn23)c1,29.417757967277545
Cc1sc2cc(-c3cn(-c4cccc(C(=O)O)c4)cn3)cn2c(=O)c1Cc1ccncc1,29.411235441829415
CCn1c(-c2csc(Cn3c(C)nc4cc(C(=O)O)ccc43)c2)cc(C(C)(C)C)nc1=O,29.3992389732602
Cc1nc(-n2c(NC3CC3)nc3cc(-c4c(C)c(F)nn4C)ccc32)c2ccccc2n1,29.364063562841526
Cc1cc(C)c2nnc(NCc3c(Cl)cc(-c4ccc(C(C)(C)C)nn4)nc3C)n2c1,29.357667944167005
Cc1cc2nccc(Nc3ncnc4c3ncn4CCOC(=O)c3ccccc3F)c2s1,29.308937976090835
Cc1ccccc1-c1ccc2c(-c3cc(C(=O)O)cn(C)c3=O)nn(-c3nccs3)c2c1,29.284647148288258
Cn1cnc(C#CC(C)(C)O)c1-c1ccc2nc(Sc3cccc(Cl)c3)nnc2c1,29.260030333960454
CCn1c(=O)c2cc(-c3nc(C)ns3)ccc2c2ccc(-c3ccsc3CO)cc21,29.192387565593798
Cc1cc(-c2nc3ccccc3n2Cc2cccc(-c3nccs3)c2)c(NC2CC2)nn1,29.16592779897882
COc1cc(OC)c2ncc(C#N)c(-c3cn(C4CCNCCC4=O)c4ccccc34)c2c1,29.0720200506123
Cc1ccc(-n2ncc3cc(-c4sc(Cn5nccn5)c(O)c4C)cnc32)cc1Cl,29.071485572275
Cc1nc(NCC2(C)CO2)c(-c2nc3ccccc3s2)cc1-c1ccc2c(c1)OCO2,29.061047738749952
Cc1csc(-c2nc3ccc(-c4ccnc(NC5CC5)c4)cc3n2-c2cnc(C)nc2)n1,29.059040599293226
CCOc1cc(-c2ccccc2)nc2c(Nc3cc(C#CC4CCC4)nn3C)ncnc12,29.052645506756544
Cc1nc(NCc2cnco2)c(-n2c(C)nc3ccccc32)cc1-c1ccc2c(c1)OCO2,29.036250356867072
Cc1cccc(-c2ccc(Cn3c(C)cc4c(Nc5ccsc5)nc(=O)oc43)cn2)c1,29.0343490796514
Cc1ccccc1-c1cc(-c2nc(C(C)(C)C)cc3c2sc(=O)n3CC(=O)O)n(C)n1,29.03264463949429
CNc1ncnc2ccc(-c3sc(COc4cccc5c4CCC(=O)C5)nc3OC)cc12,29.013030159281783
Cc1ccc(Cn2cc(-c3ccc4c(c3)ncn4-c3ccc(C4(O)CCC4)nn3)cn2)cc1,28.980015808599404
Cc1cc2nc(O)c(-n3cc(-c4ccc5c(c4)N(C)OCCS5)nn3)c(C)c2cc1C,28.97471731246772
COc1ncc2cnccc2c1-c1cc(SC2CCCCC2)n(CC2CCC(=O)N2)n1,28.949407530725644
Cn1cc(-c2cnc3c(O)nc4c(nc(Oc5ccccc5)n4Cc4ccccc4)c3c2)cn1,28.94546402881863
COC(=O)c1cc(-n2c(=O)n(C)c3ccc(-c4cn(C)c5oc(F)cc45)cc32)ccc1O,28.844554612015727
Cn1ccc(C#COC(c2ccccc2)c2cccc(-c3cn(-c4ccc(O)cc4)nn3)c2)n1,28.806530327384312
COCOC(=O)Nc1ccc2nc(Sc3ccc(Cl)cc3)n(-c3cccnc3)c2n1,28.76384955317325
Cc1cccc(-c2cn(-c3ccccc3)c3ncnc(Nc4cnn(CC(F)F)c4)c23)n1,28.753742888427123
CCOc1ccc(Cl)cc1-c1cccn1-c1nccc(-c2ccn3ncnc3c2)c1O,28.735783304700554
COc1nc(-c2csc3c(-c4ccc5c(c4)OCC5CO)c(C)nn23)c2ccccc2n1,28.727268244619378
COc1ccc(Nc2nc3cnccc3c3cc(-c4ncnn4C)cc(C)c23)cc1Cl,28.7189010400169
CCNc1ncc2nc(-c3ccc4c(ccn4C)c3)c(-c3cn(C4CCOCC4)cn3)cc2n1,28.689531641800606
Cc1nccc(Nc2nc(=O)n(Cc3ccsc3)c3nc(-c4ccccc4)c(C)cc23)n1,28.688582410264022
CN(C)c1ccc(-c2cc(=O)n3c(Nc4cccnc4)nc4cc(C#N)ccc4c3c2)cc1,28.68728733574504
COC(=O)c1cn(C)c(-c2c(C)n(-c3ccc(O)c(Cl)c3Cl)c(=O)c3sccc23)n1,28.664144559853735
Cc1nnc(Nc2cn(C)c3ncccc23)c2c1n(-c1ccccc1)c(=O)n2C1(C)CCC1,28.650523469607677
Cc1nn(-c2ccccc2)cc1-c1ccc2nc(O)cc(Sc3cccnc3C=O)c2c1,28.640266673238816
CCc1c(C(=O)NCc2ccc3c(c2)OCO3)sc2nc(-c3cncs3)c(C)nc12,28.597802547119965
COc1nc(-c2nc3ccccc3n2CC2=CSCC(=O)N2)ccc1Oc1ccccc1,28.589807577301247
CN(C)c1ccc(-c2nnc(Nc3c4cccc(-c5cncnc5)c4nn3C)cc2F)cc1,28.58874880864135
Cc1nc(Nc2c(Cl)cncc2Cl)c2n(C)c(=O)c3ccc(-c4cnn(C)c4)cc3n12,28.582012805466004
Cc1c(Cn2cncn2)cnc2c(Sc3ccc(-c4ccccc4)nc3O)cccc12,28.57022829331482
CSc1nnc2c(NC3CC3)nc(-c3ccc(Cl)cc3Oc3ccc(F)cc3)nn12,28.501801744103737
CCNc1ncccc1Oc1nc2c(=O)n(-c3ccc(Cl)s3)cnc2c(Cl)c1C,28.47999418891513
CC(C)n1ncc(C#N)c1-c1nc(-c2ccc(N3CCN(C)CC3)cc2)c2ccccc2n1,28.471511989910514
COc1ccc(-c2ccc(-c3ccc4c5ccc(SC)cc5n(C(=O)O)n4c3=O)cc2)cn1,28.46925139324436
O=C(O)CSc1nnc(-c2ccc(-c3ccccc3)cc2)n1C1CCC2(CCCO2)C1,28.44952648001136
CCn1c(=O)n(C)c2ccc(C3=NC4=CC=C(c5ccc(C(=O)O)cc5)S4=C3C)cc21,28.435626634971634
CCCn1c(-c2ccc3c(c2)CCCO3)cc2cnc3c(nnn3-c3ccc(O)cc3)c21,28.434192362397848
Cc1c(-c2nc(Oc3ccc(Nc4ccccn4)cc3)c3ccn(C)c3n2)ccc2c1OCO2,28.367503022848222
CNc1ccc2c(Oc3ccc(-n4cc5ccc(Cl)nn5c4=O)cc3C)ccnc2c1,28.317996863205064
Cn1cnc2oc(-c3ccc(-c4cn(CCSc5ccc6c(c5)CCC6)nn4)cc3)nc21,28.30414378055736
Cc1cc(-c2cc3c(C#N)ncn3c(NC3CCN(C)CC3)n2)ccc1Oc1ccccc1,28.281789613693043
Cn1cc(-c2csc3c2c(Sc2cccc(C(=O)O)c2)cn3C(=O)CC2CC2)cn1,28.274072978139635
COc1ccc(-c2sn3c(-c4ccc5nc(NC(C)=O)sc5c4)c(C)cnc23)cc1,28.26826198876805
Cc1ccc(C)c(-c2cc(-c3cn(Cc4ccccc4)nn3)cc3nsnc23)c1C(=O)O,28.26778634035756
COc1ccc(-c2cc3c(Cl)cnn3c(O)n2)cc1Oc1ccc(N2CCOCC2)cc1,28.256824680981687
Cn1cncc1-c1nc2c(Oc3ccc(N4CCC(C)(O)CC4)cc3)nccc2s1,28.24722731467606
CCn1c(=O)c2sc3ccc(-c4ncnn4C)c(OCC(C)(C)O)c3c2c2ccccc21,28.243491038027777
COc1ccc(-c2c(-c3ccc(O)c(Cl)c3)nc3c4ccsc4ncn23)nc1OC,28.197838814852414
CNc1cc(-n2nc(Cl)c3cc(F)c(-c4cn(-c5cccnc5)nc4C)cc32)nc(C)n1,28.177761820951194
N#Cc1ccc(-n2cc(CSc3nccnc3O)nc2Sc2cccc(Cl)c2)cc1,28.141999857903947
Cc1nc(-n2c(N)nc3ccc(Cc4ccccc4)cc32)c2sc(CN3CCCC3)nc2n1,28.132446375382845
Cc1nc(-c2ccc(NCc3cn(C)c4ccccc34)cc2)nc2c1-n1c(C)nnc1CO2,28.1249612245793
Cc1ccc(-c2nc(SCC(=O)O)c(C)c(-c3cnc4ccccn34)n2)c(Cl)c1,28.10895382982049
COc1ccc2ncnc(Nc3ccc(-c4nsc(C)c4C)c4c3COCCO4)c2c1,28.070217154714296
CCn1cc2nc(-c3cc(-c4ccc(N5CCOCC5)cc4)c(C(=O)O)s3)ccc2n1,27.99140084866608
COc1ccc(-c2c(C(=O)O)cn3c2sc2c(N4CCC(OC)CC4)nccc23)cc1,27.985337278802632
CNc1ncnc2c3ncnc-3c(Cc3ccc(-c4cnn(C)c4)cc3)c(-c3ccccc3)n12,27.972201605784896
Cc1nc(-c2ccc3c(c2)C(C)(C)N(c2nc(N)ncc2F)N3C2CCCCC2)cs1,27.969972582312867
Cc1csc2c(N3CCCC3)nc(-c3ccnc(OCc4ccc(O)cc4)c3)nc12,27.96405606506484
Cc1nnc(-c2ccc(CNc3ncc(C#N)n4nc(-c5ccccc5)c(C)c34)cc2)s1,27.955396781831507
C#CCOc1cccc2c1C(=O)/C(=C/c1ccc(Nc3nc4ccccc4n3C)s1)C2=O,27.927101871930347
COc1ccc(-c2cc3c(s2)c(-c2ccc4nc(NC(C)=O)sc4c2)cn3C)cn1,27.90696508671561
CSc1ccc(-c2cc3ncnc(Nc4cccc5c4cnn5C)c3n(C)c2=O)cc1,27.89859292110658
CCOc1ccc2nc(-c3ccc4c(-c5cnccn5)nn(CC5CC5N)c4c3)sc2c1,27.844060360333838
COc1cccc(Nc2nc(-c3c4n(c5c(C)cccc35)CC(C)O4)nc3c2CCC3)c1,27.839383672782564
Cc1ccc(Oc2ccc(-c3c(-c4ncns4)cnn3CC3CCCC3)cc2N)cn1,27.832929693144486
Cc1c(-c2ccc(-c3ccccc3)cc2)nn(CC2CCSS2)c1-c1ncnn1C,27.822646048641463
CCOC(=O)c1ccc2c(c1)C(=O)c1ccc(-c3cncs3)cc1C2Nc1nccs1,27.81820729770583
COc1nc(-c2c(C)sc3c(Cl)cnc(N)c23)cc2c1ncn2Cc1ccccc1,27.811743258491926
COc1nnc(SC2CCCCC2)cc1-c1nc(C)nn1-c1ccc2c(c1)CCC2,27.791854419212928
Cc1nc2ccc(-c3ncc(-c4ccc5ncn(C)c5c4)n3Cc3ccccc3)cc2n1O,27.77350874710753
CCn1c(-c2ccc(-c3ccccc3)cc2)c(C(C)(C)[O-])c(O)c(-c2nc(C)ns2)c1=O,27.753938122510565
CCCC(O)c1nc(-c2nc(C(F)(F)F)ns2)c(-c2ccc3c(c2)OCO3)s1,27.735894163931274
COc1ccc(-c2nc3ccc4c(N)nsc4c3n2-c2ccnc(Cl)c2)cc1OC,27.732571366738146
CCn1cc(-c2cc(C#N)c3c(-c4csc(NC5CCOCC5)n4)cc(C)cc3c2)nn1,27.727222738724898
CCn1c(-c2nc3ccccc3nc2Nc2ccc3c(c2)CCC(=O)C3=O)cnc1SC,27.71248005232004
CCn1c(CN2CCOC(C(=O)O)C2)nc(-c2ccccc2)c1-c1ccc2ncsc2c1,27.703609794876144
Cc1cc(-c2cnn3c(Sc4ccc(-c5ccc(=O)n(C)c5)cc4)ccc3c2O)on1,27.69715299824452
CSc1nc(NCC2CC2)c2scc(-c3ccc(-c4ccncc4)c(C#N)c3)c2n1,27.693164138757705
CCn1c(=O)cc(-c2ccc(-c3nc(C)no3)cc2)c2c1ccn2C1CCCC(O)CC1,27.682211636024185
CC(=O)OCc1ccc(-c2ncn(-c3ccc(F)cc3)c2-c2nc(C(=O)O)cs2)cc1,27.67079709263163
COc1ccc(C2C(N)=Nc3c2c(-c2ccc4c(c2)OCO4)nn3C2CCCCC2)cc1,27.667552384130577
CCn1cnc2cc(-c3c(-c4ccccc4F)nc(NC4CC4)n4nc(C)nc34)ccc21,27.651143158822382
O=C1Oc2c1cc(-c1ccccn1)n(CCCO)c1ccc(-c3cncs3)cc1c1c2OC1,27.65041295795846
Cc1cc(OCc2nc3ccccc3s2)c2nc(C)c(-c3cccc4c3C(=O)CN4)n2n1,27.638227775428895
COc1ccc2ccccc2c1-c1nc(SCc2ccnc(C3CCNCC3)n2)no1,27.6344067280641
COc1ccc(-n2c(-c3cc(O)nc(-c4cccs4)n3)nc3ccc(F)cc3c2=O)cc1,27.603627332167928
CCn1c(=O)c2c(O)cc(Cl)cc2c2ccc(-c3nnnn3Cc3ccc(C)cc3)cc21,27.596895838244407
Cc1nc(N2CCN(C)C2)ncc1-c1ccc2oc(Nc3ncnc4ccccc34)cc2c1,27.58703044088845
COc1ccc(-c2cn(-c3nccs3)c3ccc(-c4cccnc4)nc23)cc1OC,27.574497497361765
COc1ccc(-c2c3nc(N)sc3nn2-c2cccc3c4ccccc4n(C)c23)c(C)n1,27.562814704817043
COc1ccc(-c2c(C)c(O)nc3c2C=CN2COc4cc(-c5cnn(C)c5)cc-3c42)cc1,27.559127674864378
Cc1nc2ccc(-c3ccnc4cc(N(C)C)ccc34)cc2n1-c1cnn2c(N)nccc12,27.540212481346625
COc1cc(-c2cc(-c3ccccc3)c3nnn(CC(F)(F)F)c3c2)nc2c1cnn2C,27.523492910336564
CCn1c(=O)n(-c2ccc(O)cc2)c2cc(C)c(-c3ccc(C(=O)OC(C)(C)C)cc3)nc21,27.52209632827123
Cc1nc(-n2cc(C)c3c(N(C)c4ncnc5ccccc45)cccc32)ccc1C(=O)O,27.517405765273143
CCn1nc(-c2ccc(-c3ccc(-n4ccc(C)n4)cc3O)cc2)c2ccsc2c1=O,27.495841455348682
CSc1nc2c(Nc3ccnc4ccccc34)ncc(-c3cnccn3)c2n1CC1CC1,27.468310979420057
CCn1c(-c2cnc3c(c2)c(-c2cccs2)cc(=O)n3CC2CCCCC2)cnc1O,27.44190206887841
CCOC(=O)c1cccc(-c2ccc3nc(CSc4ccc5c(c4)OCO5)[nH]c3n2)c1,27.427430150682017
COc1ccc(Nc2nc(-c3cccc4cccn34)nc3c2ccc(=O)n3C)cc1Cl,27.424328466878773
COc1ccc(-c2ccc3c(n2)nc(NC2CCCCC2)n3-c2cc(C)c(F)cn2)cn1,27.374685140220883
Cc1nc2ccc(-n3cc(-c4cccc(OCCOC(C)(C)C)c4)nc(O)c3=O)cc2s1,27.355654905367984
O=C(O)c1cc(-c2ccc3c(c2)ncn3Cc2ccc(-c3cnn(CCF)c3)cc2)sn1,27.350660754076767
COC(=O)c1sccc1-c1cnc2c(Nc3ccc(OC)c(C(F)(F)F)c3)ncnc2c1,27.341754204634455
Cc1ncc(-c2nnc(-c3ccc(N4CCCCC4)cc3)n2Cc2ccccc2)c(O)n1,27.31326839559108
COc1cc(-c2c(C)ccc3ccccc23)c2c(c1)nc(SCC(=O)O)n1ncnc21,27.286237639925503
COc1ccc(-c2cc(C(=O)OC(C)(C)C)nn2-c2cccc3c(O)nsc23)cc1C,27.284773745266854
CN1CCCCC1OC(=O)CSc1nc(Nc2cccnc2)c2ccc(Cl)cc2n1,27.272466413919386
CCn1cnnc1-c1cnc2c(c1)c1cccc(Cl)c1n2Cc1ccc(C(=O)O)cc1,27.264774358096535
Cc1ccc2c(Sc3nnn[nH]3)nc(=O)n(CCC3CCCC3)c2c1-c1cccs1,27.25676837535208
Cn1cncc1CNc1ncc(-c2nc3ccc(F)cc3n2Cc2ccc(C#N)cc2)cn1,27.240870015182445
O=c1cnc(-c2ccc(O)cc2)cn1Cc1csc(-c2cnnn2CC2CCCCC2)c1,27.235506734114058
Oc1nc(-c2ccc(OCC3CCC3)c(N3CCCCC3)c2)nc2c1nc1ccccn12,27.218081215971267
COc1ccc(-c2nnn(C3=Nc4cn(C)c5ccc(O)c(c45)C=C3)c2-c2ccccc2)cc1,27.21728405138476
CCn1c2ccc(-c3ccc(OC)nc3C(=O)O)cc2c2c(N3CCCCC3)nccc21,27.209734910193674
Cn1ccnc1SCCNc1ncnc2ccc(-c3cc(Cl)cc4ocnc34)cc12,27.202825939739242
CCn1c(=O)n(C)c2ccc(-c3c(-c4cnc(C5CC5)cn4)sc4ccc(O)cc34)cc21,27.196286661621954
CCn1ncc2cc(CNc3ncc(-c4cnn(-c5ccccn5)c4)c4ncccc34)ccc21,27.19282984845086
CCn1c(-c2cc3c(s2)CCCC3)nc(SC)c1-c1cc(-n2ccnc2)nc(=O)[nH]1,27.16283314599157
COC(=O)c1ccc2nc(-c3ccc(CO)c(OC(C)=O)c3N3CCCCC3)sc2c1,27.160218812939895
CCCn1c(-c2nc3cccc(C)c3o2)nc2ccc(-c3cnn(C4CCNCC4)c3)cc21,27.150997994275993
CCn1c(-c2cccc3ccccc23)nc2c(Sc3ccc(CO)cn3)nsc2c1=O,27.124071435587112
CNc1cc(C)cn2c(Sc3ccc4c(c3)OCO4)nc(-c3ccc(C(=O)O)cc3)c12,27.118419654543313
CCCn1ncc2c(-n3c(=S)[nH]c4c(=O)ccc(-c5nc(C)cs5)cc43)cccc21,27.085733397823738
Cc1ccc2nc(-c3ccccc3)n(-c3nc(Nc4ccco4)cc(N4CCOCC4)n3)c2c1,27.080319387676692
CNc1ncnc(-c2c(-c3c(Cl)ccc4c3OCO4)c(C)nn2Cc2ccccc2)n1,27.078245776860886
CCCn1c(=O)n(C)c2cc(-n3c(=S)n(N)c4ccc(-c5ccccc5)cc43)ccc21,27.03428933010028
CSc1nc2c3c(ncc2c(=O)n1-c1ccc(C)cc1)NC=CC(c1onc(C)c1C)=C3,27.02396898975057
COC(=O)c1ccc(-c2ccc3nc(SCC(=O)O)n(-c4ccc(C)cc4)c3c2)s1,27.003018890438486
COC(=O)c1cc2ccc(Nc3nc(-c4ccc(OC)cc4)nc4cnccc34)cc2s1,26.966996350248046
COc1ccc(-n2c(Nc3ccnc(C)n3)nc3cc(-c4ccc5c(c4)OCO5)ccc32)cc1,26.956345538258905
COc1cc(OC)cc(-c2cccc3nc(-c4ccc(N5CCCCC5)nc4)c(N)n23)c1,26.942146138722418
Cc1ccc2c(c1)c(C)nc(=O)n2-c1ccc2c(c1)nc(Nc1c(C)cncc1Cl)n2C,26.938512414627926
Cc1csc(-c2nc(N3CCC(Nc4nc(C)cc5ncccc45)CC3)ccc2C#N)n1,26.927946549944522
CCSc1nn(Cc2cc(-c3nc(C(F)(F)F)no3)nc(O)c2F)c2ccccc12,26.925267576475395
Cc1cnc(N2CCC(CC(=O)O)C2)nc1-c1ccc2cc(-c3cnn(C)c3)sc2c1,26.89976488338285
Cc1nsc(C2NC(=O)C(=O)c3c2c(C)c(C)n3-c2ccc(Oc3ccccc3)cc2)n1,26.87988280963477
CN(C)c1ccc(-c2cnc3c(c2)c(Nc2ccc4c(ccn4C)c2)nc2ccnnc23)cn1,26.86220325860169
CCn1c(Cc2ccccn2)c(-c2nccs2)c2c(C)nn(-c3ccc(C(=O)O)cc3)c21,26.856990955091877
Cc1nn(C)cc1-c1c(Cn2ncc3c(NC4CCCC4)ncnc32)cnc2ccccc12,26.853690283472275
Cc1c(-c2cc3nc(-c4ccc(N5CCCCC5)cc4)c(O)n3nc2OC2CC2)cnn1C,26.852332923382058
Cc1nn(C)c(C)c1-c1ccc2cn3nc(-c4ccsc4)c4c3c(c2c1)N(C)N=C4N,26.838988945378045
CCn1c2ccc(-c3cc(=O)sc(NC4CCOCC4)n3)cc2c2c(OC)nc(C)cc21,26.838883073741567
CSc1cccc(-c2cc3c(-c4ccc(OC5CCNCC5)nc4)noc3c(C)c2C)n1,26.806163883815334
CC(C)c1nnn(-c2ccc(O)cc2Cl)c1-n1cc(-c2ccc3ccccc3c2)nn1,26.774999264420508
COc1cccc(Sc2ccc3c(c2)nc(O)n3-c2ccc3c(C#N)cc(C)nc3c2)c1,26.774309599330923
COc1ccc(-c2cc3c4c(nc(Nc5ccc(Cn6cncn6)cc5)c3cn2)OC4)cc1,26.765562987450018
COc1cc2nc(-c3ccc4nc(C)n(-c5ccc(CO)cc5Cl)c4c3)cnc2s1,26.760159110761133
O=C(O)CCc1ccnc(-n2nc(-c3cccs3)cc2-c2ccc3c(c2)OCCO3)c1,26.75980148007873
O=C(O)CC1CCN(c2ncc3n(CC4CCCCC4)cnc(-c4cccnc4)c2-3)CC1,26.753904878367447
Cc1c(F)cccc1-c1nc(C)n(-c2nnc(Nc3ccc(F)cc3)n3ncnc23)c1C,26.744813985419935
Cc1nc(C)c(-c2ccccc2-c2nc3c(=O)n(C)cnc3n2-c2ccc(O)cc2)s1,26.72252958966877
COc1cccc(-n2c(-c3cccc(-c4cnc(N)s4)c3)nc3scc(C)c3c2=O)c1,26.68590516537224
COc1ccc(-n2c3c4c(cc(C(=O)O)nn4c2=O)C=CC(c2nc(C)c(C)s2)=C3)cc1,26.670490991129018
Cc1nc(-c2ccc(F)cc2)nn1-c1cccc(OCc2csc3nc(N)ccc23)c1,26.656063788324754
CCn1ncc2cc(-c3nn(-c4cc(C(=O)O)ns4)c(C)c3C(F)(F)F)ccc21,26.646843209736584
Cc1ccc(-n2c(=O)nc(Sc3ccc(NCc4ccccc4)nc3)c3cccnc32)cn1,26.642300799290652
COc1ccc(-c2ccc3nccc(Nc4ccc(Cn5cnnn5)c(Cl)c4)c3c2)cc1,26.639574726523403
COc1ccc(Cl)c(-n2cnc3cc(-c4cnc(NCc5ccncc5)nc4)ccc32)c1,26.63593401180366
COC(=O)c1cccc(Nc2nc3ccc(-c4cccc5c4ccc(=O)n5C)cc3n2C)c1,26.609721282224715
Cc1ccncc1-c1nc(SCC(=O)O)nc2c(-c3ccc4c(ccn4C)c3)csc12,26.580230727248594
CSc1nc(-c2ccc(F)cc2)nn1-c1ccc(Nc2ncnc3ccc(C)cc23)nc1,26.55646082538029
CSc1ncc2cc(Cn3nnc(-c4cc(C)c(O)c(C(C)(C)C)c4)c3F)ccc2n1,26.55109251316391
Cc1ccnc(N2Cc3cc(Sc4cnn(-c5ccccc5)c4C(=O)O)ccc3C2C)n1,26.528840548233994
COc1ccc2nc(-c3ccc4c(n3)c(SC)cn4-c3ccc(C(=O)O)cc3)cnc2c1,26.51693432543333
CN1CCC(Oc2ccc(-c3nn(CCC4CCCC4)c4ncnc(N)c34)cc2)CC1,26.51361843603243
CCn1c(=O)n(-c2ccc(C(=O)O)cc2)c2ccc(-c3nn4c(C)ccc4cc3C)cc21,26.512301386242886
C#CCSc1nc(Nc2cc(Cl)cc3c2cnn3C)nc(-c2ccnc(C=C)c2)n1,26.492304999200655
COc1ccc(-c2c(Nc3ccc4cc(C#N)n(C)c4c3)nc3c(C)cccn3c2=O)cc1,26.49115206666972
COc1ccc(-c2ccc(C(=O)O)cc2)cc1Oc1ccc2nc(-n3ccnc3)sc2c1,26.484693728620215
CSc1ccc2c(-c3ccc4c(c3)oc(=O)n4CCO)n(C3CCCCC3)nc2c1,26.481217201947377
CCn1c(Sc2cc(F)c3oc(=O)n(C)c3c2)nnc1-c1cc(O)c(Cl)cc1F,26.475389404111027
Cc1sc(-c2cn(C)c3ccccc23)nc1-c1ncn(C)c1-c1ccc(C(=O)O)cc1,26.47027589818566
COCc1ccc(-c2ccc3nc(Sc4ccc(-n5ccnc5)cc4)nc(O)c3n2)cc1,26.465172400974673
CCn1c(=O)n(-c2ccccc2)c2cc(-c3c(O)nc4nc(C5CC5)sc4c3C)ccc21,26.460892183218654
COC(=O)c1cc2ccc3c(-c4cccs4)nn(-c4cccc(O)c4)c3c2nc1OC,26.450083285507702
CCn1cc(-c2cc(Nc3ccc4c(c3)OCO4)nc(C)n2)cc1-c1ccc2c(c1)OCO2,26.427494876000264
COc1ccc(-c2nc3sc4c(cnn4CC4CC4)c3cc2-c2cccnc2O)cc1,26.42608420861662
COc1ccc(-c2nn(CC3COC3)c3c(Nc4ccnc5ccccc45)ncnc23)cc1,26.42231242722796
COc1ccc(-c2ccc3c(C)cn(-c4nc(C(=O)O)c(N5CCCC5)s4)c3n2)cc1,26.411840398043708
COc1ccc(-c2nc(C)nn2-c2nc(Nc3ccc(Cl)cn3)n3ccccc23)cc1,26.403772305136904
CSc1nn(-c2cccc(C(=O)O)c2)c2ccc(-c3ccc(Cn4ccnn4)cc3)cc12,26.379182247176924
Cc1nc(C)c(-c2ccc3c(c2)nc(O)c2nn(Cc4ccc5c(c4)OCO5)c(C)c23)s1,26.36813566443662
Cc1cc(-c2nn(-c3nc(C(=O)O)cs3)cc2-c2cnn(C)c2)c2c(C)cccc2c1,26.3591822417981
COCn1cc(-c2ccc3c(c2)nc(-c2ccc(O)cc2)n3C2CCC3(C2)OCCO3)o1,26.357324718597173
COc1cc(C)c2c(c1)nc(-c1cc(SC3CCCCC3)nnn1)n2C1CCOCC1,26.35201574053003
CNc1ncc(F)nc1-c1cnc(Oc2ccccc2)c(-c2ccnc(N3CCCC3)n2)c1,26.350279162321584
Cc1cc2c(NC3CC3)nc(=O)n(CC3CCCCC3)c2nc1-c1ccc2c(c1)nnn2C,26.32899980677232
COc1ccc(-c2nc(Sc3ccncn3)c3cc(-c4ccc(C)nc4)[nH]c3n2)cc1,26.321691270309664
Cn1cnc(-c2c(-c3ccccc3)nn3c(NCc4ccc5ccccc5c4)ncnc23)c1,26.312331366888213
COc1ccc(-c2ccc(Sc3nnc(-c4ncn[nH]4)n3CC(C)(C)C)cc2)cc1,26.289852160672456
COc1ccccc1Nc1cc(-n2cnc3cc(-c4cnn(C)c4)ccc32)c(Cl)nn1,26.278092257949666
CCn1cnc(-c2nc(C)cs2)c1-c1ccc2c(cnn2-c2cc(O)cc(Cl)c2)c1,26.27168552739346
O=C(O)c1ccc(Oc2cc(-c3cccc(CN4CCOCC4)c3)c3cncnc3c2)cc1,26.267901490077776
COc1ccc(-c2ccc(-c3nc(C(C)(C)C)nn3-c3ccc(O)cc3)c3ncnn23)cc1,26.25557351993173
CC(=O)Nc1nc2c3ccc(-c4nc(C)ns4)cc3n(CCc3ccccc3)c2s1,26.24971447591268
Cc1cc(CNc2cccc(-c3nc4ccccc4n3-c3ccnc4c3cnn4C)c2)on1,26.225865854188207
COc1ccc(-n2c(C)nc3cc(-c4nc(-c5cnn(O)c5)cs4)c4c(c32)CCC4)cc1,26.222963893422108
O=C(O)Cn1cnc2cc(Oc3cc(F)ccc3-c3ccnn3-c3ccccc3)ccc21,26.213830388749823
CN1CCC[C@H](Nc2nc(-c3cscn3)cc(-c3cccnc3Oc3ccccc3)n2)C1,26.192906656837952
COCC1CCN(c2ccc(-c3nc(Nc4ccc(C#N)cc4)nc4c3CCC4)cn2)CC1,26.189896675790116
CN(C)c1ccc(-c2nc3ccc(-c4cncnc4NC4CCCC4)cc3s2)cn1,26.189892093662838
COc1cc(-n2ncc(-c3nc(C)nn3-c3cccs3)c2-c2ccccc2)ccc1Cl,26.185418882305584
COc1ccc(-c2ncoc2-c2ccc3nc(C4CC4)nc(NC4CCOCC4)c3n2)cc1,26.177022534479978
COC(=O)c1ncc(CNc2nc(C(F)F)c(F)c3c2ncn3C2CCCCC2)s1,26.1730050778596
Cc1ccc(Sc2cc(-c3ccc(Cl)cc3C)nn2-c2ccnc(N)n2)c(F)n1,26.165483746865586
O=C(O)C1(OCCn2ccnc2)CCN(c2nc(-c3ccccc3)nc3ccccc23)CC1,26.164078872942227
Cc1cccc(-c2nc3ccccc3n2CC2CCCO2)c1-c1nc(C(=O)O)cs1,26.1471494572196
COc1ccc2cc(-c3c(-n4ncnn4)[nH]c(=S)n3CCC3CCCCC3)ccc2n1,26.14283577812303
COc1ccc(-c2ccc3c(Nc4cc(-c5cn(C)nn5)ccc4F)ncnc3c2)cc1,26.117549058597454
C#CCn1c(-n2cccn2)nc2cc(Oc3ccc(-c4ccc(C(=O)O)cc4)cc3)ccc21,26.10613254166828
CSc1nc(-c2ccc(CCC(=O)O)cc2)c2cnn(-c3ccc4c(c3)CCC4)c2n1,26.099910404844298
CSc1nc(N)nc(N2CCCc3cc(-c4cc(-c5ccccc5)nnc4C)ccc32)n1,26.099489130067987
Cc1sc(-c2cccc3c2c(OCC(=O)O)nn3Cc2ccc3c(c2)OCO3)cc1F,26.088350524656843
Cc1nn(-c2nc(C(=O)O)cs2)c(-c2ccc(Cn3cnc4ccccc43)cc2)c1C,26.082222359361058
Cc1nc(N2CCCCC2)c2c(-c3ccc(Sc4nnn[nH]4)cc3)cn(C)c2c1C,26.075118924370727
CCn1c(=O)ccc2c(-n3cc(-c4ccc5nc(C(=O)O)sc5c4)c(C)n3)cccc21,26.044011300511077
Cc1nc2ccc(C)c(-c3csc(NC(=O)CCc4ccc5c(c4)OCO5)n3)c2s1,26.030186773456514
Cc1cc(-c2nc(Sc3ccc4c(c3)OCO4)nc3cc(CO)ccc23)c(Cl)n1C,26.02023658280122
CC#Cc1ccc(-c2nc3c(Nc4ccc(Cn5ccnn5)cc4)ncnc3cc2C)cc1,26.01926112734257
COc1ccc2c(=O)n(Cc3ccsc3)c3cc(-c4cnn(C5CC5)c4)nc(O)c3c2c1,26.01451958546603
CN1CCCc2cc(-c3nc(SCC(=O)O)nc4c3cc(-c3cccnc3)n4C)ccc21,25.985128430736125
Cc1nn(C)c2ccc(-c3ccnc4c(NCc5ccnc6ccccc56)ncnc34)cc12,25.953852654659954
Cn1nnc(-c2c(Oc3ccc(-c4cnn(CC5CCCC5)c4)cc3)[nH]c3ccccc23)n1,25.952582939677292
Cc1cc(-c2cn(Cc3ccccc3)nn2)c(-c2cc(C(=O)O)nn2-c2ccccc2)s1,25.93735571999466
CNc1nnc(-n2nc(C)nc2-c2ccc(-n3c4c(c5ccccc53)CCCC4)cc2)c(C)n1,25.936801583450244
Cc1nn(C)c2c1ccc1nc(Nc3ccnn3C)c(-c3ccc4c(c3)c(C#N)cn4C)cc12,25.93560516501327
CN(C)c1ccc(-c2ccc3c(-c4ccnc(N5CCCC5)n4)c(C(=O)O)sc3n2)cc1,25.93476855002512
COc1ccc(-c2nc(Nc3cc(-n4cnnn4)c(F)cc3F)c3cc(C)ccc3n2)cc1,25.925702672778048
Cc1ccc2c(C)c3nc(-c4cc5cccc(O)c5o4)nc-3n(CCN3CCOCC3)c2c1,25.920261185507968
Cc1cc(-c2ccc(-c3nc(SCC(=O)O)n4ccccc34)cn2)n(-c2ccccc2)n1,25.909241063652395
CSc1nc(-c2ccn3ccnc3c2)c(-c2cc(O)ncn2)n1Cc1cccc(Cl)c1,25.906727233334415
Cn1nnc(-c2ccc3scnc3c2)c1-c1ccc2c(c1)c(N)nn2CCCC(F)(F)F,25.89759165244654
Cc1noc(-c2nc(C)n(-c3ccc(O)c(Cl)c3)c2Sc2cccc(Cl)c2)n1,25.87889523226177
CC(C)n1nc(N)nc1-c1nc2ccc(-c3ccc(N4CCOCC4)cc3)cc2s1,25.862343520864176
CCCn1c(=O)c(O)c(C)c2cc(-c3nnnn3-c3ccc(Cl)c(Cl)c3)ccc21,25.85287634787762
Cn1c(-c2ccc(Nc3nccs3)cc2)c(/C=C/c2ccccc2)c(=O)n(C2CC2)c1=O,25.844457976557344
CNc1nc2c(OCc3ccc(-c4cccc(Cl)n4)nc3C)cc3c(c2s1)OCO3,25.838846865870416
CCn1c(=O)n(CC)c2cc(-c3sc4nc(=S)[nH]c-4nc3-c3ccccc3)ccc21,25.825107435468976
COc1ccc(-c2ccc(-c3ncccc3Cn3nnc4cc(C(=O)O)sc43)cc2)cc1,25.822591286313035
C=CCS/C=C/c1ccccc1-c1ccc2nc(C(=O)O)nc(N3CCOCC3)c2c1,25.812115970811355
CNc1ncc(-c2nc3c(-c4ccc(C(C)=O)cc4F)cccc3n2-c2nccs2)cn1,25.790023778537574
Cc1ccc2c(-c3nc(C)no3)c(-c3ccc(OC4CCNCC4)c(Cl)c3)n(C)c2n1,25.779311420603804
Cc1nc2ccc(SC3CCOC(N)=N3)nc2n1-c1ccc(Oc2ccccc2)cc1,25.779015225469873
CCn1c(C)nc2ccc(-c3nc(-c4ccc(Cn5cnc6ccccc65)cc4)no3)cc21,25.773261887388408
CCCn1c(=O)n(-c2ccc(O)nc2)c2ccc(-c3ccc(-c4nnc(C)s4)cc3)cc21,25.77195065169659
COc1cc(-n2c(C)nc(-c3ccc4scnc4c3)c2-c2ccccc2)ncc1C(=O)O,25.769047392125344
Cc1onc(C(C)(C)C)c1-c1cnc2c(c1)c1cc(-c3cnn(C)c3)ccc1n2CCO,25.76454460882167
COc1cc(-c2c(-c3nnc(SCC(=O)O)s3)ccc(F)c2F)c2cccnc2c1,25.733336766464344
CCn1c(-c2ccc(-c3cnc(NC4CC4)n4ncnc34)c(OC)c2)nc2ccccc21,25.725706027289817
Cc1ccc(Oc2ncnc3c2c(-c2cnn(-c4ccc(Cl)cn4)c2)cn3C)c(C)c1,25.716929193517846
COc1ccc(-c2cc3c(-c4csc(C)n4)ncnc3n(-c3cccc(O)c3)c2=O)cc1,25.71157569490452
COc1ccccc1-c1cnc2c(c1)c1sc(C(=O)O)cc1c(=O)n2CC1CCCO1,25.706609541762198
COc1ccc(/C=C2\C(=O)N(CSc3nc(C(=O)O)cs3)c3ccccc32)cc1,25.69957272974396
CCOc1nn2c(-c3ccc(C(=O)O)cc3)cnc2cc1-c1ccc2c(c1)CCCN2C,25.69601951874279
O=c1ccc2ccccc2n1CCOc1ccc(-c2cc(O)nc(-c3nccs3)c2)cc1,25.68595293293591
CN(C)c1c(-c2ncnn2-c2ccc3ncsc3c2)ccc(/C=C/C(=O)O)c1Cl,25.679767545988994
COc1ccc2c(c1)c(/C=C1\SC(=O)NC1=O)c(-c1cccs1)n2COC(C)=O,25.674992523694733
Cc1cc(Sc2nc(O)ncc2/C=C/C(=O)OC2CCCOC2)c2ccccc2c1,25.67349683641548
COC(=O)CNc1ccc(-n2cnc(-c3nc(C)cs3)c2-c2ccc3ccccc3c2)nc1,25.668980654442038
O=S(=O)(NC1CCC1)c1nc(Oc2cccs2)c(-c2cnn(C3CCCC3)c2)s1,25.66416683946863
COc1c(-c2cccs2)nnn1-c1ccc2ncnc(NCc3ccc(F)cc3)c2c1,25.637778537495688
CSc1nc(-c2ccn(CCC(=O)O)c2)c2c(-c3ccc4ncccc4c3)csc2n1,25.627349322348394
COC(=O)C1c2ccccc2Oc2nc(NCc3ccccc3)nc(Oc3ccccc3)c21,25.62594550515059
CSc1nc(C(=O)O)c(-c2ccc(-c3cccnc3N3CCC3)cc2)n1-c1cccnc1,25.605238359915315
COc1ccc(-c2ccc3nnn(-c4ccc(NCc5ccccc5F)nc4)c3c2)cn1,25.59969858084218
COC(=O)c1cc2ccc(-c3cc(OCCN4CCCC4)c4ccccc4n3)cc2c(O)n1,25.598683971157822
Cc1ccc2nc(-c3ccc(-n4c(=O)n(CCCC(=O)O)c5ccccc54)cc3)sc2c1,25.595918522631255
Cc1cccc2c(-c3cn(-c4ccc(C(=O)O)cc4)nc3SC3CCCC3)n(C)nc12,25.581638036645074
CCn1c(=O)n(C)c2ccc(-c3c(-c4ccc(C#N)cc4)nsc3NC3CCCC3)cc21,25.567440076538478
COC1CCN(c2nc(C(=O)O)ccc2-c2ccnc3ccc(-c4cncs4)cc23)C1,25.566971259813688
CCn1cnc(-c2ccc3c(c2)CC(C(=O)O)O3)c1-c1cc(-c2cnn(C3CC3)c2)cs1,25.565758475692963
COCc1ncn(-c2cc(Cl)cc3c(Nc4cccc5ncccc45)ncnc23)c1C,25.552183417539855
C=Cc1ccc(-c2cc3c(O)nc(-c4ccc(OC)cc4)nc3n2C2CCOCC2)s1,25.513553732102036
C#CCCSc1nc(-c2ccc3c4c(sc3c2)COCC4)c(-c2nc(C)no2)[nH]1,25.51340036387967
Cc1nc2ccc(-c3nc(N4CCC(CC(=O)O)C4)sc3-c3ccccc3)cc2s1,25.510603494562588
CCn1c(-c2cnc(NC3CCCC3)nc2Oc2ccccc2)nc2ccc(F)cc2c1=O,25.509074512554115
CCn1c(SC)nnc1-c1nc2ccccc2c(F)c1-c1ccc(-c2nnn[nH]2)cc1,25.49844554378248
CNc1ncc(-n2nc(OC)c3c(-c4ccc5c(c4)OCCO5)nc(C)cc32)cc1Cl,25.496812899669568
CCCn1cc(-c2ccc(S(C)(=O)=O)s2)c(-c2cnc3[nH]c(=S)sc3c2)n1,25.48493484909778
COc1nc2ncnc(Nc3ccc(Cl)cc3)c2cc1-c1cccc2c1c(C)nn2C,25.48061018250352
COc1ccc2c(=O)n(-c3ccc4c(c3)OC(O)C4)c(Sc3ccccc3C)nc2c1,25.47802711823347
COc1nc2ccc(-c3noc4cc(-c5nc(C)cs5)ccc34)cc2n1CC1CCNC1,25.45293551906979
Cc1cc(-c2cc(-c3cnn(C)c3)c3ncc(Sc4ccc(C(=O)O)cc4)n3c2)ccn1,25.44541434035222
COc1cc(Cn2cnc(-c3cnc4c(c3)OCO4)c2)ccc1Nc1ncccc1Cl,25.429044397155664
COc1cccc(-c2c(-c3ccc4nc(-c5ccn(C)c5)nc-4o3)ncn2C2CCNCC2)c1,25.427174005996296
CNc1ncnc(-c2c(Oc3ccccc3)cn3nc(-c4ccc(N5CCC5)cc4)ccc23)n1,25.426746905281796
CCn1nc(-c2ccc3c(C)c(N)sc3c2OCC(F)(F)F)c2ccsc2c1=O,25.407784843660167
Cc1ccc(C)c(-n2nc(C(=O)O)c3cc(-c4cn(-c5nccs5)nc4C)ccc32)c1,25.403493833678393
Cc1csc(-n2nc(Cn3cnc4ccnc(N)c43)c3cc(-c4ccccc4C)ccc32)n1,25.377550166018786
O=C(O)CSc1nc2ccccc2n1CCn1cnc2ncc(-c3ccccc3)cc21,25.360328917640143
CCOc1ccc(Nc2nccc(-c3cn(C4COC4=O)c4cccc(Cl)c34)n2)cc1,25.35523155944527
Cn1cc(-c2cc(-c3csc4ccccc34)cc(-c3cn(CC4CC4)nc3N)n2)cn1,25.351794621425963
COc1cccc(-n2ncc3ccc(-c4ccc(Nc5nccc(=O)n5C)cc4)cc32)c1,25.348869854708248
Cc1nccn2c(-c3ccc(NCc4ccc5ccccc5n4)nc3)c(-c3cnn(C)c3)nc12,25.348276065490218
Cc1nc(NCc2ccncc2)c2nc(-c3ccc(-c4cccc(Cl)c4)cc3)nn2n1,25.34711047441873
COc1ccc(-c2nc(NC3CCCCC3)c3c(n2)nc2ccc(Cl)cn23)cc1OC,25.34489904872468
COc1ccc(NCc2cnc3c(-c4ccoc4)cnn3c2-c2ccc3c(c2)OCO3)cc1,25.342904638336975
COc1nc(Nc2ccc(-c3ccnc(CN4CCCCC4)n3)cc2)cnc1C(C)(C)C,25.328516172364594
COc1ccc(-c2cnc3nn(-c4ccccc4)c(SC4CCOCC4)c3n2)cc1O,25.309107091108455
Cc1cc2nc(-c3cn(Cc4ccco4)nc3C)oc2cc1-c1cnn(C2CCNCC2)c1,25.289346446530278
COc1cccc(-c2cnc3c(c2)nc(Nc2ccc(F)cc2)n3-c2ccnc(C)n2)c1,25.240325496479997
CCn1c(-c2ccccc2)nc2cc(-c3cnn(Cc4ccc(C(=O)O)cc4)c3)sc2c1=O,25.23220317646393
COc1ccc(Nc2nc(C)c3cnn(-c4ccc5c(cnn5C)c4)c3n2)c(F)c1Cl,25.2284679761172
CCn1nnc(-c2ccc3nc(Sc4cc(F)c(O)c(C(C)(C)C)c4)n(C)c3c2)n1,25.218182992767783
CSc1cccc(-c2ccc3nc(C)n(-c4ccc5nc(NC(C)=O)sc5c4)c3c2)n1,25.208106758455223
CC(C)n1cc2ccc(C(=O)Nc3nc(-c4cn(C)nc4C(F)(F)F)cs3)cc2n1,25.206173948518103
COc1cc2c(cc1O)OCCc1c-2nc(-c2nccs2)n1-c1ccc(C(C)(C)C)cn1,25.163050921123137
CCn1c(=O)n(CC)c2cc(-c3c(Nc4ccccn4)nnn3-c3ccc(F)cc3)ccc21,25.14986108352676
COc1ccc(-n2ncc3c(-c4ccc(Nc5ncc(Cl)n5C)nc4)ccnc32)cc1,25.13297106714185
Cc1nnn(C)c1-c1cccc2nnc(Sc3ccc(-c4ccc(O)cc4)cc3)nc12,25.10760563331141
COc1ccc(-c2nc3n(c2C(=O)O)-c2sc(-c4cccnc4)c(OC)c2CC3)cc1,25.09785997433307
COCCn1nc(-c2ccc3ncsc3c2)c2c1-c1sc(C(=O)O)cc1CCC2,25.093114412135073
CSc1nn(-c2ccc(C(=O)O)cc2)c2ccc(-c3nncn3-c3ccccc3C)cc12,25.08216708263779
CN(C)c1ncc(-c2ccc(F)cc2)cc1Nc1cnc(-c2ccc3c(c2)OCO3)cn1,25.056269146081366
CSc1cc2cc(Sc3cccc(C)c3)n(-c3ccc(C(=O)O)cc3)c(=O)c2nn1,25.053577400485423
Cc1nc2ccc(-c3ccc(SCCF)cc3)cc2c(=O)n1-c1ccc(C(=O)O)s1,25.049314177077836
COc1ccc(-n2nc(C(=O)O)c(C)c2-c2ccc3cnn(C)c3c2)cc1C(F)(F)F,25.048181732662538
CCn1ncc2c(-c3csc(Nc4ccc5c(c4)S(=O)(=O)C(C)(C)C5)n3)cccc21,25.043944429064453
Cn1cnc(-c2ccc(C(=O)O)nc2)c1-c1ccc(-c2ccnn2CC2CCCCC2)s1,25.042489942717364
CC(=O)Nc1nc2ccc(Sc3cn(-c4ccc(C)c(Cl)c4)nc3C)cc2s1,25.034984431457715
Cc1cc(-n2c(=O)n(-c3cccc(O)c3)c3ccc(-c4nc(C)c(C)s4)cc32)ncn1,25.01106305491007
Cc1c(-c2ncn(C)c2-c2ccnc(Nc3ccc(N4CCC4)nc3)c2)oc2ccccc12,25.008769581734807
CNc1nc2ccc(-c3cnn(C)c3)cc2c2c(-c3ccc(OC)cc3)c(C(C)(C)C)nn12,25.007213805799868
COc1ccc(C(=O)O)cc1-c1ccc2nc(Sc3ccccc3Cl)nnc2c1,25.00682666152745
COc1cc(Cn2cccc2C(=O)O)c(-n2nnnc2-c2cccc(Cl)c2)cc1Cl,24.97188435500213
COc1cccc(-c2ccc(-n3cnc4sc(Cc5ccc(O)cc5)nc4c3=O)cc2)c1,24.969979177552865
Cc1ccccc1-n1c(=O)n(C)c2ccc(-c3nc(C(=O)O)c(C)n3C3CCCCC3)cc21,24.96234575805419
COc1ccc(-n2nc(C(C)(C)C)nc2-c2cnc(NC(=O)c3cccs3)s2)cc1,24.926362585206242
CCn1nc(-c2ccc3c(c2)OCO3)c2ccc(Cn3c(OC)nc4cc(O)ccc43)cc21,24.896821887226963
COc1ccc(-c2nc3c(Nc4cccnc4F)ncnc3n2CC2CCCC2)cc1,24.892325180484285
COc1cccc(-n2nc(Oc3cccnc3)c3scc(-c4cccc(O)c4)c3c2=O)c1,24.890194450245836
CN(C)c1nnc2n(C3CCCCC3)cc(-c3cnc(NCc4cccnc4)nc3)cc1-2,24.880371469436668
COc1ccccc1-n1nc(C(C)(C)C)c(-c2cncs2)c1/C=C1\SC(=O)NC1=O,24.86173178447641
CN(C)c1cc(Oc2ncc(C(=O)O)cc2-c2ccc3nccnc3c2)c2ccsc2c1,24.856053557282873
Cc1cc2c(cc1-c1cnn(C3CCNCC3)c1)nc(-c1ccccn1)n2CCCC#N,24.84493008386987
CCOc1ccc(-n2c(/C=C3\SC(=O)NC3=NOC)cc3ccc(Cl)cc32)cc1,24.835274031181644
Cn1cc(-c2cc3cc(Sc4ccccc4C(=O)O)ccc3nc2-c2cnn(C)c2)cn1,24.83229490427866
COc1ccc(-c2cccc3c2n(-c2nc(C)cs2)c(=O)n3-c2ccc(O)cc2)cc1,24.831863196616016
COc1ccc(-c2nc(NCc3cnn4c(C5CC5)csc34)c3ccccc3n2)cc1,24.82662744228107
Cc1cc(-c2nc(SCC(=O)O)nn2-c2ccccc2)cc2c1ncn2CC(C)(C)C,24.81684475876434
CCNc1nn(CC(F)(F)F)c2ccc(-c3sc(-c4nc(C)no4)cc3F)cc12,24.809982600026107
CCn1cc(-c2ccnc3c2c(-c2ccc(C(=O)O)s2)cn3Cc2ccccc2)cn1,24.79122906615161
COc1ccc(-c2ncc(Cn3sc4c(NC(=O)OC(C)(C)C)nccc43)c(C)n2)cc1,24.790644118499582
Cc1nc(-c2ccc3c(c2)c(C)nc(=O)n3-c2ccc3c(c2)c(C)cn3C)sc1C(=O)O,24.77989374353975
CN(C)c1ccc(Oc2cccc3c(=O)n(O)c(-c4cc(C(C)(C)C)ns4)nc23)cc1,24.776060913690113
COc1ccc(-c2nc(SC)nn2-c2cccc3cc(C(F)(F)F)nc(O)c23)cc1,24.773704924221654
COc1ccc(-c2nc3ccc(-c4c(O)nc(=O)n(C)c4-c4cccnc4)cc3s2)cc1,24.77231523064539
COc1cc(-c2nc3ncc(-c4cnn(C)c4)c(Cl)c3n2C2CCCCC2)ccc1O,24.748842178106887
Oc1nn(CCC2CCOCC2)c2ccc(-c3nc(C4CC4)oc3-c3ccccc3)cc12,24.74401209085757
COC(=O)CSc1nnc(-c2ccc(-c3ccc4c(c3)OCO4)cc2SC2CC2)[nH]1,24.736538686528114
Cc1snc(-c2ccc(-c3c(C(=O)O)cnn3-c3ccc4c(c3)OCCO4)cc2)c1C,24.73454458015531
COc1cc2c(cc1-c1nc(C(=O)O)cn1C)c1ccccc1c(=O)n2Cc1cccs1,24.724045480555265
CCCn1c(-c2cc(-c3cnn(C4CCOCC4)c3)cs2)nc2cc(C(=O)O)ccc21,24.697478643886992
COc1ccc(-n2c3cccc(-c4nc(C)c(C)s4)c3c3c(N)ncnc32)cc1,24.697351572271064
COc1ccc(Nc2nc(C)nc3c4c(c(-n5ccnc5C)cc23)OCCO4)cc1Cl,24.69188124924239
Cc1snc(-c2cccc(-c3ncn(C4CCN(C5CCCC5)CC4)n3)c2O)c1C,24.689135911707176
CCCn1c2ccc(-c3cn(C)nc3-c3ccnc(F)c3)cc2c2sc(C(=O)O)nc21,24.688881863425756
COc1ccc(-c2c(C)sc3c(-c4ccc(N5CCOCC5)cc4O)ncnc23)cn1,24.67979063775894
COc1ccc(-c2nc3n(c2-c2ccnc(Nc4ccc(Cl)cn4)c2)CCCC3)cn1,24.654641871189025
CN(C)c1ccc(-c2ccc3nc(-c4csc5ncccc45)n(CC(=O)O)c3c2)cn1,24.650255857352665
Cc1ncc(-c2cnc3c(c2)nc(SCC(F)(F)F)n3-c2ccc(C(=O)O)cc2)n1C,24.637538273514988
CCc1ccc(-n2c(=O)n(-c3ccc(C(=O)O)cc3)c3ccc(-c4cnn(C)c4)cc32)s1,24.62459914403079
CN(C)c1nc2c(nc(Sc3cccc(Cl)c3)n2-c2cccc(O)c2)c(=O)o1,24.617511241409787
COc1cc(O)cc2ccn(Cc3noc(C)c3-c3ccc4nc5ccccc5n4c3)c12,24.614396091452733
CCCn1nc(Sc2ccc(-c3cccnc3)cc2)nc1-c1ccc2c(c1)OCO2,24.60055951618892
CCCc1ccc(C(=O)O)cc1-c1nnc(-c2ccsc2)n1-c1ccc2c(c1)OCO2,24.59798661811065
CCCn1c(-c2cccnc2)nc2c(Nc3ccc(F)c(Cl)c3)nc3cn(C)nc3c21,24.580623680505724
Cn1cnc2ccc(Sc3cc(-c4cnn(CC5CCCCC5)c4)cnc3O)cc2c1=O,24.57369337380695
Cc1nc(Oc2ccc3nc(-c4cnc(Nc5ccccc5)nc4)n(C)c3c2)ccc1F,24.557693194096196
Cc1cc(-c2ccc3c(c2)c(C)nn3CC2CC2)nc(Nc2ccc3c(c2)OCCO3)n1,24.556535380420595
COC(=O)c1cccc(-n2nccc2-c2ccc3nc(NCc4ccccn4)sc3c2)c1,24.55352008608696
COc1cc(C)c2nc(-c3nccs3)n(Cc3ccc(-c4ccc(=O)[nH]n4)s3)c2c1,24.550299116326254
O=C(O)CSc1nc(-c2ccc(F)cc2)c2cccc(Sc3cccnc3)c2n1,24.549287351397968
COc1ccc(-c2cnc3c(c2)nc(-c2cc(F)c(O)nn2)n3Cc2ccsc2)cc1,24.544435168133443
Nc1nc(Sc2ccc3c(c2)OCO3)c2ncn(Cc3ccccc3)c2c1OC1CCC1,24.537285852092708
COCCNc1ncc(-c2ncnc3cc(-c4nccs4)ccc23)c(C(F)(F)F)n1,24.527507150887764
COc1ccc(-c2nc3c(n2-c2nc(C)nc(N)n2)CCC(C)S3)cc1C(F)(F)F,24.52400538062188
COC(=O)c1ccc(Sc2cccc3c(S)nn(-c4ccc(C(=O)O)cc4)c23)cc1,24.522102209530015
COC(=O)c1c(-c2ccc(OC)cc2)c2sc(Cl)cc2n1-c1ccc(C(=O)O)nc1,24.519414414402096
CN(C)c1ccc(-c2cccc3nc(C4CC4)n(-c4ccc(C(=O)O)s4)c(=O)c23)cn1,24.516675914914465
Cc1cccc(Sc2nc3cc(-c4cnn(C)c4)ccc3n2-c2ccc(C(=O)O)cn2)c1,24.515808853784467
COC(=O)c1ccc(Nc2ncc(-n3c(C)nc4cc(-c5ccccc5)ccc43)cn2)cc1,24.484347927424082
CSc1ccc(-n2cc(-c3cc(C(C)(C)C)nn3-c3ccc(C(=O)O)cc3)cn2)cc1,24.484138574336818
CSc1nc2c(OC3CCOCC3)nc(C3CC3)cc2n1-c1ccc(C(=O)O)cc1,24.455806109166044
Cc1cc(-c2nc(SCC(=O)O)nc3c2ncn3C)sc1-c1ccc(F)c(Cl)c1,24.448613487089084
CNc1ccc(-c2nc3nc(C)nc(-n4ccc5cc(-c6ccn(C)c6)ccc54)n3n2)cc1,24.409422823829424
COc1ccc(Cn2cc(-c3cnc4nc(-c5ccc(C(=O)O)cc5)sc4c3)cn2)cc1,24.367128452426858
COc1ccc(-c2cc(SCc3nc4ccccc4c(=O)[nH]3)n(-c3cccnc3)n2)cc1,24.366835455777732
CCn1c2ccc(-c3cccnc3Oc3ccc4c(c3)N(C)CCO4)nc2c2ccnc(O)c21,24.364614151483092
COc1ccc(-c2cc3sc(Nc4ccccc4F)nc3c(-c3cnn(C)c3)n2)cc1,24.340740758852885
CC(C)(C)N1CCC(COc2ncccc2-c2ccnn2-c2ccc(C(=O)O)cc2)CC1,24.316903735995908
O=C(O)CSc1nnc2cc(-c3cccc(OC(F)F)c3N3CCCC3)ccc2n1,24.30886440503003
CCn1c2ccc(-c3c(C)noc3C)cc2c2c3ccc(O)nc3nc(N3CCOCC3)c21,24.304414227898132
CSc1ccc2c(-c3ccc(Oc4ccncc4)cn3)cn(-c3ccc(O)cc3)c(=O)n12,24.288719391407813
Cc1cccc(CSc2nc(O)nc(-n3c(-c4ccc(F)cc4)nc4ccccc43)n2)n1,24.286947951472655
Nc1csc(SCCn2nc(-c3ccc4ccccc4c3)nc2-c2ccccn2)n1,24.283755753380944
COc1cc(Nc2ccc3c(c2)ncn3C)c2nc(-c3ccc4c(c3)OCO4)n(C)c2c1,24.269650548686492
CCn1c(=O)n(-c2ccc(C)cc2)c2cc(-c3ncc(C(=O)O)n3C3CCCCC3)ccc21,24.267356312670117
Cc1cc(C(=O)O)ccc1-n1cc(-c2ncc(Cn3c(C)nc4ccccc43)s2)cn1,24.267109864948758
COc1ccc2c(=O)n(-c3cc(-c4nc5ccccc5s4)ccc3OC)c(O)nc2c1,24.264051297749937
O=C(O)CSc1nc(-c2ccc(OCC#CC3CC3)cc2)c2c(Cl)csc2n1,24.25237438493492
COc1cccc(-n2c(SC)nc3cc(-c4nc(N)nn4-c4ccccc4)ccc32)c1,24.24601792174826
Cc1noc(-c2cc(-c3ccc(F)cn3)sc2NCc2cnn(CC(F)(F)F)c2)n1,24.237451208414463
CCn1nnc2cc(-c3nn(-c4ccccc4Cl)cc3-c3cnc(CO)s3)ccc21,24.23458191011674
C=CCCn1cnc(-c2nc(NCc3ccc4c(c3)OCO4)c3cc(Cl)ccc3n2)c1,24.215575972987452
Cc1c(-c2ccc3nc(Sc4ccncc4)n(C)c3c2)nnn1-c1ccc(O)c(Cl)c1,24.212818974711173
Cc1cc(-n2ccnc2)ncc1-c1cc(Sc2cc(C(=O)O)c3ccccc3n2)cn1C,24.202566036987992
COc1ccc(-c2nn(C3CCN(CC4CCCCC4)C(=O)C3)c3snc(N)c23)cc1,24.20202682419183
Cc1noc(-c2cc(SCc3ccc(N4CCC(F)(F)C4)cc3)c(C(=O)O)s2)n1,24.19400097514847
OCc1ccc(Sc2nnc(-c3ccc4c(c3)OCO4)n2CC2CCCCCC2)cc1,24.182030310022647
CSc1nc(-c2ccc3c(c2)CCN3C)c2cc(C)n(-c3ccc(C(=O)O)cc3)c2n1,24.16946328861263
Cc1ccc(-c2c(Cl)nc3c(nc(SCc4ccc5c(c4)OCO5)n3C)c2O)cc1,24.16714887097772
COC(=O)CCNc1cccc2nc(-c3ccc4nc(C)sc4c3)n(C3CCOCC3)c12,24.166424456377836
Cc1ccc(-c2ncn(C)c2-c2ccc3c(c2)nc(O)n3Cc2ccc3c(c2)OCO3)cn1,24.160858712575102
CCCCn1c2cc(-c3cscn3)ccc2c2c(N3CCC(C(=O)O)CC3)ncnc21,24.159316318631745
Cc1cccc(-c2nc(Oc3cccc(N4CCOCC4)c3)c3ccccc3n2)c1C(=O)O,24.145419739555575
Cc1noc(-c2cccc3ccnc(Nc4ccc5cc(C(=O)N(C)C)sc5c4)c23)n1,24.140500013740606
COc1ccc(N2CCC(C(=O)Nc3sc(-c4nc(C)no4)c4ccccc34)C2)cc1,24.120678315158415
CCOC(=O)c1cncc(-c2ccc3nc(Nc4ccc(N5CCOCC5)cc4)oc3c2)c1,24.11242168125589
O=C(O)c1ccc(-n2c(SCc3ccc4c(c3)COC4)nnc2-c2ccccc2)cc1,24.104209722617675
CCn1c(-c2ccc3c(c2)OCO3)nc2cc(OCc3ccc4nc(O)cnc4c3)ccc21,24.08702404049704
CCn1c(=O)nc(NC2CCOCC2)c2ccc(-c3cc4sccc4cc3O[O-])cc21,24.086407341131128
Cc1nn(-c2ccc(C3CC3)nc2)cc1-c1ccc2c(c1)nc(O)n2Cc1ccsc1,24.08127571964383
COc1ccc(-c2ccc(-c3nc(SCC(=O)OC(C)(C)C)sc3C(=O)O)cc2)cc1,24.08117463411481
Cc1noc(-c2c(N3CCC(Nc4nccs4)CC3)ncc(-c3ccccc3)c2C)n1,24.06872762876544
CCn1cc(-c2ccc3ncnc(Nc4ccc5c(c4)n(C)c(=O)n5C4CCC4)c3c2)cn1,24.061741271886437
CCn1c(=O)n(-c2ccc(C(=O)O)cc2Cl)c2c(OC)c(-c3cccnc3)sc21,24.061156804950834
COc1cc(O)c(-c2ccc3c(c2)nc(C)n3-c2nc(C(F)(F)F)cs2)c(OC)n1,24.048142614583416
Cc1nccc(-n2ncc3cc(-c4c(C)ccnc4NCc4ccc5c(c4)OCO5)ccc32)n1,24.033495828089308
Cc1ncnnc1-c1ccc(Cn2c(Sc3ccccc3)nc3cc(O)ccc32)cc1,24.010215020607554
COc1ccc(-n2c(=O)n(-c3ccc4ccccc4n3)c3scc(/C=C/C(=O)O)c32)cc1,23.988351195714568
CCn1c(=O)n(-c2ccc(O)cc2)c2cccc(-c3nc(C)cnc3-c3nccs3)c21,23.962426951859783
CCn1c(-c2nc(Oc3ccccc3C(=O)O)cs2)nc2cc(Br)cn21,23.9417466825815
COC(=O)CSc1nc(N2CCCCCC2)c2cc(-c3ccccc3O)ccc2n1,23.935690197130352
COCCc1nc2snc(-c3ccc(Nc4ccnn4C)cc3)c2c(=O)c2ccccc12,23.924498650861725
CSc1c(-c2ccc(C(C)(C)C)nn2)nc(SCC(=O)O)n1Cc1ccc(F)cc1,23.92381116882138
C#CCSc1nc(-c2cccc(C(=O)O)n2)c2cnn(Cc3ccc(Cl)cc3)c2n1,23.917114513872228
Cc1onc(-c2ccc3c(c2)CCCN3c2nc(Cl)nc(NC3CCOCC3)n2)c1C,23.905976593781723
COc1ccc(-c2nnc(NCc3ccccc3)c3nc(-c4ccncc4)sc23)cn1,23.90488802488026
Cc1csc(-c2nc(SCC(=O)Nc3cccnc3)sc2-c2ccccc2)n1,23.89874762759134
COC(=O)c1ccc2ccsc2c1Oc1cccc(-c2cn(CC3CCNCC3)nn2)c1,23.890606838094385
CCN1CCOc2cc(-c3cc4c(NCc5cccc6c5OCO6)nc(C)nc4o3)ccc21,23.88619825603874
Cc1nc(-c2cccnc2Oc2ccnc(NC3CCN(C)CC3)c2)c2ccsc2n1,23.87993288284325
COc1ccc(Sc2nc(O)c3ccc(-c4nc5cccnc5n4C)cc3n2)c(Cl)c1,23.867644357150148
Cc1ncc(Nc2nc(=O)n(CCC3CCCO3)c3ncc(-c4ccccc4)cc23)s1,23.865646531533528
CC1(C)CCN(c2cc(Cl)cc3cc(-c4ncnc(SCC(=O)O)n4)ccc23)CC1,23.860697426330667
Cc1nc(N)sc1-c1nc2cccc(C)c2c(=O)n1Cc1ccc(-c2ccsc2)cc1,23.856771734998272
COC(=O)c1sc2ncnc(N3CCC(CO)C3)c2c1-c1ccc(-c2ccccc2)cc1,23.851089703587093
CCn1c(=O)c(-c2ccccc2)c(C)c2c(Sc3ccc4c(c3)OCO4)nc(O)nc21,23.833017820225706
COc1cccc2nc(Nc3c(Cl)cc(-n4nccc4C)cc3Cl)n(C)c(=O)c12,23.828816693542734
Cc1ccc(-c2c(C)nc(Sc3ccc4c(c3)OCO4)n2Cc2ccccc2)nc1N,23.818779036938917
CC(=O)OCc1c(N)nc2ccc(-n3cccn3)cc2c1Sc1ccccc1Cl,23.78764082354803
COc1ccc(-c2noc(-c3cc4sc(NC5CCN(C)CC5)nc4cc3F)n2)cc1,23.78683368856359
CNc1ncnc2ccc(-c3nc4c(N5CCC(C)C5)ncnc4n3CC3CCCC3)cc12,23.778962205765
COc1nc(Nc2ccc(Cn3ccnc3)cc2)nc(-c2cc3cccc(Cl)c3n2C)n1,23.774859964772272
CNc1ncc(-c2nc3cc(C)ccc3c(=O)n2Cc2cccc(-c3nccs3)c2)cn1,23.765794454404805
COc1ccc(-c2ncn(C3CCN(C)CC3)c2-c2cccc3sccc23)nc1C(=O)O,23.754908487681618
Cc1c(-c2ccc3c(Oc4ccc(Cl)cc4)ncnc3n2)c(N2CCC(O)C2)nn1C,23.750627008000944
CCn1c(=O)n(-c2cccc3c2ccn3C)c2ccc(-c3nc(C)c(C(=O)O)s3)cc21,23.747201905881315
Cc1noc(C)c1-c1ccc(Oc2nc3ccccc3nc2N2CCC3(CC2)CNC3)cc1,23.719453832882394
CCn1c(-c2ccc3c4c(cccc24)COC3)nc(Sc2nc(C(=O)O)cs2)c1C,23.714650395777944
CN1c2nc(Nc3ccc(C#N)cc3)c3sc(-c4cnn(C)c4)nc3c2CCC1(C)C,23.686406531500964
COc1ccc(Cn2nnc(-c3cccc(F)c3)c2-c2nc(N)nc3sccc23)cc1,23.669169659133775
CCn1c(=O)n(-c2nc3ccc(C(=O)O)cc3s2)c2cc(-c3ccccc3C)ccc21,23.66219623538895
CC(C)c1c(O)cc(Sc2ccc3c(c2)OCO3)c2ncn(-c3ccccn3)c(=O)c12,23.632587811482303
COc1ccc(-c2c(C)sc3nc4c(cc(-c5ccc(C(=O)O)cc5)n4C)n3c2=O)cc1,23.620410066863084
CSc1nnnn1-c1c(C)c(-c2ccc(Cl)cc2)cn1-c1ccc(C(=O)O)cc1,23.613544276725516
COc1ccc(-c2nc3ccccc3c(=S)n2-c2ccc3ncn(CCC(=O)O)c3c2)cc1,23.605269206528824
CSc1nc(NCc2cnc(Cl)c(Cl)c2)c(C=O)c(-c2ccc3c(c2)OCO3)n1,23.592259058766093
COc1ccc(-n2c(=O)nc(Nc3ccc(C)nc3)c3ccc(-c4cccnc4)cc32)cc1,23.58899899429638
COc1ccc(-n2c(-c3ccccc3)nc3c(Nc4ccnn4C)ncnc32)cc1Cl,23.58437271558577
O=C(O)CSc1nc(-c2ccccc2)c2c(n1)nc(-c1ccco1)n2CC(F)(F)F,23.546932714633414
COc1cccc(Cn2cc(-c3cc4ccc(-c5nc(C(=O)O)cs5)cc4s3)cn2)c1,23.543727598761638
Cn1cnc(-c2ccc3nc(-c4cccc(F)c4)nc(O)c3c2)c1Sc1ccncc1,23.529359853213375
COc1cc(Oc2nc3ccccc3c3ncccc23)ccc1-c1cn(CC2CCCN2)nn1,23.520555960401126
CN(C)c1ncnc2nc(N3CCC(c4ccccc4)C3)c(-c3ccc(C(=O)O)s3)cc12,23.509678394262508
C#Cc1ccc(-c2c(-c3ccc(OC)nc3)nnn2-c2sc(C(=O)O)cc2Cl)cc1,23.499135667943328
CCCn1c(Sc2ccc3c(c2)OCO3)c(-c2cccnc2)c(=O)c2cc(O)ccc21,23.49581482989754
Cc1csc(Sc2nc(N)cc3nc(-c4cnn(Cc5ccccc5)c4)ccc23)n1,23.49483530047968
Cc1ccc(-c2ccc(-c3cnn4c(SCC(=O)O)nc5ccccc5c34)cc2)cn1,23.494321998329738
COC(=NO)Sc1nc2cccc(OCc3ccccc3)c2c(=O)n1-c1ccccc1,23.493566705291844
Cn1cc(-c2ccc3c(ccc4nc(SCC(=O)O)n(Cc5ccccc5)c43)c2)cn1,23.493215051167393
Cc1ccnc(Nc2nc(=O)oc3cc(-c4nc(C)c(CN5CCCC5)s4)ccc23)c1,23.490470502640356
O=C(O)COC(=O)c1nc(Sc2ccc(Cl)cc2)n(-c2cccc3ccccc23)n1,23.46921508251831
Nc1ncnc2c1c(-c1ccc(-c3cn(CC4CC4)nc3Cl)s1)cn2CC1CC1,23.450030858589486
CSc1nc(-c2ccc(S(=O)(=O)NC(C)(C)C)cc2)c2cnn(CC3CC3)c2n1,23.44809814059278
O=C(O)c1ccc(-c2ncnc3cc(OCCN4CCC(c5ccccc5)=N4)sc23)cc1,23.44629508976725
Cc1cc2c(NCc3ccccc3)nc(=O)n(C3CCCC3)c2nc1-c1cn(C2CC2)nn1,23.44122613739048
Cc1cc2cc(-c3cnn(C)c3)ccc2n1Cc1csc(-c2ccc(C(=O)O)cc2)n1,23.44000173762976
CCn1c(=N)n(C)c2cc(Cl)c(Sc3nnnn3-c3ccc(C)c(Cl)c3)cc21,23.437153385965814
CCn1c(=O)n(CCC(F)(F)F)c2cc(-c3noc(Nc4ccc(F)cc4)n3)ccc21,23.43605403036299
Cc1cccc(-c2nc(SCC(=O)Nc3ccc4ncsc4c3)nn2C2CCC2)n1,23.429581895140792
CNc1ncnc2c1n(-c1ccc(C3CCCCC3)cc1)c(=O)n2-c1cccc(OC)c1,23.420366416462926
Cc1cc2nc(SCC(=O)O)nc(-c3ccc4c(c3)CCO4)c2cc1-c1cnn(C)c1,23.4157279588618
CCn1nnc2ccc(-c3c(-c4ccccc4)nn4c(NCc5ccccc5)ncnc34)cc21,23.393807436535138
COC(=O)CSc1nc(O)c2ccc(-c3sc4c(c3C)COCC43CCC3)cc2n1,23.372695613441017
CCc1cccc2c1c(Nc1ccc3ncsc3c1)nc(=O)n2-c1ccc(OC)cc1,23.371128107639503
O=C(O)CSc1nc(-c2ccc3cnn(Cc4ccccc4)c3c2)c2ccsc2n1,23.349304399381445
CCn1cncc1-c1ccc2c(Nc3ccccn3)nc(=O)n(CC3CCCCC3)c2c1,23.335066084410986
COc1cc(-c2ccc3c(c2)c(O)nn3CC2CCOCC2)ccc1-c1nccs1,23.318452071886416
Cc1nc2ccc(-n3c(NC(C)C)nc(=O)n(-c4ccc(C(C)(C)C)cc4)c3=O)cc2s1,23.31553002194021
CCNc1nc(=O)n(CC)c2cc(-c3sc4c(c3-c3ccncn3)COCC4)ccc12,23.311771190894216
CCn1c(=O)nc(Nc2ccc(C#N)cc2)c2cc(-c3nc4ccc(C)cc4n3C)ccc21,23.310309827818937
COc1ccc(-n2c(-c3ccc(-c4nccn4C)s3)nc3ccc(O)cc3c2=O)cc1,23.296999938369336
COc1ccc(-n2c(=O)c3nc(-c4cn(CC5CC5)nc4N)ccc3c3ccccc32)cc1,23.296019112383426
COC(=O)CNc1nc2ccc(-n3nc(-c4ccc(OC)cc4)c4c3CCCC4)cc2s1,23.268910381736532
CN(C)c1cc(-n2c(Sc3cccc(Cl)c3)nc3cc(C(=O)O)ccc32)ncn1,23.26387406254936
Cc1nccc(-n2nc(NCc3ccncc3)c3cc(-c4cn(C)nc4Cl)ccc32)n1,23.25734593397574
Cc1cc(-n2c(Sc3ccc4c(c3)OCO4)nc(C)c2C)c(C(F)(F)F)cc1C(=O)O,23.256091409025917
CCn1c(=O)n(C)c(=O)c2c(Nc3ccccc3C)nc(-c3csc4ccoc34)cc21,23.254949454740753
CSc1ccc(-c2nc3c(-c4cn(Cc5ccccc5)nn4)ccc(O)c3s2)cc1,23.248210661496394
CCOc1nc(NCc2ccnc(Cl)c2)c2cc(-c3ccc4c(c3)OCO4)ccc2n1,23.24613221474897
C#Cc1nc2c(-c3cccs3)nc(SCC(=O)O)nc2n1-c1ccc(C2CC2)cc1,23.200414942572877
CCCNc1ncc(-c2ccc3nc(C)n(-c4c(Cl)ncnc4Cl)c(=O)c3c2)s1,23.197855663429355
Cc1cn(C)c(NCc2cccc(Cl)c2)c1-c1nc(-c2ccc3c(c2)OCO3)no1,23.194626227697576
Cn1cc(-c2cccc3nc(Sc4ccccc4)nc(OCC(=O)O)c23)c(Cl)n1,23.18982964268485
CC(=O)Nc1nc2ccc(-c3c4c(nn3-c3nccs3)CC(C)(C)CC4)cc2s1,23.160052165892175
COc1ccc(-c2cnc3c(c2)c2c(NC4COC4)ncnc2n3CC2CCCCC2)cc1,23.154312674772076
COc1nc(SCc2ccc3ccccc3c2)nc2c1cnn2-c1ccc(C(=O)O)cc1,23.142388744888198
COc1ccc(-c2nc3c(N4CCC(C(=O)O)CC4)nc4nc(C)ccc4c3s2)cc1,23.14196762681896
Cc1cc(O)nc(C)c1-c1ccc2nnc(Sc3ccc(N4CCOCC4)cc3)nc2c1,23.112375701844943
Cc1noc(C)c1-c1ccc2nc(NCc3ccncc3)n(-c3ccc4c(c3)OCO4)c2c1,23.105248346973625
CCn1c(=O)n(-c2ccc(Nc3nccs3)cc2)c2ccc(-c3ccc[n+]([O-])c3C)cc21,23.10501557858712
CCn1c(-c2ccccc(=O)c2Oc2ccc(Nc3nncn3C)cc2)nc2ccccc21,23.10032046925561
Cc1cc(C)c2nc(Sc3ccc4c(c3)nc(C)n4C)c(-c3ccc(N)nc3)c(=O)n2c1,23.098980789667397
COc1ccc2nc(Sc3ccccc3O)n(-c3ccc(-c4ccccc4)o3)c(=O)c2c1,23.07226865081885
Cc1nc2cc(-c3cc(OCF)c(C(=O)O)s3)ccc2n1Cc1ccc2c(c1)OCO2,23.07121914983121
COc1ccc(-c2ccc3c(O)nc(Sc4ccc(-n5ccnc5)cc4)nc3c2)cn1,23.052905632861666
COc1ccc(-n2nc(SC)nc2-c2cc3c(c4ccccc24)OCCCO3)cc1O,23.04353494988821
COc1ccc(-c2ccc3c(c2)CCCN3c2nc(O)nc(SC3CCCC3)n2)cn1,23.00096351539579
COc1ccc(-c2cccc(Sc3nnnn3C3CCCOc4ccc(O)cc43)c2)cc1,22.9986963959169
CC(C)n1nc(Nc2ccc(Cl)cn2)c2c(-c3cnn(-c4ccccc4)c3)ncnc21,22.968528768758784
CCSc1nn(C)cc1-c1ccc2ncc3nc(-c4ccc(C(=O)O)cc4)cn3c2c1,22.947552578886352
COc1ccc(Sc2ccc(-n3cnc4c(NC5CC5)ncnc43)cc2Cl)c(C#N)c1,22.933713694202897
COc1cccc(-n2ncc3ccc(-c4sc(N5CCCCC5)nc4C(=O)O)cc32)c1,22.927162881573732
CN(C)c1ccc(-c2ccc3nc(-n4cc(C#N)cn4)nc(NC4CCCCC4)c3c2)cc1,22.9247974581961
COc1cc2c(-c3nc(O)c4cc(Cl)ccc4n3)cn(C3CCN(C)CC3)c2nc1O,22.92433338264956
CCn1nc2c(Nc3cnn(C)c3)ncnc2c1-c1ccnc(-c2ccccc2Cl)c1,22.91668026813322
COC(=O)c1ccc(Nc2nccc(-c3c(C)on3C3CCN(C(C)(C)C)CC3)n2)cc1,22.913113301378438
O=c1nccc(-c2nc3ccc(-c4cncs4)cc3n2CC2CCCCC2)n1CCO,22.902262620095463
Cc1cc(-c2nc(-c3csc(C(=O)O)c3)c(-c3ccn4ncnc4c3)n2C)ccc1F,22.891688812388036
C#CCSc1nn(-c2ccc(C(=O)O)cc2)cc1-c1ccc(-c2c(Cl)ncn2C)cc1,22.869449804913334
CCCn1c(=O)nc(NC2CCOCC2)c2ccc(-c3ccc4oc(C5CC5)nc4c3)cc21,22.869164987549908
O=C(O)c1ccc(-c2ccc3nc(Sc4ccccc4)n(CCN4CCCC4)c3c2)o1,22.866489335701008
COc1ccc(Cn2cnc(-c3ccc(=N)c4nc(-c5cnn(C)c5)sc4c3)c2)cc1,22.84937718876882
Cn1c(=O)n(-c2nccs2)c2ccc(-c3ccc(Oc4ccc(C(=O)O)cc4)cc3)cc21,22.845152973685284
COc1csc(-c2nc3c(NCc4ccccc4)nccc3n2C2CCCCC2)n1,22.842348135248834
Cc1ncc(-n2c(-c3ccc(NCc4cnn(C)c4)cc3Cl)nc3ncccc32)cn1,22.835593793995724
COc1ccc(-c2ccc3c(c2)c(Sc2ccncc2)nn3-c2cccc(O)c2)cn1,22.82930428458129
c1ccc(COc2ccc(-c3nnc(SC4CCCC4)n3-c3cccnc3)nc2)cc1,22.819715354353473
Cc1ccc(-c2nc(SCC(=O)O)nc3cc(-c4ccc5c(c4)OCO5)n(C)c23)cc1,22.815936725002317
CCn1c(=O)n(-c2ccc(Nc3ncccn3)cc2)c2c(C)c(-c3ccccn3)ccc21,22.79223192132267
Cc1nc(Sc2ccc(Cl)cc2)nnc1-c1ccc(N2CCC(C(=O)O)CC2)nc1,22.79169547980902
Cc1cc(-c2ccc3nc(-c4ccc(C(=O)O)cc4)n(Cc4cccs4)c3n2)n(C)n1,22.778194592737147
CCn1ncc2cc(-c3nnn(-c4ccc(C(=O)O)cc4Cl)c3-c3ccccc3)ccc21,22.774954594822297
Cc1ccc2c(-c3cnn(CC(=O)O)c3)csc2c1-c1cn(Cc2ccccc2)nn1,22.74667814259804
CCn1c(-c2ccc(Cl)s2)nn(Cc2ccc(-c3ccc(C(=O)O)s3)cc2)c1=O,22.737789242931694
COc1cc(-n2nc(Sc3ccc4c(c3)OCO4)c3ccc(C)cc32)ccc1C(=O)O,22.722739636016655
COc1ccc(-n2ncc3ccc(-c4c(C)c(C(=O)O)nn4-c4cccs4)cc32)cc1,22.719569264599237
Cc1noc(-c2ccc3c(c2)c(NCc2ccc4c(c2)OCO4)nn3CC(F)(F)F)n1,22.71000646032105
Cc1nn(C)cc1-n1c(=O)n(-c2cccc(Oc3ccc(C(=O)O)cc3)c2)c2ccccc21,22.66868611182447
COc1ccc(-c2ccc3ncnc(Nc4cnc(N5CCCC5)c(Cl)c4)c3n2)cc1,22.65522608975418
COc1ccc(Cl)cc1Sc1nc2ccc(-c3cncc(O)c3C)cc2c2ncnn12,22.648186566672507
Cc1ccc(-c2ccc3c(C)c(Sc4ccc5c(c4)OCO5)n(CC(=O)O)c3c2)nn1,22.645600821539016
CCc1nn(-c2ccc(NC)nc2)c(-c2ccc(F)s2)c1-c1nc(C(F)(F)F)no1,22.64409672136477
CCn1c(=O)n(-c2ccc(O)c(-c3cccnc3)c2)c2ccc(-c3nc(C)cs3)cc21,22.638367487128843
CCn1c(=O)n(-c2ccc(C(=O)O)cc2C(C)(C)C)c2ccc(-c3ccc(OC)cc3)cc21,22.624958571152614
Cc1ncc(F)c(-n2nc(Nc3ccc4c(c3)c(C)nn4C)c3ncnc(C)c32)c1Cl,22.611921230441062
CCn1c(SC)nnc1-c1cc2c3ccccc3c(=O)n(CC(=O)O)c2c2ccccc12,22.60195977626214
O=c1ccc(-c2nc(SCc3ccccc3)nc(Sc3ccc(Cl)cc3)n2)cn1O,22.579787494990093
COc1ccc(-c2c(C)nc(Sc3ccc4c(c3)OCO4)n2-c2ccc(N)nc2)cc1,22.55365982907293
CSc1ncc(-c2c(-c3ccc4c(c3)OCC(C)N4)nnn2CC2CCCCC2)cn1,22.545477921532278
Cc1nc2cc(-c3nnc(Sc4cccc(Cl)c4)n3-c3cc(O)ccn3)ccc2n1C,22.541660413901994
CCn1c(=O)n(-c2cc3ccc(C(=O)O)cc3s2)c2ccc(-c3ccc(OC)nc3)cc21,22.538854198562355
CCn1c(=O)nc(Nc2ccc3c(c2)ncn3C)c2ccc(-c3ccc(C)nc3Cl)cc21,22.53287851714309
Cc1cc2ncn(C(C)C)c2cc1-c1cc2c(NC3CCOCC3)ncnc2c2cncn12,22.49964864742451
CCn1ncc2ccc(Nc3nc(=O)n(CC)c4nc(-c5ccccc5Cl)ccc34)cc21,22.494878764726135
CN(C)c1ccc(Oc2nc(-c3ccnn4cc(Cl)c(O)c34)nc3ccccc23)cc1,22.489343696731506
C#CCSc1nc(OC)c(-c2ccc(C(=O)O)c(F)c2)c(-c2ccc3c(c2)OCO3)n1,22.47455041955228
O=C(O)CSc1nc2cc(-c3ccncc3)ccc2n1Cc1cccc(-c2cncs2)c1,22.47100711745839
CN(C)c1ccc(-c2ncn(-c3ccc(C(=O)O)cc3)c2-c2ccc3ncnn3c2)cc1F,22.458336059575785
COc1ccc(-c2csc3c(NCc4cc(F)cc5c4OCO5)nc(C)nc23)cc1,22.44417575866622
CCn1cnc(-c2ccc3nc(C(=O)OC)[nH]c3c2)c1Sc1ccc2c(c1)OCO2,22.427283446776123
COc1ccc(-n2nnc(-c3ccc4c(c3)OCCO4)c2Sc2ccccc2)cc1O,22.397023409025095
CN(C)c1ccc(-c2nc3scc(-c4ccc5c(c4)OCCO5)c3nc2C(=O)O)cc1,22.389745069007382
COc1ccc2c(c1)sc(=O)n2-c1ccc(-c2c(C)c(C(=O)O)nn2C2CCC2)cc1,22.355302273840895
CCO[C@H]1CC[C@H](n2nc(-c3ccc(Oc4ccccc4)cc3)c3c2CN=C(N)O3)CC1,22.354287798276864
COc1cccc(-n2cc(C(=O)O)c3cc(-c4cn(Cc5ccsc5)nn4)ccc32)c1,22.340909744490464
COc1cc(-c2cn(-c3ccc(C(=O)O)cc3)c(SC)n2)cc2c1OCn1cccc1-2,22.33624779237463
COc1ccc(-c2nc(Sc3cccnc3)c3ccc(-c4cn(O)cn4)cc3n2)cc1,22.28303212706127
Cc1c(N2CCC(Nc3nccs3)CC2)nnc(-c2ccco2)c1Oc1ccccc1,22.279227387628758
C#CCn1c(O)nc2cc(Sc3nc(-c4ccc(OC)cc4)nc4ccccc34)ccc21,22.25372468147167
Cn1nccc1-c1ccc2c(c1)n(CC(=O)O)c(=O)n2-c1ccc(Oc2ccccc2)cc1,22.25099030949505
Nc1cc(N2CCCCC2)nc(SCc2nc(-c3cccc(C(F)F)n3)cs2)n1,22.244533878627443
COc1ccc(-n2ncnc2-c2ccc(F)cc2Nc2nccc(-c3ccccc3)n2)cc1,22.233037767997484
Cc1noc(-c2ccc3nc(Nc4ccc(N5CCOCC5)cc4Cl)n(C)c3c2C)n1,22.220512925220444
Cc1c(N)nc(-c2csc(N3CCCCC3)n2)n1-c1ccc(Oc2ccccc2)cc1,22.198044373410717
CCSc1nn(-c2ccc(C(=O)O)nc2C)c2ccc(-c3ccc4c(c3)OCO4)cc12,22.15480990500133
Cc1nc2c(-c3ccccc3F)nc(SCC(=O)O)nc2n1-c1ccc(C2CC2)cc1,22.143009615750113
CCn1c(=O)nc(Sc2ccc3c(c2)OCO3)c2ccc(-c3cccc(C)c3O)cc21,22.139973954387372
CCOC(=O)Cn1c(=O)nc(Sc2ccc(Cl)cc2)c2cc(-c3ccn[nH]3)ccc21,22.11665633742961
Nc1ncnc2c1c(-c1ccc3c(c1)ncn3C1CC1)nn2CCSc1ccccc1,22.11427277554674
CC(=O)c1cc(NCc2ccc3c(c2)OCO3)ccc1-c1cn(-c2nccs2)nc1C,22.10313201695249
CCOC(=O)c1cc2c(s1)-c1c(c(C(C)(C)C)nn1-c1ccc(C(=O)O)cc1)CC2,22.086804652552665
COc1ccc(-c2cc3nc(Sc4ccc5c(c4)OCCO5)ccc3nc2C(=O)O)cc1,22.081352558457482
COc1ccc(-n2ncc3cc(-c4cccnc4O)nc(Sc4ccccc4)c32)cc1,22.061901981661645
Cc1nc(Cn2c(-c3cn(-c4ccc(C(=O)O)cc4)c(C)n3)nc3ccccc32)cs1,22.060211004304016
COc1ccc(-c2nc(N3CCC([O-])(Nc4nc(C)cs4)C3)c3ccccc3n2)cc1,22.05562581823645
CCn1c(SCC(=O)O)nnc1-c1ccc2c(c1)-c1cnc(-c3ccccc3)n1CC2,22.04479352247316
COc1ccc(-c2cn(-c3cc(Cl)c(O)c(Cl)c3)nn2)c2cnc(SC)nc12,22.03590907642757
Cc1c(C(=O)O)cn(Cc2ccncc2)c1-c1ccc(Sc2ccc3c(c2)OCO3)nc1,22.033194394813677
Cn1c2ccccc2c2cc(-c3nc(O)nc(SCC(=O)c4ccccc4)n3)ccc21,22.009453461574687
Cc1onc(-c2ccc(N3CCOCC3)nc2Oc2ccc(Nc3ccccn3)cc2)c1C,21.99751212833649
Cc1cc(Sc2nc3ccccc3c(=O)n2-c2ccccc2)ccc1-c1cnc(N)nc1,21.990010831465195
CCOc1nc(F)ccc1-c1nc(Nc2ccc(C(=O)OC)cc2)nc2c1CCCS2,21.959817835313455
Cc1nc2c(-c3cn(C)s3)ncnc2n1Cc1ccc(-c2ccc(C(=O)O)cc2)cc1,21.959745071789456
COc1ccc(-c2nc(N3CCC(C(=O)O)CC3)c3sc4c(c3n2)CC(C)(C)C4)cn1,21.95512597214091
CCSc1nc(-c2ccc(N3CCOCC3)cc2)c(-c2nc(C)no2)c2ccccc12,21.92320040409795
COc1cc2nc(-c3ccc4c(cnn4-c4ccc(C(=O)O)cc4)c3)sc2cc1OC,21.914977464853983
C=CCCn1c(SCC(=O)O)nnc1-c1cccc2c1-c1cc(Cl)ccc1CO2,21.87723794845282
Cc1ccnc(C)c1-c1ccc2nc(Sc3ccc4c(c3)OCO4)n(CC(=O)O)c2c1,21.86449565526871
COc1ccc(-c2ccc(-c3c(C)sc4c(-c5nccs5)nc(N)n4c3=O)cc2)cc1,21.83420515540739
Nc1ccc(Cn2nnc(-c3ccc4c(c3)c3ccccc3n4Cc3nccs3)n2)cc1,21.830862519184272
COc1ccc(Nc2nc(-c3ccccn3)nc3c2ncn3Cc2ccncc2)cc1Cl,21.819808301731793
COc1ccc(-c2c(-c3cn(C4CCSC4)cn3)cnn2-c2ccc(C(=O)O)cc2)cc1,21.804943901157205
COc1cc2c(=O)n(-c3ccc(C(C)(C)C)s3)c(SCC(=O)O)nc2cc1C1CC1,21.80307080609271
C=CCNc1ccc2nc(SCC(=O)OC(C)(C)C)n(-c3ccccn3)c(=O)c2c1,21.771535569187886
COc1ccc(-c2ccc3c(-c4nncs4)nc(=O)n(CC4CCCCC4)c3c2)cc1,21.765153487690743
Cc1nc(-c2ccc(Sc3nc4ccccc4n3C3CCN(C)CC3)cc2)c(C(=O)O)o1,21.755172750985725
CCn1cnc(Sc2ccc(-c3ccc(O)cc3)nc2)c1-c1ccc2c(c1)OCCO2,21.751349844186475
CCn1c(SCC(=O)O)nnc1-c1ccc(-c2cccc(Cl)c2C(F)(F)F)cc1,21.745199550128163
CCn1c(=O)n(-c2ccc(OC)cc2)c2cc(-c3ccc4nc(C(=O)O)sc4c3)ccc21,21.739545390636344
COc1ccc(-n2c(=S)n(-c3ccc(O)nc3)c3cc(-c4c(C)noc4C)ccc32)cc1,21.734406814909693
Cc1noc(-c2ccc3nc(Nc4ccc(F)cc4)n(CCC4CCOCC4)c3c2)n1,21.682690665915658
Cc1ccc(-c2cc3c(N4CCC5(CCCO5)CC4)nc(SCC(=O)O)nc3o2)cc1,21.66085278469318
COc1ccc2nc(N)nc(Sc3ccc(-c4ccc(N5CCCC5)nc4)cc3)c2c1,21.651051237970634
COc1ccc(-n2c(-c3cccs3)nc3c(NCc4ccccc4)nc(C#N)nc32)cc1,21.61382663844894
O=C(O)CSc1nc(-c2ccc(-c3ccccc3)s2)c2cnn(CC3CC3)c2n1,21.57845301451467
CSc1cc(-c2nc(CSc3ccccc3)no2)ccc1N1CCC(C(=O)O)CC1,21.577559716097365
COc1ccc2c(-c3ccccc3C(=O)O)nc(SCc3ccc4c(c3)OCO4)n2c1,21.555859443875782
COc1ccc(-c2cc(N3CCCCC3)nc3c2cnn3-c2ccc(C(=O)O)cc2)cc1,21.55411523179133
COc1ccc(Cn2cnc(-c3cccc(O)c3)c2-c2nc(C(F)(F)F)ns2)cc1,21.55380493631985
CN(C)c1ccc(-c2cc3nc(SCC(=O)O)nc(-c4cccc(F)c4)c3s2)cn1,21.547842760483697
COc1ccc(Sc2nc3ccccc3c(=O)n2-c2ccc(-c3cnn(O)c3)cc2)cc1,21.545019160364497
Cc1cc(-c2ccc(-c3ncn(C)c3Sc3ccc4c(c3)OCO4)cc2)ncc1C(=O)O,21.52279087867723
Cc1noc(-c2ccc3c(-c4ccc(F)cc4)nnc(NCC4CCN(C)CC4)c3c2)n1,21.51856647889389
Cc1nc2c(-c3ccc4sccc4c3)nc(SCC(=O)O)nc2n1Cc1ccccc1,21.508302503495322
O=C(O)CSc1nc(-c2ccc3c(c2)OCO3)c(C=C2CCOCC2)n1CC1CCC1,21.48412983151791
Cc1nnc(SCc2nc(-c3ccc(F)cc3F)cn2-c2ccc(C(=O)O)cc2)s1,21.47728549761075
CCn1c(=O)n(-c2ccc(OC)cc2)c2ccc(-c3ccc4nc(C(=O)O)sc4c3)cc21,21.47635406551681
COc1ccc(-c2nn3c(NCc4ccccc4)ncnc3c2-c2ccc3c(c2)OCO3)cc1,21.476181157174665
COc1ccc(Nc2ncnc3ccc(-c4cn(C)c5ncn(C)c(=O)c45)cc23)cc1Cl,21.471944693239543
COC(=O)CSc1nc(-c2ccc3c(c2)oc2ccccc23)nn1-c1ccc(O)cc1,21.462972861820994
COc1ccc(-c2nnn(-c3ccc(F)cc3O)c2/C=C/c2ccc3c(c2)OCO3)cc1,21.41819230489785
COc1cccc(-n2c(=O)n(CC3CCC3)c3ccc(-c4csc(C(=O)O)n4)cc32)c1,21.40342391127481
O=C(O)CSc1nnc(-c2ccc(CC3CCC3)cc2)n1-c1ccc2c(c1)OCCO2,21.40254070280237
COc1ccc(-c2cc(-c3csc(C(=O)O)c3)nn2-c2ccc3c(c2)OCO3)c(C)c1,21.398466896425106
CCn1c(Sc2ccc3c(c2)OCO3)c(-c2cccnc2)c(=O)c2ccc(C(=O)O)cc21,21.382639165067506
CCn1nnc2cc(-c3nc(SC)sc3-c3ccc(OC(F)(F)F)c(=O)[nH]3)ccc21,21.36359758986283
O=C(O)c1ccc(-c2nc(SCc3ccccc3)nn2-c2ccc3c(c2)OCO3)cc1,21.330908878584072
CSc1nnc(-c2c(C)n(Cc3ccccc3)c3ccccc23)n1-c1ccc(N)nc1,21.329831848717458
O=C(O)CSc1nc(-c2ccc(Cl)cc2)c2c(ncn2CCc2cccs2)n1,21.320573969400876
O=C(O)CSc1nc(-c2ccc(Cl)cc2)c2ncn(-c3ccc(C4CC4)cc3)c2n1,21.316792230876217
CCn1c(=O)n(-c2ccc(C(=O)O)cc2Cl)c2ccc(-c3sc(C)nc3C)cc21,21.310496627369037
Cn1cc(-c2ccc3c(-c4nccs4)nc(=O)n(CCC4CCCCC4)c3c2)c(O)n1,21.29798536841877
COc1ccc(-c2cc(-c3ccc4c(c3)CN(C)C4)n(-c3nc(C(=O)O)cs3)n2)cc1,21.284873966088792
Cc1nc(-c2ccc3c(Nc4ccc(C#N)cc4)ncnc3c2)sc1CN1CCCC1,21.237527852800696
COc1ccc(-c2ccc(-c3nnnn3-c3ccc(O)c(C(C)(C)C)c3Cl)cc2)cc1,21.209964335501777
COc1ccc(-c2nc(Nc3ccc(C(F)(F)F)nn3)c3c(C)c(C)sn3c2=O)cc1,21.2089425303033
COc1ccc(Nc2nc3sc(C)c(-c4ccc(-c5cccnc5)cc4)c(=O)n3n2)cc1,21.203758706419276
O=C(O)c1ccc(SCCn2c(-c3ccc4c(c3)OCCO4)nc3ccccc32)cc1,21.203553754339392
CCn1cc(-c2c(C(=O)O)sc3nc(-c4ccc(N5CCOCC5)cc4)cc(C)c23)cn1,21.16965965665287
Cc1ccc(-n2c(SCC(=O)Nc3nc4cccnc4s3)nc3ccccc32)c(C)c1,21.151933287904182
COc1cc2c(-c3ccccc3)c(C(=O)O)nc(SCc3ccc4c(c3)OCO4)n2c1,21.13512582980337
COc1ccc(-c2nc3c(Nc4ccc(F)cn4)nc(=O)n(C)c3n2C2CCCCC2)cc1,21.12910664699824
Cc1cc(N)nc(SCc2nc(-c3ccccc3Cl)n(-c3cccc(Cl)c3)n2)n1,21.124166678908605
CNc1ncc(-c2nnc(Sc3ccccc3Cl)n2-c2ccc(C#N)c(C)c2)cn1,21.119850532917404
Cc1nn(-c2ccc(O)cc2)c2c1CCc1nc(-c3cncnc3OCC3CC3)sc1-2,21.116209623400316
CSc1nnc(-c2ccc(-c3ccc4oc(=O)n(CCC(F)(F)F)c4c3)cc2O)s1,21.10507392909439
COC(=O)c1ccc(Nc2nc3cc(OC)cc(-c4ccc5c(c4)OCO5)c3s2)cc1,21.07848157928847
O=C(O)CSc1nc(-c2ccc(-c3ccccc3)cc2)c2cnn(C3CCOCC3)c2n1,21.071507563808478
Cc1cnc(OCc2ccccc2)c(-c2cc3c(NC4CCOCC4)ncnc3s2)n1,21.071469108968202
COc1ccc(-n2c(Sc3ccc(Cl)cc3)nc3cc(-n4ncc(N)n4)ccc32)cc1,20.985989053639774
Cc1cc(-c2ccccc2S(C)(=O)=O)ccc1Nc1nc(-c2nccs2)cs1,20.96454069086172
COc1ccc(-c2nc3ccccc3n2-c2cc(Nc3ccc(F)cn3)nc(C)n2)cc1,20.927239514197137
Cn1nc(Sc2ccccc2)c2nc(-c3ccc(C(=O)O)nc3)n(Cc3ccccc3)c21,20.911676053686353
COc1ccc(CNc2nc(-c3cccc(-n4c(=O)oc5ccccc54)c3)cs2)cc1,20.907910655305425
COc1cccc(-n2c(C(=O)O)nc3cc(-c4cnn(Cc5ccccc5)c4)ccc32)c1,20.90374495789806
COc1ccc(-n2ncc3c(-c4ccc(Oc5cccnc5)cc4)nc(S)nc32)cc1,20.90351978851229
Cc1ccc(CN2CCC(Nc3ncnc4ccc(-c5nc(C)no5)cc34)CC2)cc1,20.888990163069977
CC(=O)Nc1nc(SCc2ccc3c(c2)OCO3)nnc1Sc1ccc(F)cc1,20.842699332035316
COC(=O)CSc1nc(Sc2ccc(Cl)cc2)cc(-c2cccc(C(=O)O)c2)n1,20.80280429863895
COc1cc2nccc(Nc3ncnc4cnn(-c5ccc(F)cc5F)c34)c2cc1OC,20.787572251249184
Cn1nnc(/C=C/c2cn(-c3ccc(C(=O)O)cc3)nc2Sc2ccccc2)c1Cl,20.780749818696222
COc1ccc(-c2ccc(-c3c(C)sc4nc(-c5ccc(O)nc5)nn4c3=O)cc2)cc1,20.745667918382093
Cc1ccc(-n2ncc3c(Nc4cc(-c5cnn(C)c5)c(Cl)cn4)ncnc32)c(C)c1,20.72576817770103
COc1ccc(-c2ccc(C(F)(F)F)nc2F)cc1-c1nnc(SCC(=O)O)s1,20.700111213205396
c1ccc2c(NCCN3CCCCC3)nc(Oc3ccc(-c4nncs4)cc3)nc2c1,20.666939714948082
CCn1c(=O)c2cc(-c3nc4ccc(-c5ccsc5)cc4nc3O)ccc2n(CC)c1=O,20.66259511175801
COc1ccc(-n2c(Sc3ccc(F)cc3)nc3ccc(-c4nnnn4C)cc32)cc1,20.616549372850006
Cn1c(SCC(=O)O)nc(-c2ccc(OC(F)(F)F)cc2)c1-c1ccc2c(c1)OCO2,20.5863439584284
Cc1cc(-c2nnc(SCc3ccccc3)n2-c2ccc3c(c2)OCO3)ccc1C(=O)O,20.583651994405983
COc1ccc(-n2nc(Sc3ccc(O)c(Cl)c3)nc2-c2cccc(=O)cc2)cc1,20.52440503884556
COc1ccc(-c2c(C)sc3nc(C4CC4)nc(N4CCC(C(=O)O)CC4)c23)cc1,20.52431140254373
Cn1ncnc1-c1ccc2c(c1)nc(Sc1ccc(C(=O)O)cc1)n2Cc1ccccc1,20.51868434284392
COc1cccc(-n2c(Sc3ccc4c(ccn4CC(=O)O)c3)[n+]([O-])c3ccccc32)c1,20.505230841969105
CCNc1nc2ccc(-c3c(-c4nc(C)no4)ccc(=O)n3CC(F)(F)F)cc2s1,20.50311704590922
O=C(O)CSc1nnc(-c2ccc3c(c2)CC[C@@H]3OCc2ccccc2Cl)s1,20.484639253099065
COC(=O)CSc1nnc(-c2ccc3[nH]c(N4CCCC4)c(-c4ccco4)c3c2)s1,20.45986238406953
CCn1c(-c2c(-c3ccc(O)cc3)nnn2Cc2ccccc2)nc2sccc2c1=O,20.43495985523702
Cc1ccc(-c2nc(SCC(=O)O)n(-c3ccc(OC(F)(F)F)cc3)n2)cc1Cl,20.43323647459282
Cn1cc(-n2c(SCc3ccc(C(=O)O)cc3)nnc2-c2ccc(F)c(Cl)c2)cn1,20.42533813602729
CNC(=O)c1ccc(-c2nc(SC)nc3c(-c4ccc5c(c4)OCO5)csc23)cn1,20.41442215361504
Cc1nn(-c2ccc3ccccc3c2)c2nc(SCC(=O)O)nc(-c3ccccc3)c12,20.3962325656444
Cc1noc(C)c1-c1ccc2nc(-c3cccnc3N3CCC(CO)CC3)sc2c1,20.39083143247903
CCn1nc(-c2ccc(Oc3ccccc3)cc2)c2ncnc(N3CCC(C(=O)O)CC3)c21,20.30540012558874
Cc1cccc(Cn2cnc3cc(-c4nnc(SCC(=O)O)s4)c(Cl)cc32)c1,20.279009864669817
COc1ccc(-c2nc(-c3cnn(C4CCC4)c3)sc2/C=C2\SC(=O)NC2=O)cc1,20.25785606310547
CCn1c(-c2ccc3c(c2)OCO3)nc2c(Nc3ccc(C(=O)OC)cc3)ncc(F)c21,20.23351164677071
Cc1ccc(Cn2nnnc2-c2ccc(Nc3nc(-c4ccccc4)cs3)cc2)cc1,20.22321809401443
CCn1c(SCC(=O)O)nnc1-c1ccc2c(c1)CCc1c(C(F)(F)F)nsc1-2,20.21475518695188
O=C(CSc1nnc(-c2nccs2)n1-c1ccccc1Cl)OCc1ccccc1,20.176789577745105
COc1ccc2cc(-n3c(SCC(=O)O)nnc3-c3ccc(Cl)cc3)ccc2c1,20.175680946775987
O=C(O)CSc1nnc(-c2ccc(-c3cccnc3)s2)n1Cc1cccc(Cl)c1,20.132723131128348
CSc1nc(-c2ccc3c(c2)N(C)CC(C)C3)c2cnn(-c3ccc(C(=O)O)cc3)c2n1,20.12646972623922
Cc1ncsc1-c1nn(-c2ccc(O)cc2)c(=O)n1-c1ccc(Oc2ccccc2)cc1,20.11955805088353
Cc1noc(C)c1-c1cnc2nc(C3CC3)nc(Nc3ccc(N4CCOCC4)cc3)c2c1,20.08855050182615
Cc1c(-c2ccccc2)nsc1NC(=O)CSc1nnnn1-c1ccccc1Cl,20.076427878718448
CC1(C)CCN(c2nc(SCC(=O)O)nc3sc(-c4ccccc4F)cc23)CO1,20.038564790251243
Cc1cnc(N2CCOCC2)c2c1nc(Sc1ccc(C(=O)O)cc1)n2C1CCCCC1,20.03402481248442
Cc1ccc2c(-c3nc(SCC(=O)O)nc(Sc4ccc(F)cc4)n3)cn(C)c2c1,20.03062282456438
Cc1noc(-c2cnn(Cc3ccc(Cl)cc3)c2NCc2ccc3c(c2)OCO3)n1,20.009240395633228
COc1ccc(-n2nc(C(=O)O)c3c(Oc4ccccc4C(F)(F)F)nsc32)cc1,19.986995062166258
Cc1ccccc1-c1ccc(-c2nnc(SCC(=O)O)n2-c2ccc3c(c2)OCO3)cc1,19.98537539767928
Cc1ccc(-n2nc(-c3nccs3)n(-c3ccc(Oc4ccc(O)cc4)cc3)c2=O)cc1,19.97586315188116
CC(=O)Nc1ccc(Oc2cc3snnc3cc2-c2cnn(C3CCN(C)CC3)c2)cc1,19.970841345266763
COc1ccc(C(F)(F)F)cc1-c1ccc(-c2nnc(SCC(=O)O)s2)cn1,19.91309427014725
COc1ccc(-c2c(Sc3ccc(C(=O)O)s3)nc3c(C)cccn3c2=O)cc1,19.911086697014724
Cc1cc(-c2cncnc2)ccc1-c1cnn2c(NCc3ccc4c(c3)OCO4)nccc12,19.855964752481448
COc1ccc(-c2nnc(SCc3ccc4c(c3)OCCO4)nc2NC(C)(C)C)cc1,19.836223577257115
COc1ccc2c(=O)n(-c3cccc(Cl)c3)c(Sc3ccc(C(=O)O)cc3)nc2c1,19.81906325872218
CSc1nnc(-c2ccc3c(c2)nc(N)n3Cc2ccc(OC(F)(F)F)cc2)s1,19.798123219546973
Cc1cc(C)cc(Sc2nc3c(N4CCCC4)nncc3n2-c2ccc(C(=O)O)cc2)c1,19.751483101111656
COc1ccc(-n2c(=O)c3ccc(O)cc3c3ccc(-c4nccs4)cc32)cc1OC,19.720676121505626
O=C(O)CSc1nc(SCc2ccc(F)cc2)nc(-c2ccc3ncccc3c2)n1,19.58683134191923
CCn1c(=O)n(C2CCCC2)c(=O)c2cc(-c3c(Nc4ccccc4)noc3C)ccc21,19.54555695534084
Cc1ccc(Cn2c(-c3ccc(C(=O)O)cc3)cnc2Sc2ccc3c(c2)OCO3)cn1,19.52559629706951
COC(=O)c1cc2nc(NCc3ccc4c(c3)OCO4)nc(-c3ccccc3C)c2s1,19.483872823765857
Cn1cc(-c2ccc3nc(SCC(=O)O)n(-c4ccc(-c5cccnc5)cc4)c3c2)cn1,19.466796609696956
COc1ccc(-n2c(SC(C)=O)nc3c(Nc4ccc(F)c(Cl)c4)ncnc32)cc1,19.380355500061473
Cn1c(Sc2ccc(-c3ccc(C(=O)O)cc3)cc2)nnc1-c1ccc2c(c1)OCO2,19.310883272124723
COC(=O)CSc1nc(-c2ccc(C(=O)O)cc2)c(C(C)(C)C)n1-c1ccccc1,19.287408312760245
CCOC(=O)CSc1nnc(-c2ccc(Cl)c(-c3ccc4c(c3)NCO4)c2)s1,19.282561266884166
N#Cc1ccc(CCNc2nc(Sc3ccc4c(c3)OCO4)nc3ccccc23)cc1,19.18119489240248
Cn1c(=O)n(Cc2ccco2)c2cc(-c3ccc(O)cc3)nc(Sc3ccccc3)c21,19.169060334172098
O=C(O)CSc1nc2cc(-c3cn(Cc4ccccc4)nn3)ccc2n1C1CCCC1,19.1575239631375
CCn1c(=O)n(-c2ccc(OC)cc2)c2ccc(-c3nc4ccc(C(=O)O)cc4s3)cc21,19.12413564211194
COc1ccc(-n2c(SCC(=O)O)nnc2-c2cccc(C(F)(F)F)c2)c(Cl)c1,19.122101986582692
CSc1ccc(-c2nc(SCC(=O)O)nc3c2cnn3-c2ccc(Cl)cc2)cc1,19.11485444487726
Cc1ccc(-n2c(SCc3ccc(C(=O)O)cc3)nnc2-c2ccc3c(c2)OCO3)cc1,19.101154590323027
COc1ccc(-n2c(Sc3ccc4c(ccn4CC(=O)O)c3)nc3cccnc32)cc1,19.077597472309517
Cc1csc(-c2nc(SCC(=O)O)n(-c3ccc(F)cc3)c2-c2ccccc2)n1,19.066422319604456
CCn1ncc2cc(-c3ccc(SCC(=O)O)nc3-c3ccc4c(c3)OCO4)ccc21,19.040069840824987
COc1ccc(-n2c(Sc3nnnn3-c3ccc(Cl)cc3)c(N)c3ccccc32)cc1,19.03590160168532
Cn1ncc2cc(-n3c(SCC(=O)O)nnc3-c3ccc(-c4ccccc4)cc3)ccc21,18.98156873644636
CCn1c(=O)c2cc(-c3nc4cc(-c5cccs5)ccc4nc3O)ccc2n(CC)c1=O,18.981070148666557
COc1cccc(-c2nnc(SCC(=O)O)n2-c2ccc(Cl)c(C(F)(F)F)c2)c1,18.976410478653506
COc1ccc(-n2c(=O)n(-c3ccc(C)cc3)c3c(NC4CCCCC4)ncnc32)cc1,18.933581851657642
Cn1c(Sc2ccc(-c3ccc(C(=O)O)cc3)cc2Cl)nnc1SC1CCC1=O,18.922838114360683
COC(=O)c1ccc(CNc2nc(Sc3ccc4c(c3)OCO4)nc3ccccc23)cc1,18.863747753751788
COc1cc(-n2ncc(OC(F)(F)F)c2-c2nccs2)ccc1C(=O)O,18.768664018285122
Cc1nn(C)c2cc(Sc3cccc(-c4cn(-c5ccc(C(=O)O)cc5)nn4)c3)ccc12,18.566337100613154
O=C(O)CSc1nnc(-c2ccc3c(cnn3-c3ccccc3)c2)n1Cc1ccccc1,18.480992480719195
Cc1c(Sc2ccc3c(c2)OCCO3)nc(SCC(=O)O)nc1-c1ccc(F)cc1,18.474848474476257
COc1ccc(-n2c(Sc3ccc4c(c3)OCCO4)c(C(=O)O)c3ccccc32)cc1,18.46737771572477
Cc1cc(C)c2cc(-n3c(SCC(=O)O)nc(=O)n3-c3ccccc3Cl)ccc2c1,18.344990548852625
COc1ccc(-c2nc(SCC(=O)O)nc3c2cnn3-c2ccc3ccccc3c2)cc1,18.33291186783778
COc1cc2nc(-c3ccc4c(c3)OCO4)nc(NC3CCCCOCC3)c2cc1OC,18.31558549317431
COc1ccc(-n2ncnc2-c2c[n+]([O-])c(Nc3ccccc3C(F)(F)F)s2)cc1,18.295346697041126
O=C(O)CSc1nc(SCc2ccc(F)cc2)nc(-c2ccc3c(c2)CCCO3)n1,18.287612358140922
COc1ccc(-c2c(C)sc3nc(Nc4ccc(-c5cccnc5)cc4)nn3c2=O)cc1,18.21543629415685
COc1ccc(-c2c(C(=O)O)nc(Sc3ccc4c(c3)OCO4)n2CC(F)(F)F)cc1,18.188842031565194
COc1cc(-c2ccc(C(=O)O)cc2)ccc1-n1nnnc1Sc1ccc(Cl)cc1,18.055595372248874
COc1ccc(-c2ccc3nc(SCC(=O)O)n(-c4ccc5c(c4)OCO5)c3c2)cc1,18.014024084055613
Cc1nn(C)c2nc(SCC(=O)O)nc(Sc3ccc(-c4ccc(F)cc4)cc3)c12,17.94065493012301
COc1ccc(-c2nnn(-c3ccc(O)cc3)c2Sc2ccc3c(c2)OCCO3)cc1,17.900342488305217
O=C(O)CSc1nnc(Sc2ccc(Cl)c(-c3ccncc3)c2)n1-c1ccccc1,17.884532987408317
CCn1c(=O)cc(-c2ccc(F)cc2)c2ccc(-c3nnc(SCC(=O)O)s3)cc21,17.58089862018339
CSc1nc(Oc2ccccc2)c(F)c(-c2cc(C(=O)O)ccc2N2CCOCC2)n1,17.534383159053327
O=C(CSc1nc(-c2cccs2)n(-c2ccc(O)cc2)c(=O)n1)c1ccc(Cl)cc1,17.470699817333024
C#CCSc1nc(Sc2ccc(-c3ccc(O)cc3)cc2)nc(-c2ccncn2)n1,17.246130869406333
Cc1cccc(-c2nnc(SCc3ccc4c(c3)OCO4)n2-c2cccc(C(=O)O)c2)c1,17.19245059684348
CS(=O)(=O)Nc1cccc2c1nc(Sc1ccc3c(c1)OCO3)n2C1CCCCC1,17.041707468772415
O=C(O)CSc1nnc(-c2ccc(Oc3ccccc3F)cc2)n1-c1ccc(F)cc1,16.93807293714439
O=C(O)CSc1nc(SCc2cccc(Cl)c2)cc(-c2ccc3c(c2)OCO3)n1,16.643680048165283
COc1ccc(-c2nnc(SCC(=O)O)n2-c2cc(Cl)c(Cl)cc2Cl)cc1,16.436808074255005
Cc1ccc(-c2nnc(SCc3ccc4c(c3)OCO4)n2-c2cccc(C(=O)O)c2)cc1,15.560105325389397
Cc1ccc(-c2nnc(SCc3ccc4c(c3)OCO4)n2-c2ccc(C(=O)O)cc2)cc1,14.998401216870823
