SMILES,log-likelihoodog
Cc1ccn2c(-c3ccc(OC(=O)Nc4c(C)nn(C)c4C)c4ccc(F)n34)cnc2c1,34.67632935422435
Cc1nc(-c2ccccc2)n2ncnc(NCCc3ccc4cnn(C(C)(C)C)c4n3)c12,34.29364582720029
CCOc1cc(C(C)(C)c2nc3ccccc3c3c2CSC3=O)ccc1OCC(=O)O,34.18937657418189
COc1cccc(-c2ccc3c(Sc4c(N5CCC5)nc5ccccn45)nccc3n2)n1,33.488850072190345
Cc1c(-c2ccc(Oc3ccc4c(n3)N(CC3CCC3)C(N)C4)cc2)nc2ccccn12,33.257231822277824
Cc1cc(C)cc(Oc2ccc(Cn3nc(-c4cccs4)c4c3C(=O)C(=O)NC4)cc2)c1,32.352450433225215
Cc1c(Cl)ccc2ccc(Oc3cc(-c4cn(C)c(=S)n4CC(=O)O)ccn3)nc12,31.981457464376337
Cc1c(-c2ccnc(SCC(=O)Oc3cncs3)n2)c2n(c1-c1ccccc1)CCCC2,31.961499955468362
COC(=O)c1cc2c(s1)-n1c(-c3cccc(OC)c3)cc3c1N(CC2)N=C(C)C=C3O,31.69286287327805
Cc1c(Oc2cc(O)nc3ccccc23)cccc1-c1ccc(-n2nccn2)n1C,31.455822593810435
COc1ccc(-c2ccc(C)cc2)c2c1OCN(Cc1oc3ccccc3c1C(=O)O)C2=O,31.360079719453303
Cc1cc(-c2cc(Oc3ccc4c(cnn4CC4CCS4)c3)c3nccn3n2)ccc1O,31.18941769991009
C#CCNc1nc(-n2ccnc2)nc2c(/C=C/c3cccc(-c4cncnc4)c3)c(C)sc12,30.729389762295565
COc1cccc(-c2cc(/C=C3\Cc4c(O)nc(C)nc4C3=O)c3c(c2)nc(Cl)n3C)c1,30.666451859145138
COc1cc(OC)cc(-c2cccnc2-c2cccc3c2C(NN)c2cnccc2S3)c1,30.46371973878772
Cc1nc(O)nnc1Sc1ccc2nc(C)n(-c3cccc(-c4ccccc4)n3)c2c1,30.44782657881371
Cc1nc2c(s1)CCOc1ccc(-c3cccc4c3nc(SCC(=O)O)n4C)cc1-2,30.428456373744964
Cc1ccc(-c2ccc(Oc3cc(O)nc(SC4=NCC(F)(F)CN4C)n3)cc2)cc1,29.853145733264967
Cc1cccc(-n2nc(-c3ccc(-c4ccn(C)c4)s3)nc2NC(=O)c2ccccc2)n1,29.755157560802843
Cc1cc(C)c2ccc(-n3nc(-c4cccs4)cc3Cn3ccc(C(=O)O)c3)nc2n1,29.621583553040495
CCc1ccc(-c2cc(C)nn2-c2nc3ccc(C(=O)O)cc3n2C2CCSC2)cc1,29.606193342330414
Cc1ccc(Oc2cccc3c2CC2CCC(CC3)N2Cc2nnc(C(=O)O)s2)cc1,29.520331242378678
Cc1cc(-c2c(C)n(-c3cccc(O)c3)c3c(=O)n(-c4ccccn4)cnc23)sc1C,29.347723792497444
CCc1nc(-c2ccc3c(c2)SCCO3)n(-c2cc(Cl)ccc2OC(=O)OC)c1C,29.258992719494692
Cc1cc(-c2ccc(C(=O)O)cc2)n(CC2CCN(c3cnc4sccc4n3)C(C)C2)n1,29.207762647938356
Cc1ccc2c(OCC(=O)Oc3ccc4c(c3)C(C)SC(S)=N4)cccc2n1,29.143660605827346
Cc1ccc(-c2ncnc(Oc3c(Cc4cn(C)nn4)sc4c3CNCCC4)c2C)cc1,29.131639186571824
Cc1ccc(-c2nc3sc(C)c(C4CCCC4)n3n2)cc1-c1nnnn1-c1ccccc1,29.099559262224762
Cn1nc2c(c1-c1cccc(-c3ccnc(CSc4ccc(C(=O)O)cc4)n3)c1)CCC2,28.95881643460843
CCn1c(Sc2ccc(F)cc2)nc2cc(-c3c(C)nc4n3C(N)CCC4)ccc21,28.939557811531373
COc1ccc(-c2ccc3c(c2)C(Nc2nccs2)=NC(c2ccc(C)nn2)C3=O)cc1,28.8728744897402
Cc1cc(C)nc(Nc2cc(-c3ccc(-c4cn(C)c5ncccc45)cc3)nn3ccnc23)n1,28.827232559029085
O=C(O)Cc1cc2cccc(-n3nnc(/C=C/c4cncc(-c5ccccc5)c4)n3)c2s1,28.821441720617962
COc1ccc2c(n1)[SH](c1nccn1C)C=C(C(=O)O)C(n1ccc3ccccc31)C2,28.751969930728094
Cc1nc2cc(OCc3n[nH]c(=S)n3-c3ccccc3F)nnc2cc1-c1ccn(C)c1,28.680874083676663
Cc1nc(N)c2cc(Sc3nn(-c4ccc5c(c4)SCC5)c(C)c3C)ccc2n1,28.654752130083608
Cc1ccc(-n2nc(C)nc2-c2cnc3c(c2)-c2ccccc2C(CC(=O)O)CS3)cc1,28.56695139055386
Cc1ncc(-c2cc(Cn3nc4cccc(F)c4c3Cl)cs2)nc1SCC(=O)O,28.547091438519278
CC1C/C(=N\O)C(=O)c2cc(OCc3cccc(-c4cn(-c5ccccc5)nn4)c3)ccc21,28.497008523096884
CCOc1ccc(-c2ccc(-c3cn(-c4ccc(Cl)cc4)nn3)c(C(=O)O)c2)s1,28.42055404353649
Cc1cc(-c2nc3ccccc3s2)cc(-c2cccc(-c3nccc(=O)n3CCO)c2)n1,28.41430202433227
C[C@H]1C[C@@H](n2nnc3ccc(-c4ccccc4OCc4nc5ccccc5s4)nc32)CO1,28.294106278042737
Cc1nc2ccc(-c3sc(Nc4ccc(C5CC5)nn4)nc3N3CCCC3)cc2nc1C,28.18582365753676
Oc1nc(SCc2cn(CCc3ccc4c(c3)CCO4)nn2)nc2ccccc12,28.1601415159506
COc1ccc(-c2nc3c(Nc4cnc5c(c4)c4ccccc4n5C)cc(C)nn3n2)cc1,28.063550105139225
CCc1ccc(-n2cc(Cl)cc2SCc2ncnc3cc(N)c(Cl)c(=O)n23)s1,28.00780115581407
COc1ccc(-c2nn(-c3cc(=O)n(C)c4sc5c(c34)CCCC5)cc2C(=O)O)cc1,27.95875790602937
COc1ccc(-c2cc3c(c(Sc4ccccc4C(=O)O)n2)ON(C2CC2)CC3)cc1,27.922085961265356
Cc1ncccc1-c1nsc(NC(=O)c2ccc3c(c2)ncn3Cc2ccsc2)n1,27.78738056731581
C#Cc1cc2c(=O)n(-c3ccc(Oc4ccccc4)cc3SCC(=O)O)cnc2s1,27.778308137639538
COc1ccc(-c2nc3ccccc3n2Cc2ccc3nc(C)sc3c2)c(C(=O)O)c1,27.77012840782405
COc1ccc(-c2cc(C)nc(Sc3nc4ccccc4c4c3CC(C)C(=O)N4)n2)cc1,27.763190768696315
Cc1nc(-c2ccc(O)cc2)cc2nc(-c3ccc4c(c3)OCO4)n(Cc3cncn3C)c12,27.760474837459437
Cc1cccc(Sc2ccc(-c3cc(C)nc4c(-c5cncs5)n(O)n4c3=O)cc2)c1,27.752658600752145
Cc1nc(-c2ccc3c(c2)OCO3)c2nc(CNc3ccc4ncccc4c3)n(C)c2c1C,27.7294824750564
Cn1nc(-c2ccc3c(c2)nc(-c2ccsc2)n3CC(=O)O)c2ccc(OC3CC3)cc21,27.63121589318378
Fc1cc(-n2cnnn2)ccc1Oc1cc(NC2CC2)nc2ccn(Cc3ccccc3)c12,27.60906120002961
COc1cccc(-c2nc3ccc4sccc4c3n2Cc2ccc(-c3nnn[nH]3)cc2)c1,27.608728955939895
COc1cccc(-c2cc(OC(C)(C)C)nc3c(-c4ccccc4)c(C(=O)O)nn23)c1,27.55268938209512
CC1C(=O)N(C2CCC2)N=C1c1cccc(Sc2c(C(=O)O)sc3cccnc23)c1,27.529210126224932
Cc1c(C(=O)O)nc(-c2cccc(-c3ccc4c(c3)CCN4Cc3ccsc3)c2)n1C,27.524939665753816
Cc1nc(-c2cccc(O)c2)sc1CN1CCCC(n2cnc3c(C)nccc32)CC1,27.5209583022139
C#CCOc1cc(C)cc2c1nc(-c1ccc3c(c1)OCO3)n2Cc1ccc(C(=O)O)cc1,27.470485804896974
CCn1c(Sc2c(-c3ccccc3)nc3c(N)ncnn23)cc2c(Cl)cc(C)nc21,27.462512338166647
Cc1c(-c2ccccc2)noc1-c1ccc2nc(NCc3ccc4c(c3)OCO4)n(C)c2c1,27.460933320033174
COc1cc(C)c2nc(C(=O)O)cnc2c1-c1nc2cccc(N3CCC(F)C3)c2s1,27.43838747928063
COc1cc(-c2ccc(-c3nnnn3-c3cccc(O)c3)cc2)c(N2CCCCCC2)cn1,27.337535666969032
C#CCSc1cc(Cl)c2nnc(-c3cc(-c4ccc(C(=O)O)cc4)ccc3OC)n2n1,27.32772482612744
CCOC(=O)c1cccc(-c2ccc(O)c3c2cnn3C(=O)c2sccc2Cl)c1,27.301369737394808
COc1ccc(-c2ccc3c(c2)CCN3c2nc(O)c(-c3ncc(C)s3)sc2=O)cc1,27.21682612653857
COc1nc(C(=O)O)c(C)c2c1ncn2Cc1ccc(-c2cccc3c2OCCS3)cc1,27.208447433108773
Cc1cc(-c2oc(SCC#Cc3ccc4c(c3)SCC4C(=O)O)nc2C)cc(C)n1,27.175168493713194
CSc1cc2c(-c3cccc(Cl)c3)c(OCc3ccc(C(=O)O)cc3)nn2nn1,27.151273057140987
COc1cc(C)c2c(n1)NC(Nc1nc(-c3ccc4c(c3)OCO4)nc3ccccc13)CC2,27.129160537963788
COc1ccc(-c2nn(C3CCN(c4nc(O)nc5ccsc45)CC3)c(C)c2C)cc1,27.128140566676397
N#Cc1ccc(-c2ccc(OCCn3cnc4scc(-c5cncs5)c43)c(O)c2)cc1,27.097391528960664
Cc1cc(Cn2cnc3c(-c4cc(-c5nnn(C)n5)cs4)c[nH]c32)cc(C)c1Cl,27.09578523579637
Cc1oc2cc(OCC(=O)O)c(-n3nccn3)cc2c1-c1ccc(Cl)c(C)c1Cl,27.064489155948817
COc1ccc(-c2nccc3c2cc(Sc2ccc4c(c2)OCC(C(=O)O)O4)n3C)cc1,27.044904448924296
CC(=O)CCNc1cccc2c(-c3ccccn3)c(Sc3ccc4c(c3)OCO4)nn12,27.03334734874644
COc1ccc(-c2cccc(Cn3cnc4c3N(CC(=O)O)c3cccnc3S4)c2)cc1,27.025654000744243
CSc1ncnc2c1nc(C)n2-c1ccc(-c2ccc(OCC(=O)O)cc2)cc1Cl,27.012931293816536
Cc1cc(Sc2c(-c3ccccc3)nc(C(=O)O)n2-c2nccs2)c2ccccc2c1,27.011732124970784
Cc1cn(C2CCN(c3ncc(CC(=O)O)s3)CC2)c2c1c(-c1ccccc1)nn2C,26.96496345488705
Cc1cc(Oc2ccc3cccnc3c2)cn1-c1nc(NC2CCCCC2)nc(N2CCC2)n1,26.962781369521373
Cc1cc(C)c2cccc(CSc3c(-c4nnc(N)s4)ncn3-c3ccccc3)c2n1,26.8949168202651
CCn1c(Sc2ccc(Cl)cc2)c(-c2cncc(N3CCC3)n2)n2c(C#N)ccc12,26.893497138080292
Cc1cc(-c2nc3c(OCc4nc5ccccc5s4)ccc(Cl)c3n2C)nnc1O,26.83170217497846
COc1ccc(-c2cc(OC)nc3c(C4CCN(c5n[nH]c(=S)s5)C4)onc23)cc1,26.824400696202506
Cc1cc2ncnc(NCc3ccncc3)c2c(-n2cc(-c3ccc(C)c(C)c3)c(=O)s2)n1,26.72848178389843
Cc1sn(-c2cccc(-c3ncnc4c(O)nc(SCC(F)(F)F)nc34)c2)c1C,26.724212462695156
Cc1nc2cccc(OCCn3c(NC4CCCc5cccnc54)nc4ccccc43)c2o1,26.72035186135635
COc1ccc(-c2cc(C)cc3cnc(Sc4cc(C(=O)O)c5n4COC5)nc23)cc1,26.706148486181625
COc1cccc(OC)c1-c1ccc(-n2c(N)nc3cc(C(F)(F)F)cnc3c2=S)o1,26.675195497732673
Cc1cnc(-c2conc2C)c(-c2ccc(-c3cn(CC4SCCS4)nn3)cc2)c1,26.632195407136066
Cc1cc(-c2ccc(C(=O)O)cc2)nn1Cc1cc(-c2ccccc2)n(-c2nccs2)n1,26.60829835668464
C#CCn1cc(C)c(Oc2cc(-c3ccc(-c4cnn(C)c4)cc3)ns2)c2ncnc1-2,26.586745965799278
COc1ccc(-c2nc3c(n2-c2cccc(Oc4ccccc4)c2)C2N=C(N)N(C)C2=N3)cc1,26.56910598319874
COc1ccc(-c2nc(Sc3n/c(=N\O)o[nH]3)n(-c3ccc(Cl)cc3Cl)c2C)cc1,26.565213082156866
CCCn1c(=O)n(-c2ccc(Oc3cccc4sc(N)nc34)nc2)c2cc(Cl)ccc21,26.55843462102363
CCOc1ncccc1-c1ccc2nc(C(=O)O)cc(Sc3ccc4c(c3)OCO4)c2c1,26.54055286592773
Cc1ccc(-c2nnc(SCc3ccc4c(c3)CCC(O)C4)n2-c2nccs2)cn1,26.486330783379497
COc1ccc(-c2nn(C)c3nccc(N4CCC(c5ncc(C6CC6)o5)CC4)c23)cc1,26.42915365375185
Cc1csc(Cn2c(=O)c(/C=C/c3cc4c(s3)C(C)CCC4)cc3c(N)ncnc32)n1,26.418911009521374
Cc1nn(-c2nccc3ncc(F)c(Oc4cccc(C(=O)O)c4)c23)cc1CN1CCCC1,26.415884717677915
COc1cc(-c2cnc3c(c2)NC(=O)CS3)cc(Oc2ccc3c(c2)OCCO3)c1OC,26.37399445586949
CC(=C1c2ccccc2Sc2ccc(C)nc21)c1nnn(-c2ccc(C(=O)O)cc2)c1C,26.315989217423706
Nc1cc(F)n(C(=O)COc2nc(Oc3ccccc3)c(Cl)cc2Cl)c(=S)n1,26.314436230392136
COc1nn(-c2cccc(OCC(=O)O)c2F)c2cc(-c3nc4ccccc4s3)ccc12,26.28390207807959
COc1cccc(-c2nn(-c3ccc4cc(OC)ccc4c3)c(=S)c3ncnc(O)c23)c1,26.273607880840462
CCc1c(Sc2nc3c(C(=O)O)cccn3n2)cccc1-c1ccc(Cl)c(=O)n1C,26.2524722256958
c1ccc(CCn2cc(-c3cc(-c4cccnc4)cnc3Sc3ccncc3)nn2)cc1,26.22310136190584
CCn1c(SCc2ccccc2)nnc1Sc1ccc(NC(=O)OC(C)=O)cc1,26.216777297811085
COc1cc(Oc2cccc(C(=O)OC3CCN(c4nncs4)C3)c2)ccc1Cl,26.208855309378627
COc1ccc(-c2cc3c(C(=O)O)ccn3c(CSc3nc4ccccc4n3C)n2)cc1,26.20331807114172
Cc1nc(F)n(-c2ccc3nc(-c4ccccc4)n(Cc4cc(C(=O)O)ns4)c3c2)c1C,26.199266968475676
COc1ccc(-c2ccccc2Sc2cnn3c(CC(F)(F)F)nnc(N)c23)cc1,26.19671497626067
CC(=N)OC(=O)COc1ccc2nc(-c3ccc(Cl)cc3)n(-c3nc(C)ns3)c2c1,26.1725913147521
COC(=O)c1cc(-n2cc(/C=C/c3ccc(-c4nc(C)cs4)cc3)sc2=O)ccc1O,26.14800075225621
COc1ccc(-c2c(C(=O)Cc3ccccc3)nc3sc(C(C)(C)C)nn3c2=O)cc1,26.10180796963809
COc1cc(C(=O)O)cc2c1C(c1nc(Sc3ccc(Cl)cc3)n(C)n1)CCC2,26.101132334603626
Cc1c(NCc2noc3cccnc23)ccnc1Oc1ccc(Cl)c2c1CCCN2C,26.09095180035231
Cc1cccc2nnc(Sc3ccc(-c4cn(-c5cccc(O)c5)c(=O)n4C)cc3)nc12,26.083531155165726
CCc1cccc2c1nc(-c1nnc(N)s1)n2-c1cccc(Oc2ccccc2)c1,26.08013655674106
Cc1cc(Sc2nc3n(n2)CCNC3=O)ccc1-c1ccc(Oc2nccs2)cc1,26.04769740759747
c1cncc(-c2cc(-c3cc(CSc4ccncn4)n(CC4CCCS4)n3)n[nH]2)c1,26.046919758491235
O=C(O)Cn1c(-c2ccc(Oc3cc(-c4ccsc4)ccn3)cc2)nc2ccncc21,26.037574110387606
COc1ccc(-c2cccc3c2NC(n2cc(CSc4nccs4)nn2)CC3=O)cc1,26.02312780905496
COc1ccc(-c2cc(C(=O)O)cnc2OCc2nc3c(s2)CCSCC3)cc1,26.006150450486683
Cc1ccnc(-c2cc(Cl)c(Sc3nnnn3-c3ccc(O)c(C(F)F)c3)cn2)c1,25.902121830900153
Cc1nc2cc(-c3cc4cc(-c5ccc(F)cc5)sc4nc3OCC(=O)O)ccc2n1C,25.899587829685053
COc1cccc(-c2ccc(-c3nc(N)n(-c4cc5c(cc4SC)OCC=C5)n3)cc2)n1,25.892461899086303
COc1cccc(-c2nsn2-c2ccc3c(c2)CC(n2cc(C)c(C(=O)O)n2)CC3)c1,25.88604137987846
CSc1ccc(-c2cc(Cn3cc(-c4nccs4)nn3)cc(C(=O)O)c2)c(Cl)c1,25.883076207704256
CCC(=O)Oc1ccccc1-c1ccc2c(c1)CCn1nc(Nc3ncc(C)s3)nc1-2,25.84297880812245
Cc1ccn(-c2ncc3cc(CSc4ccccc4)n(-c4ccc(C(=O)O)cc4)c3n2)n1,25.83713641741221
Cc1ccc(Oc2ccc(Cl)cc2)c(CN2CC(Nc3nc4ccccc4o3)CO2)n1,25.831704997123687
Cc1sc(C(=O)O)nc1-c1ccc(-c2ccc(Sc3nc4ccccn4n3)cc2)cc1,25.831674104254887
Cc1cccc(Oc2nc(-c3nc4c(NCc5ccccc5)ncnn4n3)ccc2Cl)c1,25.820026597442286
Cc1cc(-c2nc(NCc3ccc4ncccc4c3)n3nc(-c4ccccc4)cc3n2)nn1C,25.803507012121763
CC(O)c1cc(CSc2nnnn2-c2ccc(Cl)c(Cl)c2)cc(-n2cccn2)c1,25.778962140908998
COc1ccc(-c2cc3c(nc2O)C(C)Oc2sc(N4CCCCC4)nc2-3)c(C)n1,25.77430091252708
COc1cc(Sc2nn3cc(C(=O)O)nc3n2C(F)F)ccc1-c1ccc(F)cc1,25.765457051330962
COc1ccc(-c2nc3ccc(Oc4ccccc4CN4CCC(=N)SC4)nn3n2)cc1,25.748730145643773
COc1ccc(-c2nc(C)c(C(=O)O)n2-c2cc(F)c(-c3cnc4ccccn34)s2)cc1,25.743236116196325
Cc1cc(C)c(N2CCCC2)c(-c2cccc(-c3cn(-c4ccc(C(=O)O)cc4)nn3)c2)n1,25.733300856793907
Cc1oc2ncnc(NCc3cc(C(F)(F)F)nn3-c3ccc4nn(C)cc4c3)c2c1C,25.714989532508245
Cc1ncc(-n2cnc3ccccc32)cc1Oc1ccnc(NCc2ccc3c(c2)OCO3)c1,25.709782406939127
CC#COC(=O)c1cccc(Sc2ncc(-c3ccc(Cl)cc3)n2CC(=O)O)c1,25.703767385424737
Cc1nc(NC(=O)c2cc(CSc3nc4ccccc4n3C)cs2)nc2ccncc12,25.692562545175168
Cc1nc(-c2ccc3nc(-c4cccs4)n(Cc4ccc(F)cc4)c3c2)n(CC(=O)O)n1,25.69224546035771
Cc1nsc(-n2c(Sc3cccc(Cl)c3)c(CCC(=O)O)c3cccnc32)n1,25.69221289233529
COc1ccc(-c2ccccc2NC(=O)c2cccc3c2CN(c2nc(C)no2)CC3)cc1,25.667401783391238
Cc1cc(-c2c(-c3ccccc3)nn3c2CCN=C3CSc2cccc(C)n2)c(N)nn1,25.663228736357357
Cc1nc(C)c(-c2ccc3c(C(=O)O)nn(Sc4ccnc(C(F)(F)F)c4)c3c2)s1,25.659475749969328
COc1cccc(-c2nn(CC(=O)c3ccc4c(c3)OCO4)c3c(O)c(Cl)ccc23)c1,25.655397928797008
Oc1cc(SCc2cccc(-n3cc(-c4ccco4)nn3)c2)n(-c2ccccc2F)n1,25.599191384202285
COc1ccc(-c2cc(C)nc3ccc(-c4nnc(SC5CCCNC5)o4)nc23)cc1,25.53608286317434
CC(=O)Oc1cccc2c1n(C)c(=O)n2Sc1ccc(-c2cccc(C(=O)O)c2)cc1,25.533458476545412
COc1ccc(-c2ccc(CO)cc2)c(-c2nnc(SC(C(=O)O)C(F)(F)F)s2)c1,25.531900866774947
COc1ccc(-c2nn3nc(-c4ccc(NC5CCCCC5)nc4Cl)nc3nc2C)cc1,25.520671848539386
COC(=S)c1c(SCC(=O)O)n(C)c2c(Oc3ccc(Cl)cc3)nc(C)cc12,25.495498719451714
COc1ccc(-c2cc3c4ccc(Sc5ccc(C(=O)O)nn5)cc4n(C)c3n2C)cc1,25.479483830517825
CCn1c(=O)n(C)c2c(Cl)c(Sc3cc(C(=O)O)ccc3-c3ccccn3)ccc21,25.44857604465224
O=C(O)c1ccc(-c2ccc3nc(SCc4ccc5c(c4)OCO5)n(CCF)c3c2)o1,25.413272895850742
COc1ccc(-c2cc(C(=O)O)n3c2-c2cc(OCc4nccs4)ccc2OC3)cc1,25.410209807409622
CN1CCC(Cn2cc(-c3ccccc3)c3nnc(Sc4ccc(C(=O)O)cc4)nc32)CC1,25.400470056810132
COc1cccc(-c2nn3cccnc3c2Sc2ccc3c(c2)N=C(N)O[C@H](C)C3)c1,25.40038654860032
Cc1ncc2c(Sc3ccc4c(c3)N(c3cc(C(=O)O)ccn3)CCO4)cn(C)c2c1C,25.340156056684357
Cc1ccc(-c2nc(C)sc2Sc2cn(-c3ccc4c(c3)CCC(O)C4)nn2)cc1,25.338317677796244
Clc1ccc(Oc2ccccc2-c2nc(NCc3ccncc3)c3nccn3n2)cc1,25.311477890363083
COc1cccc(-n2cc(-c3ccc(N)c(N4CCCCC4)n3)nc2-c2ccccc2)c1,25.30155208079501
COc1ccc2c(n1)C(c1nc(C)cs1)N(c1cccc(Oc3ccccc3)n1)CC2,25.29734380355042
COc1ccc(-n2nc(-c3ccccc3)cc2C(=O)Nc2ncnc3ccsc23)c(C)c1,25.294654463263992
Cc1cccc(-c2nc3nc(CN4CCC(C(=O)O)C4)sc3nc2Oc2ccccc2)c1,25.252503148725545
COc1ccc(-c2noc3c2c(Sc2c(Cl)cccc2Cl)nn3C)cc1C(=O)O,25.244775107209072
Cn1cnnc1-c1ccc(-c2cccc(CSc3nc(N)c4c(n3)CCSC4)c2)cc1,25.244734181292745
Cc1cc(CNc2ncc(-c3nc4ccccc4s3)nn2)nn1-c1ccc(F)cc1F,25.22905562923992
Cn1nnc(-c2c(Sc3cccc(Oc4ccccc4)c3)n(C)c3cccnc23)c1N,25.22284213675849
COc1ccc(-c2cc3sc(-c4nc(C)ns4)c(Cc4ccccc4)c3nn2)cc1,25.207012258012995
Cc1nc(Oc2cc(F)c(-c3nnnn3-c3ccc(F)cc3)cc2C)c2ccccc2n1,25.190920596658607
Nc1cc(SCc2ccccc2)nc2nc(-c3ccc(-c4cccnc4Cl)cc3)nn12,25.160285385094394
Cc1cc(Oc2cccc3c2nc(-c2nc4ccccc4n2CC(F)(F)F)n3C)ncn1,25.143051678420576
COc1ccc(-c2nc(-c3ccc(C(=O)O)cc3)n(-c3ccccc3)c2N2CCCO2)cc1,25.129947536940172
COc1ccc(-n2ncnc2NCc2ccc3ccccc3c2)nc1-n1ncc2ccccc21,25.12175468829765
Oc1nc(-c2ccccc2)nc2cc(CSc3nc(N4CCC4)c4ccccc4n3)oc12,25.11965371857332
COc1cc(-n2c(=O)n(Sc3cccc(C(=O)O)c3)c3ccccc32)c(C)nc1Cl,25.109492391941767
COc1ccc(-c2cc(C(=O)O)c(CSc3cnc4ccc(C(F)(F)F)nn34)o2)cc1,25.103242864637057
COc1ccc(-c2ccc(-c3nn(CC(=O)O)c(=O)c4c(C(C)(C)C)cccc34)nc2)cc1,25.098975848588783
Cc1c(-c2cc(C)n(-c3nc4ccccc4s3)n2)ccnc1NCc1ccc(F)cn1,25.078318193167174
Cc1c(Cc2ccccc2)cnc2nc(Sc3nnc(N)s3)c(-c3ccc(F)cc3)n12,25.07717998720354
CSc1nc2ccc(-c3ccc(C)cc3)c(C#N)c2n1Cc1cccc(-n2ccnn2)c1,25.05044112300163
COc1ccc(-c2ccc(OCc3nn4ccnc4c(O)c3C(F)(F)F)s2)cc1,25.038744039628625
Cc1cc2c(NCc3ccnc4c3OCO4)ncnn2c1-c1cccc(Oc2ccccc2)c1,25.03562970033647
COc1ccc(-c2nc(C)n(-c3nc4c(O)cccn4n3)c2-c2ccc(Cl)cc2)cc1,25.007514702824498
COc1ccc(-c2ccc3c(n2)SC(C(=O)OCc2cccs2)CC3C(=O)O)cc1,24.975395579656126
Cc1nc(-c2ccc(-c3cn(C)c4ncnc(N5CCCC5)c34)cc2)c(-c2cccs2)n1N,24.947616808779344
Cc1cc(Oc2cccc3c2c(-c2nc(C)cs2)cn3C)cc(N2CCC(N)CC2)n1,24.936707787763844
Cc1cc(C)cc(Oc2cc(-c3ccc(N4CCNCC4)cc3)nn3cc([N+](=O)[O-])nc23)c1,24.918529789604875
CN(Cc1cc2c(s1)CCCC2)c1nc(N)nc(Sc2cccc3ncccc23)n1,24.88189142026273
NC1CCN(Cc2ccc3sc(-c4ccc(Oc5ncnc6ccccc56)o4)nc3c2)C1,24.879405760685106
COC1CCN(c2ncc(Sc3c4ccccc4nc4cccc(C)c34)c(C(=O)O)n2)CC1,24.862595277496418
COC(=O)c1ccccc1NC1=NC(=O)/C(=C/c2nsc(C)c2-c2ccccc2)S1,24.84202046447673
Cc1cc(Oc2c(C#N)n(C)c(=S)n2-c2ccccc2)ccc1-n1c(O)nc2ccccc21,24.82604723185598
Cc1ccc2c(c1)-c1nc(NCc3cccc(Cl)c3)nc(SCC(=O)O)c1CO2,24.814521351113093
c1ccc(Oc2ccc(-c3nnn(-c4cccc(Cn5cnc6c5CCN6)c4)n3)cc2)cc1,24.812610650091326
COc1cccc(-n2c(Sc3cccc(-n4nccc4C(=O)O)c3)nc3ccccc32)c1,24.794113390179067
O=C(O)c1ccc(-c2cccc(Sc3ncnc(=O)n3Cc3cccc(F)c3)c2)cc1,24.7911733272561
Cc1ccccc1-c1cnn(-c2ccc(C(=O)O)cc2)c1Sc1nc2cccc(C)n2n1,24.77597130886162
Cc1nnc(NC2CC2)nc1Oc1ccc(Cl)c2c1CCN(CC1CCCCC1)C2,24.763207921605638
Cc1ccccc1-n1nc(C(=O)O)cc1Oc1cccc(-c2nc3ccccc3n2C)c1,24.761112260434867
Cc1ccc2c(NCc3ccc4c(c3)OCO4)nc(-n3cc(-c4ccccc4)nn3)nc2c1C,24.747147321500325
COc1cccc(-c2c(-c3ccc(Cn4cncn4)cc3)nn3c(Cl)ccc(O)c23)c1,24.733675535820097
Cn1c(Nc2ccc(C#N)cc2)nnc1SCCn1ccc2ccc(Cl)c(Cl)c21,24.72808979221285
Cc1ccc(-c2nc(N3CCC(Nc4nccs4)C3)ncc2Oc2ccccn2)cc1,24.722534757182657
COc1ccc(-c2cc3nc(-c4ccnn4C)nn3c(Sc3ccc4c(c3)CCC4)n2)cc1,24.698156306972276
COC(=O)c1cc2nc(-c3ccc(-c4ccc(OC)cc4)cc3)n(C3CCNCC3)c2nn1,24.678386590113774
Cc1cc(OCC(=O)O)cc(-c2ccc3nc(-c4cscn4)n(CC(F)(F)F)c3c2)n1,24.664903031695278
Cc1nc(-c2cccc(Cn3ncc4c(N5CCCC5)ncc(C(=O)O)c43)c2)sc1C,24.654036857899214
COc1ccc(-c2ccc(OC)c3c2CCCN3c2nc(N)nc3sccc23)cc1,24.635848649895156
Cc1c(Sc2nnnn2-c2ccccc2C(F)(F)F)nn(C)c1-c1cccc(O)c1,24.608762892614344
Cc1ccc(-c2c(C)n(C)c3c(C(=O)O)c(Sc4ccc5c(c4)OCO5)nn23)cc1,24.608283063413076
Cc1ncc(-c2cc(-c3cc(Cl)cc(Cl)c3)nn3cc(SCC(=O)O)nc23)n1C,24.604044266946477
COc1ccc(-c2nc(N)n(-c3cc(OCc4sccc4C(F)(F)F)ccn3)n2)cc1,24.601452930547268
CSc1nc(-c2cc(-c3ccn[nH]3)nnn2)c(C)n1Cc1ccc(Cl)c(Cl)c1,24.569404923280914
Cc1ccc(-c2ccc(C(=O)O)cc2)c(Sc2nc3c(Cl)c(C)cc(C)n3n2)n1,24.56181173637292
Cc1cc(Oc2nccc(NC3CCN(c4ccccn4)CC3)n2)c2scc(C)c2c1,24.560325370871702
COc1ccc(-c2ccnc(Cn3ccc4c(=O)[nH]nc(Sc5nccs5)c43)c2)cc1,24.55629863476139
COc1ccc(-c2nc(NCc3c(C(F)F)noc3C3CC3)nc(C(F)(F)F)n2)cc1,24.555888592143347
CC1CCc2c(Oc3ncccc3CNc3nccc(-c4ccccc4)n3)ccnc2S1,24.55038467575933
Cn1c(SCc2ccc(C(=O)O)cc2Cl)cnc1-n1cnc(-c2ccccc2)n1,24.537657766082294
CCN1C(=O)c2cnn(-c3ccc(Cl)c(Cl)c3)c2Sc2cnc(NC(C)C)nc21,24.531839041366503
CN1CCc2ccc(-c3cccc(-c4nc(SCC(=O)O)nc5cccnc45)c3)cc21,24.528030773267222
Cn1cnc2cc(-c3ccc(CCSc4nnnn4-c4ccc(O)cc4)cc3)ccc21,24.522884794698168
COC(=O)Cn1ncc2c(CNc3nc(-c4ccccc4)nc4sccc34)ccc(F)c21,24.507706721095072
CCn1c(CC(=O)O)nc2ccc(-c3ccc(Sc4ccc5c(c4)OCO5)cc3)nc21,24.49550675016258
CCN1C(=O)Cc2cc(Sc3nc(Nc4nnc(C)s4)c4ccccc4n3)ccc21,24.464316182590792
Cc1ccc(-n2c(Sc3nc4ccccc4n3CC(=O)O)nc3cccc(C)c3c2=O)cc1,24.464202812645198
CSc1ncc(Cn2cc(-c3ccc(-c4ccccc4)nc3)ccc2=S)c(C(=O)O)n1,24.455526504693747
CNc1ccc(-c2cc(C(F)(F)F)nc(-n3nc(Sc4ccccc4)cc3C)n2)nn1,24.43359091044791
Cc1ccc2nc(COc3cc(C(=O)O)nn3-c3ccc(Cl)c(Cl)c3)n(C)c2c1,24.43265293952105
O=C(O)Cc1ccc(Sc2cnc(-c3cccc(-c4ccc5c(n4)CCO5)c3)o2)cc1,24.390675243891938
Cc1ccc(Oc2cccc(-n3cc(C(=O)O)c(=O)n(-c4ccccc4)c3=S)c2)c(C)n1,24.384187133647135
COc1ccccc1-c1nc(SCC(=O)O)nc(-c2cccc3cc(Cl)sc23)n1,24.381759767412166
COc1ccc(-c2ccc(CSc3nc4ccccc4c4cc(C(=O)O)nn34)nc2)cc1,24.314808417615637
Cc1ccc2nc(-c3ccccc3)n(CCSc3nnn(-c4ccc(Cl)cc4)n3)c2c1,24.30305889155061
COc1ccc(-c2ccccc2C(=O)O)cc1Oc1ccnc2c1ccn2-c1nccs1,24.267604757895715
Cc1cc(OCC(=O)O)cc(-c2ccc(Sc3ccc4c(c3)OCO4)c3nccn23)c1,24.260732450917498
Cc1cc2ccc(Sc3c(-c4nnn[nH]4)nc(-c4ccc(Cl)cc4)n3C)cc2n1C,24.254505702507682
COc1ccc(-c2nc(CSc3cc(O)c4c(n3)CCSC4)c(Cl)o2)cc1,24.226724305364
CCc1ccnc(-c2nc3c(NC4CCOCC4)ncnn3c2-c2ccc(OC)cc2)c1,24.224779139928074
COc1ccc(-c2cc3ccccc3o2)cc1CSc1nnc(N2CCOCC2)s1,24.211716232966413
COc1ccc(-c2ccc(CSc3nc4nc(O)ccn4n3)cc2)n2cc(Cl)cc12,24.20222574039146
COc1ccc(-c2cc(=O)n(CC(=O)O)c3sc(-c4ccc5c(c4)ncn5C)cc23)cc1,24.198357023571404
COc1ccc(-c2cc(OC)c3nc(-c4nccs4)n(-c4ccc(N)cn4)c3c2)cc1,24.181193656716978
COc1ccc(-c2c(-c3ccc(-c4nc(C(=O)O)cs4)cc3)n3nccc3n2C)cc1,24.179372676676596
COc1cccc(-c2cccc(Cn3c4ccccc4n4c(SCC(=O)O)nnc34)c2)c1,24.113905228898513
COc1ccc(-c2nc(SSc3nc4ccc(F)cc4n3C)nc3nc[nH]c23)cc1,24.11386033410798
CC(=O)c1cnccc1-c1ccc(C(=O)Nc2nnc(SCC(F)(F)F)s2)s1,24.104419986895177
Clc1cc(-n2cncn2)cc(Oc2ccc(OCc3ccc4c(c3)CCNC4)cc2)n1,24.087362401101114
Cc1ccc(Oc2nn(-c3nc4ccccc4s3)c(C(=O)O)c2-c2ccccc2)cc1C,24.070682023410146
COc1ccc(-c2nn(-c3cccc4c3c(SCC(=O)O)nc3ccccc34)n2C)cc1,24.066086465421467
Cc1nc(N2CCC2=O)c(CSc2nc(-c3ccc(Cl)cc3)cs2)cc1C(=O)O,24.042139849295772
COc1ccc(-c2cccc(Sc3nc4ccn(O)c4c(=O)n3-c3ccccc3)n2)cc1,24.03469446731601
COc1ccc(-c2ccc3c(c2)CCO3)c2ccc(CSc3nc(C(=O)O)cs3)nc12,24.033187911287246
COc1ccc(-c2cc(C)nc(Sc3nc(NC(C)(C)C)c4n3CCCOC4)n2)cc1,24.028172676771835
COc1ccc(-n2cc(Sc3nn(O)c4ccccc34)nc2-c2cccnc2)cc1F,23.998490794822803
Cc1ncc(-c2ccc3c(c2)nc(-c2ccco2)n3CC(F)(F)F)nc1SCC(=O)O,23.976796630002678
COC(=S)NC1CCN(c2ncc(C#N)c(OCc3cccc(-c4ccccc4)c3)n2)C1,23.953831022834066
COc1ccc(-c2cc(NC(=O)C(C)(C)C)nc(Sc3cccc4c3OCCO4)n2)cc1,23.949718656429443
Nc1cc(-c2ccc3ccccc3c2)nc(SCc2nc3ccccc3n2CC2CC2)n1,23.948243445852643
Cn1cc(-c2ccc(-c3c(Sc4cccc(Cl)c4)n(C)c4ncnc(O)c34)cn2)cn1,23.947658570562236
Cc1ccc(NC(=O)CSc2nnc(-c3nn(C4CCC4)c4ccccc34)s2)cc1,23.944560166207385
COc1cc(-c2nc3c(NCC4OCCO4)ncnc3n2C2CCCC2)cc2ccccc12,23.94252991487132
COc1ccc(-c2cccc(Cn3cnc4c(Sc5nccs5)n[nH]c43)c2)cc(=O)c1,23.942112686087185
Cc1cc(N)ncc1-c1cccc2nc(Sc3nccs3)n(-c3ccccc3)c(=O)c12,23.937035844324726
CCc1ccc(-c2cc(O)nc(Sc3nc4ccccc4c(=O)n3-c3ccccc3)n2)cc1,23.932279727578283
COc1ccc(-c2ccc3c(c2)CCCN3c2nc(Cl)cc(C(=O)O)n2)cc1OC,23.91857728096904
Cc1csc(NC(=O)Oc2ccc(-c3nnn(C4CCN(C)CC4)c3Cl)c(C)c2)n1,23.89676536903614
CSc1nc(C(=O)O)cc(-c2ccc3c(c2)nc(C(F)(F)F)n3Cc2ccccc2)n1,23.894082371373024
COc1cccc2c1C(=O)/C(=C/c1cn(CCC(=O)O)nc1N1CCCCC1)S2,23.884344236881912
Cc1cc(C(=O)O)ccc1-n1nnnc1SC1SC(C)(C)c2c(Cl)cccc21,23.88376649151986
Cc1ccc2nc(-c3cnn(C)c3)n(-c3cccc(Oc4cccc(C(=O)O)c4)c3)c2c1,23.872477040903085
COc1cc(-c2ccc3nc(-c4ccccc4C(=O)O)n(Cc4ccsc4)c3n2)ccn1,23.870289807054235
COc1cc(-c2ccc(C(=O)O)cc2)ccc1Cn1c(=O)sc2nc(Cl)cc(C)c21,23.85096464095625
Cc1cc(Cl)ccc1-c1ccc(OCC(=O)O)c(-c2cnc3c(N4CCC4)ccnn23)c1,23.84996944940254
OC(CSc1nc(-c2cccc(Cl)c2)nn1-c1ccccc1Cl)c1nccnn1,23.849002876521485
O=C(CNc1csn2nc(-c3ccc(Oc4ccccc4)cc3)nc12)OC(F)(F)F,23.835719761635538
Cc1ccc(C(F)(F)c2cc(-c3ccccc3)n(-c3nc(C)c(C(=O)O)s3)n2)nn1,23.827637489167387
O=S(=O)(c1cccs1)c1cc(CSc2ccnc(O)c2)cn1-c1ccccc1,23.822941818406438
Cc1c(O)oc2c(N3CCN(C)CC3)nc(-c3coc(Oc4ccc(Cl)cc4)c3)nc12,23.818677052758584
Cc1ccc(Oc2cc(C)n3nc(-c4ccc(N5CCNCC5)cc4)c(OC#N)c3n2)cc1,23.81428455413305
Cc1nc(-c2cc(C)c3ccn(-c4nccc(C(=O)O)n4)c3c2)sc1CN1CCCCC1,23.797640889578055
COc1cccc2oc(-c3ccc(CN4CCC(Nc5nccs5)CC4)c(C)n3)nc12,23.78476479776498
COc1ccc(-n2c(SCC(=O)O)nc3nc4ccccc4nc32)cc1-c1ccccc1,23.78370697084951
Cc1cccc(-c2cc(Oc3nc(NCc4ccccc4)nc4c3CSCC4)ncn2)n1,23.76389336682049
CNc1nccc(Oc2cccc(Cn3ncc4c(-c5ccc(Cl)s5)ccnc43)c2)n1,23.762566639175684
Cc1ccc(-c2cc(Sc3nnnc4cccc(OCO)c34)n(-c3ccccc3)n2)cc1,23.759732726374274
COc1ccc(-c2snc3cccc(Cn4c(=O)n(C)c5c(O)cccc54)c23)cc1,23.72372751665916
CSc1nc2c(-c3cn(-c4ccccc4)nn3)cccc2n1Cc1cccc(C(=O)O)c1,23.710274080242456
CCn1c(SCC(=O)Nc2ccc3sccc3c2)nnc1-c1cc(Cl)ncn1,23.704803366662357
Cn1ccc2nc(Sc3ccc4c(ccc(=O)n4C)c3)n(Cc3cccc(C(=O)O)c3)c21,23.690476695722623
CC(C)(C)c1c(Oc2ccccn2)c(O)nc2cc(OCCN3CCCCC3)ccc12,23.68861790135044
CSc1nc(O)n(-c2ccc(Oc3ccnc4c3CO[C@H](C)C43CC3)cc2Cl)n1,23.67944403692202
Cc1ccc(-c2cc(Oc3ccc4c(c3)NCCC4Sc3nnnn3C)ccn2)cc1,23.630048300473394
COc1ccc(-c2nc(C)c(C(=O)O)c3ncn(Cc4cccc5c4SCO5)c23)cc1,23.628793441163335
Cc1c(-c2ccc(F)cc2)nc(SCC(=O)O)n1-c1nc(-c2cccc(F)c2)ns1,23.60626796404386
Cc1cc2cccc(-n3nc(-c4ccccc4)nc3SCC(=O)c3ccn[nH]3)c2s1,23.58624314465739
Oc1ccccc1-n1nnnc1SCn1cc(-c2ccc(-c3ccccc3)cc2)cn1,23.576965815060007
COc1cc(Sc2c3c(nn2C)C(c2ccccc2)C(C(=O)O)S3)ccc1Cl,23.551042433184577
COc1cc2c(nc(Sc3nc4ccc(C(=O)O)cc4n3C)n2C)c2ccc(F)cc12,23.522600999430846
COc1ccc2nc(-c3ccc(CN4CCCc5ccccc54)cc3)nc(SC)c2c1,23.519176205206627
COc1ccc(-c2nnc(Sc3cc(Cl)cc4c3CCCN4)n2-c2ccon2)cc1,23.500337133966575
c1ccc(-c2cc(OCc3ccc4c(c3)CCCN4)nc(Sc3cnccn3)n2)cc1,23.49895793344836
O=c1c2ccccc2sc2nnnc(NCCOc3ccc(-c4ccccn4)cc3)c12,23.477177599564246
Oc1cccc2c1CCN2/N=C/c1nnc(SCc2ccccc2)nc1-c1ccccc1,23.463681593827513
COc1cccc(-c2ccc(-c3cn(-c4nc5ccc(C(=O)O)cc5s4)nn3)cc2)c1,23.45890602874745
COc1ccc(-c2nc(Sc3cccc4c3OC3(CCOCC3)O4)c(O)nc2C)cc1,23.456930002421572
COc1ccc(-c2ccccc2C(=O)Oc2sc3cc(Cl)nn3c2C(=O)O)cc1,23.44539127266866
COc1ccc(-c2ccc3cc(Sc4ccc5c(n4)OCO5)n(CC(=O)O)c3c2)cc1,23.437779687891965
COc1ccc2c(c1)sc1ncc(-c3nc(-c4ccccc4)ccc3OCC(=O)O)n12,23.424027224211947
COc1cccc(-c2c(C(=O)O)nc(SC)n2-c2ccc3c(c2)Cc2ncccc2-3)c1,23.409479027351225
COc1ccc(-c2nnn(-c3cccc4c3CCCC4)c2Sc2ccc(O)nn2)cc1,23.407882114072923
Cn1cnc(C(O)c2ccc(C#N)cn2)c1Sc1nc(-c2ccc(Cl)cc2)cs1,23.40744723507025
Cc1cc(C)nc(-c2cc3sccc3nc2Oc2ccc3c(c2)CN(CC(=O)O)CC3)n1,23.406841084554205
COc1ccc2c(Sc3ccc(-c4cccc(C(=O)N5CCCC5)c4)cc3)nn(O)c2n1,23.40680555995146
COc1ccc2c(n1)OC(C(=O)O)C(n1c(SCc3ccccc3)nc3ccccc31)C2,23.393368233656716
Cc1cc(/C=C/c2cc(Br)cc(OCC(=O)O)c2)nc(-c2nccs2)n1,23.380163654535217
COc1ccc(-c2cc3ccnn3c(Sc3cccc4c3CCN(CC(=O)O)C4)n2)cc1,23.377098064469507
CN1CCC2(CC1)SCc1cc(-c3nnc(COc4ccc(C(=O)O)cc4)o3)ccc12,23.373393401568077
COc1ccc(-c2nc3ccccc3s2)c(Sc2ccccc2C(=O)O)c1C(=O)O,23.3344026213443
Cc1cc(Oc2cccc(Cl)c2)nn1-c1nc(N2CCC(Nc3ccccc3)C2)no1,23.295114847975814
COc1ccc(-c2cc(C(=O)O)n(-c3ccccc3)c2Sc2cccc3ncnn23)cc1,23.287105242483022
Cc1cccc(C)c1-n1c(-c2ccc(-c3ccccc3)cc2)nn(-c2csc(N)n2)c1=O,23.263142322848164
Cn1c(-c2nc(C(=O)O)cs2)c(N2CCCC2)c2c(OCc3ccccc3)cccc21,23.258871612734904
COC(=O)Cn1c(Sc2ccsc2-c2ccc(C(=O)O)c(F)c2)nc2ccccc21,23.25617603729304
COc1ccc(-c2nnc(Sc3ccc4c(c3)C(=O)CCC4)n2-c2ccc(N)s2)cc1,23.25569562165943
O=C(O)c1ccnc2cccc(OCCn3ccc(Sc4cccc(Cl)c4)n3)c12,23.248744212210926
Cc1cc(C)n(-c2ccc(-c3cccc(-n4nnnc4SC4CCCCC4)c3)cc2)n1,23.23933431169426
COc1ccc(-c2ccc(Cn3c(-c4cccs4)nc4c(N)ncnc43)s2)cc1,23.235991626056855
Cc1cc(C)nc(-n2cc(-c3ccccc3)c(SCc3ccc4c(c3)OCC(O)O4)n2)n1,23.226167216064084
O=C(O)c1ccc(-c2cccc(Sc3nnnn3Cc3ccc4c(c3)NCCC4)c2)cc1,23.21671599903757
Cc1cc(OC(=O)Nc2ccc(Cl)cc2)ccc1Sc1c(-n2nccn2)ncn1C,23.16668803179608
c1ccc(-n2nc(CNc3ccnc(Oc4ccc5c(c4)CCC5)n3)c3ccccc32)nc1,23.154360441784597
CCn1c(Sc2c(C)nc3c(C(=O)O)cccn23)nc2ccc(-c3ccccc3)nc21,23.141009167455884
CCn1c(=O)oc2c1nc(Sc1ccc(Cl)c(C)c1)n2-c1ccc(O)c(Cl)c1,23.13842322259231
Cc1nc(Sc2nc3cccc(OCC(=O)O)c3n2CC(F)(F)F)nc2ccccc12,23.13792411334069
Cc1ccc(-c2cnn(-c3ccc(O)cc3)c2Oc2nnnn2-c2cccc(Cl)c2)cc1,23.137648053287247
O/C=C\C=C\c1ccc(-c2nc(SCc3ccc4c(c3)OCO4)n3ccccc23)nn1,23.137546679729727
CCOC(=O)COc1ccc2nc(-c3cc4c(s3)C3(CCC3)CSC4)c(O)nc2c1,23.12567635375383
O=C(O)c1ccccc1-n1c(SCc2ccc3ccsc3c2)nn(CC2CC2)c1=O,23.123427516045005
O=C(O)n1c(CC2CCCCC2)nc2cc(SCc3cn(-c4ccccc4)nn3)ccc21,23.1187459880111
Cc1nc(-n2c(C)c(C)c3nc(-c4ccc(N5CCOCC5)cc4)ccc32)sc1C(=O)O,23.11660197827029
Cc1ccc(-c2ccc(-c3csc(NC4CCN(c5ccnc(C)n5)CC4)n3)nn2)cc1,23.11031902582608
Cc1c(N)nn(-c2cc(CSc3ncnn3-c3ccccc3)cc(C(F)(F)F)n2)c1C,23.104862117283233
O=C(O)COc1ccnc(-c2cn(Cc3ccc(Cl)c(Cl)c3)c(-c3nccs3)n2)c1,23.09754552707549
Cc1cc(-n2nnnc2SCc2sc3ncc(Cl)cc3c2N)cc(Cl)c1C,23.092549543253526
O=C(O)COc1csc(-c2nc3ccccc3nc2Sc2ccc(Cl)cc2)c1,23.087508861029058
COc1ccc(-c2cc3cc(C(=O)O)nn3c(SCc3ccc4c(c3)CCC4)n2)cc1,23.073224574831222
CSc1cc2nc(Sc3ccc4c(c3)CC(N)(c3ccccc3)CO4)n(C)c2nn1,23.06871546204199
Cc1cc(Oc2ccc(Cl)cc2)ccc1-c1cnc(N2CCN(C)CC2)nc1C(=O)O,23.067282831283638
Cn1nc(-c2nnn(CC(=O)O)c2F)c(-c2ccccc2)c1Sc1ccc(Cl)cc1,23.049040545624084
CSc1nc2c(C)nc(N)nc2n1-c1cccc(Oc2ccnc(C(F)(F)F)c2)c1,23.034479424933537
COc1ccc(-c2ccnc3c2c(Sc2ccc4ccccc4n2)nn3CC(=O)O)cc1,23.03017377141035
Cn1cc(SCc2ccc3sc(-c4cccc(-c5ccnc(O)c5)c4)nc3c2)nn1,23.029722701382326
CC1(C)CCN(c2nc(Cl)nc(NCc3ccc4c(c3)OCO4)n2)c2ncccc21,23.01652048183188
Cc1c(C(=O)O)cnn1-c1cc(Cl)c(Sc2nc3ccccc3n2C)c(Cl)c1,23.001162574357906
O=C(O)c1cnsc1-c1ccc(OCCn2c(-n3cccc3)nc3ccccc32)cc1,22.996480113293345
COc1ccc2c(=O)c3ccccc3n(Cc3ccc(-c4nsnc4SC)cc3)c2n1,22.99116276820029
COc1ccc(-c2ccc(Nc3nc(-c4ccccc4)nn4c(=O)cc(C)nc34)s2)cc1,22.985748837971375
COc1ccc(-c2ccc(-c3nc(CSc4nnc5c(=S)[nH]ccn45)co3)cc2)cc1,22.9807681643004
COC(=N)Sc1cn2c3ccccc3n(Cc3ccc(-c4ccc(OC)cc4)nc3)c2n1,22.980527202775693
c1ccc(CNc2nc3c(n4nc(-c5ccc(Oc6ccccc6)cn5)nc24)COC3)cc1,22.976714509088318
COc1ccc(-c2nc3c(c(Sc4ccc5c(c4)cc(C)n5CC(=O)O)n2)OCC3)cc1,22.956144270314272
COc1cccc(-c2nnc3c(NCc4ccc5c(c4)OCO5)cc(C(C)(C)C)nn23)c1,22.915291494863677
Cc1cc(N)n2nc(CSc3nc(-c4cc(C(F)(F)F)cs4)cn3C)nc2c1,22.909745968521733
Cc1nc(-c2ccc(-c3ccnn3-c3ccccc3Cl)s2)cnc1SCC(=O)O,22.907140804398377
Fc1ccc(Oc2cccc(-c3nncn3-c3cccc(CSc4nnn[nH]4)c3)c2)cc1,22.853555583208074
COc1ccc(-c2nc(SCc3ccc4c(c3)OCCO4)nc3ccc(O)nc23)cc1,22.85300218539564
Cn1cnc2cc(-c3ccc(C(=O)O)c(CCSc4nc5ccccc5s4)n3)ccc21,22.85282300592644
Oc1ccc(CSc2nnc3c(OCC(F)(F)F)ncnn23)cc1-c1ccccc1,22.85205809547807
Oc1nc(-c2ccncc2)nc2c(OCCn3cnc(-c4ccc(F)cc4)c3)cccc12,22.84727232370018
CCOc1nc(-c2nc(N)nc3c2Sc2ccccc2C3)sc1CN1CCCC1,22.845672752366866
COc1cccc(-c2ccc(-c3nc(C)n(CC4Sc5ccccc5NC4=O)n3)o2)c1,22.84438659104387
COc1ccc(Cn2c3ccccc3n3nc(-c4nccs4)nc23)c(N)c1-c1ccccc1,22.844096226587414
CCN1CCN(c2ccc(Oc3cccc(-c4nc(O)c5ccccc5n4)c3)nn2)CC1,22.834935248636146
O=C(O)COc1ccc(-c2csc(Sc3ccc4c(c3)CCC(=O)C4=S)n2)cc1,22.831330258611377
N#Cc1ccc(CN2CCC(Nc3ncnc(Oc4ccc5c(c4)CCC5)n3)CC2)cc1,22.827294742855816
COc1ccc(-c2nnc(N3CCc4snc(O)c4C3)cc2Oc2ccccc2)cc1,22.81156623794584
COc1ccc(-c2nc(Sc3ccccc3)n3c(NC(=O)c4cccs4)cnc3n2)cc1,22.788803804109094
Cc1cc(N2CCC(c3cccs3)C2)nc(Oc2cccc3c2ccn3CC(=O)O)n1,22.783656079658947
Cc1ccn2nc(Sc3ccc(-c4ccccc4)nc3)n(-c3ccccc3C(=O)O)c(=O)c12,22.78090675062233
Oc1ccc(-c2ccc(-n3nnnc3SCc3ccc(-c4ccccn4)cc3)cc2)cn1,22.764635357911864
CCn1nc(-c2ccc(-c3nnn4c(O)nccc34)cc2)cc1Sc1cccc(Cl)c1,22.75324301176518
O=C(O)c1cc(-n2nnnc2SCc2ccccc2)c(-c2cccc(Cl)c2)s1,22.74538099626333
CCCc1nc2nc(Sc3ccc(Cl)cn3)n(-c3cccc(Cl)c3)c(=O)n2c1O,22.74218325172221
Cc1cc(Oc2nc(N3CCC(Nc4ccccn4)CC3)nc3c2CCS3)cnc1C,22.726190693544126
O=C(O)COc1cccc2c1nc(-c1ccc3c(c1)OCO3)n2Sc1ccccc1F,22.710966173855642
Cc1cccc(-c2nc(CSc3nnnn3-c3ccccc3Cl)c(O)c3c2CC3)c1,22.692084819716555
Cc1nn(-c2nc(C(=O)O)cs2)cc1COc1ccc(-c2ccccc2)cc1Cl,22.689413731763327
Cc1cn(-c2cc(Cl)cc(Sc3nc4c(C)cccc4n3CC(=O)O)c2Cl)nn1,22.68674366214128
Cc1ccc2nc(-c3ccc(O)c(OC4CCN(c5ncccn5)CC4C)c3)sc2c1,22.66594928635991
COC(=O)Nc1cc(Cl)nn2c(COc3ccc(-c4cccc(OC)c4)s3)cnc12,22.664833474611868
COc1ccc(-c2nc(N3CCC(OC)CC3(C)C)c3c(C(=O)O)csc3n2)cc1,22.657708806435448
COc1ccc(-c2ccc3ncn(Cc4ccc(-c5cn(C(=O)O)nn5)cc4)c3c2)cc1,22.65263828931349
Cc1cc(Oc2ccc(-n3c(N4CCOCC4)nc(C(=O)O)c3C)cc2)c2ccccc2n1,22.637196664596868
Cc1ccc(Oc2cccc(-n3c(SCC(=O)O)nc4c(Cl)ncnc43)c2)cc1,22.618873831981894
CCn1c(Sc2ccc3c(c2)OCO3)cc(-c2ccc3c(c2)CCN3C)c2nc(N)nc1-2,22.56952353083286
C#CCn1c(=S)n(CC(=O)O)c2c(Oc3cccc(-c4nc(C)cs4)c3)ccnc21,22.551356770198655
Cc1ccc(Cl)cc1-c1ccc(-c2nnc(SCC(=O)O)n2-c2cccs2)cn1,22.521143952831448
Cn1c(Sc2nnc3c(Cl)cccn23)cc2c(OCc3ccc(N)cn3)cccc21,22.515574359329502
COc1ccc(-c2ccc3cc(C)c(CSc4nn5cccc5c(=O)n4O)nc3c2)cc1,22.513504154869633
O=C(O)COc1cccc(-c2cccc3nc(Sc4ccccc4-n4cccc4)nn23)c1,22.49393573196347
CCn1c(Sc2ccnc(-c3ccc(-n4ccnn4)c(F)c3)c2)c(N)c2ccccc21,22.477812456118322
COc1ccc(-c2cnn3c2[SH](CC(=O)OC(N)=O)c2ccc(Cl)cc2S3)cc1,22.45179655672436
COc1ccc(-c2nc(OC)nc(Sc3c[nH]c(=S)n3C3CCCCC3)n2)cc1,22.438045083733172
COc1cccc(Cn2c(SCC(=O)O)nc3cc(-c4ccc(C#N)cc4)sc32)c1,22.436257579711214
COc1ccc(-c2ccc(Sc3nc4ncn(O)c4c(=O)n3-c3cccc(F)c3)cc2)cc1,22.435113253147865
COc1ccc(CSc2nc(O)c3nc(C(C)(C)C)cc(=O)n3n2)c(-c2ccccc2)c1,22.42892301667866
Cc1cc(-n2c(SCc3ccccc3)nc3c(-c4ccccn4)cnn32)ccc1C(=O)O,22.424859427398097
COc1ccc(-c2nn(C3CCCC3)c3ncnc(NCc4ccncc4)c23)c(Cl)c1,22.418608976597316
COC(=O)n1c(=S)n(Cc2cccc(C(=O)O)c2)c2ccc(-c3ccc(OC)cc3)cc21,22.412141829402664
CCc1c(C(=O)O)c(C)n(-c2ccccc2)c1Sc1nnnn1-c1ccccc1Cl,22.39977998542885
COc1ccc(-c2cc(C)n3nc(Sc4ccc5c(c4)OCC(O)CO5)nc3c2)cc1,22.394831765774843
O=C(O)COc1ccc2c(-c3ccc(F)cc3F)nc(SCc3nccs3)nc2c1,22.371584829926476
COc1ccc(-c2ccccc2)cc1CSc1nnnn1-c1ccc(Cl)cc1C(=O)O,22.360306465704774
O=C(O)CSc1nnc(-c2cc(C(F)(F)F)c3ccccc3n2)n1Cc1ccccc1,22.35486073374132
COc1ccc(-c2ccc(-c3nc(C)n(-c4ccc(O)c(C(F)(F)F)c4)n3)s2)nn1,22.350726540028028
COc1ccc(-c2nn(Cc3ncn(-c4ccc(Cl)c(O)c4)n3)c3ccccc23)cc1,22.338460412970193
COc1ccc(-c2ncnc3cc(Oc4nc(SC)nc5c4NCCCC5)ccc23)cc1,22.334898073171424
COc1ccc(-c2cn(-c3ccccc3Cl)c3ncnc(SCC(=O)O)c23)cc1,22.334228762028413
Cc1ccc2nc(-c3cccc(Oc4nn(C)c(=O)n4-c4cccc(O)c4)c3)sc2c1,22.33059862361384
COc1ccc(-c2cc(Cl)nc3nc(CSc4nc5ccccc5n4O)cn23)cc1,22.328081476718797
COc1ccc(-c2cn(C)c3nc(N4CCCC4)nc(-c4ccc(C(=O)O)cc4)c23)cc1,22.319018496511475
Nc1nc(Sc2nc(-c3ccc(F)cc3)cs2)nnc1Cc1cccc2ncccc12,22.306165889520294
Cn1c(SCc2ccc(-c3cc(Cl)c(O)cc3F)nn2)nnc1-c1ccccc1,22.30108325685971
Cc1ccc(-c2nc(SCc3ccn4ncnc4c3O)n(-c3cccc(Cl)c3)n2)cc1,22.294664667870993
COc1cccc(-n2cc(Cn3cnc4sc(N)nc43)c(-c3ccc(Cl)cc3)n2)c1,22.287137365833736
Cc1ncnc(Sc2ccc3c(c2)OCCO3)c1-c1ccc(Cl)c(OCC(=O)O)c1,22.260387648155852
CSc1nnc(SCc2cc(-c3ccc4cc[nH]c4c3)no2)n1-c1ccccc1,22.252454444900426
NC(=O)n1nnnc1CSc1nc2ccccc2n1Cc1ccc(-c2ccccc2)cc1,22.2411410878769
Cc1cc(-n2nnnc2SCc2cccc(Cl)c2Cl)ccc1-c1nccs1,22.224779809286126
COc1cc(-c2cc(CSc3nnnn3-c3ccccc3Cl)cnn2)ccc1Cl,22.18227756559208
Cc1cnn(-c2ccc(Sc3nc4ccc(Cl)cc4n3CC(=O)O)c(Cl)c2)c1,22.18146549359268
Cc1cccc(Sc2nc3sc(C(=O)O)c(C)c3c(=O)n2-c2ccccc2C)c1,22.155896743906855
Cn1ccc2c(Oc3ccc(NCc4ccccc4-n4cnnn4)c(Cl)c3)ccnc21,22.142889124013422
O=C(O)CSc1ncnc2c(-c3ccccc3)nn(Cc3cc(Cl)ccc3Cl)c12,22.12977027070132
Cc1nc(-c2ccc(C(=O)O)cc2)nn1C(=S)SCC(=O)c1ccc(Cl)cc1,22.116898649977834
Cc1cccc(-c2nc(SCC(=O)O)c(-c3ccc4c(c3)OCO4)n3c(C)ccc23)n1,22.100315297031706
COc1ccc(-c2sc(=O)n(-c3cc(N)ncn3)c2Sc2cccc(Cl)c2)cc1,22.099666737459316
COc1cccc(Cn2c(Sc3ccc4c(c3)OCO4)c(C(=O)O)c3ccccc32)c1,22.095381266203237
Fc1ccc(CNc2nc(Oc3nccs3)cc(-c3ccc4c(c3)OCCO4)n2)cc1,22.092895128804667
O=C(O)c1ccc(-c2cc(Oc3ccc(CSc4nc5ccccn5n4)cc3)ccn2)cc1,22.092331638565376
COc1ccc(-c2cccc3nc(NCc4ccc5c(c4)OCO5)n4ncnc4c23)c(C)c1,22.0893342480626
COc1cccc(-c2nc(SCC(=O)O)n(-c3ccc(Cl)c(Cl)c3)c2C)c1,22.086124261750463
O=C(O)CSc1nnc(-c2ccc(Sc3cc(C(F)(F)F)ccc3F)cc2)o1,22.071809266851666
Cc1cc(C)n(-c2ccc(-c3ccc(Sc4ccc5c(c4)OCO5)nc3C(=O)O)cc2)n1,22.062734861901124
COc1cccc(-c2cc(Sc3ccc(Cl)c4cccnc34)n(CC(=O)O)n2)c1,22.052440474456798
Cn1c(-c2ccc(Sc3ccc4c(c3)n(C)c(=O)n4CC(=O)O)cc2)nc2ccccc21,22.05187660016235
c1ccc(CSc2nc3c(N4CCC4)cccc3n2-c2ccc(-c3ccoc3)nn2)cc1,22.04766626926635
COc1ccc(-c2nnc(SCc3ccc4c(c3)CCC(=O)n3cccc3-4)n2O)cc1,22.045401843464095
CNCc1cccc(-n2nccc2-c2ccc(Oc3nc4ccccc4s3)cc2)n1,22.044191296428895
OC1COc2cc(CSc3nnnn3-c3cccc(Oc4ccccc4)c3)ccc2C1,22.04372870770143
COc1ccc(-c2cnc(C(=O)O)c3c2cc(Sc2ccc4c(c2)OCCO4)n3C)cc1,22.03497199905012
CC(C)(C)c1cccc(-c2nc(SCC(=O)O)nc(SCc3ccccc3)n2)c1,22.030739130586916
COc1ccc(-c2nnc(Sc3ccc4c(c3)CCc3ccccc3-4)n2C(=O)O)c(C)c1,22.02500957969722
O=C(Cn1c(=O)c(Sc2ccc(C(=O)O)cc2)cc2ccccc21)OCc1ccccc1,22.012909254286384
CCn1c(Sc2ccc3c(c2)OCO3)nc(C(=O)O)c1-c1ccc2c(c1)CCCN2C,22.00419748447149
CCn1nc(-c2nnc[nH]2)c(-c2ccc(F)cc2)c1SCc1ccc2c(c1)OCO2,21.99953959339996
COc1ccc(-c2nn(CC(=O)Oc3cccc4c3CC(N)CC4)c3ccccc23)cc1,21.99016786679764
Cc1ncnc(Oc2cc(CSc3nc4ccccc4[nH]3)ns2)c1-c1ccccc1,21.988878415150026
COc1ccc(-c2nc(SCC(=O)O)nc(-c3ccc4ncccc4c3)c2Cl)cc1,21.98350801500652
COc1cc2c(c(Sc3nnnn3-c3cccc(C(=O)O)c3C(F)(F)F)c1)CCCC2,21.960650709690576
COc1ccc(-c2ccc(Cn3nnc4c(S)nc(-c5ccccn5)nc43)cc2)cc1,21.93681783899047
O=C(O)CC1CSc2c1cccc2-n1cc(COc2ccc(-c3ccccc3)nc2)nn1,21.932742050361764
CCN1CCSc2ccc(OCc3nn(-c4cc(C(=O)O)ccn4)c4ccccc34)cc21,21.92701834895089
Cn1cc(Sc2cnnn2-c2c(Cl)cccc2Cl)c(-c2ccc(C(=O)O)cc2)n1,21.92218826988593
COc1ccc(-c2cc3c(nn2)c(O)nc(=O)n3Cc2ccc(-c3ccsc3)cc2)cc1,21.92097067520126
CCn1c(Sc2nnnn2-c2cccc(-c3ccc(F)cc3)c2)nc2cc(C)ccc21,21.904051108435056
Cc1cc(C(=O)O)ccc1-n1ncnc1SCc1ccc2c(c1)C(=O)c1ccccc1C2,21.902744254154996
CNc1cccc(-n2nnnc2-c2ccc(Oc3cc(C)nc4ccccc34)cc2)c1F,21.902530146445866
COc1ccc(-n2nc(Sc3cccc4ncn(CC(=O)O)c34)c3ccccc32)cc1,21.896617132513178
CSc1nn(Cc2cccc(Cl)c2)c2nc(SCC(=O)O)nc(-c3ccccc3)c12,21.87131578594168
O=C(CSc1nc(-c2ccccc2)c2c(O)nc(-c3cccs3)nn12)c1ccccc1,21.846730901981427
Cc1cc(CSc2c[nH]nn2)c(Cl)c(Sc2nnnn2-c2cccc(Cl)c2)c1,21.8242683459077
Cc1cccc(-c2nc(SCC(=O)O)n(Cc3ccc4c(c3)OCO4)c2C(C)(C)C)c1,21.811427003038247
O=C1NCc2ccc(CSc3nc(SCc4ccco4)nn3-c3ccccc3)cc21,21.80986124833196
COc1ccc(-c2nc(Sc3nc4c(C(=O)O)cccc4n3C)c3ccccc3n2)cc1,21.80373136408172
Cc1ccc(-c2ccc(Sc3nc4ccccc4c(=O)n3-c3ccccc3)nc2)nc1N,21.79954221445457
O=C(O)c1cc(-c2cccc(Cl)c2)nn(CCSc2ccc3ccccc3n2)c1=O,21.773172304021685
Cc1nc(Sc2nncn2C)n(-c2ccc3c(c2)Sc2ccccc2NC3=O)c1C,21.747549575044445
COc1ccc(-c2nnn(-c3ccc(Oc4ccnc5c4CCSC5C)cc3)n2)cc1,21.73702444408313
Cn1cnc2cc(-c3ccc(SCc4cn(-c5ccccc5)nn4)c(C(=O)O)c3)ccc21,21.732329022487882
Cc1ccc(-c2cccc(Oc3nc(N4CCCC4)nn3-c3cccc(C(=O)O)c3)c2)cc1,21.731512386307056
Cc1cc(C(=O)O)nc(-n2c(SCc3ccc4c(c3)OCO4)nc3cccc(C)c32)c1,21.7302296113661
COc1cccc(-c2ccc(Oc3nc4ccccc4n3CC(=O)O)c3c2CSC3)c1,21.711300612786328
CCn1c(SCc2ccc3c(c2)OCCO3)nnc1-c1cc(Cl)cc(C(=O)O)c1,21.702345773020845
COc1cc(C)cc(Oc2nc3c(s2)CN(c2cccc(C(=O)O)n2)CC3)c1Cl,21.695521543936866
Cc1sc(CSc2nnc(-c3cccc(F)c3)n2-c2ccccc2)nc1C(=O)O,21.683400277656926
COc1ccc(-c2ccc(CNc3ncc(-c4cccs4)c4nnnn34)cc2F)cc1,21.670241758724664
Cn1cc(Sc2ccc(C(=O)O)cc2)c2cccc(-n3nnc(-c4ccccc4)n3)c21,21.666228267718967
Cc1csc(-n2nc(-c3ccccc3)n(-c3ccc(Oc4cc(C)[nH]n4)cc3)c2=O)n1,21.65418094386636
COc1ccc(-c2cc3c(C(=O)O)c(Sc4ccc5c(c4)OCO5)n(C)c3cn2)cc1,21.65002226945833
CCOc1c(Sc2cc(O)c3ccccc3n2)nnn1-c1cccc(C(F)(F)F)c1,21.642216516666867
Nc1ccc(-c2ncc(SCc3cn(-c4ccccc4)nn3)n2Cc2ccccc2)nc1,21.62901913251945
CNc1nc(-c2ccc(Cl)cn2)nn2c(SCc3cccc4ccccc34)nnc12,21.62459364508796
COC(=O)NC1CCN(c2nnc(-c3ccccc3)c(Oc3ccc(Cl)c(C)c3)n2)C1,21.623652023709315
Cc1nnn(CCOc2ccc(Cl)c(Cl)c2)c1-c1ccc2nc(C(=O)O)ccc2c1,21.60712022499865
COc1ccc(-n2ccnc2Sc2cc(-c3ccc4c(c3)OCCO4)cc(N)n2)cc1,21.591146524961932
O=C(O)Sc1nc2c(N3CCCC3)ncnc2n1Cc1ccc(Oc2ccccc2)cc1,21.58976576354568
Nc1nc(COc2cccc3nc(Sc4ccccc4)n(-c4ccccc4)c(=O)c23)cs1,21.563998168196726
Cc1cccc(C)c1-n1c(C(=O)O)c(Sc2nnnn2-c2ccccc2)c2ccccc21,21.537893757857184
COc1cc(-c2ccccc2)nc2c1nc(-c1cc(C(=O)O)ccn1)n2Cc1cccs1,21.529796044941936
O=C(CSc1nccn1-c1ccc(-c2ccc(C(=O)O)cc2)s1)OC1CCCCC1,21.529236411717925
CSc1cc(-n2c(SCC(=O)O)nc3ccccc3c2=O)ccc1Oc1ccccc1,21.52534095312528
COc1ccc(-n2nc(-c3cccnc3)nc2NCc2ccc3c(c2)OCO3)cc1Cl,21.508915260085146
CSc1cnc(-c2ccc(Sc3nc4ccc(Cl)cc4n3CC(=O)O)cc2)cn1,21.50324432870408
COc1ccc(-c2nc3ccccc3c(OCC(=O)O)c2[SH]2CCC3(C2)OCCO3)cc1,21.498215974934357
O=C(O)c1cccc(-c2cc(Cl)cc(CSc3nnnn3-c3ccccc3)c2)c1,21.494002133484678
COc1ccc(-c2c(SCc3ccc4ccccc4c3)nn3sccc23)nc1C(=O)O,21.4668354111929
CCNc1ccc(Sc2nc3ccccc3c(=O)n2Cc2cccc(Cl)c2)nn1,21.414645947136403
COc1ccc(-c2ccc3c(c2)nc(SCC(=O)O)n3-c2ccc3c(n2)COC3)cc1,21.410039948749564
Cc1ccc(-c2nn(O)c(Sc3nc4sccc4c(=O)n3-c3ccccc3)c2C)cc1,21.40940958040443
O=C(Oc1cc(CSc2nnnn2-c2ccccc2)ccc1-c1ccccc1)C(F)F,21.4069496788027
COc1cc(Oc2cc(C(=O)O)nn2-c2cccc(Cl)c2)cc(-c2cccs2)c1,21.396016486446435
Cn1c(-c2ccc(OCc3csc(-c4ccc(C(=O)O)cc4)n3)cc2)ccc(F)c1=O,21.387141378202156
Cc1ccc(-c2nc(CSc3nnc(N4CCCCC4)s3)c3cc(N)ccc3n2)cc1,21.381067091538718
O=C(O)CSc1nc2ccc(OCc3ccc4c(c3)OCO4)cn2c1-c1ccccc1,21.373001641914506
COc1ccc2c(Oc3ccc(Cl)cc3)nn(C3CCN(Cc4ccco4)CC3)c2n1,21.35453903904431
O=Cc1ccc(C(=O)O)cc1-n1nc(-c2cccs2)nc1SCc1ccc(F)cc1,21.35262747615022
Cc1nc(-c2ccc(Oc3nc(N4CCCC4)nc4c3CCCC4)cc2)sc1C(=O)O,21.348276955294264
Cc1cccc(CSc2nc3c(N)ncnc3c(=O)n2-c2ccc(Cl)c(Cl)c2)c1,21.328552057895635
Oc1cc(CSc2nnnn2-c2cc(F)cc(-c3ccccc3)c2)nc2ccccc12,21.307715475018682
COc1ccc(-c2cc(C(=O)O)c(Sc3ccc4c(c3)OCCO4)c3nccn23)cc1,21.303456749812536
Cc1ccccc1-n1nnnc1SCc1cccc2c1nc(N)n2Cc1ccc(F)cc1,21.30229586568585
COc1cccc(-c2cc(O)nc(CSc3nnc(C(F)(F)F)c4scnc34)c2)c1,21.300772927603436
COc1ccc(-c2cc(-c3ccc(C(=O)O)cc3)n(C3CCN(C(C)(C)C)CC3)n2)cc1,21.29127616226988
COc1ccc(-c2ccc3c(=O)n(O)c(SCc4nc5ccccc5s4)nc3c2)cc1,21.28586603631366
Nc1ncnc2c1nc(SCc1ccccc1)n2-c1cccc(Oc2ccc(F)cc2)c1,21.274527582593016
COc1ccc(-c2nc(CSc3cc(O)c4cccc(=O)n4n3)c3ccccc3n2)cc1,21.274433193982627
Cc1cc(Oc2ccc(F)cc2F)cn1-c1nccc(Oc2cccc(C(=O)O)c2)n1,21.27188989902011
Cn1cc(-c2ccc(Sc3cn(CC(=O)O)c4ncnc(-c5ccccc5)c34)cc2)cn1,21.26749796982703
COc1cc(-c2ccc(Sc3nc4c(C(=O)O)cccn4n3)cc2)cc2c1N(C)CC2,21.26470517632875
COc1ccc(-c2ccc(OC)c3c(N4CCC(C(C)(C)C)CC4)nc(C(=O)O)n23)cc1,21.259778028714482
COc1ccc(-c2nc(O)nc(Sc3cc4nc(C)sc4cc3Br)n2)cc1,21.255406924201843
COC(=O)c1nc(SCC(=O)O)n(C)c1-c1ccc(Sc2ccc(F)cc2)cc1,21.24817145259923
O=C(O)CSc1nc2ccccc2n1-c1ccnc(Oc2cc(Cl)cc(Cl)c2)n1,21.238311160277448
COc1ccc(-c2nc3c(Sc4ccc(-c5ccccc5)cc4)ncc(O)n3n2)cc1,21.224766200671436
Clc1cc2ccccc2cc1Oc1ncnc(NC2CCN(Cc3ccno3)CC2)n1,21.217091435432767
COc1ccc(-c2nc(SCc3ccc4c(c3)OCC(=O)N4)n(-c3ccccc3)n2)cc1,21.20532399890699
O=C(O)CSc1nc(-c2ccc(F)cc2)nn1Cc1ccc(-c2ccsc2)cn1,21.185927114189298
Cc1cc(C)c(Sc2nn(-c3ccc(C(=O)O)cn3)c(=O)n2-c2ccccc2)c(Cl)c1,21.181989725480406
Cc1ccc(Oc2ncnc3scc(NC4CCN(c5ccccn5)CC4)c23)nc1C,21.174312899936062
Cc1ccc(-c2cn(-c3nc(SCC(=O)O)nn3-c3ccc(Cl)c(Cl)c3)cn2)cc1,21.160460492484138
Cc1ccccc1-c1noc(CSc2cccc3nc(Nc4ccccc4)cc(=O)n23)n1,21.157256140458415
COc1ccc(-c2nc3c(Oc4ccnn4-c4ccccc4)ccc(O)c3s2)cc1,21.15629979675762
COc1ccc(-c2ccc3c(c2)nc(Sc2ccc(C(F)(F)F)cn2)n3CC(=O)O)cc1,21.14784325678615
O=C(O)c1ccc(-n2cc(-c3ccccc3)c(SCc3ccc4c(c3)OCO4)n2)cc1,21.14294616706124
Cc1nc(N2CCCC2)c(-c2ccccc2)n1-c1nccc(Oc2cccc(C(=O)O)c2)n1,21.13897028631834
Cc1c(C(=O)O)cn(-c2cccc(Oc3nnnn3-c3ccc(Cl)c(Cl)c3)c2)c1C,21.120660894521592
COc1ccc(-c2c(SCC(=O)O)nc(-c3ccc(Cl)cc3)n3ncnc23)cc1,21.118218527876877
COc1ccc(-c2cnc(N3CCc4cccc(C(C)(C)C)c4C3)nc2C(=O)O)cc1OC,21.103019658665527
Cc1ccc(C)c(Oc2nc(NC3CCN(c4ccccc4)CC3)nc3scnc23)c1,21.09763665842978
Cc1c(F)nc(-c2ccc(C(=O)O)cc2)n1CCSc1nc2ccccc2c(=O)s1,21.08395016029837
COc1ccc(-c2cc(Oc3ccccc3Cl)nc(N3CCC(C(=O)O)CC3)n2)cc1,21.080037916484915
COc1ccc(-c2ccc(OC)c3c2nnn3C2CCN(C(=O)OC(C)(C)C)CC2)cc1,21.069256343712475
O=C(O)COc1ccc(-c2ncnc(SCC#Cc3ccccc3)n2)c2ccccc12,21.061958811237243
O=C(O)c1csc(CSn2c(=O)n(Cc3ccc(Cl)cc3)c3ccccc32)n1,21.047654107126007
COc1cccc(-n2c(Sc3ccccc3)c(-c3ccncc3)c3c(N)ncnc32)c1,21.03853827965414
COC(=O)c1ccc(-c2nnc(Sc3n[nH]c4ccccc34)n2Cc2ccccc2)cc1,21.038408149332767
Nc1ncnc2c1nc(Sc1ccc3c(c1)OCO3)n2CCc1ccccc1C1CC1,21.030273389787883
COc1ccc(-c2ccc3nc(SCC(=O)O)n(-c4ccc5c(c4)OCO5)c3c2)cc1,21.027843917229326
[C-]#[N+]c1cc(C)cc(Oc2nc(NC3CCN(c4ccccn4)CC3)nc3c2cnn3C)c1,21.015487309791762
Cn1c(Sc2cccc(-c3ccc(Cl)cc3)c2)nc2c1nnn2Cc1ccncc1,20.98363420719982
COc1ccccc1-c1c(C#N)c(SCC(=O)O)nn1-c1ccc(Cl)c(Cl)c1,20.949493434720704
COc1ccc(-n2c(-c3ccccc3)nn3cc(SCC(=O)O)nc23)c2ccccc12,20.936009311094598
COc1ccc(-c2nnc(-c3cncnc3)n2Sc2cc(Cl)cc(Cl)c2)cc1,20.929000477991277
O=C(O)c1ccc(OCCn2nc(S)nc2-c2ccc(Cl)c(Cl)c2)cc1Cl,20.91838692925765
Cc1ccc(-c2c(-c3ccccc3)nc(SCC(=O)O)n2-c2ccc3c(c2)OCO3)nc1,20.909256224467587
Cc1nn(C)c2c(O)ccc(Oc3ccc(-c4cn(-c5ccc(Cl)cc5)nn4)cc3)c12,20.895360850486956
CC(C)(C)c1ccc(C(=O)CSc2nc(-c3ccccc3)nn2-c2ccccc2)nn1,20.882704340296602
Cn1c(SCc2ccc(-c3ccccc3)cc2)nc2c(=O)n(-c3ccc(O)cc3)cnc21,20.85955241721224
COc1ccc(-c2nnc(Sc3ccc4c(c3)CCc3nc(C(=O)O)ccc3-4)n2C)cc1,20.85283481728966
CC(C)(C)c1cc(Oc2ccccc2)nc(N2CCc3c(OCC(=O)O)ccnc3C2)c1,20.84938126799771
N#Cc1cnc(SCC(=O)OC(F)(F)F)nc1NCc1ccc(-c2ccccc2)cc1,20.833269096564944
COc1ccc(-c2nnc(Sc3cc(Cl)cc4c3OCc3ccc(O)cc3-4)n2C)cc1,20.814112373868188
Cn1cnnc1-c1c(-c2cccc(Cl)c2)nn(-c2cccc(Cl)c2)c1SCC(=O)O,20.80537092638066
COc1ccc(-c2cnc3c(c2)-c2c(c(C(=O)O)nn2Cc2ccccc2)CS3)cc1,20.791152618831003
Cc1cccc(-c2ccc(Sc3cn(-c4ccc(C(=O)O)cc4Cl)nn3)cc2)n1,20.786339455245265
O=C(O)CSc1nc(-c2ccncc2)sc1C(=O)OCc1ccc(Cl)c(Cl)c1,20.781960471345116
COc1cccc(-c2ccc(Cn3cnc4c(N5CCCCC5)nc(N)nc43)s2)c1,20.770610594774016
Cc1cccc(-c2cc(Sc3cc(Cl)cc4c3OCO4)nc(SCC(=O)O)n2)c1,20.75967892432111
Cc1cc2nc(Sc3ccc(-c4ccc5c(c4)OCO5)cc3)n(CC(=O)O)c2nc1C,20.73536231168183
Cc1ccc(-c2ccc(-n3nnnc3SCc3ccc4c(c3)CC(O)CO4)cc2)cc1,20.731406947833392
COc1ccc(Cl)cc1-c1nc(CSc2nnn[nH]2)c(-c2ccc(F)cc2)s1,20.689904398496747
Cc1nc2ccc(-n3c(SCC(=O)O)nc(C)c3-c3ccc(Cl)cn3)cc2s1,20.687180657122124
COc1ccc(-c2nn3c(-c4ccc(N5CCCC5)nc4)c(C(=O)O)sc3c2C)cc1,20.67378190398039
N#Cc1cc(CSc2nnnn2C2CCNC2)ccc1Oc1cc(Cl)cc(Cl)c1,20.66896215820512
Cc1nc(-c2ccc(Oc3nc4ccccc4s3)nc2)cc(N2CCC(CO)CC2)n1,20.668456559698296
Clc1ccc(-c2c(CSc3nnnn3-c3ccccc3)nnn2-c2ccccc2)cc1,20.66203858195295
COc1cccc(Oc2nc(F)nc(N3CCC(Nc4ccc(Cl)cc4)CC3)n2)c1,20.64116095977019
COc1ccc(-c2ccc(Cn3c4ccccc4n4c(SC(=O)O)nnc34)cc2)cc1,20.629641725628787
Cn1nc(-c2ccc3c(c2)CCC3)nc1CSc1nc(N)cc(N2CCCCCC2)n1,20.61754758691588
O=C(O)c1cn(-c2ccccc2)n2nc(SCc3ccc(-c4ccccc4)cn3)nc12,20.606536013345263
O=C(O)c1cnc(-c2nc(SCc3cccc(Cl)c3)n(-c3ccccc3)n2)s1,20.599839393455802
COc1ccc(-c2nc(Oc3ccc(C(=O)O)cc3)n(-c3ccc(Cl)cc3)n2)cc1,20.59134784062187
Oc1cccc(-n2ncc3c(Oc4ccc(OCc5ccccc5F)cc4)ncnc32)c1,20.5832444793499
Cc1sc(-n2nc(-c3ccccc3)nc2SCc2ccccc2)nc1C(=O)O,20.5698997584707
COc1ccc(-c2c(-c3nnn[nH]3)nc(Sc3ccc4c(c3)CCC43CC3)n2C)cc1,20.5571926479807
Nc1nc(SCc2ccc3c(c2)OCO3)ncc1Sc1c(Cl)cncc1Cl,20.54211633324707
O=C(O)c1csc(C(=O)CSc2nc3ccccc3n2-c2cccc(Cl)c2)n1,20.529166953981967
Cc1cc(Oc2nc(NC3CCN(c4ccccc4)CC3)nc3sccc23)c(C)nn1,20.526444384431425
Cc1nsc(-c2nnc(SCC(=O)O)n2-c2ccc(Cl)c(Cl)c2)c1C,20.522768772317242
COc1ccc(-n2nnc3c(Oc4c(-c5ccccn5)[nH]c(=S)n4C)cccc32)cc1,20.497241938776906
Cn1ccnc1-c1nc(SCc2ccc(C(=O)O)cc2)n(-c2ccccc2Cl)n1,20.49276512502522
Cn1cc(-c2ccc3ncn(Cc4ccc(-c5ccccc5Sc5nnn[nH]5)cc4)c3c2)o1,20.49189326600933
CC(C)(C)C(O)Oc1ccc(-c2nnc(SCC(=O)O)n2Cc2ccccc2)cc1,20.474130034822213
Cc1ccc(-c2cc3nc(Sc4cccc(Cl)c4)nc(SCC(=O)O)n3n2)cc1,20.45784307803348
Cc1cc(C)nc(Sc2c(-c3ccc(Cl)cc3)ncn2-c2ccc(C(=O)O)cc2)n1,20.444855862460948
COc1cc(-c2ccc(Sc3nc4cccc(C(=O)O)n4n3)cc2)cc2c1N(C)CC2,20.437622165195222
Cc1ccc(-c2nn(C)c3nc(SCC(=O)O)nc(-c4ccc(Cl)cc4)c23)s1,20.437027893172715
COc1ccc(-c2cc(CSc3nc(O)c4nc(C(F)(F)F)cn4n3)ccn2)cc1,20.436529266083024
Cn1c(=O)nc(N)c2c1ncn2Cc1ccc(-c2ccccc2Sc2ccccc2)cc1,20.429147868120232
COc1ccc(NC2=NC(=O)/C(=C\c3cccc(CSc4ccccn4)n3)S2)cc1,20.405218661688348
CSc1nc(-c2ccc(C(=O)O)cc2)nn1Cc1ccc(-c2ccc3c(c2)OCO3)cc1,20.40289938483341
Cc1cc(CSc2nc(SCC(=O)O)nc3c(Cl)cc(Cl)n23)c(F)cn1,20.396921043133077
O=C(O)c1cccc(-c2ccc(-n3nnnc3SCc3ccc4ccccc4c3)cc2)n1,20.395633574714807
COc1ccc(-c2cc(Sc3cc(O)c4nccn4n3)ccc2-n2ccccc2=O)cc1,20.379478863029497
Cc1ccc(-c2nc(CSc3nnc(N)c4ccsc34)nn2-c2ccc(F)cc2)cc1,20.36007124159084
Cc1noc(N2CCC(Nc3ncnc(Oc4ccc(Cl)cc4Cl)n3)CC2)c1C,20.35725903156545
Cc1nc2c(NC3CCN(Cc4ccc(Oc5ccccn5)cc4)CC3)ncnc2s1,20.325378661606603
Cc1cccc(-n2nnc3c(nc(SCc4ccccc4)n3-c3ccc(O)cc3)c2=O)c1,20.30591750043853
Cc1cc(N)nc(-n2nc(-c3ccc(F)cc3)nc2SCc2cccc3ccccc23)n1,20.287894999943248
Cc1cccc2onc(Sc3ccc4nc(CN5CCC(C(=O)O)CC5)n(C)c4c3)c12,20.281521680852357
O=C(O)c1nc(SCc2ccccc2)n(-c2ccc(Oc3cccc(Cl)c3)cn2)n1,20.280125098706492
COc1ccc(-c2ccnc(CSc3nc4c(O)cc(C(F)(F)F)nn4n3)c2)cc1,20.261602483752544
Cc1ccc(-c2ccc(C(=O)O)cc2)c(Sc2nnnn2-c2ccc(Cl)cc2)c1C,20.207796957374097
COc1ccc(-c2cc(-c3ccc4c(c3)CSCCO4)nc(SCC(=O)O)n2)cc1,20.205743157258574
COc1ccc(-c2nc3c(C(=O)O)csc3nc2Oc2ccc3c(c2)CN(C)CC3)cc1,20.193557406848395
COc1ccc(-c2nc(SCc3ccc4ccccc4n3)n3nccc(C(=O)O)c23)cc1,20.15523625195639
COc1ccc(-c2nc(SCC(=O)OC(C)(C)C)n(-c3ccccc3)c2C(=O)O)cc1,20.14205142603008
C#CCSc1nc(Nc2ccc3c(c2)OCCCCO3)nc(-c2ccc(OC)cc2)n1,20.1274191898234
COc1ccc(-c2cc(CSc3nnc(C(F)(F)F)s3)n3ccc(N)c3n2)cc1,20.127155433250657
Cn1c(Sc2cn(-c3ccccc3)c(-c3ccc(C(=O)O)cc3)n2)nc2ccccc21,20.088665754749535
Cc1cccn1Cc1cc(Sc2nnnn2-c2ccc(Cl)c(Cl)c2)ccc1N,20.080499884980526
Cc1nc2c(SCc3cn(-c4cccc5ccccc45)nn3)cccc2n1CC(=O)O,20.076974823747506
COc1ccc(-c2ccc(Sc3ccc4c(c3)OCC3=NCCN34)nc2C(=O)O)cc1,20.075855756654292
CCNc1ncnc(Sc2c(C)n(-c3cccc(Cl)c3)c(=O)c3ccccc23)n1,20.03322461179453
Cn1c(SCc2ccc3nccnc3c2)nc(N)c(Sc2ccccc2Cl)c1=O,19.99960067193742
O=C(O)CSc1nc2cc(Cl)ccc2c(=O)n1-c1ccc(OCc2ccccc2)s1,19.99431280302875
Oc1nc(Oc2cccc(-n3ncnc3SCc3ccccc3)c2)c2ccccc2n1,19.989521517123148
O=C(O)c1ccc(-c2nn(CCOc3ccc(-c4ccccc4)cc3)c(=S)s2)nc1,19.96619096126156
COc1ccc(-c2nc(SCC(=O)O)n(-c3ccccc3)c2-c2ccccc2)cc1,19.96122560535405
O=C(O)CSc1nc(Oc2ccc(Cl)cc2)c2cc(CN3CCCC3)ccc2n1,19.959632865461128
COc1ccc(-n2nnc(Sc3ccccc3)c2Oc2ccc3c(c2)NC(=O)CO3)cc1,19.955830040832982
O=C(O)c1ccc(CSc2nc(-c3ccccc3)nn2-c2ccc3c(c2)OCO3)cc1,19.939186419367143
Cc1ccc(-n2c(SCC(=O)O)nc3cc(Oc4ccc5c(c4)OCCO5)ccc32)cc1,19.919201107229245
COC(=O)CSc1nc(-c2ccc(Cl)cc2)cn1-c1ccc2nc(N)sc2c1,19.918854369779844
O=C(O)c1cccc(-c2nnn(-c3ccccc3)c2SCc2ccc3c(c2)OCCO3)c1,19.915336175055188
COc1ccc(-c2nn3c(NCc4cc(Cl)cc5c4OCO5)ccnc3c2C)cc1,19.89073323573541
COc1ccc(-c2ccc(C(=O)O)cc2)cc1Cn1c(=S)sc(-c2ccccc2)[n+]1[O-],19.88144502713081
COc1ccc(-c2c(C(=O)O)nc3cc(CSc4nc5ccccc5s4)ccn23)cc1,19.84338282850266
COc1ccc(-c2ccc(-c3ccc(F)cc3)nc2Sc2nnc(C(=O)O)s2)cc1,19.81549660906629
COc1ccc(-c2ccc(CSc3nc4cccc(C(=O)O)n4n3)c3cccn23)cc1,19.812220817900574
Cc1c(-c2ccccc2C#N)nnn1CCSc1n[nH]c(=S)n1-c1ccccc1Cl,19.805745749733443
COc1ccc(-n2c(SCc3cccc4ccccc34)nc3sccc3c2=O)nc1N,19.790727384034465
COc1c(C)cc(-n2nnnc2Sc2cc(Cl)cc(Cl)c2)c(Cl)c1C(=O)O,19.77468476069757
Cc1cc(N)c2cc(CCSc3nnnn3-c3ccc(Cl)c(Cl)c3)ccc2n1,19.771819126969284
CSc1nnc(Sc2ccc(-c3ccc(Cl)cc3N)nn2)n1-c1ccccc1,19.763999402075395
Clc1ccc(Cl)c(-n2nnnc2SCC(Nc2ncccn2)c2ccccc2)c1,19.763310039004374
Cc1cc(Oc2nc(N3CCC(Nc4ccccn4)CC3)nc3ccccc23)cc(C)n1,19.762497413626885
COc1ccc(-c2cnc(N3CC(C(=O)O)C3)nc2Oc2cccc(C(F)(F)F)c2)cc1,19.752309646128104
Cn1nc(-c2ccccc2)cc1CSc1nncn1-c1ccc(C(=O)O)cc1Cl,19.695536160107576
O=Cc1ccc(-n2c(SCC(=O)O)c(Sc3ccccc3)c(=O)c3cccnc32)cc1,19.68864688085522
COc1ccc(-c2nc(SCC(=O)O)n(-c3cc4ccc(Cl)cc4s3)n2)cc1,19.67964300708235
COc1cccc(-c2cccc(Sc3nn4nnnc4c(O)c3-c3ccccc3)c2)c1,19.65209428177655
Oc1nc(C2CCC2)nc2ccc(CCSc3nnnn3-c3ccccc3Cl)cc12,19.649178945961356
Cn1nc(-c2cccc(C(=O)O)c2)cc1CSc1c2cccnc2nn1-c1ccccc1,19.642858900977323
COc1ccc(-c2nn3nc(O)n(-c4ccccc4)c(=O)c3c2Sc2ccccc2)cc1,19.63896134301198
COc1ccc(-c2c(C(=O)O)c(Sc3ccc4c(c3)OCCO4)nn2C)cc1,19.630108380024584
COc1ccc(NC(=O)n2c(SCc3cccc4ccccc34)nc3snnc32)cc1,19.628399686548985
COc1ccc(-n2nc(-c3ccccc3)nc2Sc2ccc3c(c2)OCC(=O)N3)cc1,19.618987518364833
S=c1[nH]nc(SCc2nc3ccccc3n2Cc2ccccc2)n1-c1ccccc1,19.614257488244256
COc1ccc(-c2nn3nnc(C4CC4)c(Sc4cccc(Cl)c4)c3c2O)cc1,19.610969400752023
COc1ccc(-c2ccc(CSc3nc4c(Cl)cc(Cl)c(O)n4n3)nn2)cc1,19.58510614772161
O=C(O)c1cc(CSc2nnnn2-c2ccccc2Cl)cc(OCC(F)(F)F)c1,19.565800447982866
O=c1c2ccccc2nc(Sc2ccc(CSc3nnn[nH]3)cc2)n1-c1ccccc1,19.529171055743852
COc1cc2nc(-c3nccs3)n(-c3ccc(Cl)c(Cl)c3)c2c(C(=O)O)c1OC,19.492819658690827
O=C(O)CSc1nc(-c2ccncc2)n(-c2ccc(F)cc2)c1Sc1ccncc1,19.486865206232824
COc1ccc(-c2nn3ccccc3c2Sc2nnc(O)n2-c2ccccc2)cc1,19.478980078844916
COc1ccc(-c2cc3cc(C(=O)O)cn3c(SCc3ccc4c(c3)OCO4)n2)cc1,19.460494548170836
COC(=O)c1c(Sc2ccc(-c3ccco3)cc2)c(=O)[nH]c(=S)n1-c1ccccc1,19.455460719363376
COc1ccc2nc(C(=O)O)n(Sc3ccc(Cl)c(OC(F)(F)F)c3)c2c1,19.451377826063737
FC(F)(F)Oc1cccc(CNc2nc(-c3ccc(OC4CC4)cc3)nn3ncnc23)c1,19.405023861008097
COc1ccc(-c2nc3c(F)c(CSc4nnnn4-c4ccccc4)ccc3[nH]2)cc1,19.391254846655666
O=C(O)c1ccc(Cn2nnnc2SCc2ccc(-c3ccccc3)cc2)cc1Cl,19.373278478598078
COC(=O)c1ccc(-c2c(Sc3ccccc3Cl)n(CC(=O)O)c3cccnc23)s1,19.34363696178407
COc1cc(-c2ccccc2)c(Sc2nnnn2-c2ccc(Cl)cc2)cc1C(=O)O,19.30447427973558
O=C(O)c1ccc(-c2cn(-c3ccccn3)c(SCc3ccc4c(c3)OCO4)n2)cc1,19.242923295014222
COc1cc(-c2nnc(SCC(=O)O)n2-c2ccc3sccc3c2)ccc1Cl,19.2366253226956
COc1cc(-c2nc(CSc3nc4ccccc4c(=O)n3-c3ccccc3)cs2)[nH]n1,19.235159259503696
CCn1c(Sc2ccccc2Cl)nc2ccc(-c3nnnn3-c3ccccc3)cc21,19.22347683242517
O=C(O)c1ccc(-c2nnn(-c3ccccc3)c2SCc2ccc3c(c2)OCO3)cc1,19.19251640303163
O=C(O)CSc1nc(-c2ccccc2)c2cnn(Cc3cccc4ccccc34)c2n1,19.172691835175034
COc1ccc(Cl)cc1-c1cc(Sc2ccc3c(c2)OCCO3)n(CC(=O)O)n1,19.161746499810967
COc1ccc(-c2ccc(-n3c(Sc4ccccc4)nc4c(N)ncnc43)cc2)cc1,19.1543622676698
Cn1c(-c2ccc(-c3nnc(SCC(=O)O)n3Cc3ccccc3)cc2)nc2ccccc21,19.12781101201712
Clc1ccc(Oc2ncnc3nc(NC4CCN(Cc5ccco5)C4)sc23)cc1,19.126959884670306
COc1ccc(-c2ccc(C(=O)O)cc2)cc1Sc1coc(=O)n1C1CCN(C)CC1,19.12325923353313
COc1ccc(-n2nc(-c3ccc(C(=O)O)cn3)nc2Sc2ccc3c(c2)CCC3)cc1,19.092845109165328
Nc1ccc(SCn2nnnc2Sc2ccc(-c3ccc(Cl)cc3)cc2)nc1,19.081167067905977
O=C(O)c1ccc(-c2cc(CSc3cc4c(cn3)OCO4)n(-c3ccccc3)n2)cc1,19.069772427434174
COc1ccc(-n2c(C)nc3c(N)nc(Sc4ccc(Cl)c(Cl)c4)nc32)cc1,19.06121975168682
COc1cccc(-c2cc3c(=O)n(-c4ccc(Cl)cc4)c(SCC(=O)O)nc3s2)c1,19.054597302409327
Cc1cc(OC(=O)CSc2nccn2-c2sc(Cl)cc2Cl)cc(C(=O)O)c1,19.04110615375006
Nc1ccc(SCc2nc(Oc3ccc(Cl)c(Cl)c3)n(-c3ccccc3)n2)nn1,19.03921916998489
COc1ccc(-c2ccc(Sc3nc4c(C(=O)O)cn(-c5ccccc5)n4n3)cc2)cc1,19.03720960637914
O=C(O)Cn1nc(-c2ccc(-c3ccc4c(c3)OCO4)cc2)nc1SCc1ccccc1,19.017918665829782
COc1ccc(-c2ccccc2CSc2nnnn2-c2ccc(C(=O)O)cc2F)cc1,19.010605285292787
Cc1ccn2nc(Sc3ccc(OCC(=O)O)c4ccccc34)n(-c3ccccc3)c(=O)c12,18.97022521973244
COc1ccc(-c2ccc(CSc3nc4c(C(=O)O)cc(Cl)nn4n3)cc2)cc1,18.948601681155154
Cn1c(SCc2ccc3c(c2)OCO3)nc(-c2ccc(C(=O)O)nc2)c1-c1ccccc1,18.940554703895778
O=C(O)c1nnc(SCc2cc(-c3ccccc3)nc3c2CCCC3)n1-c1ccccc1,18.928020779934045
Cc1ccc(-c2cc(CSc3nnc(NC(=O)C4CCSCC4)s3)on2)cc1,18.90056601658963
O=C(O)COc1ccc(-c2ccccc2)cc1Sc1nnnn1-c1ccccc1Cl,18.853305806042048
O=C(O)CSc1nc(Oc2cccc(-c3ccc(Cl)cc3)c2)nc(N2CCCC2)n1,18.848975597878795
COc1ccc(-c2nc(Sc3ccc4c(c3)CCc3ccccc3-4)n(CC(=O)O)n2)cc1,18.82913297386942
COc1ccc(-c2nc(SCc3ccc4c(c3)OCO4)nc3c2NCCC(C)=N3)cc1,18.81803438594708
Cc1cccc2nc(Sc3ccc(-c4nsc(CN)n4)cc3)n(-c3ccccc3)c(=O)c12,18.814877730814757
COc1ccc(-c2cc(C(=O)O)c(Sc3nncn3-c3ccc(F)cc3F)cn2)cc1,18.766526469319178
COc1ccc(-c2nnc3c(Sc4ccc(C(=O)O)cc4)nc4ccccc4n23)cc1,18.765260509982316
O=C(O)CSc1nc(-c2ccc3c(c2)OCO3)n(Cc2cccc(-c3ccccc3)c2)n1,18.746379619735954
CSc1nc(Oc2ccc(-c3ccc(C(=O)O)cc3)cc2)c(F)c(N2CCOCC2)n1,18.72744908490941
COc1ccc(-c2nc(Sc3ccc4c(c3)C[C@@H](N)CO4)n(-c3ccccc3)n2)cc1,18.7054630627852
COc1ccc(-c2ccc3nnc(Sc4cccc(-c5ccc(C(=O)O)cc5)c4)n3n2)cc1,18.693857297835276
Oc1ccc(-c2nnc(SCc3ccc4c(c3)OCO4)n2Cc2ccc(F)cn2)cc1,18.674830053771387
Nc1nc(SCc2ccc(-c3ccccc3)cc2)nc(Sc2ccc3c(c2)OCO3)n1,18.665465905887096
CCCNc1nccc2ncc(Sc3nnnn3-c3cccc(Cl)c3Cl)cc12,18.643475015622148
Cc1nc2c(-c3ccccc3)nc(SCC(=O)O)c(Sc3ccc(Cl)cc3)n2n1,18.641801979803414
Oc1cccc(-n2nc(-c3ccnc(Cl)c3)nc2SCc2ccc3c(c2)OCO3)c1,18.632834593752367
COc1ccc(-c2ccc(O)c(Oc3nnnn3-c3ccc(Cl)c(Cl)c3)c2)cc1,18.6183961222299
Nc1nnc(SCc2nnn(-c3cccc(Cl)c3)c2-c2ccc(Cl)cc2)s1,18.614861694213293
Cn1c(SCc2ccc(-c3ccc(Cl)c(Cl)c3)cc2)nnc1-c1nnns1,18.601444068114812
O=C(O)CSc1nc(-c2ccccc2)nn1-c1ccc(Oc2cc(Cl)ccn2)cc1,18.582580683735877
O=C(O)CSc1nc(Sc2ccc(Cl)cc2)c(-c2ccncn2)n1-c1ccccc1,18.555649721345123
Cc1ccc(-c2nc(O)n(C)c2Sc2nnnn2-c2ccc(Cl)cc2Cl)cc1,18.52906061489075
COc1ccc(-c2ccc(C(=O)O)cc2)c(Sc2nnnn2-c2ccc(F)cc2F)c1,18.52436610067891
Cc1nc(N)nc(Sc2cc(-c3ccc(N4CCCCC4)cc3)n(-c3ccccc3)n2)n1,18.497704295374646
Nc1nnc(CCCSc2nnnn2-c2ccc(Cl)c(Cl)c2)c2ccccc12,18.467916838324257
Nc1ccc2cccc(SCCSc3nnnn3-c3ccc(Cl)cc3Cl)c2n1,18.454811768414846
COc1ccc(-c2cc(-c3ccc4c(c3)SCCO4)nc(SCC(=O)O)n2)cc1F,18.436715139311616
COc1ccc(-c2nnc(SCc3cccc(C(F)(F)F)c3)n3nc(O)nc23)cc1,18.429857779843793
Nc1cc(-c2ccccc2)nc(SCc2cc(-c3ccc4c(c3)OCCO4)ns2)n1,18.42745016252377
O=C(O)c1c(COc2ccc(-c3cccc(-n4cncn4)c3)cc2)ccn1-c1ccccc1,18.38345923922926
O=C(O)CC1CCN(c2nnc(SCc3ccc(Cl)c(Cl)c3)s2)CC1,18.341455004365415
CCn1c(Sc2ccc3c(c2)OCO3)nc2c(NCc3ccc(Cl)cc3)ncnc21,18.320645845542955
COc1ccc(-c2cccc(-n3nnnc3SCc3ccc4ccccc4c3)n2)cc1,18.309835135786628
O=C(O)c1cc(CSc2nnc(-c3ccc(Cl)cc3)s2)nn1-c1ccccc1,18.297667521596047
COc1ccc(-c2c(Sc3ccc(Cl)cc3)n(CC(=O)O)c3c(C#N)cnn23)cc1,18.29596289197927
COc1ccc(-c2ccc(Sc3cn(-c4ccc(C(=O)O)cc4Cl)nn3)cc2)cn1,18.278128890543783
O=C(O)Cn1c(Sc2ccc(-c3ccc4c(c3)OCO4)cc2)nnc1-c1ccccc1,18.238713311919973
COc1nnc(Sc2ccc(-c3ccnn3O)cc2)n1-c1ccc(Cl)c(Cl)c1,18.213366309036186
COCn1cc(C(=O)O)cc1Sc1nc2ccccc2c(=O)n1-c1ccccc1Cl,18.167091110724648
Oc1cnc2ccccc2c1Oc1ccc(-n2nnnc2SCc2ccccc2)cc1,18.1615039683766
Cc1nc(CC(=O)O)sc1Sc1nc2ccccc2c(=O)n1-c1ccccc1Cl,18.159352188159765
Cc1cccc(CNc2ncnc3c2nc(Sc2c(Cl)cccc2Cl)n3C)n1,18.159069893176145
O=C(O)CSc1nnc(-c2ccc(Cl)c(OCc3ccc4c(c3)CCO4)c2)s1,18.154853128305174
COc1ccc(-c2nc(CSc3nnnn3-c3ccccc3Cl)c[nH]2)cc1Cl,18.12653842199401
Cn1nc2cccnc2c1SCc1cc(-c2cccc(C(=O)O)c2)nn1-c1ccccc1,18.104814161407024
O=C(O)c1ccc(-c2cccc(Oc3ncnc4c(CN5CCOCC5)csc34)c2)cc1,18.088703469941525
COc1ccc(-c2nc(SCC#Cc3ccccc3)n(-c3cc(C(=O)O)ccn3)n2)cc1,18.046019791241775
O=C(O)c1ccccc1-n1c(SCc2ccc(-c3ccccc3)cc2)nn2ncnc12,18.03153383893002
O=C(O)CSc1nnc(-c2cccc(Cl)c2OCc2ccc3c(c2)CCO3)s1,18.02648974142455
Cn1c(Sc2cccc(-c3ccc(C(=O)O)cc3)c2)nc2cc(OC3COC3)ccc21,18.017054940065762
Cn1cc(CSc2nnnn2-c2ccc(C(=O)O)cc2)cc1-c1ccc(Cl)cc1,18.008969616267446
CSc1cc(N)nc(SCc2nc(-c3ccc(Cl)cc3)n(C(F)(F)F)n2)n1,18.001768545345865
Cn1nnc(CSc2nc(-c3ccc(Cl)cc3)n(-c3cccc(Cl)c3)n2)c1O,18.000057523052764
COc1cccc(-n2c(SCC(=O)O)nnc2-c2ccc(Cl)c(C(F)(F)F)c2)c1,17.98575207678588
Nc1ncnc2c1ccn2CCSc1nnc(-c2ccccc2)n1-c1ccccc1Cl,17.979325104720004
COc1ccc(-c2cc(SCc3nnn[nH]3)n(-c3cccc(Cl)c3Cl)n2)cc1,17.97673319937284
O=C(O)CSc1nc(-c2ccc(Cl)cc2)sc1-c1ccc(Cn2cncn2)cc1,17.844164335570895
O=C(O)Cn1c(SCc2ccc3c(c2)OCO3)nc2c(Oc3ccccc3)cccc21,17.84131625946608
COc1ccc(-c2cccc3nc(SCC(=O)O)n(-c4ccc5c(c4)OCO5)c23)cc1,17.829352811650683
O=C(O)c1ccc(Cn2nc(SCc3cn(-c4ccccc4)nn3)c3ccccc32)cc1,17.812674194729855
COc1ccc(-c2nc(Oc3ccc(C(=O)O)cc3)nc(N3CCSCC3)c2F)cc1,17.80568527370287
O=C(CSc1nc(-c2ccc(C(=O)O)cc2)c2scc(F)n12)OCc1ccccc1,17.804208263381916
Cc1cccc2c1nc(Sc1nnc(C)n1-c1c(Cl)cccc1Cl)n2CC(=O)O,17.787680073248392
COC(=O)c1c(O)c(Cl)cc(-n2nnnc2SCc2cccc(Cl)c2)c1Cl,17.69388550959913
CC(C)(C)Oc1ccc(-n2nnnc2SCc2ccccc2)cc1NC(=O)C(C)(C)C,17.691366743767507
Nc1ccc(SCc2nn(-c3ccc(Cl)cc3Cl)nc2-c2cccs2)nn1,17.64489834200107
O=C1COc2ccc(CSc3ncc(SCc4cccc(Cl)c4)nn3)cc2N1,17.634172028288134
COc1ccc(-c2nc(SCC(=O)O)nn2-c2ccc(C(F)(F)F)c(Cl)c2)cc1,17.628759512688994
C#CCSc1nc(SCc2ccc3c(c2)OCO3)cc(-c2ccc(C(=O)O)cc2)n1,17.54768910020437
Cc1nnc(SCC(=O)Nc2ncc(-c3ccncc3)s2)n1-c1ccccc1Cl,17.521454142749096
COc1ccc(-c2ccc(-n3nnnc3SCc3ccc4c(c3)OCO4)c(F)c2)cc1,17.497159425363613
Clc1nc(CSc2nnnn2-c2ccccc2Cl)cc(NCc2ccccc2)n1,17.487130040091788
O=C(O)c1cccc(CSc2nnnn2-c2cccc(Sc3ccc(F)cc3)c2)c1,17.47104127602378
CCCNc1ncnc2cc(Sc3nnnn3-c3ccc(Cl)c(Cl)c3)ccc12,17.458117232820673
Cc1cc(Oc2nc(NC3CCN(Cc4ccccc4)CC3)nc3ncsc23)ccn1,17.44205997458032
O=C(O)c1ccc(-c2nnn(CCSc3cccc(=S)n3-c3ccccc3Cl)n2)cc1,17.413971498965054
O=C(O)CSc1c(-c2ccncc2)nnn1-c1cccc(Oc2ccc(Cl)cc2)c1,17.407408880207615
O=C(O)CSc1nc(Sc2ccc(F)cc2)nc(-c2ccc(OC(F)F)cc2)n1,17.39571577618807
O=C(O)c1csc(SCCn2nc(-c3ccccc3)nc2-c2ccc(Cl)cc2)n1,17.388831353707737
COc1ccc2c(Sc3nnnn3-c3ccc(Cl)c(Cl)c3)c(CO)cnc2c1,17.385499635760326
Oc1ccc(-n2nnnc2SCc2cc(-c3ccccc3)nn2-c2ccccc2)cc1,17.3511153813299
O=C(O)c1csc(-n2nc(CN3CCCC3)cc2Oc2ccc(-c3ccccc3)cc2)n1,17.34892178813365
COc1cccc(-c2nn(-c3cccc(Cl)c3Cl)c(SCC(=O)O)c2C#N)c1,17.340563345687116
COc1ccc(-c2nc(NC3CCCC3)nc(Sc3ccc4c(c3)OCCO4)n2)cc1,17.317274938959248
Cc1cccc(Sc2nc(SCC(=O)O)n(-c3cccc(Cl)c3Cl)[n+]2[O-])c1,17.31074159767442
NNc1nnc(SCc2ccc3ccccc3n2)n1Cc1ccc(Cl)c(Cl)c1,17.308133779309696
Cc1ncc(SCc2cn(-c3ccc(C(=O)O)cc3)nn2)n1-c1cccc(Cl)c1,17.20512015556003
CCN1CCC(Nc2nc(Oc3ccc(Cl)c(Cl)c3)c3nc(C)ncc3n2)CC1,17.179821240746087
COc1ccc(-c2cc(Sc3ccc4c(c3)OCO4)n(CC(=O)O)n2)cc1C(C)(C)C,17.13285981904445
Cc1c(NC(=O)CSc2nnnn2-c2ccccc2Cl)nsc1-c1ccccc1,17.122161282891707
COc1ccc(-c2nc(SCC(=O)O)nn2-c2c(Cl)cccc2Cl)cc1,17.103621733277794
Cc1ccc(CN2CCC(Nc3ncnc(Oc4scc5ccccc45)n3)CC2)cc1,17.066146299541888
COc1ccc(-c2ccc3nc(SCC(=O)O)n(-c4ccc(Cl)cc4)c3n2)cc1,17.043798409727042
COc1ccc(-c2nn(CC(=O)O)c(Sc3ccc(Cl)c(Cl)c3)c2Cl)cn1,17.039578330041014
COc1ccc(-c2ccnc(Sc3c(O)nnn3-c3ccc(Cl)c(Cl)c3)n2)cc1,17.037677852049743
Cc1c(-c2ccc(C#N)cc2)nnn1CCSc1n[nH]c(=S)n1-c1ccccc1Cl,17.019297031415046
O=C(O)CSc1c(Sc2ccccc2)nnn1-c1ccc(-c2ccc(F)cn2)cc1,17.018640007395
O=C(O)c1nnc(SCc2ccc(-c3ccccc3)cc2)n(-c2ccccc2Cl)c1=O,17.004191806515312
COc1ccc(-n2c(SCC(=O)O)nc3ccc(-c4ccc5c(c4)OCO5)cc32)cc1,16.990272690769398
O=C(O)CSc1nc(Sc2ccccc2)c(-c2ccncn2)n1-c1cccc(Cl)c1,16.988582382362686
O=C(O)c1cccc(-c2nnc(SCc3ccc4c(c3)OCO4)n2-c2ccccc2)c1,16.949739335852225
Cc1nc(-c2ccc(Cl)c(Cl)c2)nc(CSc2nnnn2-c2ccccc2)c1O,16.93232012264332
COc1ccc(-c2c3ncnc-3nn(CC(=O)O)c2Sc2ccc(Cl)cc2)cc1,16.92877759829864
COc1ccc(-c2nnc(SCc3ccc4c(c3)OCO4)n2-c2ccc(Cl)cc2)[nH]1,16.899916589840267
Cc1cc(CN2CCC(Nc3nc(Oc4ccc(Cl)cc4)c4cccnc4n3)CC2)on1,16.86880461644797
O=C(O)CSc1nnc(-c2ccc(OC3CCCC3)cc2)n1-c1ccc(Cl)cc1,16.844187093341905
COc1ccc(-c2nn(CC(=O)O)c(Sc3ccc4c(c3)OCO4)c2C(C)(C)C)cc1,16.82441480870382
CC1CCN(c2ncnc3c2nc(SCc2ccccc2)n3-c2cccc(O)c2)CC1,16.806825960586206
O=C(O)CSc1nc2ccc(-c3cn(-c4ccccc4)nn3)cc2n1Cc1ccccc1,16.766599882536457
COc1ccc(-c2cnnc(CSc3nnnn3-c3ccc(Cl)c(Cl)c3)c2)cc1,16.6234059194355
COc1ccc(-c2nnc(SCc3ccc4c(c3)NC(=O)CO4)n2C2CCCC2)cc1,16.58018289002486
CSc1ccc(C(=O)O)cc1CSc1nnnn1-c1ccc(Cl)cc1Cl,16.54696003123148
COc1ccc(-c2nn(-c3ccccc3)c(SCC(=O)O)c2C(=O)C(F)(F)F)cc1,16.50302444353504
COc1ccc(-c2nc(SCC(=O)O)nc3c2ncn3-c2ccc(Cl)cc2)cc1,16.449806804734976
[C-]#[N+]c1ccc(Oc2ncnc(NC3CCN(Cc4ccc5c(c4)OCO5)CC3)n2)cc1C,16.328474128999282
Cn1cnc2c(Oc3ccc(Cl)cc3)nc(NC3CCN(Cc4ccccn4)CC3)nc21,16.315466767450186
Cc1nnc(SCc2cn(-c3ccc(Cl)c(O)c3)nn2)n1-c1ccc(Cl)cc1,16.305602732134012
O=C(O)CSc1c(Sc2ccccc2)c(-c2ccc(F)cc2)[n+]([O-])n1-c1ccccc1,16.194956653826104
O=C(O)CSc1nc(-c2ccc3c(c2)OCO3)ncc1Sc1ccc(Cl)cc1,16.189525655075947
O=C(O)c1ccc(-n2nnnc2SCc2ccccc2)c(Sc2ccc(F)cc2)c1,16.050296450646265
COc1ccc(CSc2nnnn2-c2ccc(Cl)c(Cl)c2C(=O)O)cc1,15.929405992549157
O=C(O)c1ccc(-c2nc(SCc3ccc4c(c3)OCO4)n(-c3ccccc3)n2)cc1,15.874995826964552
CSc1cc(C(=O)O)cc(CSc2nnnn2-c2ccc(Cl)c(Cl)c2)c1F,15.795679242244356
COc1ccc(CSc2nnnn2-c2ccc(Cl)c(Cl)c2)c2sc(N)cc12,15.72682216021684
COc1ccc(-c2nc(CSc3nc4ccccc4c(=O)n3-c3ccccc3)n[nH]2)cc1,15.697911526496979
O=C(O)CSc1nc(SCc2ccccc2)nc(-c2ccc(Cl)cc2Cl)n1,15.670412209473536
COc1ccc(-c2nn(-c3ccc(Cl)c(Cl)c3)c(SCC(=O)O)c2C#N)cc1,15.635866743424678
COc1ccc(-c2cc(CSc3nnnn3-c3ccc(Cl)c(Cl)c3)[nH]n2)cc1,15.632673335114491
Cc1sc(NC(=O)CSc2nnnn2-c2ccc(Cl)cc2Cl)nc1C1CC1,15.204637467265059
COc1ccc(-c2nc(CSc3nnnn3-c3ccc(Cl)c(Cl)c3)c[nH]2)cc1,14.899011494653045
Cc1ccccc1-n1nc(N)nc1SCc1cn(-c2ccc(Cl)c(Cl)c2)nn1,14.843101454710904
O=C(CSc1nnc(SC2CCCC2)n1-c1ccccc1Cl)Nc1ccon1,14.64838468749194
Cc1c(CSc2nncn2-c2ccc(O)cc2)nnn1-c1ccc(Cl)c(Cl)c1,14.545045892633112
O=C(O)Cn1c(SCc2ccc(-c3ccccc3)cc2)nnc1-c1ccc2c(c1)OCO2,14.373939250328243
COc1ccc(-c2nnc(SCC(=O)O)n2-c2cc(Cl)c(Cl)cc2Cl)cc1,14.248046632462392
Cc1ccc(Sc2nnc(SCC(=O)O)n2-c2ccc(Cl)c(Cl)c2)nc1,13.359735524096068
