SMILES,log-likelihoodog
CSc1noc(-c2nc(C3CCCC3)cn3c(Nc4ccc(F)cn4)nnc23)n1,32.00055544182216
CCOc1ncc2c(n1)nn1c(N/N=C3\CCCSC(=S)S3)nc(C)nc21,28.375818425806408
c1ccc(OCc2cnn3c(Nc4nccs4)nc(-c4nn5cncc5s4)nc23)cc1,27.45706206997354
CNc1nc2cc(C)ccc2c2nc(-c3nnc(-c4cncs4)n3-c3nccs3)nn12,26.603623619622915
CCOC(=O)Nc1nc(-c2cccs2)nc2nnn(C(=S)N3CCCCC3)c12,26.505152716723156
COC(=O)c1cc2c(Nc3nn(-c4nccs4)c4c3ccn4C)ncnc2s1,26.00870627584144
Cc1nn(C2CCC2)c2sc(-c3nc4c(C)nc(Nc5nccs5)nn4n3)cc12,25.852521604884963
CCNc1nc(N2CCC2)c2nc(-c3nc4cccc(C5CCCO5)n4n3)sc2n1,25.422077056485293
Cc1nsc(-c2nc(-c3nsc(C)n3)nc3c2CC(c2cnc(C)s2)N3)n1,25.130508428823696
Cn1cc(CNc2nc(-c3ccco3)nn3cc(-c4nccs4)nc23)c2ccsc21,25.047270595839237
c1ccc(Nc2nc3sc(-c4cscn4)nc3n2CCn2cncn2)cc1,24.86448873731188
Cc1ccc(Nc2ncc3nc(-c4cncs4)n(Cc4nc5cccnc5o4)c3n2)nc1,24.755519017987034
COc1ccc2c(c1)nc(-c1ncn3c(Nc4nc5ccccc5s4)ncnc13)n2C,24.66599407055731
Cc1nc(NCc2cccc(F)c2)c2nc(-c3nc4nc(C)sn4n3)sc2n1,24.63645880366211
CSc1nc(-c2nc(N)c3nc(-c4cccs4)n(C)c3n2)n2sc3c(c12)CCO3,24.61405212278208
Cc1cnn2nc(CSC3=S4C=CN=C4C(Nc4ccncc4)=N3)n(C)c(=O)c12,24.26258321542519
CCn1c(-c2ccco2)nc2sc(Nc3nc4cccc(C)c4c4cnnn34)nc21,24.213663540344864
Cn1cc(-c2nc(-c3ccco3)ns2)nc1C1=NC2=C(N3CCCC3)N=C(N)S2=C1,24.13288254611982
Cn1c(Cn2c(-c3cccs3)nc3c(N)nc(-c4nccs4)nc32)nc2sncc21,24.119951758477356
O=C(O)C1CCN(c2nc(-c3cccs3)nn2-c2nc(-c3nccs3)co2)CC1,24.11260760224031
Cn1cccc1-c1nc2ncc3sc(CNc4ncc5ncn(C)c5n4)nc3c2s1,24.096756588985247
Cn1c(-c2nc(N)sc2-c2cncs2)nn2c(SCc3ccccc3)nnc12,24.086345411899664
CSc1nc2nc(-n3cncc3-c3cnn(C)c3-c3cccs3)nc(N)c2s1,23.951839664554555
Cc1nc(-c2nnc(N3CCCC3)c3nc(Nc4ccc5ncccc5c4)nn23)cs1,23.950070920541396
COc1ccc2nc(N3CCC3)c(-c3nc4nc(NN=C5CCOC5)sc4o3)nc2c1,23.895805363573295
Cn1c(Nc2csc3nc(-c4ccccc4OC4=NCCO4)nn23)nc2ncccc21,23.87393591225254
CNc1nc([SH]=Nc2cnccn2)c2nc(-c3ccco3)n(-c3cccs3)c2n1,23.841560388760964
CC(=N)Nc1nc(-n2cccn2)nc2c1c(Cl)nn2CCc1ccc2c(c1)OCO2,23.77374773614502
Cc1nsc(-c2nc(Nc3ncncn3)c3c(C4CCCO4)c(C)sc3n2)n1,23.663850712439746
Cn1cccc1-c1nc(NC2CCCC2)c2nc(-c3cnc(S(=O)(=O)O)s3)sc2n1,23.640744289488314
Cn1cnc2cc(-n3ccnc3Nc3nc(-c4nccs4)nc4c3ncn4C)ccc21,23.59018773328658
CNc1nc(-c2cc3nc(-c4ccco4)nn(C)c-3n2)nc2sc(N3CCCC3)nc12,23.5761902650274
Cn1c(-c2ccc3nc(Nc4nccs4)n(C)c3n2)nc2cc(-n3nccn3)ccc21,23.56654034981431
Cc1sc2nnc(N3CCCC3)nc2c1-c1nc(Nc2ccsc2)n(C)c1C#N,23.536532776250045
COC(=O)c1nc(SCC(=S)Nc2nc3ccccc3s2)n(C2=NNCC2)n1,23.46909042648449
Cn1cnc2c1nc(NCc1nc(-c3ccccc3)ns1)n1nc(-c3cscn3)nc21,23.448368199256556
Cn1c(-c2nc3ccccc3s2)nn(CC(=O)c2nnc3cccc(O)c3n2)c1=S,23.23570187908728
Cn1c(=N)n(C2CCCCC2)c2c(SCc3nnn(-c4ccccc4)n3)ncnc21,23.22450392322994
c1coc(-c2nc(Nc3cn(CC4CC4)c(-c4cnccn4)n3)c3ncsc3n2)c1,23.208692447826493
Cc1cc(Cn2nnc3nc(-c4ccco4)nc(Nc4nccs4)c32)c2c(n1)CCC2,23.19421402020965
Cn1ccc(Cn2c(=S)sc3c(N)nc(-c4cn(-c5cccs5)nn4)nc32)n1,23.088600800993554
c1ccc(CNc2nc(-c3cn4sccc4n3)nc3nc(-c4cscn4)nn23)cc1,23.07856875236875
CSc1nc(-n2c(-c3nc4ccccc4s3)cc3ccc(NC=O)nc32)n(C)n1,23.03866705342471
Cc1ccc(Nc2nc(-c3nc4c(ncn4C)s3)c3ncn(C4CCCC4)c3n2)cn1,23.01577373353199
Cn1c2c3n(nc(-c4ccco4)n3c1=S)C(NCc1cccs1)=NC(c1ccco1)=N2,22.957317196947397
CC(C)(C)N1CC(n2nc3nc(-c4ccco4)nc(N)c3n2)CCN1Cc1ccccc1,22.85156920944388
Cn1cc(-c2nc3cnc(Nc4ccc(Cn5cnc6ncccc65)nc4)nc3s2)s1,22.845243721942612
Cc1ccc2sc(-c3nc(Nc4ccc(-n5cccn5)nc4)n(C4COC4)n3)nc2n1,22.836346070770514
CC1CCN(c2ccc(Nc3nn4c(-c5ccco5)nnc4s3)c3c2ncn3C)S1,22.800085898903944
CCn1c2nc(NCc3cccs3)ncc2c2nc(-c3nc4sccn4n3)cn21,22.79235683280153
Cc1csc2nc(-c3csc(Nc4ccc5nc(-c6cnn(C)c6)nn5c4)n3)nn12,22.791148275951922
Cc1cc2c(nc(-c3nc4c(NCc5cccs5)ncnc4s3)c(=O)n2C)s1,22.785183425650708
CCn1c2nnc3cn(C)cc3c2c2nc(-c3csc(Nc4ccccn4)n3)nn21,22.737822583399687
Cc1ccc(Nc2nnc3c(-c4nccs4)nc(N4CCN(C5CC5)CC4)nn23)o1,22.674913429175675
CC(=O)Oc1ccc(-c2nc(Nc3ccccc3)nc3nc(-c4cncs4)nn23)s1,22.65063594588955
CCOC(=O)c1csc(NN=C2CCSCn3c2nnc3-c2cccs2)n1,22.623847632446054
Cn1c(Nc2cccs2)nc2c(N3CCC(C4CC4)CO3)nc(-n3ccnc3)nc21,22.622983181263915
CC1=C(Sc2c3ncn(C4CC4)c(=N)c3nn2C)NSc2nc(-c3ccco3)nn21,22.548593080689912
Cc1nc(Nc2cccnn2)n2cc(-c3nc4c(nc(-c5ccco5)n4C)s3)cnc12,22.344175938846856
c1ccc(-n2nnc3c(Nc4ccc(-n5nccn5)cc4)nc(-c4cncs4)nc32)cc1,22.304372089821335
CN(C)c1ncc(-c2nc(Nc3nccs3)nc3ncn(C4CCCS4)c23)nn1,22.276047446265252
c1cc(OCC2CC2)c2nc(Nc3nc(-c4nccs4)ns3)c3ncnn3c2c1,22.226962538546193
Cn1nccc1-c1cnc2sc3nc(Nc4ccc5c(c4)OCO5)n(C)c(=O)c3c2n1,22.218813274884138
Cn1c(-c2nc(Nc3nccs3)nc(-c3nc4ccccn4n3)n2)nc2ccccc21,22.189346673282994
Cn1cnc(Nc2ncnc3nc(-c4ccco4)n(Cc4nc5ccsc5s4)c23)c1,22.16164007151709
Cn1c(=O)n(C)c2sc(-c3nc(Nc4cccnc4)nc(-c4cccs4)n3)nc21,22.138133468202057
Cn1c(-c2cc3nc(S(C)(=O)=O)c(Nc4ncns4)nc3s2)nc2ccccc21,22.136205047308316
Cc1ccc(N2CCN(c3nc(-c4nc5ccsc5nc4N)sc3O)C2=O)s1,22.10884410213991
Cc1nc2n(C)c(-c3nc4c(nc(Nc5ccc6sccc6n5)n4C)s3)cn2n1,22.103397254532535
c1cc(OCC2CC2)c2nc(Nc3nc(-c4cncs4)nc4scnc34)nnc2c1,22.013893703467428
Cc1noc(-c2nc(Nc3ccc4c(cnn4C)c3)nnc2N2CCC3(CCC3)CS2)n1,21.99959645243742
CC(=O)Nn1c(-c2nc3cccnc3s2)nc2sc(-c3csc(N(C)C)n3)nc21,21.997174498683492
COc1ccc2cnc(Nc3nc(-c4nccs4)nn3-c3ccns3)nc2c1,21.96779025449108
CCn1c(-c2nccs2)nc2c(N)nc(-c3cccn3-c3ccc4ccnn4c3)nc21,21.940906149185555
c1csc(CNc2nc(-c3nccs3)n(-c3cnc4nc(C5CC5)ncn34)n2)c1,21.94023630351601
Cc1ccc(-c2nc(Nc3nccs3)c3nc(-c4cccn5ncnc45)n(C)c3n2)o1,21.91403524955953
Cc1nc(NCc2cncs2)n2cc(-c3nn(-c4ccncc4Cl)s3)nc2n1,21.89876907504561
Cn1c(-c2nccs2)nn2nc(-c3sc4cc(OC(C)(C)C)ccc4c3N)nc12,21.886084943450395
Cn1ccnc1CSc1nc2ccccc2nc1Nc1nnc(-c2nccs2)s1,21.855748726672203
Cc1nc(-c2cc(Nc3ncnc4ccsc34)c3nc(N(C)C4CC4)nn3n2)cs1,21.854823749227993
Cn1ncc(-c2nc3nc(NCc4cccs4)nc(C#N)n3n2)c1-c1cccs1,21.84352865312584
Cc1cc2nc(N(C)c3nc(N4CCOCC4)ns3)c(Nc3cncnc3)nc2s1,21.798248826331715
CN(C)c1nc(Nc2nc3ccccc3s2)nc2sc(-c3nc4cccnn4n3)nc12,21.761950522465387
CNc1nc2nc(-c3nn4nc(-c5cccs5)nc4n3-c3nccs3)ccc2n1C,21.723684740171382
CSc1nc2nc(-c3csc(N)n3)sc2nc1N1CCOC(c2cccnc2)C1,21.72281550171442
CCn1cnc2c(Nc3ncc4c5n(cc4n3)CCCN5C)nc(-c3nccs3)nc21,21.722807993131603
Cc1noc(-c2nc(-c3csc(C)n3)c3n2CCc2c(nc4scc(C)n24)N3)n1,21.710912474100013
Cn1cnc2c(Sc3cnc4ccc(NC5CCC5)n4n3)nc(-c3nccs3)nc21,21.70773046253355
Nn1c(-c2ccco2)nc2c(CSc3nnc4n3CCS4)c(-c3cccs3)nn21,21.681266088920925
Cn1cc2c(-c3nccn3C)cc(Nc3cnc4sc(-c5nccs5)nn34)nc2n1,21.669914229783913
CSc1nc2nc(-c3ccco3)nc(Nc3ccc4ncn(C5CN5)c4n3)c2s1,21.65397988758733
Cn1c(Nc2nccs2)nc2sc(-c3cccn4nc(-c5ccco5)nc34)nc21,21.653107353987544
CN(C)c1nc(-c2ccns2)nc2nnc(Nc3ccc4c(c3)SSC4)nc12,21.607624401795892
Nc1nc(-c2ccns2)nc2c1ncn2Cc1c(-c2cncs2)nc2sccn12,21.585849208661973
Cc1nc(-c2nc(Nc3nc(N4CC4)c4sccc4n3)n(-c3ccccc3)n2)cs1,21.536618173953297
Cn1nc(-c2ccco2)nc2c(Nc3nccs3)c(-c3ccc4c(ncn4C)n3)nc1-2,21.508022816504297
Cc1nc2sc(Nc3nc(-n4cccn4)nc4c3cnn4C)nc2n1-c1cccs1,21.494913081336257
OC1CN1c1ccc(-c2nc3c(Nc4cnccn4)nc(-c4ccco4)nc3s2)s1,21.488256731437176
COc1ccc2oc(-c3nc(-c4nccs4)n(-c4ccc5ncn(C)c5n4)n3)nc2c1,21.44813804490725
Cc1ccc(Nc2nnc3cc(-c4nc(N5CCC5)c5nsnc5n4)n(C)c3n2)s1,21.44616947257728
c1ccc(CCn2ncc3c(Nc4nnc(-c5nccs5)s4)ccnc32)nc1,21.433608014952707
Nc1nc(N2CCC2)nc(-n2c(-c3nccs3)nc3sc(-c4ccccc4)nc32)n1,21.41985042629167
Cc1ccc(Nc2ncnc3nc(-c4ccco4)n(-c4cnc5cnn(C)c5n4)c23)s1,21.41844265468498
COc1ccc(-n2nc(-c3nc4nc(N)nc(N5CCCCC5)c4s3)nc2C)s1,21.301436699411887
Cc1nnc(NCc2cccc(-c3nc(Cl)cs3)n2)n2nnc(-c3nccs3)c12,21.28889903021188
CC1(C)ON(c2ccc(Nc3nnc4nc(-c5ncco5)sc4n3)cc2)CCS1,21.287767116208634
Cc1nnc(Nc2nc(-c3cc(N4CCSCC4)no3)nc(N3CCCC3)n2)s1,21.272140552480874
CCn1c(=O)sc2nc(-c3nc4cccnc4n3C)c(Nc3nccs3)nc21,21.232064361867867
COC(=O)c1ccc(Nc2ncc(-n3nccn3)c(-c3nc4sccc4s3)n2)cc1,21.22336706581362
Cn1ccnc1Oc1nc2c(NN=C3CCCC3)nc(-c3nccs3)nc2s1,21.199556041010517
Cn1ccnc1C1CCN(c2nc(Nc3nccs3)nc3ccc(-n4nccn4)cc23)C1,21.198420657221604
COc1ccc2nnc(-c3nc4sc(-c5nc(SC)ns5)nc4s3)nc2c1,21.18072178146838
CCc1nc2nc(Nc3cc(-c4cccs4)nc4nc(-c5ccco5)nn34)ccn2n1,21.17868365721421
CSc1nc2nc(-c3nnc(Nc4ccc(OC(F)(F)F)cn4)s3)ccn2n1,21.159683199177586
CSc1nccn1-c1ccc(Nc2nc(-c3cscn3)nc3c2ncn3C)nc1,21.1354178554704
c1coc(-c2nc3nc(-c4ccn(C5CCSS5)c4)nc(NC4CC4)n3n2)c1,21.132164618348675
Cc1nc(-c2nc(F)cnc2Nc2nc(-c3cccs3)nc3c2ncn3C)ns1,21.10339516282081
Cc1nc2c(Nc3nnc4cn(CC5CC5)nc4n3)nc(-c3cccs3)nc2s1,21.086876593713168
Cn1ccnc1-c1cnc(Nc2nc(-c3nccs3)nc3c2sc(=O)n3C)s1,21.082590968027556
N#CSCn1ccc(-c2nc3c(NN4CCCC4)nc(-c4cccs4)nc3s2)n1,21.081368857227737
Cn1cccc1-c1nc2c(nc1N1CCC1)nc(-c1nccs1)n2Nc1ccncn1,21.073915548966955
N#CCCn1nc(-c2ccc3nc(N4CCCC4)sc3n2)nc1Nc1nccs1,21.044761546027253
CCn1c(=S)n(C)c2c(-c3nc4ccc(=O)on4n3)nc(Nc3ccsc3)nc21,21.03813217733706
CN(C)c1nc2c3sc(-c4cscn4)nc3nc(NCc3ccc(C#N)cc3)n2n1,21.03792664491637
Nc1nc2c(nc1-c1nc3ccccc3s1)nc(-c1ccco1)n2CCN1CCOC1,21.013388568140424
c1csc(CNc2nc3c(-c4cn5ncccc5n4)cc(-c4cscn4)nn3n2)c1,21.00022823305245
Cn1cc(-c2nc3c(nc(NCc4ccccc4)c4nc(-c5ccsc5)nn43)s2)nn1,20.992006134939405
c1ccc(-n2nnc3c(N4CCCC4c4ncon4)nc(NCc4cccs4)nc32)cc1,20.990431542256633
Cn1c(-c2ccco2)nn2cc(-c3c(Nc4ccncn4)nc4c(S)cccn34)nc12,20.95127147465667
Cn1nc(-c2ccccc2)n1-c1nc(N)c2nc(SCC(F)(F)F)ncc2n1,20.896769304962334
Cn1ccnc1Nc1nc(-c2cccs2)nn2nc(-c3nc4ccccc4o3)nc12,20.891831088161098
Cc1ccc(-c2nc([SH](=O)=S)c3nc(Nc4nc5ccccc5s4)n(C)c3n2)o1,20.860821099157747
c1csc(CNc2nc3nn(C4CC4)cc3c3nc(-c4ccn(C5CC5)n4)nn23)c1,20.855702365432265
C=CCn1cc(-c2nc(N)c3sc(N4CCOCC4)nc3n2)nc1-c1cccs1,20.790272690565068
Cn1cc(-c2cc3c(-c4nc5c(nc(Nc6ccccc6)n5C)s4)ncnn3n2)cn1,20.755526975735172
CCSc1nc(Nc2ccnc3sccc23)c2nc(-c3nccs3)nn2n1,20.74760859101458
C=Cc1nnc(-c2nc(NCc3cccs3)c3nc(-c4ccco4)nnc3n2)s1,20.745328025655084
Cn1nnc2c(NC3CC3)nc(Sc3nc(-c4ccco4)nn3-c3cccs3)nc21,20.743877170897076
c1ccc2sc(-c3nc(NCc4nnnn4CC4CC4)c4scnc4n3)nc2c1,20.743557984877672
Nc1nc(-c2ccn(C3CCCO3)n2)nc2c1nc(-c1ccco1)n2C1CCCCC1,20.73635134052678
Nc1nc(CCn2c(-c3nc4ccccc4s3)nn3nc(-c4ccco4)nc23)cs1,20.735436317637713
Cc1nc(Nc2nc3ccccc3s2)c2nc(-c3csn3-c3cn(C)cn3)nn2n1,20.730524465702647
Cc1cc2c(-c3nc(-c4ccco4)nn3C)nnn2c(NC2CCN(C(C)(C)C)CC2)n1,20.716473264047334
Cn1cc2ncn(-c3nc(N)n4nc(SCc5cc6ccccc6s5)nc4n3)c2c1,20.696976476203133
Cc1ccc(-c2nc(N3CCC(NC4CCC4)CC3)n3nc(-c4ccco4)nc3n2)o1,20.692868329761705
Cn1cc(-c2nc3c(nc(Nc4cccs4)n3C)c3nc(-c4ccco4)nn23)cn1,20.68646325363393
CCn1nnc2c3c(c(Nc4nc(-c5nccs5)n(-c5ccccc5)n4)nc21)COC3,20.68412269164255
CCn1ncc2c(N3CCc4c(-c5nccs5)nc(N)n4C3)nc(-c3ccco3)nc21,20.67054070507592
CCn1c(=O)n(C)c2nc(Nc3nccs3)nc(-c3ccc4c(c3)SCCO4)c21,20.667807604385906
CCSC(=S)Nc1nc(-c2nncs2)nc(N2CCCC2)c1-c1nccnn1,20.65301718540464
Cn1c(-c2cccs2)nc2c(N)nc(-c3nc4nc(CN5CCC5)sc4s3)nc21,20.64082233405663
Nc1nc(-c2nc(N3CC3)cs2)nc2c1nc(-c1ccco1)n2C(=O)c1cccs1,20.60483354702375
Cn1ccc(-c2nc(NCc3ccc4c(c3)OCO4)n3nc(-c4ccsc4)nc3n2)n1,20.56793513697854
CSc1nnc(Nc2nccs2)nc1-c1nc2n(C)nc(-c3cccs3)n2n1,20.498189239153593
CCn1cnc2c1nc(Nc1ccc3c(c1)OCO3)n1nc(-c3cnc(C)s3)nc21,20.497701281350086
COc1ccc(Nc2nc3sc(-c4nc(Cl)nn4C)nc3c3ncnn23)cc1,20.49439113026161
COc1ccc(-c2nc(Nc3nc(-c4cncs4)nc4scnc34)n(C)n2)cc1,20.47517406096547
CSc1nn2cc(-c3cc(-n4nccc4F)nc(Nc4ccccn4)n3)nc2s1,20.46585806179454
Cn1nc(-c2nc3c(N4CCOC4)nc(Nc4cccs4)nc3s2)c2ncccc21,20.43719315887108
c1csc(CNc2nc(N3CC3)oc2-c2nc3nnc(-c4cccs4)nc3s2)c1,20.41681684317999
Cn1cnc(-c2ncnc(N3CCC(=NNc4nc(-c5nccs5)cs4)CC3)n2)c1,20.411166536153196
CN(C)c1nc(-c2cc(Nc3nccs3)n3nc(-c4ccco4)nc3n2)c(F)s1,20.406519255364273
Cc1nsc(-c2nc(NCc3cccs3)c3ncn(-c4cccs4)c3n2)n1,20.383139331585706
Cn1ccnc1C1CCN(c2ccc(Nc3ncnn4c(-c5ccco5)nnc34)s2)CC1,20.363068782442216
Cn1nc(-c2nc3c(NCc4cccnc4)nc(-c4cccs4)nc3s2)n2ncnc12,20.34719281954234
Cc1ncc(C)n2nc(-c3nc4c(nc(Nc5nc6ccccc6s5)n4C)s3)nc12,20.332389237698568
Cn1c(Nc2nc(N3CCC3)n3nc(-c4cccs4)nc3n2)nnc1-c1cccs1,20.330998763077957
Cn1cc(Nc2nc(-c3cncs3)nc(-c3nc4ccccc4s3)n2)c(N2CC2)n1,20.312209010572055
Cn1c(Nc2ccc3scnc3c2)nc2sc(-c3ccnc(N4CCC4)n3)nc21,20.30087182073793
[C-]#[N+]c1cnc(N2CCN(c3nc(Nc4nccs4)nc4c3ncn4CC)CC2)nc1,20.296417497300734
Cn1c(-c2ccc3c(c2)OCO3)ccc1-c1nc(Nc2nccs2)c2nnn(C)c2n1,20.27915033780913
O=c1ccnc2nc(Sc3cc(NN4CCCCC4)nc(-c4nccs4)n3)sn12,20.275201872428237
CNc1nc(-c2csc(N3CCCCCC3)n2)nc2sc(-c3nc(C)no3)nc12,20.26797732608664
Sc1ccccc1-c1nc(NCc2nccs2)n2nc(-c3cscn3)nc2n1,20.233717273700158
Cn1c(-n2c(-c3ccco3)nc3c(NCc4ccco4)ncnc32)nc2ccsc21,20.231968015814818
CN(C)c1cnc(-c2nc3sc(Nc4ncnc5ncsc45)nc3s2)cn1,20.223756129612823
COc1nc(N2CCOCC2)c2c(n1)nc(-c1nc(Nc3ccsc3)ns1)n2C,20.196077721465816
CSc1nsc(-c2nc3nc(-c4ccco4)nc(NC4CCOCC4)c3s2)n1,20.18751585236864
Cc1c(-c2nc3nc(N4CCCC4)nc(NCc4cccs4)n3n2)nc2ncccn12,20.17991554113217
Cc1nc2ccc(-c3nc(NCc4cccs4)n4nc(N5CCC5)nc4n3)nc2s1,20.176451784676406
COc1c(Cl)sc2c(-c3nc4c(Nc5ncns5)ncnc4n3C)snc12,20.165876307270857
Cc1noc(-c2nc(Nc3ccncc3)nc3c2ncn3Cc2sccc2Cl)n1,20.162928658718325
COc1ccc(-n2ncnc2-c2nc3ccsc3nc2Nc2nccs2)cn1,20.14435756942085
c1csc(Nc2nc(-c3nccs3)nc3c2nnn3CCC2CCSS2)c1,20.137636847444934
Cc1ccc2nc(-c3cn4c(Nc5nccs5)nc5nn(C)cc5c4n3)n(C)c2n1,20.136913108456717
CSc1nc(-c2nc(-c3nccs3)ns2)nc2c1ncn2C1CCNCC1C,20.121322254290774
CCn1cc2c(=O)n(C)c(-c3cc4c(S)nc(-c5nccs5)nc4s3)nc2n1,20.116306439764355
Cn1c(Nc2nccs2)nc2c(N3CCCCC3)nc(-c3csc(OC=O)c3)nc21,20.100777365350883
Cc1nn(-c2ccccc2)c2nc(Nc3ccc4sc(-c5cnn(C)c5)nc4c3)nn12,20.09894981142619
CSc1ccc(NC2CC2)c(-c2nc3nn(C)cc3c3nc(-c4nccs4)nn23)n1,20.096889085334766
CCn1ncc2c1nc(Nc1nc3ncncc3s1)n1cc(-c3cccs3)nc21,20.059025691628758
CNc1nc(-c2c3c(nc(NC(C)(C)C)n4nc(-c5ccco5)nc34)nn2C)cs1,20.053514286123306
c1csc(CNc2nc(N3CCCC3)n3nc(-c4ccsc4-c4ncon4)nc3n2)c1,20.044745240673798
CSc1nc(Nc2nccs2)c2nc(-c3cc(-c4ccncc4)cs3)nn2n1,20.0408427599857
COC(=O)c1cc2sc(Nc3nc(-c4nccs4)nc4ncn(C)c34)nc2s1,20.0385127726881
Cn1nc(-c2ccc(N3CCCC3)nc2)nc1Nc1nc(-c2ccco2)nc2scnc12,20.019546341074324
COc1ccc(-n2c(=S)n(C)c3nc(-c4nccs4)nc(Nc4ncco4)c32)cc1,20.01269800008375
CN(C)c1ccc(-c2cc(Nc3ncns3)n3nc(-c4nccs4)nc3n2)nc1,20.00936145869225
Cc1nc(-c2sc(Nc3nncs3)nc2N2CCC(c3ccccn3)CC2)no1,20.008845879715242
c1ccc(CSc2nc(Nc3ccc4c(c3)OCO4)nc(-c3nncs3)n2)cc1,20.00712044099946
CNc1nc(-c2ccco2)nc2c1nc(-c1nc3c(N4CCC4)ncnc3s1)n2C,20.004518238757214
CCn1nc2c3c(nc(-c4ccc5ncsc5c4)nc31)N(C)C(Nc1nccs1)=N2,19.996592789380728
Cn1c(-c2ccco2)nc2ncc(Nc3nc4cc(CN5CCCC5)nnc4s3)nc21,19.99512926235051
Cc1cc2nc(Nc3nc4nc(-c5ccco5)n(C)c4s3)nc(N3CCCC3)n2n1,19.989480263698255
Cn1cc2ncc(-c3nc4sc(Nc5ccccc5)nc4n3Cc3cscn3)nc2n1,19.969678898698735
COc1ccccc1Nc1nc2c(N3CCSC3)nc(-c3nc(C)no3)nc2s1,19.9417162571491
CCn1c(=S)n(C)c2nc(-c3snnc3Nc3ncnc4ccsc34)cnc21,19.929738498594798
COc1ccc(Nc2nc3sc(-c4nc5ccsc5n4C)nc3c3ncnn23)cc1,19.921793398922684
CNc1nc(-c2nc3nn(Cc4cccs4)nc3c3nc(-c4ccco4)nn23)cs1,19.920100409358025
Cc1nc2c(N3CCC3)nc(-c3nc4cnc(Nc5cncs5)nc4n3C)nc2s1,19.903057083682505
Cn1c(-c2nccs2)nc2c(N)nc(-c3scnc3Sc3cccnc3)nc21,19.888116858961002
Cn1cnc(-c2cc3nc(-c4ccco4)nc(Nc4nc5ccccc5s4)n3n2)n1,19.887692288000615
c1nc(NCc2cncs2)c2nc(-c3nc4c(N5CC5)ncnc4s3)sc2n1,19.88094853805306
Cn1cnc2c(Nc3nccs3)nc(Sc3nccn4nc(C5CC5)cc34)nc21,19.87453014026261
CCCn1c2nc(-c3nc4ccccc4s3)nc(Nc3ccsc3)c2n[n+]1[O-],19.848375367114958
Nc1nc(-c2nccs2)cn2nc(CSc3nsn3-c3ccccc3F)nc12,19.84394683402743
CSc1nc(Nc2ccc(-n3nc4ccccc4n3)s2)nc(-c2cscn2)n1,19.835943301115453
CSc1sc(N)nc1-c1nc2nc(-c3cccs3)n(C)c2c2nc(F)nn12,19.8222744123013
Cc1cc2nc(Sc3nc(-c4nccs4)nc4c3cnn4C)nc(N)c2s1,19.820456930400695
COc1ccc(-c2cc(Nc3nc(-c4nccs4)nc4c3nnn4C)sn2)cc1,19.81424677642045
CN(C)c1ccsc1-c1nc2sc(-c3nc4ncnc(N)c4s3)nc2s1,19.78951204846279
CSc1ncnc(Nc2cnc(-c3nc4ccnc(N5CCCCC5)n4n3)s2)n1,19.774419039012344
CCC1CCCN(c2nc(Nc3ccncn3)nc3nn(-c4cccs4)nc23)S1,19.765021927896743
Cc1cc2c(Nc3nccs3)nc(-c3nnn4c(C)nn(C5CCC5)c34)nc2s1,19.756707474636233
c1ccc(-c2nnc(CNc3ncnc4nc(-c5cccs5)nn34)c(N3CCCC3)n2)cc1,19.755170247862708
Cn1c(-c2nc(NCc3cscn3)nc3nc(-c4ccco4)nn23)nc2ccccc21,19.737326233199294
Cn1nc(N2CCCC2)nc1-c1nc(N)c2sc(-c3nc4ccccc4s3)nc2n1,19.71990071727891
Cn1c(=O)c(-c2nos2)nc2c(NCc3ccc(F)cc3)nc(-c3nccs3)nc21,19.703905229069335
c1ccc(Cn2ncc3c(Nc4nc(-c5ccco5)ns4)nc(N4CCC4)nc32)nc1,19.702394099901937
COc1ccc(Cn2cnc3nc(Nc4nccs4)nc(-n4nccn4)c32)cc1F,19.694582798953554
CN(C)c1csc(-n2nc(-c3nccs3)nc2Nc2ncnc3ccccc23)n1,19.677071679387176
COC(=O)N1CCN(c2nc(-c3ccccc3)nc3c2nc(Nc2nccs2)n3C)C1,19.67481514600079
CSc1nc(Nc2cscn2)c2nc(-c3ccccc3)c3nn(C)c(=O)n3c2n1,19.656260218669324
COc1nc2scnc2nc1Nc1nc(N2CCCCC2)nc2sc(SC)nc12,19.649412904347408
Cc1nc(-n2c(-c3cccs3)nc3c(NCc4ccccc4)ncnc32)nc2ncnn12,19.644484164230736
Cn1cc(-c2nc3nc(Nc4nc(-c5cccs5)nc5c4ncn5C)ncc3s2)cn1,19.62583898011128
COc1ccc2nc(Nc3cc(-n4nccn4)nc(-c4csc(C)n4)n3)sc2c1,19.601547367309095
CCn1cnc2c(=O)n(-c3cccs3)c(Nc3nc4cc(C#N)sc4n3C)nc21,19.58394600759773
Cn1cc(N2CCCOCC2)nc1-c1nc2c(Nc3cccs3)nc(N)nc2s1,19.577119759805104
Cn1c(-c2nnc(NCc3cscn3)n3nc(-c4nccs4)nc23)nc2ccccc21,19.567537085636623
CC1CN(c2nc(Nc3nccs3)n3c(N4CCCC4)nc(-c4ccco4)c3n2)CO1,19.5340212098819
CCn1nc2sc(Sc3nc(N)c4nc(-c5cccs5)sc4n3)cn2c1=O,19.497363392163244
Cn1cc2nc(Nc3nc(-c4csc(N5CCCCC5)n4)c(N4CCC4)o3)cnc2n1,19.495894009869748
Cn1c(-c2cccs2)nc2c(N)nc(-c3nc4nc(N5CCCC5)ncc4s3)nc21,19.48255607293497
COC(=O)Nc1nc2c(N3CCN(c4ccc(C)s4)O3)nc(-c3ccco3)nc2s1,19.47982250513732
COc1ccc(-c2nc(Nc3nccs3)c3nc(-c4nccs4)n(C)c3n2)nc1,19.45510866145937
Cc1ccc(Nc2nc3nc(-c4nc5c(N6CCC6)ncnc5s4)n(C)c3s2)nc1,19.45186653994076
CSC1CCSN(c2nc(Nc3ccco3)n3nc(-c4ccco4)nc3n2)CC1,19.441200446479712
COc1nn(C)cc1-c1nc(Nc2nccs2)nc(-c2nc3ccccc3s2)n1,19.437010096889683
CN(C)c1nc(N)nc2nc(-c3nc4scnc4s3)n(-c3ccc4ncsc4c3)c12,19.410468138835817
Cc1nn2c(-c3cnc4nc(CNc5nc6ccccc6n5C)sc4n3)cnc2s1,19.397334459096186
CSc1ncc(-c2cc3nc(-c4ccco4)nn3c(Nc3nccs3)n2)s1,19.389732161386522
CNc1nc(N)n2nc(C3Sc4nc(-c5nccs5)nn4C3c3ccccc3)sc12,19.383817104307308
CSc1nc2nc(Nc3ccc(-c4nncs4)cn3)nc(N3CCOCC3)c2s1,19.383784429454195
CCn1c(=O)n(-c2cccs2)c2c(Nc3nccs3)nc(-c3ccco3)nc21,19.372199333871336
CSc1nc2nc(-n3cnnc3-c3cccs3)nc(NC3CCCCC3)n2n1,19.37169880358942
CSc1nc(-c2ccco2)n(-c2nc(N)c3nc(N4CCCCC4)sc3n2)n1,19.36154465165347
CSc1nc(NC2CCCCC2)c2nc(-c3nc4nc(C)nn4c(=O)s3)sc2n1,19.33670340886826
CCn1nnc2c(N3CCN(c4ccon4)CC3)nc(Nc3nc4ccccc4s3)nc21,19.3161935169525
Cn1cc(-c2nc3c(NCc4ccccc4)nc4nc(-c5ccco5)nn4c3s2)cn1,19.316022569111475
CSc1nnc(N2CCCCC2)c2c1nc(Nc1nc(-c3nccs3)ns1)n2C,19.283529310238134
COc1nc2cc(-c3nc(N)c4nc(-c5cccs5)n(C5CCCC5)c4n3)nn2s1,19.275782290972952
Cc1nc(NCc2ccccc2)c2nc(-c3nnc4c(N5CCC5)ncnn34)sc2n1,19.274318410813162
CC1=CSc2nc1nc(C)c2-c1nc2nc(N3CCCC3)nc(Nc3nccs3)n2n1,19.27039552000168
Cn1cc2nc(-c3nc(Nc4nccs4)nn3-c3ccc4c(cnn4C)c3)sc2n1,19.261528331258035
CC1COc2ccc(Sc3nc(Nc4nccs4)nc4c3nnn4C)cc2S1,19.255420327246814
Cn1c(Nc2nc(-c3ccco3)nc3nc(-c4cccs4)nn23)nc2ccccc21,19.242870941731425
CNc1nc(SC)c2nc(-c3cc(F)c4nc(-c5nccs5)nn4n3)sc2n1,19.242548566137593
c1coc(-c2nc3c4sc(-c5cncs5)nc4nc(NCCN4CCC4)n3n2)c1,19.215617360566785
Cc1cnc(Nc2nc(-c3ccco3)c3nnn(CC4CCSS4)c3n2)s1,19.212808846807103
Cn1c(CNc2nc(-c3cccs3)nc3nc(-c4cscn4)nn23)nc2ccccc21,19.18338422195939
Cc1csc(-c2nc(Nc3ccc4ncsc4c3)nc(N3CCN(O)CC3)n2)n1,19.182089563879593
Cc1nccc(-c2nc3c(N4CCOCC4)nc(Nc4ncsc4C)nc3s2)n1,19.18099841056771
Cn1nc(-c2nccs2)nc1-c1nc2sc(Nc3ccccc3)nc2n(C)c1=O,19.1449024081868
c1ccc(-c2nc3c4ncn(Cc5ccsn5)c4nc(NCc4cccs4)n3n2)nc1,19.143728513856654
Nc1nc(-c2cccnc2)nc2c1nc(SCc1cscn1)n2-c1nccs1,19.141372533383542
Cn1c(-c2nc3n(C)c(-c4ccco4)nn3n2)cc2cnc(Nc3cccs3)nc21,19.13560035812903
c1coc(-c2nc(NCC3CCS3)c3nc(-c4nc5ccccc5s4)nn3n2)c1,19.11514127216752
c1ccc(-n2nc(-c3nc4c(nnn4NCC4CC4)s3)nc2-c2nccs2)cc1,19.11365722367176
Cn1c(SCC(=O)OC(C)(C)C)nc2c(N)nc(-c3cc4c(s3)OCCO4)nc21,19.113596261112665
Cn1c2nc(N3CCCC3)c(-c3cccnn3)nc2c2ncnc(Nc3nccs3)c21,19.062335896258773
Cn1c(-c2ccco2)nc2c(N3CCC(n4ccnn4)C3)nc(Nc3cccs3)nc21,19.054401278057497
Cc1ccc2nc(Nc3nc4c(nc(-c5ccco5)n4C)s3)c(-c3nccs3)n2n1,19.046407379104924
Cc1ccc(CNc2nc(-c3nc4ccccc4s3)nc3nc(-n4nccn4)nn23)s1,19.033562055792615
Cn1nnnc1-c1nc2c(NCc3ccsc3)nc(-c3cccs3)nc2n1C,19.03263406884817
CNc1nccc2sc(Cn3c(-c4ccco4)nn4nc(-c5cccs5)nc34)nc12,19.028655194361342
Cc1c(-c2ccn3ncnc3c2)nc(NCc2nccs2)n2nc(-c3ccco3)nc12,19.006596795789804
Cn1ncc2cc(Nc3nc(N4CCOCC4)c4nc(-c5cnco5)sc4n3)ccc21,18.9961789950028
CC1OCCN(c2ccc(Oc3nc4nc(N)sc4nc3-c3cccs3)nc2)O1,18.992882057296306
Cc1ccc2nc(-c3nnc(N4CCOC4)nc3Nc3nc4ccccc4s3)n(C)c2c1,18.992525642323205
Nc1nc(-c2nc3scnc3s2)nc2c1nc(-c1ccco1)n2CCN1CCCC1,18.990934737068574
c1coc(-c2nc3nc(Sc4ccc5c(n4)OCO5)nc(NC4CCCCC4)n3n2)c1,18.96966293413821
Cn1c2nc(NCCc3ccc4c(c3)OCO4)ncc2c2nc(-c3nccs3)nnc21,18.96548300761239
Cn1cc(Nc2nc(-c3nc4ccccc4s3)nc(-n3cccn3)n2)nc1N1CCC1,18.955524319487196
CCn1nnc2c3c(c(Nc4nc(-c5nccs5)nc5c4ncn5C)nc21)CCS3,18.93833298261518
Cn1c(-c2nc(Nc3cccs3)nc(-n3nccn3)n2)nc2nccc(N3CCC3)c21,18.929808899358225
COc1ccc(NC(=S)n2c(-c3ccco3)nn3nc(-c4cccs4)nc23)nc1,18.909071212544575
Cc1nc2c(Nc3cc(-c4ccco4)c4nnn(C)c4n3)nc(N3CCCC3)nc2s1,18.907551958886174
Cn1ccnc1Nc1nc2nc(-c3ccco3)nn2nc1-c1nc2ccccc2s1,18.8819112730493
COc1csc(-c2nc3c(NC4CCOCC4)nc(-c4nccs4)nc3s2)n1,18.88005624338761
c1csc(-c2nc3nc(NCc4ccncc4)nc(Sc4nccs4)n3n2)c1,18.877026516635155
CSc1nc2sc(-c3nc4sc(-c5cccs5)nc4nc3N)nc2n1C,18.87522473348158
CNc1ncc(Sc2nccs2)c2nc(-c3nncn3-c3ccc(F)cc3)nn12,18.859152648505457
c1coc(-c2nn3nc(-c4cccs4)nc3n2CCNc2ncc3ccsc3n2)c1,18.849436700029862
CCn1cnc2cc(-c3nc4c5cn(C)nc5nc(Nc5nccs5)n4n3)ccc21,18.84934462963341
COC(=O)SC1CCCC1Nc1nc(-c2ccco2)nn2nc(-c3ccccc3)nc12,18.837584816081886
c1coc(-c2nc3c4c(nnn4CCc4cccs4)nc(Nc4nccs4)n3n2)c1,18.826767956122236
c1coc(-c2nc(NCc3cccs3)n3nc(-c4cn5ccsc5n4)nc3n2)c1,18.819279375052368
Cc1nc(Cn2c(N3CCCC3)nc3nc(N)n4nc(-c5cccs5)nc4c32)cs1,18.810535640388284
Cn1c(-c2cnn(C3CCOC3)c2)nc2c(Nc3nccs3)nc(-c3ccco3)nc21,18.80921590204648
COC(=O)c1ccc(Nc2nnc3c(-c4cscn4)nn(-c4nccs4)c3n2)cc1,18.79625972059568
Cc1nc(N2CCC2)nc2nc(Nc3nc(-c4nccs4)nc4c3cnn4C)sc12,18.76961962165123
Cn1cnc2c(Nc3nc4ccccc4n3Cc3ncsn3)nc(-c3ccco3)nc21,18.76213248305743
Cn1ccc(CNc2nc(-c3nc4ccccc4s3)nn3nc(-c4ccco4)nc23)n1,18.75553051039279
Cn1cc(-c2nc(N)c3sc(-c4ccco4)nc3n2)nc1Sc1nccs1,18.734337140945673
c1coc(-c2nc3nc(SC4CC4)c4c(NCc5cccs5)ncnc4n3n2)c1,18.72807530333199
CSc1nnc(Nc2nc3ccccc3s2)c(-c2nc3ccccc3n2C)n1,18.7260993337872
CNc1nc(-c2nc3nc(Nc4ccc(F)cn4)nc(N4CCCCC4)n3n2)cs1,18.7257253040561
Cn1nc(-c2nc3c(NCc4cccs4)ncnc3s2)n(-c2nccs2)c1=O,18.71501892918854
Fc1ccc(-c2nc(NCc3cncs3)n3nc(-c4nccs4)nc3n2)s1,18.695995525412165
Cn1ncc2sc(Nc3nc(N4CCCC4)nc4sc(-c5ncco5)nc34)nc21,18.689810293087618
COc1ccc2nc(Nc3nc4ccc(Cl)nc4s3)c(-c3nnn(C)n3)nc2c1,18.678861209763202
CNc1nc2nc(SCc3cc4ccccc4o3)nn2c2nc(-c3ccco3)nn12,18.666362544242443
CN(C)c1nc(Nc2ccc3c(c2)OCO3)nc2nc(-c3ncc(C#N)s3)sc12,18.653690398205217
Cc1ccc(Nc2nc(N3CCC(C)SC3)n3nc(-c4nccs4)nc3n2)cn1,18.653156837736077
CCn1cnc2c(=O)n(-c3nccs3)c(Nc3nc(-c4cccs4)ns3)nc21,18.652660256114885
Cn1cc(-c2nc(N)c3sc(-c4cscn4)nc3n2)cc1Sc1cnccn1,18.640399940666455
Nc1ncnc2c1nc(-n1nc(-c3cccs3)nc1-c1nccs1)n2CC1CS1,18.63836452208122
c1csc(Nc2nc(-c3nc(NC4CCCO4)ns3)nc(N3CCCCC3)n2)n1,18.63782254240747
CSc1nc(Nc2nccs2)c2nc(-c3cncs3)c3cn(C)nc3c2n1,18.636629047953306
Cc1ccc(Nc2nnc3c(n2)n(C)c(=O)n3-c2nc(-c3nccs3)cs2)s1,18.622222894378208
Cn1c(-c2ccco2)nc2c(Nc3ncnc4ncsc34)nc(N3CCCC3)nc21,18.608406380628416
Cn1nc(-c2cccs2)nc1-c1nc(Nc2ncc(Cl)s2)nc2c1ncn2C,18.599027976324727
Cn1ncc(CNc2nc(-c3ccco3)nn3nc(-c4cc5ccccc5s4)nc23)n1,18.558062024706167
COc1ccc(Nc2nc3nc(N4CCC4)sc3c3nc(-c4cscn4)nn23)cc1,18.544415996555912
COc1ccc(Cn2cc(-c3nc4c(Nc5cccs5)ncnc4s3)nn2)cn1,18.52859585397057
CCn1c(=S)n(C(=O)c2cccs2)c2c(-n3nccn3)nc(Nc3ccncc3)nc21,18.484914386151193
Cc1nc(-c2nsc(Nc3cc(-n4ccnn4)nc(N4CCCCC4)n3)n2)cs1,18.459243030815994
Cn1cnc2ncc(-c3nc4c(NCc5cccs5)nc(-c5ccco5)nc4s3)n21,18.447067160766842
Cn1cnc2c1nc(-c1nc3ncnc(NCc4ccsc4)n3n1)n2-c1cccs1,18.44268927130751
Cc1ccc2sc(-c3nnc(-n4cccn4)nc3Nc3nccs3)nc2n1,18.43464579256423
Cc1csc(-c2nc3c(NCc4cccs4)ncnc3n2-c2ccc3ncnn3c2)n1,18.419479546037213
Cc1nnc2ccc(-c3nc4nc(N5CCCC5)nc(NCc5cccs5)n4n3)cn12,18.40622953490725
C1=NN(c2nc(Nc3nccs3)nc(-c3ccco3)n2)CN1Cc1ccsc1,18.399914421142846
Cc1noc(-c2nc(Nc3ccc(N4CCSCC4)nc3F)c3cn(C)nc3n2)n1,18.397860245826045
Cc1csc(-c2nc3n(Nc4ccncn4)nc(-c4ccco4)nc-3c2N2CCC2)n1,18.38382053651729
Cc1nc(Sc2nc(-c3nccs3)nc3nc(N4CCC4)nc(N)c23)cs1,18.381216421359902
c1csc(-n2c(-c3nccs3)nc3cc(SCc4nc5cccnc5o4)nn32)c1,18.37091692683625
CSc1nc(NCc2cscn2)nc2c1nc(-c1nccs1)n2-c1cncnc1,18.367881156742076
c1ccc(CNc2ncnc3sc(-c4nc5cnnc(N6CCCC6)n5n4)nc23)cc1,18.355852640346242
CC1CN(c2ccc(Oc3nn4c(-c5nccs5)nc(N)c4s3)s2)CCO1,18.351861529442928
CCn1c(=S)sc2nc(-c3nn(C4CCC4=O)s3)nc(-c3csc(N)n3)c21,18.337239886278784
Fc1ccc(-n2nc(SCc3nc4ccccn4n3)nc2Nc2nccs2)nc1,18.33519989072402
Cc1nc2cnc(Nc3nc(-c4nccs4)nc4c3n(C)c(=S)n4C)nc2s1,18.33152121671194
Cn1cc(-c2nc3c(NCc4cccs4)ncnc3n3nc(-c4ccco4)nc23)cn1,18.31509713738801
Cn1c(-c2ccco2)nc2sc(N3CCN(c4cnc(Nc5ncccn5)s4)C3)nc21,18.31345292655962
Cc1nc(C2CCN(c3nc(Nc4ccncc4)nc(-c4ccco4)n3)CC2)ns1,18.312341943985086
Nc1csc(N2CCC(Cn3c(-c4ccco4)nn4nc(-c5cccs5)nc34)C2)n1,18.28897814643798
CNc1ncnc2sc3c(nc(NCc4nccs4)n4nc(-c5ccco5)nc34)c12,18.27703072684564
CN1CCc2nc(Sc3nc(Nc4nccs4)nc(-c4ccco4)n3)sc2C1,18.276314795841706
c1csc(CNc2nc(N3CCC3)c3c(n2)nc(-c2nccs2)n3-c2cnco2)n1,18.27581189393351
Cn1c(-c2nnc(Nc3ccc(N4CCOC4)nc3)nc2-c2nccs2)nc2ccccc21,18.273677548758364
COC(=O)c1ccc(Nc2nc(-c3nccs3)nc(N3CCc4cnsc4C3)n2)cc1,18.273319100744615
COC1CCN(c2cc(-c3nc4nnc(-c5csc(N)n5)nc4s3)cs2)CC1,18.271048559002406
C#CCSc1cc2nc(-c3ccco3)n(-c3nc(N)nc(N4CCCC4)n3)c2s1,18.253302116780745
COc1ccc2c(c1)CCN(c1nc(-c3ccco3)nc3nc(-c4ccco4)nn13)N2,18.249180083446912
Cn1cnc(-c2nc(Nc3cc(N4CCCCC4)nc(-c4nccs4)n3)ns2)c1,18.246426486269918
COC(=O)c1ccc(Nc2nc(-c3nc4ccccc4s3)nc(-n3cccn3)n2)s1,18.244276201698884
COc1cccc2nc(Nc3ncc4nc(-c5nc6n(n5)CN(C)C6)sc4n3)sc12,18.241202241590976
COC(=O)c1ccc(Nc2nc(-c3cn4ncsc4n3)cc(N3CCCC3)n2)cc1,18.21482343048495
CSc1nc(N)c2nc(-c3nc(C)ns3)n(C3=NN(c4ccccc4)CC3)c2n1,18.214636826034035
CCSc1nc2c(N3CCOCC3)nc(Nc3nc4ccccc4s3)nc2n1C#N,18.21289907077072
Cc1ccc(-c2nc(N3CCO[C@H](C)C3=O)c3nc(Nc4nccs4)sc3n2)o1,18.208371830357883
Cn1c(-c2cn3ncnc3s2)nc2c(NCc3cncs3)nc(-c3ccco3)nc21,18.20513369514201
CSc1nc2nc(N3CCCCC3)nc(Nc3nccc(-c4cnnn4C)n3)c2s1,18.198966436051872
CCn1cnc2c1nc(NCc1cccs1)n1nc(-c3cccc4c3OCO4)nc21,18.189622024192804
Cn1c(SCC(F)(F)F)nc2c(Nc3nnc(-c4nccs4)s3)ncnc21,18.17862034370454
Cn1c(-c2cn3nnnc3s2)nc2c(NCc3cccs3)nc(-c3ccco3)nc21,18.175055981461394
c1coc(-c2nc(Nc3nccs3)n3nc(-c4ccn(C5CCOCC5)c4)nc3n2)c1,18.15824985410512
Cn1ccc2sc(Sc3nc(N)c4sc(-c5nccs5)nc4n3)nc2c1=O,18.157737533053766
CN(C)c1nc2c(Nc3nccs3)nc(-c3ccc4c(n3)OCO4)nc2s1,18.144352483553515
CSc1nn(-c2ccc(N)cc2)c2nc(-c3nccs3)nc(N3CCOCC3)c12,18.14280012457878
Cn1cc(-c2nc3ncc(Nc4nc5ncnc(N6CCCC6)c5s4)nc3s2)cn1,18.140273603614787
COc1ccccc1-c1nc2c(N3CCOCC3)nc(Nc3nccs3)nc2s1,18.133531339566613
Cc1nn(C)n2nc(-c3nc4c(nc(Nc5ccc6ncsc6c5)n4C)s3)nc12,18.132063629190437
c1csc(Nc2nc(N3CCCCC3)nn2Cc2sccc2-n2nccn2)n1,18.12802407229394
COc1csc(CNc2nc3c(N4CCOCC4)nc(-c4ccco4)nc3s2)n1,18.12730604264984
Cc1nc2n(C)c(-c3nc4c(nc(Nc5ccc6ncsc6c5)n4C)s3)nn2n1,18.121058487670766
COc1ccc(-c2nc3c(Nc4nccs4)nc(-c4nccs4)nc3n2C)cc1,18.116354312526216
Cc1nnc(-c2nc3c(NCc4ccccn4)nc(-c4nccs4)nc3s2)s1,18.06477453007411
CCn1cnc2c(=O)sc(Nc3nc(-c4nccs4)nc4sc(C)nc34)nc21,18.059765295403487
Cc1nn(C)c2nc(Nc3nc4ccccc4s3)c(-c3nnc(N4CCCC4)o3)nc12,18.05285594458832
C=Cn1nc(-c2nc3c(NCc4ccccn4)nc(-c4nccs4)nc3n2C)s1,18.046781549405992
COc1cc(-c2nc3nnc(-c4csc(N)n4)nc3s2)ccc1N1CCOCC1,18.029192242769177
N#CCCn1nc(-c2nccs2)nc1Nc1nc2ccsc2nc1N1CCCC1,18.006341374968457
COc1cccc2nc(Nc3nnc4nc(-c5cccnc5N5CC5)sc4n3)sc12,17.978376371152297
Cn1cc(Cn2nc(-c3nc4ccccc4s3)nc2Nc2nccs2)n2ncnc12,17.976767574540432
COc1nc(-c2nc(N)nc3c2nc(S)n3C2CCN(c3ccccc3)C2)ns1,17.95486154210349
Cn1ccnc1-c1nc2c3nc(-c4ccsc4)nnc3nc(NCc3ccccc3)n2n1,17.95041907799437
Cn1cnc2c(N)nc(-n3nc(-c4cccs4)nc3Sc3sccc3F)nc21,17.920929469461207
CSc1nc2nc(-c3nc4ccccc4s3)nc(NCc3cscn3)n2n1,17.92061092814671
Cc1noc(-c2nc3cn(C)nc3nc2Nc2ccc(N3CCSCC3)c(F)c2)n1,17.915086185097227
COc1csc(-c2nnc3nc(CSc4nc5ccccc5s4)n(N)c3n2)c1,17.89838884711318
O=C(O)CC1CN(c2nc(-c3nccs3)nc3sc(-c4ccco4)nc23)CCO1,17.885404373886168
COc1ccc(Nc2nc(-c3nc4ccccc4s3)nc3nc(N4CCC4)nn23)cn1,17.875646692198686
CN(C)c1nc2c(Nc3nccs3)nc(-c3ccc4c(c3)OCCO4)nc2s1,17.865174415452465
CC1(C)CN(c2csc(-c3nc(N)c4sc(-c5cscn5)nc4n3)n2)CCO1,17.8545221253885
COc1ccc(Nc2nc(-c3nccs3)c3c(nnn3SC(C)(C)C)n2)cn1,17.820928009613205
CCn1ncc2c(N3CCc4nc(Nc5nccs5)ncc43)nc(-c3ccco3)nc21,17.811030833413515
Cn1cnc2nc(-c3nc4c(NCc5cccs5)ncnc4n3-c3cncnc3)sc21,17.80594867046483
Cn1c(-c2nccs2)nc2c(N3CCC3)nc(Nc3ccc4nsnc4c3)nc21,17.79809848122955
CNc1nc2nc(-c3nn(C)s3)n(-c3cccs3)c2c2nc(-c3ccco3)nn12,17.76716939875309
N#CNc1nc(-c2cscn2)nc2c1c(N1CCOCC1)nn2Cc1cccs1,17.76422450254463
Cn1c(-c2ccco2)nc2sc(Nc3ccc4nnn(Cc5cccs5)c4n3)nc21,17.751508493757765
CSc1nc(-c2cccs2)n(-c2nc(Nc3nccs3)c3ncn(C)c3n2)n1,17.74953693703326
CCC1OCCN(c2nc(Nc3nc4ccccc4s3)nc(-c3ccco3)n2)C1=N,17.745467602346075
COc1ccc(F)c2sc(Nc3nc(-c4nccs4)nc4nn(C)cc34)nc12,17.735019318937876
C=CCn1cnc2c(Nc3nc(N4CCCC4)nc4sc(SC)nc34)ncnc21,17.72476852821956
Cc1ccc(Nc2nc3c(cnn3Cc3nccs3)c3nc(-c4ccco4)nn23)s1,17.7178245873728
Cc1ncc(Nc2nc(-c3nccs3)nc(N3CCN(c4ncco4)CC3)n2)s1,17.71037432198286
Cc1nc(-c2nc(Nc3ccc4scnc4c3)nc(N3CCO[C@H](C)C3)n2)cs1,17.70995702988547
Cc1cc(Nc2nc3ccsc3c3nc(-c4ccco4)nn23)nc(N2CCOCC2)n1,17.701872683233937
Cn1c(-c2cccs2)nc2c(Nc3nccs3)nc(-c3nnn(C4CC4)n3)nc21,17.68880018698879
COc1csc(-c2nc3nc(-c4nccs4)nc(NCc4nccs4)n3n2)c1,17.674461772266916
Cn1ncc2c(-c3ccn4nc(CN5CCCC5)cc4n3)nc(Nc3nccs3)nc21,17.671303994947777
Cn1nccc1-c1nc(N)c2nc(SCc3nc(-c4cccs4)ns3)sc2n1,17.66912460479927
Cn1cc(-c2nc(N)c3sc(-c4nccs4)nc3n2)c(Sc2ccccn2)n1,17.666781054381804
c1cnn(-c2nc(Nc3ccc4ncsc4c3)nc(Sc3ccc(N4CC4)cn3)n2)n1,17.66640802787164
CSC1=Nc2nc(-c3cccs3)nc3nc(NCc4cscn4)nc(c23)S1,17.649313722246294
COc1nc2ncnc(Nc3nc4sc(-c5ccccc5)nc4c(=O)s3)c2s1,17.621188879320666
Cc1nc2c(s1)N(c1nc(NCc3ccccc3)n3nc(-c4ccco4)nc3n1)CCC2,17.617071786713193
Nc1nc(-c2nn(CCF)nc2-c2cccs2)nc2nc(-c3nccs3)sc12,17.614332213842903
COc1c(Nc2nc(-c3nccs3)nc(N3CCOCC3)n2)ncc2sccc12,17.60322066229354
CN(C)c1nc2nc(NCc3cccs3)n3nc(-c4cccs4)nc3c2s1,17.59344657991837
COC(=O)c1ccc(Nc2nc3c(N4CCN(c5nccs5)C4)ncnc3s2)cc1,17.593304834220177
Cc1ccc(Nc2nc(N3CCOCC3C3CC3)n3nc(-c4ccco4)nc3n2)nc1,17.591614184587907
c1cnnc(-n2nc(SCc3nc4ccccc4s3)nc2Nc2ccncn2)c1,17.58175950607806
COC(=O)c1ccc(Nc2nc(N3CCCC3)c3nc(-c4ncns4)sc3n2)cc1,17.5803744258796
Cc1ncn(-c2ccc(Nc3nc(-c4nccs4)c4ncn(C)c4n3)c(Cl)c2)n1,17.573632853898122
CCNc1nc(-c2ccc(-n3nccn3)cc2)nc2sc3nc(-c4ccco4)nn3c12,17.57363078192555
Cc1nc(-c2nc3c(N4CCOCC4)nc(NCc4ccsc4)nc3s2)co1,17.562126340916745
COc1ccc(-c2nc3c(Nc4nccs4)nc(N4CCCCC4)nc3s2)nn1,17.557605358996906
CCn1c2c3c(nc(-c4ccco4)nn3c1=S)N=C(c1cncs1)N=C2NC1CC1,17.552082490732086
CCn1ccc(-c2nc3nc(N4CCCC4)nc(Nc4nc5ccccc5s4)n3n2)n1,17.538203375339222
c1csc(CNc2nc(N3CC3)c3nc(-c4nccs4)n(-c4ccncn4)c3n2)c1,17.536547822491276
Cn1c(Nc2ccccn2)nc2c(Sc3cnccn3)nc(-c3nccs3)nc21,17.51625283405375
CN(C)c1cccc2nc(Nc3nc4c(nnn4C)c4nc(-c5ccco5)nn34)sc12,17.514392233927968
CN(c1ccccn1)c1nc(Nc2nccs2)nc2nc(-c3nccs3)sc12,17.502539939258995
Cn1c(-c2nccs2)nc2sc(-c3ccoc3Nc3ncnc(N4CCC4)n3)nc21,17.48308132346303
c1coc(-c2nc3nc(-c4cccs4)nc(Nc4ccc(N5CCC5)nc4)n3n2)c1,17.469252469368268
C=C(C)Oc1ccc(Nc2nc(N3CCOCC3)n3nc(-c4ccco4)nc3n2)s1,17.467982790234434
CNc1nc2c(N3CCC(OC(=O)OC)C3)nc(-c3nc4ccccc4s3)nc2s1,17.46708728401343
Cn1nnc2c(Nc3ccc(N4CCC(c5nccs5)=N4)s3)nc(-c3ccco3)nc21,17.460058534040975
Cn1cc(CNc2nc3c(nc(-c4cscn4)n3-c3ccccc3)c3ncnn23)cn1,17.454442480490695
Cn1cnc2c(Nc3nc(-c4ccc(N5CCOCC5)cc4)ns3)nc(-c3ccco3)nc21,17.45389586367045
Nc1nc(-c2nn(Cc3cscn3)s2)nc2c1nc(-c1ccco1)n2C1CCCC1,17.44142096624005
Cc1nc(-c2nc3c(N4CCOCC4)nc(Nc4ccc5c(c4)OCO5)nc3s2)co1,17.40848455939553
Cc1nc2ccc(CNc3nc4c(cnn4C)c4nc(-c5ccco5)nn34)cc2s1,17.408074552275185
CSc1nc(-c2cccs2)nc2ncnc(N/N=C/c3ccc4c(c3)OCO4)c12,17.396870662934788
c1cnn(-c2nc(Nc3ccsc3)nc(SCc3ccc4c(c3)OCO4)n2)c1,17.395286915728345
Cn1c(-c2nccs2)nc2c(N)nc(Sc3nc(N4CCCC4)ns3)nc21,17.392353150047352
CSc1cccc2sc(Nc3nc(-c4nccs4)nc4c3nnn4C)nc12,17.38195955051467
Cc1nc(-c2nc(Nc3ccc(N4CC4)nn3)nnc2-c2nc3ccccc3s2)ns1,17.37099508489924
Cn1cncc1CSc1nc(Nc2nc3ccccc3s2)nc(-c2nncs2)n1,17.369021563433257
Cc1ccc(CNc2nc(N3CCC(C#N)C3)n3nc(-c4cccs4)nc3n2)s1,17.36766447087218
O=Cc1ccc(Cn2cnc3nc(-c4nccs4)nc(Nc4nccs4)c32)s1,17.345918319920198
COc1cccc2nc(Nc3nc(-c4sccc4F)nc4c3nnn4C)sc12,17.333082238115992
COc1ccc2nc(Nc3nc(-c4cscn4)nc4c3n(C)c(=O)n4C)sc2c1,17.326083195044696
COc1nsc(-c2nc3c(Nc4nccs4)nc(N4CCCCC4)nc3n2C)n1,17.3250322541455
c1csc(-c2nc(-n3ncnn3)c3nc(NCc4ccc5c(c4)OCO5)sc3n2)c1,17.320287696615193
CSc1nc(NN2CCCC2)nc(-c2nc(-c3nccs3)nn2-c2ccccc2)n1,17.314255338649545
COc1ccc(Nc2nc3c(N4CCO4)nc(-c4ccc5c(c4)OCO5)nc3s2)cn1,17.28929008990477
Nc1nc2c(nc1-c1ccc(OCc3nncs3)s1)sc(=S)n2-c1ccccn1,17.273616387624504
CCn1cnc2c(-c3nc4sc(C)nc4s3)nc(Nc3ccc4c(c3)OCO4)nc21,17.256698760863895
CCn1cc(-c2nc3c(N4CCOCC4)nc(Nc4ccns4)nc3s2)nn1,17.232537893259387
Cn1cnc2sc(-c3nc(N)c4nc(-c5ccco5)n(Cc5cccs5)c4n3)nc21,17.230102758081635
Cc1noc(-c2nc3c(Nc4nccs4)nc(N4CCSC(C)C4)nc3s2)n1,17.22712928424838
CSc1nc(Nc2nc(-c3cscn3)nc3c2ncn3C)nc(N2CCCCC2)n1,17.223781638925782
c1csc(CNc2nc(N3CCCC3)nc3nc(-c4ncoc4-c4nccs4)nn23)c1,17.198497787864312
CN(C)c1nc(Nc2nc3ccccc3s2)nc2nc(-c3nc(Cl)cs3)nn12,17.18605157066199
CSCn1nc(-c2nc(N)c3nc(-c4nccs4)n(C4CCCCC4)c3n2)s1,17.167150043350308
Cc1nc2ccc(-c3nc4nc(N5CCCC5)nc(NCc5cccs5)n4n3)nc2o1,17.158507859093906
N#CCNc1nc(-c2cccs2)nc2nc(SCc3nc4ccccc4s3)nn12,17.15544431362582
CC(=O)Nc1nc(N2CCCC2)nc2nc(SCc3nc4ccccc4s3)nn12,17.154571016367637
c1csc(-c2nc3sc(-c4nc5c(NCC6CC6)ncnc5s4)nn3n2)c1,17.151970411042253
Cn1cnc(-c2nc3c4cn(-c5cccs5)nc4nc(NCc4cccs4)n3n2)n1,17.1486244942981
C=CCn1c(Nc2nccs2)nc2nc(-c3ccco3)nc(N3CCSC3)c21,17.135722514075468
c1coc(-c2nc3c4nn(CCc5cscn5)nc4nc(Nc4cccs4)n3n2)c1,17.12856506399379
c1ccc(Nc2nc3c(N4CCC(c5ncco5)C4)nc(-n4nccn4)nc3s2)cc1,17.122424568704567
CSc1nsc(-c2nc3c(N4CCCC4)nc(NCc4ccccc4)nc3s2)n1,17.116674536178643
c1ccc2sc(-c3nc(Nc4ccc(-n5nccn5)cc4)nc(N4CCOC4)n3)nc2c1,17.11661517229866
Nc1nc(-c2nc(Oc3ccccc3)cc(N3CCN(c4ncsn4)CC3)n2)cs1,17.1041085629832
Cn1c(-c2ccco2)nc2cnc(Nc3nc4ccc(CN5CCOC5)nc4s3)nc21,17.1027744058739
COC1CCN(c2nc(Nc3nccs3)nc3nc(-c4ccco4)nn23)C(=S)C1,17.10274872530625
CN(C)c1nc(Nc2nccs2)c2sc(-c3nc4ccccc4n3C)nc2n1,17.102180180905776
Cn1cc2c(nc(NCc3cccs3)n3nc(-c4ncnn4-c4cccs4)nc23)n1,17.083799980138835
Cc1noc(-c2nc(N3CC3)sc2-c2csc(Nc3ccc4c(c3)OCCO4)n2)n1,17.049778519472188
CN(C)c1ncc2sc(Nc3nc(-c4ccc(F)nc4)nc4ccsc34)nc2n1,17.04419413812237
Cn1c(SCc2nc3ccccc3s2)nc2c(-c3nccs3)nc(N)nc21,17.043217458177008
Cc1cnc(-c2nc3c(Nc4nccs4)nc(N4CCS[C@@H](C)C4)nc3s2)o1,17.034920488452148
Cn1c(Nc2nc(-c3nccs3)nc3nc(-c4ccco4)nn23)ccc1N1CCC1,16.99688820653064
CSc1nc(Nc2nccs2)c2nc(-c3nc4ccccc4n3C)nn2n1,16.980197255942794
CSc1nc2nc(N3CCCC3)nc(Nc3ncnc4c3ncn4C3CC3)c2s1,16.975552634915047
Cc1ccc(-c2nc(S)c3nc(N4CCOCC4)nc(Nc4nccs4)c3n2)o1,16.97520195569492
c1ccc(CNc2nc(-c3ccco3)nc3sc(-c4nn5nccc5s4)nc23)nc1,16.97064728803834
Cc1nsc(-c2nc(N)c3nc(SCc4nc5ccccc5s4)sc3n2)n1,16.966815466647514
Cc1ccc2sc(-c3ncsc3Nc3nc(C)nc(N4CCCCC4)n3)nc2n1,16.96474301035682
CCn1cc2c(nc(Nc3ccc4nc(C)sc4c3)n3nc(-c4ccco4)nc23)n1,16.964570960842213
C#CCn1nc(-c2cccs2)nc1Nc1nc(-c2nccs2)nc2c1ncn2C,16.957453173905108
CN(C)c1ncnc(Nc2nc(-c3nc4ccccc4s3)nc3scnc23)n1,16.94840650989875
Cc1nc2nc(Nc3ncc(N4CCOCC4)nc3C)nc(-c3nccs3)c2s1,16.946234612303623
COC(=O)c1ccc(Nc2nc(N3CCC3)c3nc(-c4nncs4)sc3n2)cc1,16.93623546065097
CSc1nc(NCc2cccs2)n2nc(C3=Nc4ccccc4S3=O)nc2n1,16.93086326723192
Cn1cnn2cc(-c3nc(NCc4cccs4)n4nc(-c5ccccc5)nc4n3)nc12,16.92813749786629
Cn1cnn2c(-c3nc4c(NCc5cccs5)nc(-c5ccco5)nc4s3)nnc12,16.920665550239192
CCn1c(-c2nc(F)ns2)nc2c(N3CCCCC3)nc(Nc3nccs3)nc21,16.91952316065305
COc1ncccc1-c1nc2c(N3CCOCC3)nc(Nc3cscn3)nc2s1,16.91704340406621
Cn1cc(-c2nc3c4nc(-c5cccs5)n(C)c4nc(Nc4nccs4)n3n2)cn1,16.906319656594214
Cn1cc2c(nc(NCc3cccs3)n3nc(-c4ncnn4-c4ccccc4)nc23)n1,16.905417197708708
c1coc(-c2nc(Sc3nc4c(s3)CNCC4)n3nc(-c4ccco4)nc3n2)c1,16.901960185286658
CSc1ncc(-c2nc3c(N4CCCCC4)nc(NC4CCCCC4)nn3n2)s1,16.88943003549765
COc1ccc(-c2nc(Nc3nc4ccccc4s3)n3nc(SC)nc3n2)cn1,16.885110562154566
c1coc(-c2nc3nc(-c4nccs4)nc(NCc4ccc5c(c4)OCO5)n3n2)c1,16.866716738117884
Cn1cnc(-n2c(-c3nc4cccn4s3)nc3c(NCc4cccs4)ncnc32)n1,16.86107964355407
Cc1ccc(Nc2nc(N3CCCOCC3)c3nc(-c4nccs4)n(C)c3n2)cn1,16.856791181549863
Cn1cnnc1-c1cc(Nc2nc3ccccc3s2)n2nc(-c3ccco3)nc2n1,16.853317575230495
CSc1nc(Nc2nc3c(N4CCCC4)ncnc3s2)n(-c2ccccn2)n1,16.845083990685676
COC(=O)Oc1ccc(Nc2nc(-c3nccs3)nc(N3CCSCC3)n2)cc1,16.838329948186562
CSC1CCN(c2cc3c(-c4ccco4)nnn3c(Nc3nccs3)n2)CC1,16.836651867992778
CN(C)c1ncnc(Nc2nc(-c3ccco3)nc3sc(-c4cccs4)nc23)n1,16.833636713444708
COC(=O)c1ccc(Nc2nc(-c3cc4c(s3)CSC4)nc(-n3nccn3)n2)cc1,16.83338947701295
C=CCn1c(Nc2cccs2)nc2c(N3CCOCC3)nc(-c3nccs3)nc21,16.82909029019667
CC(=O)c1nnc(-c2nc3c(N4CCCC4)nc(Nc4nccs4)nc3s2)s1,16.80136001481187
CSc1nnc(-c2nc3c(N4CCOCC4)nc(Nc4ccsc4)nc3s2)o1,16.798311765544103
Cc1ccc(Nc2nc(N3CCN(c4nccs4)C3)n3nc(-c4ccco4)nc3n2)cc1,16.785184523726855
Cn1c(-c2cccs2)nc(Nc2nc(-c3nccs3)nc3c2nnn3C)c1Cl,16.75971358955033
c1csc(CNc2nc3nn(CC4CC4)cc3c3nc(-c4cccs4)nn23)c1,16.743587967839453
CSc1nc(Nc2nc3ccccc3s2)c2nc(-c3nsc(=O)n3C)cn2n1,16.74353180708366
Cc1nsc(-n2nc(Nc3nccs3)nc2-c2cccc(N3CCCCC3)n2)n1,16.739861471479177
Cn1c(=S)n(C)c2c(Nc3ccnc(-c4ccccn4)n3)nc(-c3nccs3)nc21,16.734129204991856
Cc1nsc(-c2nc(Nc3ccc(N4CC4)nn3)nnc2-c2nc3ccccc3s2)n1,16.729846569290533
c1ccc2sc(CNc3nc(-c4ccc5c(c4)OCO5)nc(-n4nccn4)n3)nc2c1,16.728920106389875
c1coc(-c2nc(NCc3cccs3)n3nc(-c4cn(-c5ccco5)s4)nc3n2)c1,16.72581945808461
COc1nc(N2CCOCC2)ccc1Nc1ncc2sc(-c3nccs3)nc2n1,16.72146546794404
COC1CCN(c2nc(-c3nc(N)c4sc(-c5cscn5)nc4n3)cs2)CC1,16.72039515157948
Cn1cc(-c2nc3c(nc(NCc4cccs4)n4nc(-c5ccco5)nc34)s2)cn1,16.685964652319456
Cn1ncc2c(Nc3nc4c(ncn4CC4CCC4)s3)nc(-c3nccs3)nc21,16.64360882038623
Cn1c(-c2nccs2)nc2c(Nc3nccc(N4CCC4)n3)nc(-c3nccs3)nc21,16.64285978243076
COC(=O)c1ccc(Nc2nc(-c3nc4ccccc4s3)nc(-n3cccn3)n2)cc1,16.634235804666517
COc1nnc(-c2nc3c(NC4CCOCC4)nc(-c4nccs4)nc3s2)s1,16.632249470640936
Cn1cc(CNc2nc(-c3ccco3)nn3nc(-c4nc5ccccc5s4)nc23)cn1,16.602499123573487
CCc1nc(-c2nc3c(Nc4nccs4)nc(N4CCOCC4)nc3s2)ns1,16.593548195794565
Cn1nnc2c1nc(NCc1cccs1)n1nc(-c3ccc(-c4ncco4)s3)nc21,16.583843859513074
c1ccc2sc(Nc3ncnc4c3c(-n3nccn3)nn4CCN3CCCCC3)nc2c1,16.566956615609893
Cn1c(-c2ccco2)nc2c1nc(NCc1cccs1)n1nc(-c3cccs3)nc21,16.549241538720587
c1coc(-c2nc(Nc3nccs3)c3nc(-c4nc(CN5CCC5)ns4)cn3n2)c1,16.54448883232821
COc1cccc(Cn2nc(-c3nccs3)nc2Nc2nc3ccccc3s2)n1,16.539950339014787
Cn1cnc2c(Nc3nc(-c4ccc(N5CCC5)nc4)cs3)nc(-c3nccs3)nc21,16.538835559562983
c1coc(-c2cc3nc(-c4nnc(N5CCC5)s4)nn3c(Nc3nccs3)n2)c1,16.52869439911101
Cn1c(-c2nc3c(NCc4nccs4)nc(-c4cccs4)nc3s2)noc1=O,16.515972368495316
c1csc(Nc2ncc(CN3CCSC3)nc2-c2nc(-c3nccs3)no2)n1,16.514122866481287
Cn1ccc2nc(Nc3nc(-c4ccco4)nn4nc(-c5cccs5)nc34)n(C)c21,16.49484397758044
Cc1nc(-c2nc(Nc3ccc(N4CCOCC4)c(C#N)c3)nc3c2nnn3C)cs1,16.480471242138968
CSc1nc(Nc2ccc(N3CCN(c4ncsn4)C3)cc2)nc(-c2ccco2)n1,16.475950588031395
CSc1nnc2nc(-c3nc4c(NCc5ccccc5)ncnc4s3)sc2n1,16.454767046703267
COc1nccc(-c2nc3sc(Nc4cccc(N5CCOCC5)n4)nc3s2)n1,16.454458015999457
C#CCSc1nc(-n2cccn2)nc2c(Nc3nccs3)nc(-c3ccco3)n12,16.45335480126185
CC1CCN(c2nc(Nc3nccs3)nc3c2nc(-c2ccco2)n3C)CCO1,16.434174357381146
CCSc1nnc(Nc2nc3nc(Cl)nc(N4CCOCC4)c3s2)s1,16.427523437352004
c1ccc(-n2c(-c3ncc[nH]3)nc3nc(SCc4nc5ccccc5s4)nn32)nc1,16.41177130623823
CNc1nc2sc(-c3nccs3)nc2nc1Oc1ccc(N2CCOC2=O)s1,16.406935789800034
Cn1cnc(-c2nc3c(NCc4cccs4)ncnc3n2-c2ccc3c(c2)OCO3)n1,16.38296575248344
CC1CCN(c2nc(N)nc3nnc(SCc4nc5ccccc5s4)n23)CS1,16.379514660278712
Cn1c(-c2ccco2)nc2c1nc(NCc1cccs1)n1nc(-c3cscn3)nc21,16.374307739174068
CSc1nc2nc(-c3ccco3)nc(Nc3nnc(N4CCOCC4)s3)c2s1,16.359139105413337
Cn1ccc(-c2nc(Nc3nc4ccccc4s3)n3nc(-c4ccco4)nc3n2)c1,16.358281650650472
Cn1c(NCc2nc3c(N4CCOC4)nc(-c4ccco4)nc3s2)nc2ccccc21,16.351398824460382
O=[N+]([O-])c1ccc(N2CCC(Nc3nc(N4CCCC4)nc(N4CCC4)n3)CC2)s1,16.35009606431543
Cn1ccc(-c2nc3c(N4CCOC4)nc(Nc4nc5ccccc5s4)nc3o2)n1,16.340953160372724
c1csc(CNc2nc(N3CCCC3)nc3nc(-c4nc5cccnc5s4)nn23)c1,16.340809747604656
O=Cn1nc(-c2nc3c(NCc4cccs4)ncnc3s2)nc1-c1cccs1,16.335970175382208
CCC1OCCN(c2nc(Nc3ccccn3)nc3sc(-c4ccco4)nc23)S1,16.335786233404747
Cn1cc2nc(Nc3csc(N4CCCCC4)n3)n3nc(-c4ccco4)nc3c2n1,16.33323394530003
CC1(C)CON(c2cc3nc(-c4ccco4)nn3c(Nc3nccs3)n2)CCO1,16.32805327733969
Cc1ccc(-c2ncc(N3CCOCC3)nc2Nc2nnc(-c3nccs3)s2)o1,16.32790914604177
CC1CN(c2ccc(Oc3nc4sc(-c5cscn5)nc4nc3N)s2)CCO1,16.3210763441809
CCn1c(-c2nccs2)c(Nc2nc(-c3nccs3)nc3c2ncn3C)sc1=O,16.320961318542793
Cn1nnc2c(Nc3nccs3)nc(-c3ccc(OC4CCCOCC4)s3)nc21,16.315536031557837
CN(C)c1nccnc1Nc1nc2nnc(-c3nc4ccccc4s3)nc2s1,16.31481964964818
c1coc(-c2nc(Nc3nccs3)c3c(nnn3Cc3ccc4c(c3)OCO4)n2)c1,16.3088549787215
Cc1nnc(-c2nc3c(N)nc(CSc4nc5ccccc5s4)nc3s2)s1,16.30210704261554
COc1csc(-c2nc3nc(N4CCCCC4)nc(Nc4cnccn4)c3s2)n1,16.30151332379143
C=C(OC)OC1CCN(c2nc3nc(-c4ccco4)nc(Nc4ccsc4)n3n2)CC1,16.288202652454373
COc1ncccc1-c1nc(N2CCOCC2)c2sc(Nc3nccs3)nc2n1,16.272468854175607
Cn1cnc2nc(-c3nc(NCc4ccccc4)n4nc(-c5ccco5)nc4n3)sc21,16.269149407714515
c1csc(-c2nnnn2-c2nc(Nc3ccsc3)nc3c2ncn3CC2CC2)c1,16.252601735981028
COC(=O)CC1CCN(c2nc3nc(-c4ccco4)nc(Nc4cccs4)n3n2)CC1,16.24053081518352
Cc1nnc(C2CCCN2c2nc(Nc3nccs3)nc(N3CCCCC3)n2)s1,16.23148272320364
Cn1cc(-c2nn3ccc(-c4nc5c(NCc6cccs6)ncnc5s4)nn23)cn1,16.21018727579288
CSc1nccnc1Nc1nc(N2CCCC2)nc2sc(-c3nccs3)nc12,16.20121092928855
Cc1nc(-c2cc(N3CCOCC3c3ccsc3)nc(Nc3nccs3)n2)no1,16.18682626670772
c1ccc(CNc2nc(N3CCC(c4nccs4)=N3)n3nc(-c4ccco4)nc3n2)cc1,16.172579381543972
CSc1nc(-c2ncccn2)c(Nc2nc(N3CCSCC3)c(C#N)s2)s1,16.160128185713162
CSc1nc2nc(-c3nc4c(NCc5cccnc5)ncnc4s3)sn2n1,16.149499189694485
c1coc(-c2nc3nc(-c4ccsc4CN4CCC4)nc(Nc4nccs4)n3n2)c1,16.14657953355314
Cc1nc(C)nc(N2CCC(Nc3nc(-c4nccs4)nc4ncsc34)CC2)n1,16.144027552662934
C=C(OC)OC1CCN(c2cn3nc(-c4ccco4)nc3c(Nc3nccs3)n2)CC1,16.14266899046011
CN(C)c1ccc(-c2nc3c(Nc4nccs4)nc(-c4ccco4)nc3s2)nn1,16.131505828843476
Cc1ncc(-c2nc3c(N4CCOCC4)nc(Nc4ccc5c(c4)OCO5)nc3s2)o1,16.130244900902632
COc1nnsc1-c1nc2nc(Nc3nccs3)nc(N3CCCCC3)c2n1C,16.118601523231657
CC1CCN(c2ccc(Oc3cn4nc(Nc5nccs5)nc4s3)nc2)C(=O)O1,16.114745515534512
Cc1nc2cc(-c3nc(Nc4nccs4)n4nc(-c5ccco5)nc4n3)ccc2n1C,16.109969582449366
COc1ccc(-c2nc(NCc3cccs3)n3nc(-c4nccs4)nc3n2)cn1,16.10493989526671
c1coc(-c2nnc3c4c(N5CCCCC5)nc(NCc5cccs5)nc4nnn23)c1,16.09870939855218
COc1ccc(-n2nnc3c(Nc4nc5ccccc5s4)nc(SC)nc32)cc1,16.094262748695584
Cc1nnc(-c2nc3nc(N4CCOCC4)nc(NCc4cscn4)c3s2)s1,16.087454247238444
Cn1nc(-c2nc3c(NCc4cccs4)ncnc3n2-c2ccc3nonc3c2)s1,16.07714873061595
COC(=O)C1CN(c2nc(Nc3nc4ccccc4s3)nc(-c3ccco3)n2)CCO1,16.075353536242126
CSc1nc2ncnc(Nc3nc4sc(-c5ccccc5)nc4n(C)c3=O)c2s1,16.066857915127233
Cc1noc(-c2nc3ncnc(NC4CCN(c5nccs5)CC4C)c3s2)n1,16.06015598910272
Cc1cnc(-c2nc3c(N4CCOCC4)nc(Nc4ccc5c(c4)OCO5)nc3s2)o1,16.05105299798416
COc1nc(Nc2nc3nc(-c4ccco4)nnc3s2)ccc1N1CCOCC1,16.033366655624448
Cn1ncc2c1nc(NCc1cnn(-c3cccs3)c1)n1nc(-c3ccco3)nc21,16.031036911777697
CSc1nnc(Nc2nc(N3CCC(c4ncccn4)=NC3)nc3ccsc23)s1,16.02649686535461
CSc1nc2nc(-c3cc4nc(Cl)n(C)c4nc3Nc3nccs3)ccn2n1,16.021585534658612
c1coc(-c2nc(NC3CC3)n3nc(SCc4nc5ccccc5s4)nc3n2)c1,16.01360371924839
c1coc(-c2nc3nc(NCc4cccs4)nc(N4CCCC4c4nccs4)n3n2)c1,15.995438089976147
CSc1nc(Nc2nccs2)nc2sc(-c3cccc(N4CCOC4)n3)nc12,15.993690364538367
COc1csc2ncc(-c3nc4c5nn(C)cc5nc(Nc5cccs5)n4n3)nc12,15.99236011448683
Cn1c(-c2ccco2)nc2c(N)nc(-c3sc(F)nc3Sc3nccs3)nc21,15.98465596763267
CN1CCC(Nc2nc(-c3ccco3)nn3nc(-c4nc5ccccc5s4)nc23)C1,15.93472557154196
CC(=O)Sc1nc(-c2nccs2)nc2c1nc(Nc1ccc3c(c1)OCO3)n2C,15.883163471921677
c1csc(-c2noc(Cn3nc(N4CCCC4)nc3Nc3nccs3)n2)c1,15.879135723068922
Cn1nnc2c(Nc3ccc4nc(N5CCC5)sc4c3)nc(-c3nccs3)nc21,15.875797852086283
Cc1csc2nc(-c3nc4nc(-c5ccco5)nc(NCc5cccs5)n4n3)nn12,15.87281355241283
COc1cc2nc(-c3cc(N4CCCCC4)nc(Nc4nccs4)n3)nnc2s1,15.871190339626663
c1coc(-c2nc(Nc3nccs3)c3nnn(CCN4CCCCCC4)c3n2)c1,15.849596935947284
COC(C)N1CCN(c2nc(Nc3ccsc3)n3nc(-c4ccco4)nc3n2)CC1,15.842122430635895
Cn1nc(N2CCC2)nc1-n1nc(Nc2nccs2)nc1-c1nc2ccccc2s1,15.826279144262173
COc1ccc(Nc2nc(-c3nc4ccccc4s3)nn2-c2nccs2)cn1,15.805080034642438
CC1CN(c2nc(Nc3nccs3)nc3c2nc(-c2cccs2)n3C)CCO1,15.801953813274292
Cc1nccn1C1CCN(c2nc(Nc3nccs3)nc(-c3nccs3)n2)CC1,15.794406730359496
Cn1cc(CSc2nc(Nc3nc4ccccc4s3)nc(-c3nccs3)n2)nn1,15.790454191487813
c1coc(-c2nc(NCc3cncs3)n3nc(-c4sn5ccccc45)nc3n2)c1,15.788955555312674
c1coc(-c2nc3nc(N4CCN(CC5CC5)CC4)nc(Nc4cccs4)n3n2)c1,15.78468590394986
COC(=O)c1ccc(Nc2nc(N3CCC4(CCCC4)CC3)nc(-n3nccn3)n2)cc1,15.781822724240426
COc1nsc(-c2nc(N3CCCCC3)nc3nc(Nc4nccs4)sc23)n1,15.760684045417449
CN(C)c1nc(Nc2nccs2)c2sc(-c3ccc4c(c3)OCCO4)nc2n1,15.759443606146021
Cc1ccc(Oc2nc(-c3nc4ncnc(N)c4s3)sc2N2CCOCC2)s1,15.75759264301114
CSc1nc2ccc(CNc3nc(-c4nccs4)nc4c3nnn4C)cc2s1,15.752663741764417
c1ccc(CNc2nc3nnc(-c4ccco4)nc3c3nc(-c4css4)nn23)cc1,15.72526133796877
COc1ccc(-c2nc3nc(N4CCOCC4)nc(Nc4nccs4)c3s2)nc1,15.689437192313068
COC(=O)c1ccc(Nc2nc(N3CCOCC3)c3ncn(C4CCCC4)c3n2)cc1,15.678870322470154
Cn1c(-c2ccco2)nc2sc(Nc3ncc4nnn(Cc5cccs5)c4n3)nc21,15.663494170735536
O=COc1c(Nc2nc(-c3nccs3)nc(N3CCOCC3)n2)sc2ccccc12,15.655938877615656
COc1ccc(-c2cc3nc(-c4nccs4)nn3c(NCc3cccs3)n2)nn1,15.649701928425523
CC(=O)C1CN(c2nc(Nc3nc4ccccc4s3)nc(-c3ccco3)n2)CCO1,15.62827566928683
N#CCc1cnc(-c2nc3nc(N4CCCCC4)nc(NCc4cccs4)n3n2)s1,15.627312384600911
c1csc(-n2c(-c3c[nH]nn3)nc3nc(SCc4nc5ccccc5s4)nn32)c1,15.62690543443988
c1coc(-c2nc(NCc3ccc4ncsc4c3)c3nc(-c4ccco4)nn3n2)c1,15.598459857899794
COc1cc(-c2nc(Nc3nccs3)nc(N3CCCC3)n2)nc(N2CCCCC2)n1,15.574357370941405
Cc1nsc(-c2nc(Nc3nccs3)nc(N3CCN(c4ccco4)CC3)n2)n1,15.573753134157473
c1ccc(-n2c(-c3nccs3)nc3nc(SCc4nc5ccccc5s4)nn32)nc1,15.572584604407837
COc1ccc(-c2nc3c(N4CCOCC4)nc(Nc4cscn4)nc3s2)cn1,15.560611761222283
c1csc(Nc2nc(Nc3ccc(-n4nccn4)s3)nc(N3CCCC3)n2)n1,15.551201142541965
Nc1nc(-c2ccccc2)nc2nc(SCc3nc(-c4cccs4)ns3)nn12,15.536324275739243
c1coc(-c2nc3nc(-c4cccs4)nc(NCc4ccc5c(c4)OCO5)n3n2)c1,15.505456410766246
CN(C)c1ccc(Nc2cc(-c3nccs3)nc3nc(-c4nccs4)nn23)cn1,15.499771373134836
CSc1nnc(-c2nc(N3CCCCC3)c3c(n2)nc(Nc2nccs2)n3C)s1,15.455960009494301
CN(C)c1nc(Nc2nccs2)c2ncn3nc(-c4ccc(Cl)s4)nc3c2n1,15.455830721060597
CCc1nc2c(Nc3nccs3)nc(-c3cn(C4CCOCC4)nn3)nc2s1,15.454454834233754
Cn1nc(-c2cccs2)nc1CSc1nnc2nc(-c3cccs3)sc2n1,15.440080183116557
Cn1ncnc1-c1nc(Nc2nccs2)c2nc(CN3CCCCC3)sc2n1,15.410125931927906
Cc1noc(-c2nc(N3CCOCC3)sc2-c2ccnc(Nc3ccccc3)n2)n1,15.373545929335444
COC(=O)c1ccc(Nc2nc(N3CCCC34CCCC4)nc(-n3nccn3)n2)cc1,15.351708497494784
COc1ccc(Cn2nnc3c(Nc4nccs4)nc(-c4nccs4)nc32)s1,15.346524018442928
FCCn1nnc(-c2nc3nc(Nc4nccs4)nc(N4CCCCC4)c3s2)n1,15.343818506831221
CSc1nc2c(Nc3ccc4c(c3)OCCO4)nc(-c3cscn3)nc2n1C,15.342624370061738
O=C(Nc1nc2c(N3CCOCC3)nc(-c3ccco3)nc2s1)Sc1nccs1,15.3290201143321
Cn1cc(CN2CCSc3c(-c4nccs4)nc(Nc4nccs4)nc32)nn1,15.320516298879612
C[C@H]1COCCN1c1nc(Nc2nc3ccccc3s2)nc2nc(-c3ccco3)nn12,15.31932698340644
CSc1nccc(-c2nc3c(N4CCCC4)nc(Nc4nccs4)nc3s2)n1,15.310442423060065
Cc1noc(-c2csc(Nc3ccc(N4CCN(c5ncccn5)CC4)s3)n2)n1,15.295492701656226
c1cc(-c2cn3nc(SCc4nccs4)nc(Nc4nccs4)c3n2)cnn1,15.281227554768062
COc1nc(-c2cc(N3CCCCC3)nc(Nc3nccs3)n2)nc(N2CCCC2)n1,15.278437057941112
COC1CCN(c2nc(Nc3nccs3)c3sc(-c4nncs4)nc3n2)CC1,15.257313922578408
Cc1ncnc(-c2nc3c(N4CCOCC4)nc(Nc4ccc(C)s4)nc3s2)n1,15.228822230873483
CCn1cnc(-c2nc3c(N4CCOCC4)nc(Nc4cccs4)nc3s2)n1,15.222471591585943
Cn1ccnc1C1CCN(c2cc3nc(-c4ccco4)nn3c(Nc3nccs3)n2)C1,15.218590724939395
CN(C)c1nc(Nc2nccs2)c2nc(-c3nc4ccccc4s3)nn2n1,15.195318486226698
COc1ccc(Nc2nc(N3CCOCC3)c3nc(-c4cncs4)sc3n2)cc1,15.172853074304129
Nc1nc(-c2nn(C3CC3)s2)nc2c1nc(-c1cscn1)n2Cc1cccs1,15.172440150980368
CSc1nnc(Nc2nc(-c3ccco3)nc3nc(N4CCOCC4)sc23)s1,15.167428643304383
Nc1nc(-c2nn(-c3nccs3)s2)nc2c1nc(-c1ccco1)n2Cc1cccs1,15.166404904287392
CC1(C)OCCN(c2nc(Nc3nc4ccccc4s3)nc(-c3cncs3)n2)O1,15.164245161459508
Cc1cc(Nc2nc3ccsc3nc2-c2nc(C)ns2)nc(N2CCOCC2)n1,15.161857617648101
CN(C)c1cnn(-c2nc(Nc3nc4ccccc4s3)nc(N3CCCCC3)n2)n1,15.133672140032509
COc1nsc(-c2nc3nc(Nc4nccs4)nc(N4CCCCC4)c3n2C)n1,15.104756097488613
Cc1nccc(Sc2cn3nc(Nc4nccs4)nc(N4CCCCC4)c3n2)n1,15.08159649785332
CN(C)c1ccc(-c2nnc3c(Nc4nccs4)nc(-c4ccco4)nc3n2)cn1,15.080111475222699
c1ccc(-n2nccc2CSc2nnc3c(n2)sc2nc(NC4CC4)nn23)cc1,15.05511572817432
c1coc(-c2nc3nc(-c4ccc5c(c4)OCO5)nc(NCc4cccs4)n3n2)c1,15.050100561774459
Cc1nc(F)c(-c2nc(N)n3nc(SCc4nc5ccccc5s4)nc3n2)s1,15.030244880072864
CSc1nccc(Nc2nc3nc(-c4ccco4)nc(N4CCOCC4)c3s2)n1,15.015451716117687
COc1nnc(-c2nc3c(NCc4cccs4)ncnc3n2-c2cccs2)s1,14.965090045136998
Cc1nc(-c2nc3c(N4CCOCC4)nc(Nc4nccs4)nc3s2)cn1C,14.964147982446274
Cn1cnc2nc(-c3nc4nc(-c5ccco5)nc(NCc5cccs5)n4n3)sc21,14.962872984149902
CC1(C)CCON(c2cc3nc(-c4ccco4)nn3c(Nc3nccs3)n2)CCO1,14.962431897236103
COc1cccc2sc(-c3nc(Nc4nccs4)nc(N4CCOCC4)n3)nc12,14.924835550039681
COc1ccc(Nc2nc3c(c(OC)n2)Sc2nc(-c4nccs4)nn2CC3)cc1,14.923554268532266
COc1cccc2sc(Nc3nc(-c4nccs4)nc(N4CCOCC4)n3)nc12,14.8770033647261
COc1ccc(Nc2nc3c(c(-c4nccs4)n2)SC(c2cn(C)nn2)S3)cn1,14.865724697235981
c1coc(-c2nc(Nc3nccs3)c3nn(-c4ccc(N5CCC5)nc4)nc3n2)c1,14.800348585887923
Cc1csc(C2COCCN2c2nc(Nc3nccs3)nc(-c3ccco3)n2)n1,14.736248287345632
CSc1nc2c(Nc3ccnc(-n4cccn4)n3)nc(N3CCCC3)nc2s1,14.712648617495901
CSc1nc2nc(N3CCCC3)nc(Nc3nc(-c4ncccn4)ns3)c2s1,14.711497386023865
CSc1nc2nc(N3CCCC3)nc(Nc3ncnc(-c4nccs4)n3)c2s1,14.69351609785652
COc1ccc(Nc2nc(N3CCCCOCC3)n3nc(-c4ccco4)nc3n2)cc1,14.636374585212106
CC1OCCN1c1nc(Nc2nccs2)sc1-c1nc(-c2ccccn2)ns1,14.624614864312845
CSc1nc(Nc2nc3ccccc3s2)nc(-c2csc(N3CCOCC3)n2)n1,14.609528760984508
COC1OCCN(c2nc(Nc3nc4ccccc4s3)nc(-c3nccs3)n2)O1,14.605599420205909
CSc1nnc(Nc2nc(N3CCN(c4ncco4)CC3)nc3ccccc23)s1,14.580189275341633
Cc1cc(N)nc(Sc2nc(N3CCCC3)nc3sc(-c4nccs4)nc23)n1,14.5367136562544
CN1CCN(c2ccc(Oc3nc4nc(-c5ccco5)sc4nc3N)s2)CS1,14.504427635808552
COc1cccc2nc(-c3nc(Nc4nccs4)nc(N4CCSCC4)n3)oc12,14.486596757941879
COC(=O)c1ccc(Nc2nc(-c3nc4ccccc4s3)nc(N3CCOC3)n2)cc1,14.47117985328448
c1coc(-c2nc3nc(-c4ccsc4)nc(Nc4ccnc(N5CCCC5)n4)n3n2)c1,14.46861835410064
COc1nnc(-c2nc3nc(Nc4nccs4)nc(N4CCCCC4)c3n2C)s1,14.464988894435171
c1coc(-c2nc3c4cnn(-c5nccs5)c4nc(NCc4cccs4)n3n2)c1,14.425013811850295
COc1ccc(Nc2nc(N3CCc4scnc43)n3nc(-c4ccco4)nc3n2)cc1,14.40078333949114
COC(=O)c1ccc(Nc2nc(-c3nccs3)nc(N3CCCCOCC3)n2)cc1,14.377546147009884
CN(C)c1ccc(-c2cc(Nc3ncccn3)n3nc(-c4nccs4)nc3n2)s1,14.374246749742905
CCC1CN(c2nc(Nc3nccs3)c3nc(-c4ccco4)sc3n2)CCO1,14.357129294889054
CSc1cccnc1Nc1nc(-c2ccns2)nc2nc(-c3nccs3)nn12,14.344944226390783
Cc1nsc(-c2nc(Nc3nc4ccccc4s3)nc(N3CCOC(C)C3)n2)n1,14.338946654836187
COc1nc(Nc2nc3sc(-c4nccs4)nc3s2)nc(N2CCCCC2)n1,14.288388209199582
O=C(O)CN1CCN(c2nc(Nc3nc4ccccc4s3)nc(-c3ccco3)n2)CC1,14.288022702995042
CSc1nc2c(Nc3nc4nc(C)cnc4s3)nc(N3CCCCC3)nc2s1,14.27918583099564
CSc1noc(-c2nc(Nc3nc4ccccc4s3)nc(N3CCSC3)n2)n1,14.259924812798626
COc1ccc2nc(Nc3sc(N4CCOCC4)nc3-c3nc(C)no3)sc2c1,14.256425922855525
c1coc(-c2nc3nc(-c4ccc(N5CCC5)cc4)nc(Nc4nccs4)n3n2)c1,14.206936405302738
FCCn1ncnc1Nc1nc(N2CCCCC2)nc2sc(-c3nccs3)nc12,14.169459687207224
Cc1cnc(Nc2nc(-c3ccco3)nc(N3CCN(c4nccs4)CC3)n2)s1,14.155745444982612
COc1ccc(-c2nc3c(N4CCOCC4)nc(Nc4nccs4)nc3s2)cn1,14.146369793156808
CN(C)c1ncnc(Nc2nc(N3CCCC3)nc3sc(-c4cscn4)nc23)n1,14.1289982534752
c1coc(-c2nc3nc(-c4cccs4)nc(Nc4ccnc(N5CCCC5)n4)n3n2)c1,14.101279945648258
Cc1nc(-c2nc3c(N4CCOCC4)nc(Nc4cnccn4)nc3s2)sc1C,14.008860093952862
CSc1ncc(Nc2nc(N3CCCCC3=O)cn3nc(-c4ccco4)nc23)s1,13.928229517795979
COC(=O)c1ccc(Nc2nc(N3CCSCC3)n3nc(-c4ccco4)nc3n2)cc1,13.894461330595478
CC1(C)OCCN(c2nc(Nc3nccs3)c3nc(-c4ccco4)sc3n2)CO1,13.840427558568646
Cn1c(-c2ccco2)nc2c1nc(NCc1cccs1)n1nc(-c3nccs3)nc21,13.838231395911297
CN(C)c1nsc(Nc2nc(N3CCCCC3)nc3sc(-c4ccco4)nc23)n1,13.790491115486518
COc1ncsc1-c1cn2nc(Nc3nccs3)nc(N3CCCCC3)c2n1,13.761468756073599
COc1cnc(-c2nc3nc(N4CCOCC4)nc(Nc4nccs4)c3s2)s1,13.70056648480747
COc1ccc(Nc2nc(N3CCCCOCC3)nc3nc(-c4ccco4)nn23)cc1,13.674585685638267
Cc1csc(-c2nc(N)n3nc(SCc4nc5ccccc5s4)nc3n2)n1,13.640953071714968
CCn1cc(-c2nc3c(N4CCOCC4)nc(Nc4nccs4)nc3s2)nn1,13.582054590207935
CCC1CSN(c2cc3nc(-c4ccco4)nn3c(Nc3nccs3)n2)CCO1,13.571800010575938
COc1ccc(Nc2nc(N3CCOCC3)c3nc(-c4nccs4)sc3n2)cn1,13.564084123907527
Cn1cc(-c2nc(Nc3nc4ccccc4s3)n3nc(-c4ccco4)nc3n2)s1,13.503107662510754
CSc1ncc(Nc2nc(N3CCCOCC3)cn3nc(-c4ccco4)nc23)s1,13.494832916153197
CSc1nnc(-c2nc3c(N4CCOCC4)nc(Nc4cccs4)nc3s2)o1,13.459517287855821
CSC1CCN(c2cc3nc(-c4ccco4)nn3c(Nc3nccs3)n2)CC1,13.42926993064218
Cc1noc(-c2cc(N3CCN(c4cccs4)CC3)nc(Nc3nccs3)n2)n1,13.427096118265968
COc1cnc(Nc2nc3nc(-c4ccco4)nc(N4CCOCC4)c3s2)s1,13.406509783128808
CCc1nnc(-c2nc3nc(N4CCOCC4)nc(Nc4nccs4)c3s2)s1,13.3972002724134
CN(C)c1nc(-c2nc3c(N4CCCCC4)nc(Nc4nccs4)nc3s2)no1,13.340090106880323
c1coc(-c2nc3nc(Oc4ccc(N5CCOCC5)cc4)nc(NC4CC4)n3n2)c1,13.28778533897641
COc1ccc(Nc2nnc(N3CCCCOCC3)c3nc(-c4ccco4)nn23)cc1,13.263569685507647
CC(=O)OC1CCN(c2cc3nc(-c4ccco4)nn3c(Nc3nccs3)n2)CC1,13.233469017396125
CSc1nnc(Nc2nc(N3CCCCC3)c3nc(-c4ccco4)cn3n2)s1,13.140504216017728
Cn1nc(N2CCC2)nc1Nc1nc(N2CCCCC2)nc2sc(-c3ccco3)nc12,13.13824829345163
CSc1nc2nc(N3CCC(c4nccs4)CC3)nc(Nc3nccs3)n2n1,13.132492252311746
c1coc(-c2nc3nc(-c4cc(N5CCC5)ns4)nc(Nc4nccs4)n3n2)c1,13.078840862039469
CSc1ncc(-c2nc3c(N4CCOCC4)nc(Nc4nccs4)nc3s2)o1,12.933655370215433
c1cn(-c2ccc(Nc3nc(Nc4nccs4)nc(N4CCOCC4)n3)cc2)nn1,12.906560159638458
COc1ccc(Nc2nc(N3CCOCC3)c3nc(-c4nncs4)sc3n2)cc1,12.80967890342741
Cn1c(-c2ccco2)nc2c1nc(NCc1cccs1)n1nc(-c3ncns3)nc21,12.62678418104694
CN(C)c1ccc(-c2nc(Nc3nccs3)n3nc(-c4nccs4)nc3n2)cc1,12.614732416299333
c1ccc(CSc2nc(Nc3cscn3)c3nc(-c4ncns4)cn3n2)nc1,12.515510094849233
Cc1csc(N2CCN(c3nc(Nc4nccs4)nc(-c4ccco4)n3)CC2)n1,12.424295589138094
Cn1c(-c2ccco2)nc2c1nc(NCc1cccs1)n1nc(-c3cnns3)nc21,12.258748771961894
c1coc(-c2nc3nc(-c4ccc(N5CCC5)s4)nc(Nc4nccs4)n3n2)c1,11.468537352571152
Cc1noc(-c2sc(Nc3nccs3)nc2N2CCN(c3ncccn3)CC2)n1,11.284723151526132
c1coc(-c2nc3nc(N4CCN(CC5CCC5)CC4)nc(Nc4nccs4)n3n2)c1,11.139651915522668
CSC1CCN(c2nc(Nc3nccs3)n3nc(-c4ccco4)nc3n2)CC1,10.122388781186224
