SMILES,log-likelihoodog
CC(=O)NNc1nc2c(c(-c3nsc(=S)s3)n1)CN(c1nc(C)cs1)CC2,28.734865866351658
COc1ccc(-c2nc3nc(S)sc3s2)nc1NC(=O)c1cn(C(F)F)nn1,26.424266526017817
CCNc1nnc(-c2cc3c(ncn3-c3nc4ccc(OC)c(N)c4s3)s2)s1,26.26617369251849
Cc1c(-c2nnc(N[C@H]3CCCNC3)o2)nc2n(-c3cccs3)c(-c3ccsc3)nn12,26.14092662289894
Cc1ccc(-c2ncn(-c3ccc(N/N=C4/CCc5nc(C)sc5S4)nn3)n2)cc1,26.023426626012366
C/N=C1\Sc2c(nnn2-c2ccc(O)cc2)SC=C1c1cc(-n2cccn2)n(C)n1,25.569444909465776
Nc1nn(Cc2cccs2)c2nc(-c3ccc4sc5c(CO)csc5c4c3)nn12,25.513687834745824
Cc1sc2c(N3CCCCC3)nnc-2nc1-n1ccc(NN=C(S)n2cccc2)n1,25.330467115500614
Cc1ccc(-n2nc(NNc3cnc4ccsc4n3)c(=O)n(-c3cccs3)c2=O)cc1,25.20477736027945
CC(=NNc1nc(C2=Nn3c(NC4CC4)nc4c3cnn4C2=S)cs1)C(F)(F)F,25.131626635527617
O=C(c1nc2ccsc2s1)N1CC(/C(O)=N\Nc2nc(-c3ccc(O)cc3)ns2)C1,25.02776753280545
Cc1nnnn1Cc1ccc(Nc2cc3nc(-c4cccc5c4NCS5)nn3cn2)cc1,24.972797288824797
COc1ccc(-c2nc3nc(-c4nncs4)nn3nc2C(=S)NNc2ccccc2)cc1,24.902273400151554
Cc1nc(-c2cn(-c3cc(N/N=C4/CCCS4)nc(N4CCOCC4)n3)s2)co1,24.881879891466223
CN1CCN(Cc2nsc(-c3nnc(S)s3)n2)C[C@@H](c2ccc(N)cc2)O1,24.823560717064314
CSc1cc(-c2nncn2C)ccc1-c1nc2sc(NN=C3CCCCC3)nn2n1,24.800751966922935
S=C(CNc1nc(-c2cn3scnc3n2)no1)Nc1ccc(N2CCOCC2)cc1,24.72628061355857
CCOC(=O)c1sc(-n2nc(-c3cc4ccsc4s3)c(=O)[nH]c2=S)nc1NC,24.402815371763975
CC(S)=NNc1nc(-c2nnn(CCN3CCCCC3)c3nc4ccccc4c2-3)ns1,24.326064424106303
Cc1csc(-c2nc(N)c3sc(=S)n(NC(=O)CN4CCCCC4)c3n2)n1,24.179473306182015
C/C(=N\Nc1nnc2c(N3CCO3)nc(-c3ccc4c(c3)CCCN4)nn12)c1cccs1,24.100501989236072
C/C(=N/Nc1nsc(=S)c(-n2cnc3sc(N)nc32)n1)c1ccc(F)s1,23.997076263206306
Nc1nc(NCc2ccc(-c3nc4c(s3)SCC4)nc2)nc2sc(N3CC3)nc12,23.987241518755287
C#CCNCc1nc(C)sc1-c1nc2sc(Nc3ccc4ccccc4n3)nn2n1,23.97159589092273
Cc1noc2c1N(c1nc(Nc3ccc(CN4CCCCC4)cc3)s[n+]1[O-])CCN2,23.926973888977766
OC[C@@H]1CCS/C(=N/Nc2nc(-c3cncs3)nc3nc(-c4cccs4)cn23)C1,23.86928493457422
C/C(=N/Nc1cc2scnc2c(-c2nnn(-c3ccccc3)n2)n1)c1ccccn1,23.699103501668034
Cn1cc(Nc2csc3c2ncn3-c2nc(N)cc(N3CCCC3)n2)sc1=S,23.580518637493242
Fc1ccc2oc(-c3nc4sc(NCc5ccccc5SS)nn4n3)nc2n1,23.490042577764335
c1ccc(-n2nc(N/N=C(/C3=NOCCO3)c3cccs3)c(-c3nccs3)n2)cc1,23.443337835633034
COc1nc2ccccc2cc1CNc1nc(S)n2nc(-c3cccs3)nc2n1,23.390981034535244
CN(C)C(=O)NNc1nc(=S)sc2nc(-c3cnn(C4CCSC4)n3)sc12,23.30257413397629
O=C(O)/C(=N/Nc1csc2nc(-c3cccs3)nn12)C1=CCN2CCCCC2C1,23.28536184376528
Nc1csc(SCc2cn(-c3cnc(-c4nc5ccccc5s4)s3)nn2)n1,23.277561764682172
Cn1cnc(-c2cc(OC(C)(C)C)c3nc(N/N=C(/S)C4CCCCC4)nn3n2)n1,23.226402391088108
COc1ccc(-c2nc3scc(-c4nnc(N[C@H]5CCNC5)s4)n3n2)nc1Cl,23.18176961358075
Oc1ccc(-n2nnnc(-c3nnc(NCc4cccs4)s3)c2=S)cc1Cl,23.179236993022027
Oc1ccc(-c2nc3c(Nc4ccc(Cn5cnc6ccccc65)nc4)csn3n2)cn1,23.171991807597514
CSc1ccc(-c2nc3c4ccsc4nc(N/N=C4/C(C)=NNCN4C)n3n2)cc1,23.158904416936156
Cn1c(-c2ccccc2)nc2cc(-n3cc(/C=N/Nc4nnc(S)s4)nn3)ccc21,23.15327165284533
COc1ccc(-c2nc3nc(-n4cccn4)nc(N/N=C4/CC5CCC4C5)n3n2)cc1,23.128158029831813
C/C(=N\Nc1nnc(-c2cccs2)n1-c1cc2cc(N3CCOC3)ccc2s1)C(=O)O,23.01851994624534
CNc1nc(-n2cc(-c3nnc(N)s3)sc2=S)ncc1-c1ccc(F)nc1,22.97145575488014
CC(=O)Oc1cccc(NNc2sc(=S)nc3c2c(-c2ccncn2)nn3C)c1,22.897723968284424
Cn1c(S)nc2c1nc(NCc1ccc(Cl)cc1)n1nc(-c3nncs3)nc21,22.896861980489536
C/C(=N\Nc1nc(=S)sc2c1ncn2-c1cnc(N2CCC2)nn1)c1ccccc1,22.572880732411498
CNc1nc(-c2sc3nc(-c4cccs4)nn3c2NC2CC2)nc2scnc12,22.566747433772825
Cn1c(Nc2nc(-c3nnc(N)s3)cs2)nc2cccc(CN3CCCCC3)c21,22.562144982562707
CSc1nc2nc(-c3cccs3)nn2c(=S)n1NC(=O)NCc1csc(C)n1,22.52490216987193
C=CNc1nn2nc(COc3ccc(-c4ccc5nc(S)nn5n4)cc3)cc2s1,22.418807687794306
CNc1nc(-c2nc(NNC(=S)SC)nn2-c2ccc3c(c2)OCO3)cs1,22.35613770533606
C/C(=N\Nc1nnc(-c2cccc(O)c2)s1)c1ccc(-n2nnc(=S)s2)cc1,22.35138997705806
CNc1nc2sc(-c3cc(NN4CCCCC4)nc(-n4ccc(Cl)n4)c3)nn2n1,22.315570796227387
C/C(=N\Nc1nnc2n1S1(CCCC1)CCS2)c1ccc(-n2cc(O)nn2)cc1,22.289084627201287
Nc1nc(-c2ccc(OCC3CCSS3)cc2)nc2c1sc(=S)n2CC(=O)O,22.282104567078076
Cn1nnnc1SCc1nc(NNC2CCCC2)nc2sc(-c3cccs3)nc12,22.267464467109036
CC(C)(C)CNCc1ccc(-c2ncnc(N/N=C3/NC4(COCCO4)CS3)n2)cc1,22.243820361483667
CNc1nnc(-c2cn(-c3ccc4nc(-c5ccc(N6CCNC6)cc5)oc4c3)nn2)s1,22.17800112813369
O=C(NNc1nc(-c2ncc3cnc(SCc4nccs4)n3n2)cs1)C1CC1,22.172693153107943
Clc1cccc2nc(NCCNc3nc(-c4nc5n(n4)SCC5)cs3)nnc12,22.164587663053055
C/C(=N\Nc1cn(-c2ccc(Cl)c3c2CCS3)nn1)c1ccc(-n2cnnn2)cc1,22.15901231766516
Cn1cc(CNc2nc(-c3ccc4c(c3)OCCO4)n(-c3nc4cccnc4s3)n2)cn1,22.145670902620786
CSc1c(-n2nnc(-c3cc(C(=O)O)cs3)n2)ccc(O)c1N1CCSCC1,22.144235893147602
CNc1nc(Nc2ccc(C(=O)OC(F)(F)F)cc2)nc(N2CCN(C(C)=N)CC2)n1,22.045286168029723
Oc1ccc(-n2nc(CN3CCOc4cccnc4C3)nc2-c2nnc(S)s2)cc1,21.976149697582755
C/C(=N\Nc1cc(=S)n(C(=O)c2cccs2)c2cc(-c3cccs3)nn12)C(=O)O,21.94854084265849
CSc1nnc(-c2csc(NC(=S)CNc3ccc4ncnnc4n3)n2)s1,21.94646610775038
Sc1nc2ccc(-c3nc(NCc4cccc(Cl)c4)nc(N4CCCC4)n3)nn2n1,21.936211499449623
Oc1ccc(-c2nnn(-c3ccc4sc(-c5cccc(N6CCOCC6)n5)nc4c3)n2)cc1,21.93255688233256
CC(S)=NNc1nc(-c2ncc3c(n2)n(C)c(=S)n3CC(=O)OC(C)(C)C)cs1,21.90260859316804
CNc1nsc(-c2cc3nc(-c4ccn(CC5SCCS5)n4)nc(N)c3s2)n1,21.90131794448148
Nc1nc(-n2ccc(-c3csc(=S)s3)n2)sc1C(=O)NCc1nccs1,21.887900904496718
CCn1nc(-c2nc3nc(C)ccc3s2)c2c(nnn2-c2ccc(O)cc2)c1=S,21.867976670980593
CNc1nn(-c2nc(NCc3ccc(F)cc3)nc(=S)s2)c2ncsc(=O)c12,21.845658479539534
CSc1cc(NN2CCN(c3nnsn3)C2)nc(-c2ccc(O)c(C(C)(C)C)c2)n1,21.82391546779216
O=C(O)c1cc(-c2nsc3c2nnn3Cc2ccc(-c3cscn3)cc2)cs1,21.797312752582958
C/C(=N\Nc1nc2cnn(C)c2c2nc(-c3ccc(F)s3)nn12)c1ccc(O)cc1,21.794562322107765
Oc1ccc(-n2nnc3cnc(N/N=C(/C4=CCOCS4)c4cccs4)nc32)cc1,21.780639819306742
c1csc(-c2nc3nc(NCC4CCCS4)nc(N/N=C4/CCCS4)n3n2)c1,21.77963920236682
COc1ccc(-c2cn3nc(-c4ccc(Cl)cc4)n(-c4nc(N)ns4)c3n2)cn1,21.766192831037127
COc1ccc(-c2nc3nc(NNC(=O)OC(C)(C)C)nn3n2C2CCSC2)cc1,21.755098622698476
CSc1ccc(CNc2nc3c(=S)sc(-c4cc5c(nn4)OCO5)nn3n2)cc1,21.71843876546035
COc1ccc(NNc2nc3sc(-c4ccc5c(c4)OCO5)nn3c3ncnc2-3)cc1,21.695278534158213
C=NNNc1nc(-c2cn3nc(C)cc(F)c3n2)nc2sc(-c3cccs3)nc12,21.624063197515124
CNCc1ccc(-c2nnc3sc4nc(-c5ccc(C(=O)O)s5)ncc4n23)s1,21.61886382195814
Cc1nn(NC(=O)/C(=N/Nc2nc(-c3ccccc3)ns2)c2cccs2)c(=O)s1,21.59390224627608
Cn1c(CNc2nc(-c3nnc(S)s3)nn2-c2ccccc2)nc2ccccc21,21.523860281645806
c1csc(-c2cc3nc(-c4ccc(OCCn5cnc6c5NCCN6)cc4)cnn3n2)n1,21.4692349816211
CNc1cc(NCc2ccc3c(c2)OCO3)nn2nc(-c3nc4ccccc4s3)nc12,21.352741545888723
C=NNNc1nc(-n2cc(-c3ccccc3)nn2)nc2sc3nc(Cl)n(C)c3c12,21.3363219605701
COc1ccnc2sc(Nc3nc(N/N=C4/CCSC4)nn3-c3ccccc3)nc12,21.31389286826192
CC(S)=NNc1nc(-c2ncc3nnn(Cc4ccc5c(c4)CCO5)c3n2)cs1,21.30741595591931
COc1cccc(-n2cc(/C=C3\Sc4ncn(-c5ccc(O)cc5)c4S3)nn2)c1,21.302153287632343
Cn1c(-c2cccs2)nc2nc(NCC(=O)O)nc(N3CCN(C(C)(C)C)CC3)c21,21.30169369371363
COc1nc(-c2ccc3sc(CN4CCNCC4)nc3c2)n(-c2nc(N)cs2)n1,21.271316276493746
CSc1nn2c(=O)nc(-c3ccc(N/N=C(/C)c4ccc(F)cc4)s3)nc2s1,21.23468263004378
Oc1ccc(-c2nnc(N/N=C3/CCSC3)n2-c2ccnc(N3CCCC3)n2)cc1,21.218701548877526
COc1nn(C)cc1-c1nc2c(s1)-c1c(nnn1-c1ccc(O)cc1)SC(=S)N2,21.16941457827826
COC(=S)/C(=N/Nc1nnn(-c2ccc(O)cc2)c1-c1ncsn1)c1ccccc1,21.059058909522662
Nc1nc(-c2csc(Cn3nccn3)c2)nc2sn(-c3ccc(N4CCC4)cc3)c12,21.013396752090017
CC(C)(C)CNc1nc(Nn2c(S)nc3ccccc32)nc(N2CCOCC2)n1,21.01174630241753
NCc1cn(Cc2ccc(Nc3nsn4nc(-c5cccs5)nc34)cc2)nn1,21.011240421424915
CCn1c(=S)c2nnn(-c3ccc(O)cc3)c2n(Cc2csc(C#N)n2)c1=S,21.00398131524796
O=C1CCCCN1c1cc(-n2nccn2)nc(NN=C(S)SCC2CCCC2)n1,20.997503630915855
CC1CCCN(c2nc3c(N)nc(-n4c(S)nnc4-c4ccsc4)nc3s2)C1,20.94522398881245
CCn1ncc2c(=S)n(C(=O)OC)c(-c3nn(-c4ccc(O)cc4)c(=S)s3)nc21,20.92307402606928
C=NNNc1nc(-c2ccsc2)nc2c(N3CCOCC3)nc(-c3ccsc3)nc12,20.914272961463595
CNc1nc(-c2cc3sc(NC4CC4)nn3n2)nc2sc(-c3cnn(C)c3)cc12,20.90903262993411
Nc1nnn2nc(SSc3cn(-c4ccccc4)nc3-c3ccccc3)sc12,20.895794134446778
CCn1nc(-c2cc3nc(-c4ccc(N5CCOCC5)nc4)sc3nc2N)sc1=S,20.891273077987215
c1c(-c2nnc(N/N=C3\CCCCN3C3CCC3)s2)nn2nc(NC3CC3)sc12,20.85186529701467
O=C(NNc1nc(-c2nc3nccnn3n2)cs1)c1ccc(CN2CCCCC2)s1,20.815787874251402
NNc1nnc(-c2ccc(-n3ncnc3SCC(=S)N3CCCCC3)cn2)s1,20.814285008383276
Oc1ccc(-n2nnnc2-c2cnc3sc(NCCN4CCCCC4)nc3c2)cc1,20.80569355953475
Cn1cccc1-c1nc2c(nnn2-c2nc(CN/N=C3\CCCCS3)cs2)s1,20.747303876200057
CSC(S)=NNc1cc(-c2nnc(-c3ccccc3)s2)n(-c2cn(C)nn2)n1,20.688529689529048
COc1ccc(-c2nc(NN)c3c(n2)sc2nc(-c4cc(Cl)cs4)nn23)cc1,20.67614266874471
Cn1nc(-c2ccccc2)nc1NCc1nnn(-c2ccc3c(=S)ssc3c2)n1,20.674560525722672
Cn1ccc(-c2ccc(Cn3nnc4s/c(=N\Nc5cscn5)sc43)cc2)n1,20.61581311128745
COC(=O)Oc1ccc2c(c1)NCCN2Nc1nnc(-c2csc(SC)n2)s1,20.59935514046397
CNc1nc(-n2nnc(-c3ccc4c(c3)OCO4)n2)c(NC2CCOCC2)sc1=S,20.57057428082374
OC1CCN(Cc2ccc(-c3nc4c(=S)sc(NC5CCCCC5)nn4n3)o2)C1,20.56276463542959
CSc1nc2c(s1)N[C@H](C)C/C2=N\Nc1ncn2nc(-c3cccnc3)sc12,20.52830517281167
Nc1nc(-c2ccsn2)nc2sc(-c3ccc(OCCn4nc[nH]c4=S)cc3)nc12,20.516763084628806
C=NNNc1nc(-c2cc(C)n(C3CC3)n2)nc2sc(=S)n(-c3nccs3)c12,20.500568066485272
COc1ccc(-c2cn3nc(-c4ccns4)n(-c4ccc5c(c4)OCO5)c3n2)cc1O,20.459245062771647
c1cc(Nc2nn3nc(-c4ccc5c(c4)OCCN5)cc3s2)ccc1Cn1cnnn1,20.450064331733145
C=NNNc1nc(-c2cnc3nc(-c4ccc(Cn5cncn5)cc4)sn23)cs1,20.427604046555118
CN(C)c1ccc(-n2cnc3c2Oc2nc(Nc4nccs4)nc(O)c2S3)cc1,20.403758612021146
COc1ccc2c(c1)CCCC2=NNc1nc(-c2ccc3nc(SC)nn3n2)cs1,20.39431134422206
COc1ccc(C2=NN(C(S)=NNc3nn4nc(-c5ccco5)nc4s3)CC2)cc1,20.378404766567442
CSc1nc2c(N/N=C(/C)SC(=S)N3CCCC3)nc(-c3ccoc3)nn2n1,20.36964618972053
CSc1nc2c(NNN=C3CCCC3)nc(-c3cnn(-c4ccccc4)n3)nc2s1,20.34806497878002
Clc1csc(NCCNc2nnc3sc(-c4cccc5c4OCO5)nc3n2)n1,20.273372011340253
COc1ccc(-c2csc(NN3C=NCC/C3=N\Nc3nnc4sccn34)n2)cc1,20.264105021683914
c1ccc(-c2nc(SSc3cnc(NC4=NCCN4)nn3)n(-c3cccs3)n2)cc1,20.23316437613244
OCCNc1nn(-c2cccs2)cc1-c1nc2nnc(-c3cccs3)nc2s1,20.20481941594777
CN1CCc2c1nnn2-c1nc2c(N)nc(NCc3ccc(C(C)(C)C)s3)nc2s1,20.202459309390562
Fc1ccc(-c2nsc3nc(NCCNc4nc5scnc5s4)nnc23)cc1,20.152805010350335
Nc1ccc(-c2csc(N/N=C(\c3ccc4c(c3)OCO4)c3csnn3)n2)cc1,20.128896853059118
CSc1nc2n(-c3cccc(O)c3)c(-c3cc4sc(NC5CC5)nn4n3)cn2n1,20.118453737206284
Cn1cccc1-c1nc2nc(NCc3ccc4c(=S)ssc4c3)nc(N)n2n1,20.090681266106557
Cc1nc(NCCn2nc3nc(-c4cscn4)sc3nc2=S)ncc1Cl,20.08558261371161
CCOc1nc(Cl)nn2nc(-c3csc(NNC(=S)N4CCCC4)n3)nc12,20.04708683573798
Nc1nsc(-n2nc(NCc3ccc(C(F)(F)F)cc3)nc2Nc2ccsc2)n1,20.020652863062228
c1nc(-c2nc(CN3CCNC3)ccc2-c2nc(NN=C3CCCC3)ns2)ns1,20.018854374834998
S=c1nc(N/N=C/c2cnn(-c3ccccc3)c2)nc(-n2ccc(-c3ccco3)n2)s1,20.01245881668018
COc1ccc(-c2nc3c(nnn3-c3ccc(O)cc3)c(=S)s2)c(N2CCOC2)n1,20.004338355278094
Nc1ccc(-c2nc3snc(-c4nnc(NCc5ccccc5)s4)n3n2)cc1,20.002512541158858
Nc1nc(NCc2ccc(Cl)s2)nc2sc(-c3cn(C4CCS4)nn3)nc12,19.99797594814868
Cn1c(SCC(=O)NN)nnc1-c1nc2c(s1)sc(=S)n2-c1ccccc1,19.99477140732557
C=NNNc1cc(-c2ccc(N3CCOCC3)cc2)nc(-n2cnc3cnsc32)n1,19.992923079355737
Cc1nc2ccc(-n3nc(C)c(-c4nn(-c5ccc(O)cc5)c(=S)s4)n3)cn2n1,19.992261618513293
Cn1nc2nncnc2c1-c1nnc(Nc2ccc(OSC(F)(F)F)cc2)s1,19.985991099011745
Cn1c(=S)sc2c(N)nc(-c3ccc(-c4ccnc(N5CCOCC5)n4)s3)nc21,19.966167137120408
CSc1ncc(-c2nc3cn(-c4ccc(O)cc4)nc3nc2N2CCOCC2)s1,19.960219693751068
COc1ccc(NC2=[SH][C@@H](C)C(=O)C(Nc3nc(-c4cccs4)ns3)=N2)cc1,19.957746511757335
CNc1nn2nc(-c3nc4sc(SC)nn4c3NC(=O)C(F)(F)F)cc2s1,19.955906083321263
Nc1nc(NCCN2CCCCC2)nc2nc(-c3ccc4c(c3)SCCS4)nn12,19.889255342430385
CSc1nc(Nc2cc3nc(-c4ccccc4)nn3s2)nc(NN2CCOCC2)n1,19.864217558003215
CNc1cc(-c2cn3nc(Cl)sc3n2)nc(Nc2ccc(-n3nccn3)cc2)n1,19.862112881693715
CSC(S)=NNc1nc(-c2ccc3nc(C)sc3n2)cc(N2CCOCC2)n1,19.857332766915945
C/C(=N\Nc1ncc(-c2ccc3nc(S)nn3n2)s1)c1ccc(N2CCCC2)nc1,19.852891632171104
O=C(CSc1nnns1)NNc1nn(-c2cccc(-c3ccccc3)n2)c(=S)s1,19.839748160109814
C/C(=N/Nc1nc(N2CCOCC2)c2sc(-c3ccsn3)nc2n1)c1cccs1,19.808255488579512
CNc1nc(Nc2ccc(-c3nn(C)c(=S)n3C)cc2)nc2c1ncn2-c1nccs1,19.79977954757389
C=NNNc1nnc(-c2nn(-c3ccc4c(c3)SCO4)c3ccc(OC)cc23)s1,19.7889320306521
COc1ccc(NNc2nn3nc(-c4nnc(C(F)(F)F)s4)nc3c(=S)s2)cc1,19.744684021469602
CSc1nc2nc(-c3ccc(N4CCC4)cc3)nc(Nc3ccc4c(c3)OCO4)n2n1,19.72624295784112
CCSc1nc(N/N=C2/CCN=CN2)n2nc(-c3ccc(Cl)c(Cl)c3)nc2n1,19.725702625326278
COc1ccc2ncc(-n3c(=S)sc4c(=O)n(-c5ccc(O)cc5)cnc43)nc2c1,19.717020552345446
COc1ccc(-c2nc(NN)nc(N/N=C3\SCC4(CCCCC4)C3=S)n2)cc1,19.700867435803236
S=c1sc(NCCNc2nc(Cl)nc3scnc23)nn1-c1ccccn1,19.636663383025027
C/C(=N\Nc1csc(-n2nnc(-c3ccc4c(c3)OCCS4)n2)n1)c1cccs1,19.630218280052375
O=C(O)CSc1nnc2ccc3cc(-n4nc(-c5ccsc5)s4)ccc3c2n1,19.628426757436035
Nc1nnc2cc(-n3c(CN4CCCC4)ccc3-c3nnc(SS)s3)ccc2n1,19.608263573573552
Oc1ccc(-c2nn3nc(N/N=C4\CCCC4CN4CCOCC4)nc3s2)cc1,19.596914241381885
S=C1CSc2nnn(-c3ccc(SCCNc4ncc(Cl)cn4)nn3)c2N1,19.592287561862797
Nc1cc(-c2ccc(C(=O)O)s2)nc2nc(-c3ccc(CN4CCOCC4)s3)nn12,19.573301755748787
Fc1ccc(CNc2nc(NN3CCOCC3)nc(-n3cnc4ccccc43)n2)cc1,19.569973036467303
C/C(=N\Nc1cc(-c2ccc(O)cc2)ns1)c1cnn(-c2ccc3c(c2)OCCO3)n1,19.561559455193024
CNc1nc(NNc2ccc(Cl)cc2)n2nc(-c3ccc4c(c3)SCO4)nc2n1,19.5392246725866
c1ccc(-c2nc3c(Nc4ccnc(N5CCOCC5)n4)cc(-c4cccs4)nn3n2)cc1,19.539036564672955
CSc1csc(-c2nc3c4cn(C)nc4nc(NNC(=S)N4CCCC4)n3n2)n1,19.53281840417226
c1cnn(-c2nc(CN3CCNCC3)ccc2-c2nsc(NN=C3CCCCC3)n2)n1,19.527752597720692
CN1CCN(Cc2ccc(Nc3nnc(-c4cc5ncsc5s4)s3)nn2)CC1,19.511662376171163
CSC(S)=NNc1nc(-c2ccc3ncnn3c2)n(-c2ccc3c(c2)CCO3)n1,19.504631006289213
C/C(=N/Nc1nc2c(cnn2-c2ccc(O)cc2)s1)c1cnc(N2CCOCC2)s1,19.476354779584096
C/C(=N\Nc1nc2c(=S)n(N3CCCC3)c(-c3cncs3)nn2n1)c1ccccc1,19.475763467932147
Cc1nc2nnc(SCC(=S)Nc3nnc(Nc4ccc(F)cc4)s3)cn2n1,19.45675056541379
FC(F)(F)Oc1ccc(C=NNc2nc(-c3cccs3)n(-c3nnsn3)n2)cc1,19.44523992498892
Nc1nnc(Nc2ccc(-c3ccc(N4CCOC4)s3)cc2)c2nnn(-c3cccs3)c12,19.444540829204385
CNCc1nc(-c2nc3c(=S)sc(N4CCCC4)nc3n2-c2ccccn2)ns1,19.428990397228702
O=C(O)c1nc(N/N=C/c2cnc3c(c2)sc(=S)n3C2CC2)nn1-c1ccccc1,19.42485933052078
Fc1ccc(CNc2nc(Nc3cccnc3)nc3nc(-c4ccns4)nn23)cc1,19.42011720543881
CNc1nc(N)c2nc(-c3cc4c(nnn4-c4ccccc4)c(=S)s3)n(C)c2n1,19.418178604329608
Cn1c(NCC(=O)Nc2nc3nnc(-c4cccs4)nc3s2)csc1=S,19.406722394573436
Cc1ccc(-c2nc3nc(NN=C4CCCC4)n(-c4csc(N5CCC5)n4)n3n2)cc1,19.389173381734366
c1ccc(Nc2nc3c(c(NCc4cc5nc(-c6cncs6)nn5s4)n2)COC3)cc1,19.386422267468888
Cn1cc(-c2c(-c3ccc(CNc4nnc(S)s4)cc3)nn3cncnc23)cn1,19.3838821441125
O=C(CSc1nnc2n1CCS2)NNc1nc(-c2csc3ccccc23)ns1,19.35824884821235
Cn1nc(-n2c(NN=C3CCCC3)nc3nnn(-c4ccccc4)c32)sc1=S,19.34699237724403
Oc1ccccc1CNc1nn2nc(-c3nnc(N4CCOCC4)s3)cc2s1,19.34563997204413
COc1ccc(-c2nc(NN=C(S)SC)nc3nc(N4CCCC4)nn23)cc1,19.345598423054238
CNc1nc(Nc2nnc(CN3CCCCC3)s2)c2ncn(-c3cccs3)c2n1,19.327019711748
Oc1ccc(-c2nc3c(Sc4ccc5c(n4)NCCO5)nnc(NC4CC4)n3n2)cc1,19.322700397674645
Fc1cnc(NCCNc2nc3sc(-c4nnnn4-c4ccccc4)cc3s2)nc1,19.312314094692077
C=NNNc1cccc(-c2nc(SC(=S)N3CC3)n3nc(-c4ccoc4)cc3n2)n1,19.29849715736482
c1cn(-c2cc(CN3CCOCC3)ccc2-c2nnc(NN=C3CCCC3)s2)nn1,19.276732451963785
C/C(=N\Nc1nsc(=S)n1-c1ccc(O)cc1)c1nnc(N2CCOCC2)s1,19.24948093078381
CSc1nnc(-c2nc(NNC(=S)c3ccccc3)nc(-n3ccs3)n2)s1,19.234749100491044
C=NNNc1ccc(-c2nc3snc(-c4ccc(N5CCOCC5)cc4)c3s2)cn1,19.220683708164746
Oc1cc(-n2nccn2)ccc1CNc1nn2nc(-c3ccccc3)nc2c(=S)s1,19.204982922878738
SC(=NNc1nnc2c(N3CCOCC3)nc(-c3ccsc3)nn12)C1CCCC1,19.199818708589753
Nc1nc(Nc2ccc3c(c2)OCCO3)nc2c1ncn2-c1ccc(N2CCC2)s1,19.180625755301186
C1=NN(c2nc(NCc3ccc(-c4cn(-c5cccs5)nn4)cc3)ns2)CCN1,19.17882406521506
CSc1nn(C2CCNCC2)cc1-c1nc(N)c2nc(-c3cccs3)sc2n1,19.172085936042546
COc1csc2c1nnn2C(S)=NNc1nc(-c2ccc(OC(F)F)cc2)ns1,19.154909361286187
Cn1c(=N)sc2cc(-c3nc(NCCN4CCCCC4)c4nnc(S)n4n3)cnc21,19.149789672650687
CNc1nn2nc(-c3nnc(N4CCCOCC4)s3)c(-c3ccc(O)cc3)c2s1,19.14574186256371
S=c1oc(-c2nnc3nc(NCCNc4ccc5c(c4)CCO5)sc3n2)cs1,19.14282252978498
CSc1ccc(CNc2nc3c(=S)sc(-c4ccc(=O)n(O)c4)nn3n2)cc1,19.13752953995213
Oc1ccc(-c2nc3ncnc(NC4CCCCN4Cc4cscn4)n3n2)cc1,19.104835468055295
Cn1c(/C(S)=N\Nc2nsc(-n3nnc(-c4ccccc4)n3)n2)nc2ccccc21,19.09723761351529
Cn1c(-c2ccco2)cc2cc(-c3csc(NN=C(S)n4cccn4)n3)nn2c1=O,19.09198334885122
CSc1nc(NC(=S)Nc2nc3cc(C)sc3s2)nc(N2CCOCC2)n1,19.070028685044623
Nc1csc(SCC(=S)N2CCSc3nc(-c4ccc(O)cc4)nn32)n1,19.052577980263074
CC(C)(C)C(=O)Nc1nc(NCCc2ccc(-c3nnsn3)cc2)nc(=S)s1,19.034092872334213
CSC(S)=NNc1nc(-c2ccc(C)cc2)nc2nn(-c3cccs3)c(=O)n12,19.033218811928688
COc1ccc(-c2nc3c(=S)sc(-c4c(N)sc5ncn(C)c45)nn3n2)cc1,19.020744592417294
C/C(=N/Nc1nc(Nc2ccc(F)cc2)nc(N2CCOCC2=O)n1)c1cccs1,19.016198935673764
C/C(=N\Nc1nc(=S)sc2nc(-c3ccc(O)c(F)c3)nn12)c1ccc(F)cc1,18.9991300322076
COc1ccc(-n2nc(NN=C3SCCS3)nc2-c2nnc(C(C)(C)C)s2)cc1,18.990772944395246
COc1ccc(-c2ccc3nnc(-c4ccc(O)cc4)n3n2)nc1NC1=NCCS1,18.978875853075593
COC(=O)c1ccc(/C=N/Nc2ncnc3c2sc(=S)n3-c2cccnc2)s1,18.93708716316995
CN1CCCN(c2nc(NC3CCCCC3)c3nc(-c4ccc(O)cc4)nn3n2)CC1,18.93191583667784
Oc1ccc(-c2nnc(N3CCCC3)n2-c2ccc(N/N=C3\CCSC3)nn2)cc1,18.8986982980244
C/C(=N\Nc1cc(-c2ccc3nc(=S)sn3n2)nn1-c1ccccc1)c1nccs1,18.881074966662073
Oc1cccc(-n2cc(COc3ccc(-c4nc5sc(=S)[nH]n5n4)s3)nn2)c1,18.87942226829349
Cc1nc(Nc2ccc(C(=O)N3CCOCC3)cc2)c2nc(-c3ccc(O)cc3)nn2n1,18.864835493606183
O=C(O)C1CN(Cc2ccc(-c3csc(NN=C4SCCS4)n3)s2)CO1,18.84968313657217
C/C(=N\Nc1nn2nc(-c3ccsc3)nc2s1)c1ccc(N2CCOCC2)cc1,18.833845008962157
Cc1ccc(-c2nc3c(N4CCC4)nnc(N/N=C(/C(=O)O)c4cccs4)n3n2)cc1,18.78717405464028
CN1CCc2sc(-c3nc4sc(NCc5ccc(C(=O)O)cc5)nn4n3)nc2C1,18.786154753571495
COc1ccnc(-c2nn3nc(NN=C4CCCS4)sc3c2-c2nccs2)c1,18.78482107979902
Cc1ccc2nc(-c3cc4nc(N5CCCC5)nc(NN=C5CCCC5)n4n3)nn2c1,18.77844299272468
COc1ccc(-c2nsc(N/C(S)=N/Nc3ncnc4c3CCSC4)n2)cn1,18.76464986116068
C/C(=N\Nc1nccc(-n2nc(-c3cccs3)s2)n1)c1ccc2c(c1)OCCO2,18.70596765701327
COc1ccc(-c2nc(Nc3nn(-c4ccccc4)c(=S)s3)c3c(n2)C(O)=N3)cc1,18.704900339821464
C/C(=N\Nc1nsc2nc(-c3ccc(O)cc3)nn12)C1=NCCN1c1ccccc1F,18.696346300559128
Nc1nnc(SSc2nn(-c3ccc(F)nc3)nc2-c2ccc(F)cc2)s1,18.680776953098263
COc1cc(F)cc(-c2cc3nc(NN=C4CCCS4)n(-c4nccs4)n3n2)c1,18.63761601204583
Cn1cc(-c2sc(=O)n3nc(-c4csc(NNc5ccccc5)n4)ncc23)cn1,18.634803059171897
CSc1nc(-c2c(-c3cccs3)nn3nc(NN=C4CCCC4)sc23)nn1C,18.62661383125712
COc1ccc(-c2nc3sc(NN=C(S)n4cnc5cccnc54)cn3n2)cc1,18.626408906517387
CC(C)(C)/C(CSc1nc2ccccc2s1)=N/Nc1cc(-n2ccnn2)nnn1,18.615022725090892
C/C(=N\Nc1nnc2sc(-c3cccc(Sc4cccs4)c3)nn12)C(=O)O,18.611862056753715
Oc1ccc(-c2nc3nc(-n4nccn4)nc(NCc4ccc(Cl)s4)n3n2)cc1F,18.61122537687802
Clc1ccc(-c2nc3c(nc(NCCNc4ncccn4)n4ncnc34)s2)s1,18.59808950110105
Cn1cnc2ncc(NCCNc3csc4nc(-c5ccc(Cl)s5)nn34)nc21,18.58933063408405
CSc1nsc(-c2cn3nc(-c4cccs4)nc3c(NC3CCNCC3)n2)n1,18.57573111256233
Oc1ccc(-n2cc(/C=N/Nc3nnc4n3SCCS4)c(-c3ccccn3)n2)cc1,18.53540539753985
CSOc1ccc(-n2cc(C3=CCSc4nnn(-c5ccc(O)cc5)c43)nn2)cc1,18.53018523871333
Cn1cccc1-n1c(=S)sc2ncnc(N3CCC(Nc4nccc(N)n4)CC3)c21,18.4906377049502
CNc1nc(NN=C2CCCC2)nc2nc(-c3ccc(N4CCSCC4)cc3)nn12,18.47711662256569
CSc1nc(NN=C2SCCCS2)nn1-c1cc(N2CCCCC2)nc(N)n1,18.467424093810653
COc1ccc(Nc2nc3n(n2)Sc2c(ncn2-c2sccc2C(N)=O)S3)cc1,18.441032980967936
CNc1ccc(-c2nnc(SS)s2)c(-c2cn(-c3ccc4c(c3)OCO4)nn2)n1,18.437460054925307
CSSc1nc(NN=C2CCCCC2)n2nc(-c3nc4c(s3)COC4)cc2n1,18.401813131486698
CSc1ccc(-c2nnn(-c3nc(NN4CCNCC4)nc4sccc34)n2)cc1,18.381494031991394
COc1cc(Nc2nnc(NN=C3CCCS3)nc2Cl)nc(N2CCOCC2)c1,18.367442078445595
CN1OCCOc2ccc(CNc3nc(F)nc(Nc4nc5ccccc5s4)n3)nc21,18.36533572330304
Cc1csc(-c2nn3nc(NCc4ccc(C(=O)O)cc4)nc3c(=S)s2)n1,18.359071366036993
CN1CCN(c2csc(Nc3ccc(Oc4nc5ccccc5s4)nc3)n2)CC1N,18.341534842817445
C1=NN(c2nc(NCc3ccc(-c4ccon4)cc3)nc(-c3cccs3)n2)SCN1,18.2967976510205
Cn1nc2nc(NCc3ccc(-n4nc(-c5cccs5)sc4=S)cc3)ncn2c1=O,18.292343881555738
Nc1nc(-c2nnc(SS)s2)nnc1SCc1ccc(Br)cn1,18.289390773559674
COc1ccc(-c2nc(N3CCNCCCO3)n3nc(-c4ccc(O)cc4)nc3n2)cc1,18.23329217915527
COc1ccc(-c2nc3sc(=S)n(-c4ccc(/C=N/NC(N)=S)nc4)n3n2)cc1,18.220539490143235
c1coc(-c2nc3c4c(nc(NCCNc5ncnc6c5CCS6)n3n2)CSC4)c1,18.211977515187144
S=c1nc(NCCNc2cnc3ccccc3n2)n2nc(-c3cccs3)nc2s1,18.211188860746894
CSc1csc(Nc2nc(-c3ncc[nH]3)nc3snc(N4CCOCC4)c23)n1,18.19512217412459
Oc1ccc(-c2nc3c(=S)sc(NCc4ccccc4-n4cnnn4)nn3n2)cc1,18.190194785476855
Clc1cnc(NCCNc2nsc3nc(-c4ccc5c(c4)OCCO5)nn23)s1,18.185985427430857
Oc1ccc(-n2nc(-c3nnc(NCC(F)(F)F)s3)nc2-c2cscn2)cc1,18.181338740627318
CC(C)(C)O/N=C/c1ccc(Oc2nc(N/N=C(\S)N3CCOCC3)ns2)cc1,18.179537034876137
C/C(=N/Nc1nc(Nc2ncnc3sccc23)nc(N2CCOCC2)n1)c1ccccc1,18.175550969790645
Nc1nc(NCCN2CCOCC2)nc2c1sc(=S)n2-c1cc2ncccc2s1,18.158905327219433
Oc1ccc(-c2nsc(NN3CCN(c4nc(-c5nccs5)cs4)C3)n2)cc1,18.146429685755198
CNc1nc(Nc2nc3sc(CN4CCCC4)nc3s2)nc(N2CCCC2)n1,18.137393077132938
Sc1nc2nc(-c3ccc4c(c3)OCO4)nc(NCCc3ccc4c(c3)OCO4)n2n1,18.134154441706638
CNc1nc(-c2cc3sc(NC4CCCCC4)nn3n2)nc2sc(SC)nc12,18.117192212722813
C/C(=N\Nc1nc(N2CCN(c3nccs3)CC2)c2scnc2n1)c1cccs1,18.09737322167981
CNc1nc(-c2nc(C#N)nc(N/N=C3/CC4(CCN(C)CC4)CS3)n2)cs1,18.08053029226384
CSc1nnc(-c2sc(=S)n(-c3ccccc3)c2NN=c2c(=O)[nH]c2=O)s1,18.07486341093811
Cc1ccn(-c2nsc(Nc3cc(N4CCOCC4)nc(N4CCCCC4)n3)n2)n1,18.07426267726014
CC(C)=NNNc1nc(-c2nc3cnn(-c4cccc(Cl)c4)c(=S)n3n2)cs1,18.072267798246074
C/C(=N/Nc1nnc(-c2nn(-c3ccccc3)c3ncnc(N)c23)s1)c1cccs1,18.071949090306312
CSc1ccc(-c2nc3nc(NC4CCOCC4)nc(Nc4ccccn4)n3n2)s1,18.07070397254756
COc1ccc(Nc2nc(N3N=CNCS3)nc(N3CCCC34CCCCO4)n2)cc1,18.056957016111994
Cc1ccnc(SSc2nnc(-c3cc4sc(NC5CC5)nn4n3)[nH]2)n1,18.05415751302153
CNc1nc(Nc2ccc(OC(F)(F)F)cc2)nc(N2CCO[C@H](c3nncs3)C2)n1,18.02459429501103
CSc1nc(NN2CCNCC2)nc(-n2nnc3ccc(-c4ccccc4)nc32)n1,18.02195753776574
C/C(=N\Nc1nc2nn(C)cc2c2nc(-c3ccc4c(c3)NCO4)nn12)c1cccs1,17.957437797731927
c1csc(-c2nc3nc(NCCNc4nc5ccccc5s4)c4c(n3n2)COC4)c1,17.956736537977452
COc1ccc2c(c1)nnn2C(S)=NNc1nc(-c2cn3ccccc3n2)cs1,17.909848474752994
O=C(O)Cn1nc(-c2cccs2)nc1-n1c(=S)sc2c(NC3CC3)ncnc21,17.903240910405003
S=c1sc2c(NCCNc3ccc(Cl)cn3)ncnc2n1-c1ncns1,17.889674075041345
Clc1ccc(NNc2nc(N3CCOCC3)nc(N3CCC(c4ncco4)C3)n2)cc1,17.881087217530503
Cn1nnc(-c2ccc(CNc3nc(NC4CCCCC4)nc(=S)s3)cc2)n1,17.876197225623194
c1ccc2sc(NCCNc3nc(-n4nnc5ccccc54)nc4scnc34)nc2c1,17.863656276028774
CSSc1nc(NN=C2CCCCC2)nc(N2N=C(Nc3ccncc3)CS2)n1,17.854028883225073
C/C(=N\Nc1cnc(N2CCSCC2)c2nc(-c3cccc(F)c3)nn12)C(=O)O,17.849617544402808
Cc1c(-n2nnc3c(Nc4cccs4)nc(S)nc32)nnn1-c1ccccc1F,17.81012737491048
CSN1CCCC/C1=N\Nc1nnc2c(N3CCCC3)nc(-c3cccs3)nn12,17.800217370566795
Cn1c(-c2nn3nc(NCc4ccc(C(=O)O)cc4)nc3c(=S)s2)nccc1=S,17.78475367604668
c1ccc(-c2nc3c(nc(NCCNc4nc5ccccc5s4)n4nnnc34)s2)cc1,17.783949400539946
COc1ccc(NC(=S)CNc2nc(-n3nccn3)nc3sc(=S)sc23)cc1,17.77363724514829
Clc1nc2c3nc(-c4cscn4)sc3nc(NCCNc3ccccn3)n2n1,17.77140848904059
FC(F)(F)Oc1ccc(CNc2nc(NN3CCOCC3)nc(-c3nccs3)n2)cc1,17.77045299889918
COc1ccc(-c2nc3c(=S)sc(-c4cncnc4NNC(C)(C)C)nn3n2)cc1,17.768706175618366
COc1ccc(-c2nc(N3CCCCC3)c3nnc(N/N=C4/CCCCS4)n3n2)cc1,17.76154577569544
S=c1sc2nc(NCCNc3cnc4ccccc4n3)nnc2n1-c1cccnc1,17.75926450877459
Nc1nc(-c2cccc(O)c2)nc2c1sc(=S)n2Cc1csc(N2CCOCC2)n1,17.756854601373433
S=c1sc(NCCn2nccn2)nn1-c1ccc2nnn(-c3ccccc3)c2n1,17.72197857535966
c1csc(-c2cc3nc(N4CCOCC4)nc(NCCNc4nccs4)n3n2)c1,17.72092953096883
Cc1cn2c(-c3csc(NNC(=S)SSC(=S)N(C)C)n3)nnc2nn1,17.71358345336575
O=C(CSc1nc(=S)n2nc(-c3ccoc3)sc2n1)Nc1ccc2c(c1)OCCO2,17.683308013013686
c1ccc2sc(NCCNc3ncnc4sc(-c5cc6n(n5)COC6)nc34)nc2c1,17.632683592001086
Cn1cc(-c2nc3c(Nc4ccc(OCc5cccs5)nc4)nc(=S)[nH]n3n2)cn1,17.621584351004582
O=C(O)C1CCCC/C1=N\Nc1nc(N2CCOCC2)c2sc(-c3ccccc3)nn12,17.611076997067272
CSc1nnc(Nc2nc(N3C=NN(C)CC3)nc3ccc(C(C)(C)C)cc23)s1,17.605065319317244
CCNc1nc(Nc2nc3cc(N4CCOCC4)sc3s2)nc(N2CCCC2)n1,17.570035848217245
N#CCSc1nnn(-c2ccccc2)c1-c1nn(-c2ccc(O)cc2)c(=S)s1,17.56957073054276
Nc1nc(Nc2ccc(CN3CCOCC3)cc2)c2nc(-c3csc(=S)s3)nn2n1,17.564482863853847
Oc1ccc(-n2cc(/C=N/Nc3nc4ccccc4s3)c(-c3nnsn3)n2)cc1,17.556728040456953
Oc1ccc(-c2nn3c(NN=C4CCCC4)nc(N4CCOCC4)nc3c2S)cc1,17.556583579941783
O=C(O)COc1ccc(Nc2nc(=S)n3c(=S)n2N=C(c2cccs2)N=C3)cc1,17.513062852010215
C/C(=N/Nc1csc(-n2nc(-c3ccc4c(c3)OCO4)sc2=O)n1)c1cccs1,17.506970274590323
COc1ccc(-n2nnc(-c3nnc(NNC(=S)SC)s3)n2)c2sccc12,17.505223491499763
Oc1ccc(-c2nnn(-c3ccc(O)c(/C=N/N4N=C(c5cccs5)CS4)c3)n2)cc1,17.501314657840982
COc1ccc(-c2nc3sc(-c4cnc(NN5CCC5)sc4=S)nn3n2)cc1,17.497810587782816
CSSc1nnn(-c2ccc3nsnc3c2)c1-c1nc2ccc(O)cc2s1,17.497442419854288
C=CCSc1nn2c(-c3csc(NNC(=O)OC(C)(C)C)n3)nnc2s1,17.490460128665056
COc1ccc(-c2nc3sc(=S)n(-c4nc(N)nc(C)c4F)c(=S)n3n2)cc1,17.483322493852228
O=c1c2nc(-c3nccs3)sc2nc(NCCNc2ccncn2)n1-c1ccccc1,17.47376985315728
CNc1nc(N2CCO[C@@H](c3ccc(Cl)s3)C2)nc2nc(-c3ccc(O)cc3)nn12,17.469035843943484
CN1CCN(c2nc(NN=C3CCCC3)nc(Nc3nc4scnc4s3)n2)CC1,17.468973100544122
CCCn1c(=S)sc2c(-n3nnc(NN=C4CCCS4)n3)cc(Cl)nc21,17.468471602458617
NCCn1c(=S)sc2nc(-c3nn(-c4ccccc4)c(=S)s3)oc(=O)c21,17.45897254791442
CN1CCC(Oc2ccc(Nc3nn4nc(-c5ccc(O)cc5)cc4s3)nn2)CC1,17.439360362207985
CC(C)(C)NCCOc1ccc(-c2nc3nc(-c4ccc(O)cc4)nn3s2)nn1,17.416301739687096
O=C(O)COc1ccc(Nc2ncnc3c2sc(=S)n3-c2ccnc(F)n2)cc1,17.415512301871896
C/C(=N\Nc1ncco1)c1ccc(-n2c(=S)sc3nc(N4CCOCC4)ncc32)cc1,17.411069011612653
COc1ccc2cnn(C(S)=NNc3nc(-c4cc5ccccn5n4)cs3)c2n1,17.408394193469302
c1cnn(-c2cc(Nc3nc(NN=C4CCCCS4)nc(N4CCCC4)n3)sn2)c1,17.3985413513257
OC1CCN(Cc2ccnc(-c3nnc(Nc4nc(-c5cccs5)cs4)s3)n2)C1,17.394969968790658
COc1ccc(Nc2nn3nc(-c4scc(O)c4N4CCOCC4)nc3s2)cc1,17.393737832315225
c1csc(CSc2nc(NC3CCNCC3)n3nc(-c4ccsc4)nc3n2)n1,17.380568684792202
CC1CCN(c2nc(N/N=C3\C[C@@H](C)NC3=O)n3nc(-c4cccs4)nc3n2)CC1,17.380078255755272
c1cc(N2CCC2)ccc1Nc1nc(NN=C2CCCCC2)n2nc(-c3cnsc3)nc2n1,17.377924649172044
CSc1cc2nc(-n3cc(NN=C4CCCCC4)nn3)nc(N3CCOCC3)c2s1,17.323565521391224
C/C(=N\Nc1nc(=S)sn2nc(-c3ccco3)nc12)c1ccc(N2CCOCC2)cc1,17.3159249463238
COc1ccc(Nc2nn3nc(-c4ccc(N5CCOCC5)c(O)n4)nc3s2)cc1,17.313676077437314
C=NNNc1ccnc(-n2nnc3ccc(-c4ccc(N5CCSCC5)cc4)nc32)n1,17.312941896467418
O=C(O)c1ccc(Nc2nn3nc(-c4ccc(N5CCOCC5)cc4)cc3s2)nc1,17.28901373855978
c1nc(NCCNc2nsc(-c3nc4n(n3)CCCCS4)n2)c2ccsc2n1,17.273165404702453
Nc1c(N2CCOCC2)nc(NCc2ccc(Cl)s2)n2nc(-c3cscn3)nc12,17.270679684577797
CCn1nnc2c(=S)sc(Nc3ccc(-c4nnnn4-c4ccccc4)cc3)nc21,17.26066111401789
c1csc(NCCNc2nc3sc(-c4ccc5c(c4)OCC5)nc3c3ncnn23)n1,17.231112084882447
O=C(O)CNCc1ccc(-c2nnc3c(n2)sc(=S)n3-c2cccs2)cc1,17.229658073366174
CNc1nc(NN2CCCCC2)nc(-n2nnc3sc(-c4ccc(F)cc4)nc32)n1,17.217805071818123
COc1ccc(Nc2nc(N3CCOCC3)c3sc(-c4csnn4)nn23)cc1Cl,17.196286501957804
Sc1nnc2n(-c3ccccc3)c(-c3ccnc(N/N=C/c4cccs4)n3)nn12,17.173917508994133
CC(C)(C)n1nnnc1SCC(S)=NNc1nn(-c2cccnc2)c2ccccc12,17.1662141971275
C=NNNc1ccnc(-n2nc(-c3cccs3)c3ncnc(N4CCCCC4)c32)n1,17.155267958849603
c1ccc2c(NCCNc3nn4nc(-c5nncs5)nc4s3)c3c(nc2c1)CCCC3,17.150442445734445
Cc1ccc(-n2cc(-c3nc4sc(NNc5ccc(Cl)cc5)nn4n3)nn2)cc1,17.14547833219523
C/C(=N\Nc1nnc2sc(-c3cc(Cl)c(CN4CCCCC4)s3)nn12)C(=O)O,17.13775450575047
Nc1nc(-c2nc3c(N4CCOCC4)nsc3nc2NCc2cccs2)cs1,17.13453274977194
Oc1ccc(-c2nc3c(NC4CCN(c5nccs5)C4)cc(-c4nccs4)nn3n2)cc1,17.11529716080372
O=C(O)c1ccc(CNc2nn3nc(-c4ncn(-c5ccccc5)n4)cc3s2)s1,17.104482463200096
COc1ccc(-c2nc3sc(Nc4nc(N5CCOCC5)co4)cc(=S)n3n2)cc1,17.10351348106013
COc1ccc2c(c1)nc(-n1nccn1)n2C(S)=NNc1cc(-c2ccncc2)cs1,17.082265858572896
Oc1ccc(-n2cc(-c3cc4sc(NCc5cccs5)nn4n3)nn2)nc1Cl,17.071758891966876
CN1CCC(Nc2nc(-c3nnc4sc(-c5ccc(O)cc5)nn34)ns2)CC1,17.062877208873633
Oc1ccc(-c2nc3nc(-c4ccc(OCCn5cncn5)cc4)c(=S)sn3n2)cc1,17.061520495322938
COc1ccc(-c2nc3sc(-c4ncco4)nn3c(=S)c2NN2CCOCC2)cc1,17.059287767924733
COc1ccc(-n2cc(-c3nc(N)c4c(n3)sc(=S)n4C)nn2)cc1C(F)(F)F,17.048683926939482
COc1ncc(-c2nc3nc(N4CCOCC4)nc(NN=C4CCCC4)c3s2)s1,17.02795951594795
Cc1nsc(C2CSC(=S)N2NNc2nc(-c3ccc(O)cc3)cs2)n1,17.02517513450162
CSc1ccc(-c2nc3nc(N4CCOCC4)nc(NN=C4CCCC4)n3n2)cc1,17.003737060989284
Fc1ccc(-c2nsc(NNc3sc(N4CCOCC4)nc3-c3ncco3)n2)cc1,16.99312815359832
CNc1nc(Nc2nc(CN3CCCCC3)cs2)c2nc(-c3cccs3)nn2n1,16.980126804198115
c1ccc(-n2c(NNc3ncnc4sc(N5CCC5)nc34)nnc2-c2cccs2)nc1,16.97990190266949
C(=NNc1nc(-c2ccnc(N3CCCCC3)n2)n(-c2nccs2)n1)N1CCCCC1,16.963808820000324
O=C(O)CN1CCN(Cc2ccc(-c3nsc(NN=C4CCCC4)n3)s2)CC1,16.958115788610183
Sc1nnc(NCc2ccc(-c3nc4cnsc4n3-c3ccccc3)cc2)nn1,16.95316296138827
COc1ccc(Nc2nc(NN=C3CCCC3)n3nc(-c4ncsn4)cc3n2)cc1,16.927023608879633
CN1CCCc2cc(-n3nnc(-c4csc(NNC(=O)OC(C)(C)C)n4)n3)ccc21,16.919584558610104
C/C(=N\Nc1nc(N2CCC2)nc2nc(-c3ccc(Cl)s3)nn12)c1nccs1,16.905559386009806
Cn1c(=S)sc2nc(-c3ccc(CNNc4nc5ccccc5s4)nc3)nn21,16.90459757895131
Oc1ccc(-c2nc3c(Nc4ccc(CN5CCOCC5)cc4)nc(=S)sn3n2)cc1,16.9042378437188
CCSc1nc(NNC(=O)SSC(=S)N2CCCC2)nc(-n2cccn2)n1,16.890445671376437
Oc1ccc(-c2nc3cc(-c4ccsc4)nn3n2-c2ncnc(NC3CC3)n2)cc1,16.88730633809923
O=C(O)C1CCCC/C1=N\Nc1nnc2sc(-c3ccc(N4CCCC4)cc3)nn12,16.870076137623517
Oc1ccc(-c2nc3nc(-c4cnn(C5CCC5)c4)nc(NC4CCNCC4)n3n2)cc1,16.869808238447053
Sc1nc(-c2cccs2)c2c(NCCN3CCOCC3)nn(-c3ncco3)c2n1,16.861319990894707
C#Cc1ncnc2sc(NCCNc3nc4nnc(-c5ccccc5)nc4s3)nc12,16.836307000986817
S=c1sc(Nc2nnc(NCCc3ccccc3)n3nnnc23)nn1-c1ccccc1,16.823587371215236
C=NNNc1nc(-c2cccs2)nc2nnn(-c3ccc(N4CCOCC4)cc3)c12,16.820614104416403
COc1ccc(-c2nc3sc(-c4ccon4)nn3c(=S)c2NN2CCOCC2)cc1,16.79345979215917
S=c1nc(Nc2ccc(OCc3cccs3)cc2)c2nc(-c3nnn[nH]3)nn2s1,16.7921452486965
C/C(=N\Nc1cnc(N2CCOCC2)c2nc(-c3ccc(Cl)cc3F)nn12)C(=O)O,16.789362707822004
C=NNNc1cccc(-c2nc(N3CCCCC3)n3nc(-c4cccs4)nc3n2)n1,16.76668194451833
COc1ccc(/C(C#N)=N\Nc2cc(-c3ccc4nc(=S)sn4n3)cs2)cc1,16.75046081611407
COc1ccc(Nc2nc(NN=C3CCCCS3)nn3c(-c4cnsc4)nn23)cc1,16.747507797465058
C=NNNc1nc(-c2nc3n(n2)Sc2ccc(-c4cnn(C)c4)cc2S3)cs1,16.688160274719976
CNc1cc(N)nc(-n2nnc3ccc(-c4csc(N5CCSCC5)c4)nc32)n1,16.687424200894856
Clc1cnc(-c2nc3c(nc(NCCNc4ccccn4)n4ncnc34)s2)s1,16.681509495225132
COc1ccc2c(cnn2C(S)=NNc2nc(-c3nc4ccccn4n3)cs2)c1,16.67900856345861
C/C(=N\Nc1nc(N2CCNCC2)nc(C(C)(C)C)n1)c1nsc(-c2cccs2)n1,16.66611645211659
COc1ccc(-c2nc(NN3CSC3=S)n3nc(-c4ccc(O)cc4)nc3n2)cc1,16.654763102111563
Oc1ccc(-c2nn(-c3ncnc(N/N=C\c4ccc(N5CCOCC5)cc4)n3)s2)cc1,16.63777234130056
Nc1nnc(SCc2nc(-c3ccc(=S)[nH]n3)n(-c3ccc(Cl)cc3)n2)s1,16.622229074069743
O=C(O)COc1ccc(Nc2nn3nc(-c4ccc(F)cc4)nc3c(=S)s2)cc1,16.617111534596663
S=c1sc2nc(NCCNc3nnc4ccccc4n3)nnc2n1-c1ccccc1,16.601404472027465
CNc1nc(Nc2ccc(N3CCOCC3)cc2)nc(N2CCC(c3nncs3)C2)n1,16.58315498564682
c1csc(CNc2nc(NN3CCCOCC3)nc(-n3cnc4ccccc43)n2)c1,16.583147855658492
CCNc1nc(Nc2ccc(N3CCOCC3)cc2)nc(N2CCNc3nccnc32)n1,16.58258197030407
Nc1coc(-c2nn3c(NCc4ccc(Cl)s4)nc(N4CCOCC4)c3s2)n1,16.578828061025625
CSc1noc(-c2nc(N3CCNCC3)c3sc(-c4ccc(O)cc4)nc3n2)n1,16.57812907045279
Cc1c(-c2csc(NN=C(S)n3nc4ccccc4n3)n2)nnn1-c1ccccc1,16.52754347552235
C/C(=N\Nc1nc(-c2cn(-c3ccc(N4CCSCC4)cc3)nn2)cs1)C(=O)O,16.52055283674534
Cn1cnnc1-c1nc2cnc(NCCNc3nc4ccc(Cl)cc4s3)nc2s1,16.50347540073546
COc1ccc(C2COCCN2c2nc(-c3ccc(O)cc3)nn3c(S)nnc23)cc1,16.477416505982138
CNc1nc(Nc2ccc(N3CCOCC3)cc2)n2nc(-c3cn4ccnc4s3)cc2n1,16.473924512436557
COc1ccc(-c2nc3c(=S)sc(-c4ccnc(NN5CCOC5)c4)nn3n2)cc1,16.428672524582833
COc1cc(-c2nc(NC3CCNCC3)n3nc(-c4cccs4)nc3n2)sc1F,16.41019979878916
c1ccc2sc(Nc3nc(NCC4CCCCC4)nc(N4CCOCC4)n3)nc2c1,16.40005074944008
C/C(=N\Nc1nc2c(nnn2-c2ccccc2)c(=S)n1-c1cccs1)c1nccs1,16.391870556738805
CC(C)(C)OC(=O)CSc1nc(NN=C2CCCC2)n2nc(-c3ccsc3)cc2n1,16.387172050629733
c1csc(CNc2nn3nc(-c4nnc(NC5CCOCC5)s4)cc3s2)c1,16.37064791148692
S=c1nc2c(nnn2-c2ccccc2)c(NCCNc2ncc(Cl)cn2)s1,16.367011199533835
Cc1csc(-n2nc(NN=C(S)N3CCCCC3)nc2-c2nc(C)ns2)n1,16.3633113964316
COc1ccc(-c2nc3c(N)nc(-n4snc4-c4ccc(F)cc4)nc3s2)cc1,16.363258972767902
C(=N/Nc1nc(NN2CCCCC2)nc2ccsc12)\c1cn(-c2ccccc2)nn1,16.350532074464223
N#Cc1cccc(-n2nc(NCCNc3nc4ccccc4s3)sc2=S)n1,16.349393352282004
Cn1cc(-c2nc3cnc(Nc4ccc(OCc5nccs5)cc4)nc3s2)cn1,16.348681748754395
C/C(=N\Nc1nc(NN2CCOCC2)nc(-n2sc3cccnc32)n1)c1ccccc1,16.32814164271487
COc1nc(Nc2nc(NN=C3CSCCS3)nc(N3CCCCC3)n2)cs1,16.324987909949623
CNc1nc(NC2CCOCC2)c2nc(-c3nc(F)c(-n4cccn4)s3)sc2n1,16.316236613815988
COc1ccc(NC(=S)NNc2nc(=O)n3nc(-c4cscn4)nc3s2)cc1,16.307673260515553
O=NNc1nc(NCc2ccc(-c3ccc(Cl)cc3)s2)nc(N2CCOCC2)n1,16.292001537390696
c1cc2c(cc1CNc1nc(-c3nn4nc(NC5CCC5)nc4s3)cs1)OCO2,16.289141969478962
C/C(=N\Nc1nc2c(cnn2-c2ccccc2)c(=S)s1)c1nnn(-c2ccccc2)n1,16.267201969557792
Cc1ccc(-c2nc(N3CCCCC3)c3nnc(N/N=C4\CCCCS4)n3n2)cn1,16.246934171192606
c1csc(COc2ccc(Nc3ncnc4nc(-c5cscn5)sc34)cc2)n1,16.24247412115525
c1ccc2sc(NCCNc3nc(-c4ccc5c(c4)OCO5)n4ncnc4n3)nc2c1,16.216676875757603
Cn1ccc(-c2nc3c(NCc4cccs4)nc(Nc4ccc5c(c4)OCO5)nn3n2)c1,16.212364600120974
CNc1cc(N2CCN(c3ncc(Cl)s3)CC2)nc2nc(-c3ccc(O)cc3)nn12,16.201693676644194
S=c1nc(NCCNc2nc3ccccc3s2)c2nc(-c3ccncn3)nn2s1,16.199877353395564
c1cc2c(cc1CNc1nnc(-c3cc4sc(NC5CC5)nn4n3)s1)OCCO2,16.18792888938233
c1ccc2sc(NCCNc3nc(N4CCCCC4)cc(-n4nccn4)n3)nc2c1,16.175357524846778
COc1ccc(Nc2nc(N3CCCCNCC3)nn3nc(-c4nccs4)nc23)cc1,16.171049866410364
CNc1snc2nnc(-c3csc(Nc4ccc(N5CCOCC5)cc4)n3)nc12,16.159148483422435
Fc1ccc(CSc2nnc(-c3cc4sc(NC5CCNCC5)nn4n3)o2)cc1,16.15718153012874
Cc1ccc(-c2nc3sc(=S)nc(Nc4ccc(OCC(=O)O)cc4)n3n2)cc1,16.15650525266012
Cc1sc(-n2c(-c3nc(NN)cs3)nc3ncnc(N4CCOCC4)c32)cc1F,16.147079338481163
C/C(=N\Nc1nn2nc(-c3ccsc3N)nc2s1)c1ccc(N2CCOCC2)cc1,16.127663378788366
c1ccc(-c2nsc(Nc3nc(NC4CCCC4)nc(N4CCOCC4)n3)n2)cc1,16.106035711165354
CN(CC(=O)O)c1nc(-c2ccc(O)cc2)nc2sc(=S)n(-c3cccs3)c12,16.10238430708879
CC(S)=NNc1nc(-c2ccc3c(c2)OCO3)n(-c2ccnc(N3CCCC3)n2)n1,16.10231133467752
CNc1nc(N/N=C/c2ccc(N3CCOCC3)cc2)nc2nnn(-c3ccccc3)c12,16.10019981888001
C/C(=N\Nc1cccc(-n2ccc(-c3ccc4nc(=S)sn4n3)n2)c1F)C(=O)O,16.100040516731013
COc1ccc(Nc2nc(N3CCNCC3)nc(N3N=NCC3c3cccs3)n2)cc1,16.09593166401897
Cn1ccc(-c2nc3nc(NC4CCCCC4)nc(NN=C4CCCCS4)n3n2)n1,16.0941494780568
Oc1ccc(-n2nc(-c3ncc4nnn(CCN5CCCCC5)c4n3)sc2=S)cc1,16.058097633785952
c1ccc2sc(Nc3ncnc(NC4CCN(Cc5csnn5)CC4)n3)nc2c1,16.05055842866236
c1csc(-n2cc(Nc3nc(NC4CCOCC4)nc(N4CCCCC4)n3)nn2)c1,16.036926257843213
COC(=O)CN1CCC2(CC1)CS/C(=N\Nc1nnc(-c3ccc(O)cc3)s1)S2,16.027780813136978
COc1ccc(Nc2nc(N3CCCCC3)c3nc(-c4cnns4)sc3n2)cn1,16.017780654464065
CN1CCC(=NNc2nc(-c3nccs3)cc3nc(-c4ccc(O)cc4)nn23)CC1,15.997545378254713
COc1ccc(Nc2nc(NN=C3CCCC34CSC4)nc(N3CCOCC3)n2)cc1,15.965837326133762
O=C(O)/C(=N/Nc1cnc(N2CCCC2)c2nc(-c3cccs3)nn12)c1cccs1,15.955035679050257
Fc1ccc(-n2nc(-c3nnc(S)s3)nc2NCc2ccc3c(c2)OCO3)nc1,15.953291861706349
Clc1ccc(NCCNc2nc(N3CCOCC3)nc3nc(-c4nccs4)nn23)cc1,15.951870186216139
S=c1sc(Nc2ncnc3c2nnn3CCN2CCCCC2)nn1-c1ccccc1,15.944738133446577
CSC(S)=NNc1nc(Nc2ccc3ncccc3n2)nc(N2CCOCC2)n1,15.92395951533988
c1ncn(-c2ccc(Nc3nc(NN=C4CCCCS4)nc(N4CCCC4)n3)s2)n1,15.91646074270664
C/C(=N/Nc1nc(S)nc(N2CCN(C(=O)OC(C)(C)C)CC2)n1)c1cccs1,15.901868971034212
COc1cccc(-n2cc(-c3nc(N)c4sc(=S)n(-c5cccs5)c4n3)nn2)c1,15.899542168151497
CSc1nnc(-c2nnc(Nc3ccc(C(=O)NN4CCCC4)cc3)s2)s1,15.87357817882895
Oc1ccc(-c2nc3cc(-n4ccnc4)nc(NCc4ccc5c(c4)OCO5)n3n2)cc1,15.854685304612046
O/C(=N\Nc1ncnc2nc(-c3ccc(F)cc3)nn12)c1ccc(N2CCOCC2)cc1,15.854571714952987
Cn1cc(-c2nc(N)c3sc(=S)n(CCNc4nc5ccccc5s4)c3n2)nn1,15.82742919668813
C/C(=N/Nc1nc2c(ncn2C2CNC2)c2nc(-c3cccs3)nn12)c1cccs1,15.826267952358796
c1cncc(Nc2nc(NCc3nc(-c4cccs4)ns3)nc(N3CCOCC3)n2)c1,15.825625957360486
COc1ccc(-c2nc(NNc3nc4ccccc4s3)nc(N3CCNCC3)n2)cc1,15.825345016915758
CC(=S)SSc1nc(NNC2CCCCC2)n2nc(-c3ccco3)c(=O)n2n1,15.814810456224988
O=C(O)C1CNCCN1c1nc(NCc2cccs2)n2nc(-c3cccs3)nc2n1,15.79732318851469
c1ccc2c(c1)cnn2-c1nc(NCCNc2nc3ccccc3s2)nc(N2CCO2)n1,15.789595695337802
C/C(=N/Nc1nc(NN2CCOCC2)nc(N2CC(c3cccs3)=N2)n1)c1ccccc1,15.788614970122401
Oc1ccc(-c2nc3c(Nc4ccc(CN5CCOCC5)nc4)nc(=S)sn3n2)cc1,15.786109710617083
C/C(=N\Nc1nc2c(N3CCOCC3)cc(-c3cccs3)nn2n1)c1cccs1,15.775136200871586
CSc1ccc(-c2nc3nc(N4CCCC4)nc(NN=C4CCCC4)n3n2)s1,15.773515833685824
Fc1ccc2sc(NCCNc3nc(-n4nccn4)nc4sccc34)nc2c1,15.758857757281582
Sc1nc(NN=C2CCCC2)n2nc(-c3ccc(Cn4ccnc4)s3)nc2n1,15.742078246912042
Fc1ccc(Nc2nc(NCc3cc4nsnc4s3)nc(N3CCOCC3)n2)cc1,15.738395546621284
Cc1nc(Nc2nc(-c3nc(-c4cccs4)ns3)cs2)nc(N2CCNCC2)n1,15.713701984413229
Cc1nsc(-c2csc(Nc3nc(N4CCNCC4)c(-c4cncnc4)s3)n2)n1,15.710247444018856
Oc1ccc(-n2ncc(SSc3nc4c(nnn4-c4ccccc4)s3)n2)cc1,15.692174025272045
Nc1nc(Nc2ccc(CN3CCOCC3)s2)nc2sc(-c3nccs3)nc12,15.679589476661048
O=C(CSc1nnnn1-c1ccccc1)NNc1nc(-c2nc3ccccc3s2)cs1,15.678658954442504
Oc1ccc2nc(-c3nn4nc(NCCN5CCOCC5)nc4s3)sc2c1,15.676661896090621
c1csc(-c2ccc(Nc3nc(NN=C4CCCS4)nc(N4CCOCC4)n3)nc2)n1,15.670824700215562
CNc1nc(NC2CCOCC2)nc2nc(-n3snc3-c3cccs3)sc12,15.660011256841438
c1ccc2oc(-c3nc4sc(Nc5ccc(OCCN6CCCC6)cc5)nn4n3)nc2c1,15.65719217924102
C=NNNc1nc(-c2ccn(-c3nnc(SC)n3-c3ccc(Cl)cc3)n2)cs1,15.656384661685578
Oc1ccc(-c2nc3nc(Cl)nc(NC4CCN(c5nccs5)CC4)n3n2)cc1,15.64845806947237
S=c1nc(Nc2ccc(OCc3ccsn3)cc2)c2sc(-n3ccnn3)nc2[nH]1,15.647147246214855
COc1ccc(Nc2nc(NC3=NCCSC(C)=N3)nc(N3CCOCC3)n2)cc1,15.628593884839084
O=c1c2nc(-c3cnns3)sc2nc(NCCNc2nccs2)n1-c1ccccc1,15.602389585474423
COc1ccc2nnn(C(S)=NNc3cc(-c4nn(C)c5ccccc45)cs3)c2n1,15.590075934467002
c1csc(C2=NN(c3nc(NNC4CCCCC4)nc(N4CCOCC4)n3)CC2)c1,15.589506766429286
c1cc(-c2nc3nc(Nc4ccc(N5CCC5)cc4)nc(NN=C4CCCC4)n3n2)sn1,15.579614276187638
Cc1csc(N2CCN(Nc3nnc(-c4nsc5cc(O)ccc45)s3)CC2)n1,15.569807143630403
c1ccc(Nc2nc(Nc3ccc(-c4csnn4)s3)nc(N3CCOCC3)n2)cc1,15.561043803555307
CSc1nnc(-c2cc3nc(N4CCCCC4)nc(NN=C4CCCC4)n3n2)s1,15.55855602294915
Nc1ccc(-c2nc3nc(N/N=C/c4ccc(N5CCOCC5)cc4)sn3n2)cc1,15.499513750217377
Nc1nc(NCCN2CCOCC2)nc2nc(-c3nc4cc(F)ccc4s3)sc12,15.450776297049838
Nn1c(SCC(=O)Nc2nn(-c3ccccc3)c(=S)s2)nnc1-c1cccs1,15.449929114343533
C/C(=N/Nc1nc(N2CCOCC2)cc2nc(-c3ccc(F)cc3)nn12)c1nccs1,15.425944591100157
Cn1nc(SSc2cnc3ccccc3n2)nc1NN=C1CSCCS1,15.425374979061464
C/C(=N\Nc1nnc2sc(-c3ccc(Sc4ccccc4F)s3)nn12)C(=O)O,15.408383289210443
C/C(=N\Nc1ncnc(-c2nc3ccccc3s2)n1)c1ccc(N2CCOCC2)nc1,15.40787654552421
COc1ccc(Nc2nc(N3CCNCC3)nc3nc(-c4cncs4)sc23)cn1,15.392996724505831
S=C(S)NCCOc1ccc(-c2nc(=S)n3nc(-c4ccco4)sc3n2)cn1,15.389178551189287
C/C(=N/Nc1csc(-n2sc3c(N)ncnc32)n1)c1ccc(N2CCOCC2)cc1,15.38420840266109
N=C1N=C(c2nc3sc(Nc4ccc(OCCN5CCCCC5)cc4)nn3n2)S1,15.374307747764249
COc1ccc(-n2c(=S)sc3nc(-c4ccc(O)cc4)nc(N4CCOC4)c32)cc1,15.372278584996215
CC1CCN(c2cc3sc(-n4nnc(-c5ccc(O)cc5)n4)nc3c(N)n2)CCS1,15.367331971985838
COc1ccc(Nc2nn3nc(-c4ccc(=N)sc4N4CCOCC4)nc3s2)cc1,15.36484407911661
c1csc(-c2ccc(CNc3nc(NN4CCOCC4)nc(-c4cncs4)n3)cc2)n1,15.361762303634029
c1ccc(Nc2nc(Nc3cnn(-c4cccs4)c3)nc(N3CCOCC3)n2)nc1,15.349782993496659
COc1ccc(Nc2nc(NN=C3CCCS3)nn2-c2nnc3ccccc3n2)cc1,15.34620768952177
C/C(=N/Nc1nc(N2CCOCC2)nc2nc(-c3ccc(O)cc3)nn12)c1cccs1,15.326202364265116
c1ccc(-c2nc(NNc3cnc(-c4cccs4)s3)nc(N3CCOCC3)n2)nc1,15.323249359655675
CC(=NNNc1nc(-c2nc3ccccc3s2)ns1)c1ccc(N2CCOCC2)nc1,15.312727695388336
CNc1nc(Nc2ccc(OC(F)(F)F)cc2)n(-c2cnc3n2SCCS3)n1,15.310786026364072
C(=N/Nc1nc(-c2csnn2)n(-c2ccccc2)n1)\c1ccc(N2CCOCC2)cc1,15.300115777631593
CNc1nc(NC2CCN(c3nccs3)CC2)nc2nc(-c3cccs3)nn12,15.282179915120736
CSc1ccc(-c2nc3nc(N4CCOCC4)nc(NN=C4CCCC4)n3n2)s1,15.2649510104367
CSc1ncc(-c2cc3nc(N4CCOCC4)nc(NN=C4CCCC4)n3n2)s1,15.248957336772678
COc1ccc(-c2nnn(C(S)=NNc3cc(-c4ccc(F)nc4)ns3)n2)cc1,15.239077139707092
S=C(S)NCCOc1ccc(-c2nc(=S)n3nc(-c4ccncc4)oc3n2)cn1,15.237339349547492
C/C(=N\Nc1nc(-n2nc(-c3ccc[nH]3)sc2=O)sc(=S)n1)c1cccs1,15.233461990659842
c1nc(-c2ccc(CNc3nc(NN4CCOCC4)nc(N4CCCC4)n3)s2)cs1,15.216026962759583
Oc1ccc(-c2nnn(-c3nc4sc(NCCN5CCCCC5)nc4s3)n2)cc1,15.201073381117203
CSc1nn2c(=O)cc(NCC(=S)Nc3nc(-c4cccs4)ns3)nc2s1,15.172275068589576
COc1ccc(Nc2nn3nc(-c4nc5[nH]c(N6CCOC6)nc5s4)cc3s2)cc1,15.154243934475922
Cn1cc(SCC(=S)Nc2nnc(Nc3ccc4c(c3)OCCO4)s2)nn1,15.153543655551278
c1ccc2sc(NCCNc3cc(N4CCOCC4)nc(-c4nncs4)n3)nc2c1,15.141043233613962
N=c1occ(-c2nc3sc(Nc4ccc(OCCN5CCCC5)cc4)nn3n2)s1,15.11308411459358
CNc1nc(N2CCOCC2)nc(-n2c(NC3CCCCC3)nnc2-c2cccs2)n1,15.078312275107365
CN(C)c1ccc(Nc2nc(Nc3nc4ccccc4s3)nc(N3CCOCC3)n2)cn1,15.073402686628398
CSSc1nc(NN=C2CCCC2)n2nc(-c3ccc(Cl)s3)c(=O)n2n1,15.050110132030847
Clc1ccc2sc(NCCNc3nc(N4CCCC4)nc(-n4nccn4)n3)nc2c1,15.039721161036459
c1ccc2sc(NCCNc3nc(-c4cscn4)nc(N4CCOCC4)n3)nc2c1,15.02736144530775
Clc1nc2c3nc(-c4cccs4)sc3nc(NCCNc3nccs3)n2n1,15.026245429575688
CNc1nc(Nc2ccc3ncsc3c2)nc(N2CCN(c3nccs3)CC2)n1,15.017962350655278
Cc1csc(Nc2nc(NN=C3CCCCS3)nc(N3CCOCC3)n2)n1,15.016413919156683
Cn1cnc2sc(N/N=C\c3cn(-c4ccc(O)cc4)nc3-c3nccs3)nc21,15.014813993509527
c1ccc2sc(-c3cc(Nc4nncs4)nc(NCCN4CCOCC4)n3)nc2c1,14.999031312446691
COc1ccc(Nc2nc(NN=C3CCCCC3)n3nc(-c4cscn4)nc3n2)cc1,14.96744023223651
c1ccc2sc(NCCNc3nc(-n4nccn4)ns3)nc2c1,14.965376060294687
COc1ccc(-c2nc(N3CCSCC3)n3nc(-c4ccc(O)cc4)nc3n2)cn1,14.957028493220735
S=c1nc2ccc(-c3nnc(NCCNc4ccc(Cl)cn4)s3)nn2s1,14.944427809550312
CN1CCNc2nc(-c3nc4ccc(OCc5nnc(N)s5)cc4s3)sc2C1,14.934928437575781
Nc1nc(Nc2nc(CN3CCOCC3)cs2)c2nc(-c3ccc(Cl)cc3)nn2n1,14.912840247519867
O=C(CSc1nnnn1-c1ccccc1)NNc1nc(-c2cscn2)cs1,14.870089900029603
C/C(=N/Nc1nc(Nc2ccc3c(c2)OCO3)nc(N2CCOCC2)n1)c1cccs1,14.86781821418806
Nc1nc(N2CCC[C@@H]2c2ccccc2)nc2cc(-c3nnc(SS)s3)nn12,14.862085621452364
CNc1ncc(-c2cc3nc(N4CCOCC4)nc(NN=C4CCCCC4)n3n2)s1,14.843509116461068
O=C(O)c1ccc(CNc2nc(N3CCOCC3)nc3cc(-c4cccs4)nn23)cc1,14.839328986561513
COc1ccc(Nc2nc(NN=C3CCCS3)nc3nc(N4CCCC4)nn23)cc1,14.8260519636059
S=c1sc(-c2nn3nnc(NCCN4CCCC4)c3s2)nn1-c1ccccc1,14.821101955844503
Fc1ccc(-c2nsc(NNc3nc(-c4cscn4)nc(N4CCOCC4)n3)n2)cc1,14.796413820095703
Nc1cc(-n2nc(-c3cccs3)s2)nc(N/N=C/c2ccc(N3CCOCC3)cc2)n1,14.7522555132439
c1cnc2sc(Nc3nc(NN=C4CCCCS4)nc(N4CCCC4)n3)nc2c1,14.734187993777379
CC1=NN(c2nc(NC3CCOCC3)n3nc(-c4ccc(O)cc4)nc3n2)CCS1,14.716015945260182
Oc1ccc(-c2nc3c(NCCN4CCOCC4)nc(=S)sn3n2)cc1,14.709694502168837
CCn1cnc2c(Nc3nn(-c4ccccc4)c(=S)s3)nc(N3CCOCC3)nc21,14.70467284148083
CCn1nnnc1-c1csc(NNC(=S)SSC(=S)N2CCCC2)n1,14.701133577187719
c1cnn(-c2ccc(Nc3nc(NN=C4CCCS4)nc(N4CCOCC4)n3)cc2)c1,14.683237636923806
Nc1nc2sc(=S)n(-c3ccccc3)c2nc1-c1nnc(NCCN2CCC2)s1,14.678516276262242
COc1ccc(Nc2nc(N3CCCNCC3)nn3nc(-c4nccs4)nc23)cc1,14.660023852935426
O=C(O)/C(=N/Nc1cnc(N2CCOCC2)c2cc(-c3cccs3)nn12)c1cccs1,14.646571945716996
c1csc(-n2nnnc2Sc2ccc(Nc3ncnc(N4CCCCC4)n3)cc2)c1,14.633897604631628
CSc1csc(Nc2nc(NC3CCNCC3)n3nc(-c4ccncc4)nc3n2)n1,14.623330413474974
Cc1ccc(-c2nc(N3CCOCC3)c3nnc(N/N=C4\CCCCS4)n3n2)cc1,14.610195087868776
Fc1ccc(-c2csc(NCCNc3nsc4nc(-c5ccco5)nn34)n2)cc1,14.595224308140791
c1sc(N2CCOCC2)nc1Nc1nc(NN=C2CCCC2)nc(N2CCCC2)n1,14.57613627903436
Cc1sc(Nc2nc(NN=C3CCCCS3)nc(N3CCOCC3)n2)cc1C#N,14.575339032168973
CN1CCN(c2nc(NCc3nccs3)nc(Nc3nc4ccccc4s3)n2)CC1,14.530548033543747
CSc1ccc(-c2nc(NC3CCNCC3)n3nc(-c4cccs4)nc3n2)o1,14.530234247240296
COc1cccc(-c2nc3sc(Nc4ncnc(N5CCNCC5)n4)nc3s2)c1,14.488816786262584
Fc1ccc(-c2nsc(NNc3nc(-c4cccs4)nc(N4CCOCC4)n3)n2)cc1,14.461950547654036
Sc1nnc(NCc2ccc(-c3nnnn3-c3ccc4c(c3)OCCO4)cc2)s1,14.439791211929572
CCSc1nn2nc(-c3csc(NNC(=S)N4CCCCC4)n3)nc2s1,14.438960321695857
Fc1ccc(-c2csc(Nc3cc(-n4nccn4)nc(NN4CCOCC4)n3)n2)cc1,14.434443441556454
Oc1ccc(-c2nc(N3CCCOCC3)c3nnc(NN=C4CCCCC4)n3n2)cc1,14.422124515306809
COc1csc(-c2nc(NC3CCNCC3)n3nc(-c4cccs4)nc3n2)n1,14.420209525180661
C/C(=N/Nc1nc(N2CCOCC2)nn2nc(-c3cccs3)nc12)c1cccs1,14.41016615134586
C/C(=N\Nc1nsc(N)n1)c1ccc(-n2nc(N3CCOCC3)sc2=S)cc1,14.40711011331648
Oc1ccc(-c2nnn(-c3csc(N/N=C/c4ccc(N5CCOCC5)cc4)n3)n2)cc1,14.379224752335492
Nc1nc(N/N=C\c2ccc(N3CCOCC3)cc2)n2nc(-c3cccs3)nc2n1,14.377711446562099
CSc1nsc(-c2cc3nc(-c4ccc(O)cc4)nn3c(NC3CCNCC3)n2)n1,14.361626908404173
Cc1nc2sc(Nc3nc(NN=C4CCCS4)nc(N4CCOCC4)n3)cc2s1,14.355263618928557
COc1ccc(Nc2nc(NC3CCNCC3)n3nc(-c4cccs4)nc3n2)cn1,14.350844450593506
Cc1nc(N2CCC(Nc3nc(=S)sc4nc(-c5ccc(O)cc5)nn34)CC2)ns1,14.340495427898814
COc1ccc(Nc2nc(-c3nc4sc(N5CCOCC5)nc4s3)ns2)cc1,14.334275428542277
c1ccc2sc(NCCNc3nc(-c4ccc5c(c4)OCO5)nn4ncnc34)nc2c1,14.328291838334419
Oc1ccc(-c2nc3nc(N4CCN(c5nccs5)CC4)nc(NC4CC4)n3n2)cc1,14.301737311743656
C/C(=N/Nc1nnc(N2CCOCC2)c2nc(-c3ccsc3)nn12)c1cccs1,14.294177196460586
Oc1ccc(-c2nc(N3CCSCC3)c3nnc(NN=C4CCCC4)n3n2)cc1,14.288214495937567
c1csc(Nc2nc(Nc3ccc(-c4nnns4)cc3)nc(N3CCOCC3)n2)c1,14.23707922760175
C/C(=N/Nc1nc(N2CCOCC2)nc2nc(-c3ccccc3)nn12)c1cccs1,14.194600781900691
c1ccc(Nc2nc(NCCN3CCOCC3)c3nc(-c4nncs4)sc3n2)cc1,14.173221161301328
COc1ccc(Nc2nc(N3CCOCC3)c3nc(-c4ncsn4)sc3n2)cc1,14.161726335115077
CC(C)(C)c1nc(NCCNc2nc3ccccc3s2)nc(-n2nccn2)n1,14.151978646250905
N#Cc1nc(NN=C(S)SCC(=O)c2ccc(F)cc2)nc(N2CCOCC2)n1,14.14086922568757
c1coc(-c2nc3c(N4CCOCC4)nc(NCCNc4nccs4)nc3s2)c1,14.129524091809113
Oc1ccc(C2=NN3SC(=NN=C3NCc3ccc4c(c3)OSCS4)N=N2)cc1,14.074148189969419
COc1ccc(Nc2nc(NN=C3CSCCS3)nc3nnc(C(C)(C)C)n23)cc1,14.041573441732265
CSc1nc(NN=C2CCCC2)n2nc(-c3ccc(N4CCOCC4)cc3)nc2n1,14.036910709558882
C/C(=N\Nc1nnc2sc(-c3ccc(N4CCSCC4)c(Cl)c3)nn12)C(=O)O,13.985481046656284
c1ccc2sc(NCCNc3nc(N4CCCCC4)nc(-n4nccn4)n3)nc2c1,13.97004953029905
Cn1c(=S)sc2c(NCCNc3nc4ccccc4s3)nc(-n3nccn3)nc21,13.957244934369292
Oc1ccc(-c2nnn(-c3csc(N/N=C/c4ccc5c(c4)OCCS5)n3)n2)cc1,13.948680491689702
Fc1ccc(-n2ncc(NN=C(S)CSc3nnnn3-c3ccccc3)n2)cc1,13.9456038505067
C(=N/Nc1nnc(Nc2ncnc3ccsc23)s1)\c1ccc(N2CCOCC2)cc1,13.930251286360932
c1cc(N2CCOCC2)ccc1Nc1nc(NC2CCCCC2)nc(N2CCOC2)n1,13.920211227266801
COC(=O)c1cc(-n2nnc(-c3nnc(SS)s3)c2C(F)(F)F)ccc1O,13.908671641603386
CSc1nnc(-c2cc(N3CCOCC3)nc(NNC(=O)OC(C)(C)C)n2)s1,13.864389411271247
Nc1cc(N2CCOCC2)nc(SSc2nn(-c3ccc(Cl)s3)s2)n1,13.861298776731244
CSc1nc(NN=C2CCCCC2)n2nc(-c3ccc(N4CCOCC4)cc3)nc2n1,13.860788999254028
CSc1nn2c(Nc3ccc(C(=O)O)cc3)nc(N3CCOCC3)nc2c1Cl,13.85564445131654
COc1ccc(Nc2nc(NN=C3CCCS3)n3nc(-c4ccsc4)nc3n2)cc1,13.851436260196913
SC(=NNc1nccs1)Nc1nc(Oc2ccccc2)nc(N2CCOCC2)n1,13.848785070315145
O=C(O)COc1ccc(Nc2nc3sc(=S)nc-3n(-c3ccc(F)cc3)n2)cc1,13.848103388333646
CC(C)(C)c1nc(NCCNc2nc3ccc(Cl)cc3s2)nc(-n2nccn2)n1,13.797761957763909
S=C(CSc1nnnn1-c1ccccc1)NNc1nc(-c2cscn2)cs1,13.765063627743677
c1coc(-c2nc3c(NCCN4CCOCC4)nc(Nc4nccs4)nc3s2)c1,13.76019709573142
COc1ccc(Nc2nc(NN=C3CSCCS3)nc(N3CCCC3)n2)cn1,13.741277750100606
COc1ccc(-c2cc3nc(N4CCOCC4)nc(NN=C4CCCCC4)n3n2)s1,13.735732881133906
COc1ccc(Nc2nc(-c3nn4c(=N)nc(N5CCOCC5)nc4s3)cs2)cc1,13.689618272362523
C/C(=N\Nc1nnc(N)s1)c1ccc(-n2nc(N3CCOCC3)sc2=S)cc1,13.683807324249551
CSc1nccc(Nc2nc(NN=C3SCCS3)nc(N3CCCCC3)n2)n1,13.648125588045477
COc1ccc(Nc2nc(N3CCOCC3)nc3c2sc(=S)n3-c2ncco2)cc1,13.544145392884156
C/C(=N\Nc1ncnc2nc(-c3ccc(O)cc3)nn12)c1ccc(N2CCOCC2)cc1,13.53778191952864
Oc1ccc(-c2nc3sc(=S)nc(NCCN4CCOCC4)n3n2)cc1,13.47105314844451
c1ccc(Nc2nc(Nc3ccc(N4CCOCC4)cc3)nc(N3CCOCC3)n2)cc1,13.45991897579343
c1ccc(CNc2nc(Nc3nc4sccc4s3)nc(N3CCOCC3)n2)nc1,13.436457206648155
c1ccc(Nc2nc(Nc3ccc(-c4ncsn4)s3)nc(N3CCOCC3)n2)cc1,13.384800106998178
O=C(O)C1CCN(CCNc2nc3nc(-c4ccc(O)cc4)nn3c(=S)s2)CC1,13.329112138142007
C(=N/Nc1nc(-n2ncnn2)c(Nc2ccccc2)s1)\c1ccc(N2CCOCC2)cc1,13.289124202600897
C/C(=N/Nc1nc(N2CCOCC2)nc2nc(-c3cccs3)nn12)c1cccs1,13.257633613727265
c1ccc2sc(NCCNc3nnc4sc(-c5ccc6c(c5)OCO6)nn34)nc2c1,13.223078897589172
c1csc(Nc2nc(N3CCCCC3)c(Nc3ccc(N4CCOC4)nn3)s2)n1,13.206748598398544
CSc1nc2nc(Nc3ccc4c(c3)OCCO4)nc(Nc3ccc(C)cc3)n2n1,13.19925542788144
COc1ccc(-c2nnn(C(S)=NNc3cc(-c4nc5ccccn5n4)cs3)n2)cc1,13.190433566884645
c1nc(-c2nc3cnc(Nc4ccc(OCCN5CCOCC5)cc4)nc3s2)ns1,13.150960277328691
COc1ccc(Nc2nc(Nc3nccs3)nc(N3CCN(C(C)(C)C)CC3)n2)cc1,13.148461039683502
c1csc(-c2nc3sc(Nc4ccc(OCCN5CCOCC5)cc4)nn3n2)c1,13.140391941679313
Oc1ccc(-c2nsc(Nc3ccnc(N4CCN(c5nccs5)CC4)n3)n2)cc1,13.121185818283212
Oc1ccc(-c2nc3c4nc(Cl)sc4nc(NCCN4CCOCC4)n3n2)cc1,13.066665049585321
c1ccc(Nc2nc(Nc3ccc(-c4nnsn4)cc3)nc(N3CCOCC3)n2)cc1,13.064081533771576
COc1ccc(Nc2nc(Nc3nc4c(s3)SCC4)nc(N3CCOCC3)n2)cc1,13.044196578002815
CSc1nc(NC2CCN(c3nccs3)CC2)n2nc(-c3ccc(O)cc3)nc2n1,13.03203788369229
C/C(=N/Nc1nnc(N2CCOCC2)c2nc(-c3cccs3)nn12)c1cccs1,13.005840036946239
C/C(=N/Nc1nnc(N2CCOCC2)c2nc(-c3ccc(O)cc3)nn12)c1cccs1,12.925562465487463
c1ccc2sc(Nc3nc(NCc4nccs4)nc(N4CCOCC4)n3)nc2c1,12.876916880167776
C/C(=N\Nc1ncnc2nc(-c3cccs3)nn12)c1ccc(N2CCOCC2)cc1,12.794243390291042
CN1CCN(c2csc(Nc3nc(-c4nc(-c5cccs5)no4)cs3)n2)CC1,12.745082953527305
C/C(=N/Nc1nc(N2CCOCC2)nc2nc(-c3ccc(F)cc3)nn12)c1cccs1,12.616114836521819
COc1ccc(Nc2nc(NN=C3CSCCS3)nn2-c2nccs2)cc1,12.585437317117218
c1csc(Nc2nc(NCCN3CCOCC3)n3nc(-c4cccs4)nc3n2)c1,12.493544147854257
Fc1ccc(-c2nsc(Nc3nc(NC4CCC4)nc(N4CCOCC4)n3)n2)cc1,12.471855972308576
COc1ccc(Nc2nc(N3CCOCC3)c3nc(-c4nccs4)sc3n2)cc1,12.441796811148652
Nc1nc(Nc2ccc(OCCN3CCOCC3)cc2)n2nc(-c3cccs3)nc2n1,12.432901288761466
COc1ccc(Nc2nc(Nc3nc4ccccc4s3)nc(N3CCOCC3)n2)cc1,12.325545077640788
CSc1nc(NN=C2CCCCC2)n2nc(-c3ccc(N4CCCO4)s3)nc2n1,12.321183895875908
c1ccc2sc(NCCNc3nc(N4CCCCCC4)nc(-n4nccn4)n3)nc2c1,12.268816280136734
c1csc(-c2nc3sc(Nc4ccc(OCCN5CCOCC5)cc4)nn3n2)n1,12.245422261921496
COc1ccc(Nc2nc(N3CCOCC3)c3nc(-c4nncs4)sc3n2)cc1,12.244788783723983
c1csc(Nc2nc(Nc3ccc(N4CCOCC4)nc3)nc(N3CCCC3)n2)n1,11.893775210644268
c1csc(-c2nc3nc(Nc4ccc(N5CCOCC5)cc4)nc(NC4CC4)n3n2)c1,11.889333962599467
c1csc(Nc2nc(N3CCOCC3)c(Nc3ccc(-n4nccn4)cc3)s2)n1,11.847103874972495
c1csc(Nc2nc(Nc3ccc(N4CCOCC4)nc3)nc(N3CCCCC3)n2)n1,11.51847307607103
N#CCSc1nc(Nc2nn(-c3ccccc3)c(=S)s2)nc(N2CCOCC2)n1,11.475990160561444
S=c1sc(Nc2nc(NC3CC3)nc(N3CCOCC3)n2)nn1-c1ccccc1,11.324887945016561
C(=N\Nc1nc(Nc2ccccc2)nc(-n2ncs2)n1)\c1ccc(N2CCOCC2)cc1,11.226415694837227
CSc1nc(Nc2nn(-c3ccccc3)c(=S)s2)nc(N2CCOCC2)n1,11.016577456231248
