SMILES,log-likelihoodog
Cc1ccc(CN(C)c2cc(F)c(C(=O)O)c3c2nnn3-c2ccc3c(c2)OCO3)cc1,34.644129040015656
CN(c1ccc2c(c1)nc(O)c1ccccc12)c1nn(C)c2c(-c3cnn(C)c3)ccnc12,34.44840320083543
Cc1cc2c(cc1OCc1cnc3ccccc3c1)c(-c1cnns1)nc(=O)n2CC1CC1,33.790341759472234
Oc1cc(-c2nsc3c2ccc2c3ccn2CCOCc2cncs2)ccc1F,32.69008361234814
COc1cccc(Cn2c3c(-c4ccccc4C)cccc3c3c2n(C)c(=S)n3N)c1,32.45140122756422
COc1ccc(OCC(=O)O)c2c1C1Cc3cccc(-n4ccnc4)c3SC1CCO2,32.26142010075736
CN(C)c1cc(Oc2ccc(Cl)cc2F)nc2cc(O)c(-n3nnc4c3CS4)cc12,32.196613894608234
COc1ccc(-c2ccc3c(c2)C(=O)CC(Nc2nc(-c4cncs4)cn2C)C3)cn1,32.15307109399118
Cc1csc(-n2c(C)c(-c3cccc(Cl)c3)c3cc(Cn4cncn4)c(O)cc32)n1,31.64567481419942
O=C(O)COc1ncc(-c2ccc(N3CCCC3)nc2Oc2cccs2)cc1Cl,30.92103772064252
Cc1cn(-c2cc3ccn(CCOc4ccc5nc(O)c6ccc(F)n6c5c4)c3cn2)cn1,30.67712850573162
COc1ccc(-c2c3c4c(cccc4c(=O)n2CC(F)(F)F)OC=C3)cc1OCC(=O)O,30.400176217241132
Cc1cc(COc2ccc(-n3ncnc3-n3ncc4c3COC4)cc2)c2ccccc2c1O,30.32831769861109
COc1cccc(-c2ccc(OC)c(Oc3cc4c(c5c(=O)n(C)ccc35)OCCO4)c2)c1,30.16557258202371
C/C(=C1/C(=O)N(CC(=O)OC(C)(C)C)c2oc3ccccc3c21)c1ccc(C)n1C,30.14770110201848
CCn1c2c(c3c1C(C(=O)O)C3)CN(c1ccc(-c3cc(OC)cc(Cl)n3)cn1)CC2,30.03506965822303
COc1ccc(-c2ccc(-c3cccc4nc(O)n(Cc5ccc6ncnn6c5)c34)cn2)cc1,29.89128966695561
COc1ccc(O)c2nc(Cn3c4ccc(F)cc4n4c(-c5ccccc5)nnc34)cnc12,29.877498381253982
COc1ccc(OCc2ccccc2)c2nc(-c3c(C(=O)O)nc4ccccn34)sc12,29.802848642877592
COc1ccc(-c2cc(Cn3c(=O)c4c(c5c3sc(=N)n5C)CCC4)no2)cc1Cl,29.65469008024878
COc1ccc(OC)c2c1N=C(S)/C2=C\c1nn(-c2ccccn2)c2ccccc12,29.624592104859957
COc1cc2c(cc1-c1ccc(/C=C3/C(=O)c4cccc(OC)c4SC3N)s1)CCO2,29.559562529671915
Cc1cc(O)c(C)c2c1C(=O)c1ccccc1S2(=O)=O,29.52647198029048
Cc1nc2c(OCc3ccc4cc(CN5CCCCC5)nn4c3)c(Cl)ccc2nc1O,29.337124263514287
Cn1nnnc1-c1cc2nn(Cc3ccc(Cl)s3)c(N3CCC(C)(C)CC3)c2[nH]1,29.328489308559202
Cn1c2cccc3nnn(CCOc4ccc(-c5nccs5)cc4Cl)c3c-2cc1=O,29.121522933680318
COc1cccc2nc(Cn3c4ccc(-c5nccn5C)cc4c4sc(O)nc43)ccc12,29.077483333251163
COc1ccc(-c2ccc(O)c3c2oc(=O)c2cc4c(nc23)N(C)CCS4)cc1OC,28.968455815167065
COc1ccc(-c2cc3ccc(-c4cc5c(s4)OCCO5)cc3n2CC(=O)O)c(OC)c1,28.95976463417712
COc1ccc2c(nnn2-c2csc(Cl)c2Cl)c1NC(=O)c1cc(C)nn1C,28.930889993230267
COc1ccc(OC)c2c1COc1c-2ccc2c1OC(O)c1c-2c(OC)nn1C(C)(C)C,28.845578524781434
Cc1ccc2cc(Cn3c(=O)ncn(Cc4cc(-c5ccccc5)cnc4O)c3=O)sc2c1,28.683718907893045
COc1cccc(-c2nnsc2Cn2cnc3ccc4c(c32)-c2ccccc2C4=O)c1,28.659774229601595
Cn1c(COc2ccc(Cl)c(Sc3cc[nH]n3)c2)cc2cnc(-n3ccnc3)nc21,28.586759303438637
COc1cc(OC2CC2)c(C#CC2CC2)cc1Oc1cccc2cc(-n3cnnn3)sc12,28.4540754281819
CCn1c(=O)c2ccccc2c2ccc(Oc3cc(C(=O)O)nn3-c3cccc(F)c3)cc21,28.443262662387532
COc1ccc(-c2cc(Cn3c4ccccc4c4ncnc(N5CC5)c43)cc(C(=O)O)c2)cc1,28.414257376178345
COc1ccc2c(c1)/C(=C(/SC)SCC(=O)c1ccc3c(c1)NC(=O)CS3)C(=O)O2,28.412312576786867
COc1ccc(OC(=O)C(C)(C)C)cc1Cn1c2cc(O)ccc2c2ccn(C(C)=O)c21,28.34653533615106
COc1ccc(OC(=O)Cc2csc3ccc4c(c23)-c2ccc(O)cc2C(=O)CO4)cn1,28.343167778951734
COc1c(C)cc(-c2cccc3nnc(Sc4cccc5c4CCO5)n23)cc1C(=O)O,28.313553297185482
COc1cccc(C(=O)Oc2ccc(Cn3c(=O)n(C)c4c5ccccc5sc43)cc2)c1,28.266341272877874
COc1ccc(OCc2ccc3c(c2)OCO3)cc1-c1nc2c3c(ccc2n1C)C(=O)NC3,28.203328110313187
COc1ccc(OC(=O)Nc2ccc(-c3cnn(C)c3)cc2)c(-c2cccc3nccn23)n1,28.16437606720951
COc1ccc(C(=O)Oc2cc(CN3CCCCC3)cc3c2N=C(C(=O)O)CS3)cc1,28.113821219459275
COc1cc(-c2cn(Cc3ccc(SC)cc3)c3nnnn3c2=O)cc(Cl)c1Cl,28.08874511919406
O=c1oc2cccc(OCc3cc(-c4ccc(Cl)cc4)cs3)c2n1Cc1ccnn1O,28.0646883959119
COc1ccc(N2CC(Oc3cccc(Cl)c3)C2)c(-c2nnn(-c3cccc(N)c3)n2)c1,27.960918413991177
Cc1ccc2c(c1)ncn2CCOc1cccc2ccn(-c3ccc(C(=O)O)cc3)c(=O)c12,27.851857648481477
Cc1nn(-c2noc3cc(OCc4ccc5c(C(F)(F)F)cn(C)c5c4)ccc23)nc1O,27.846357122260823
COc1ccc2c(Sc3nc4ccccc4n3C)c(-n3ccc(C(=O)O)n3)ccc2c1,27.803994401651114
COc1ccc(-c2cccc3c2cc(C(=O)O)n2c(=O)c(-c4cccs4)cn32)cc1OC,27.778390322392344
COc1cc2c(c(OC)c1)N(CC1CCC1)c1onc(/C=C3/SC(=O)NC3=O)c1CC2,27.760346359834035
COc1cc(Cl)ccc1Oc1nc2c(c3c1cnn3C)OCCN2c1ccc(O)cc1,27.71686027922998
COc1cc2c(c(-c3cnn(C)c3)c1)C(=O)/C(=C/c1ccc(-c3ccc(O)cc3)s1)O2,27.71288161702846
COc1ccc2nc(O)n(Cc3c4snc(-c5c(Cl)cccc5Cl)c4nn3C)c2c1,27.65596306094264
CSc1nnc(-c2ccnc3c4ccccc4n(Cc4cc(C(=O)O)cc[n+]4C)c23)s1,27.64303106713244
C#CSc1nc2cc(-c3ccc(OC)cc3)n(C)c2c(=O)n1-c1ccc(C(=O)O)cc1,27.61082505454458
COc1ccc(C#N)c2c(-c3nc(CO)cs3)nn(Cc3ccc(C(F)(F)F)cc3)c12,27.424454866532404
COc1ccc(-c2ccc(Cn3c4c(=O)cc(Cl)c=4cc(C(=O)O)n3C)s2)cc1,27.345701401992777
Cc1csc2c1cc(Cn1c(=O)n(C)c3ccccc31)n2-c1ccc(OC(=O)O)cc1,27.337523102767967
COc1ccc(OCc2cnc3c(c2)NC(=O)C(c2ccccc2)S3)c(-n2cncn2)c1,27.318282356943445
COc1cc(-n2c(=O)sc3cc4ccccc4nc32)cc(C(=O)OCc2ccccc2)c1O,27.28588824569022
CCN1CCc2c(Oc3ccc(Cl)c(Cl)c3)nc(O)nc2C1c1nn(C)cc1C#N,27.284760946954663
COc1ccc(/C=C2/C(=O)c3c(C#N)cc(OC)c(O)c3[SH]2c2cccs2)cc1,27.234951449737512
COc1cc(Oc2c3c(cc4c(/C=C5\SC(=O)NC5=O)cn(C)c24)COC3)ccc1C,27.229869833212177
COc1ccc(-n2c(OCc3ccc4c(c3)CCCO4)nc3cc(C(=O)O)ccc32)s1,27.138131255046574
COc1ccc(-c2ccc(OC)c3c2ccc2ccc(Cn4ccn5ncnc45)cc23)nc1,27.09551442144098
COc1ccc(/N=C2\C(=O)N3C(Sc4ccc(Cl)c(C)c4)=C(C(=O)O)C3N2C)cc1,27.09457968132775
COc1cc(OC)c2c(c1)nc(Cn1cc3ccccc3n1)n2-c1ccc(N)c(Cl)c1,27.075407768755877
Cn1cncc1SC1=C(O)CCC(Cc2ccc(Cl)cc2Cl)=C(C(=O)O)C1=O,27.007800378696636
Cc1cc(OCc2cc3c(c(-c4cnn(C)c4)c2)N(C)Nc2nccn2C3=O)ccc1Cl,26.999817223450844
CNc1cc(Oc2nc3ccccc3n2Cc2ccc(Cl)cc2)nc(-n2cccn2)n1,26.998829806134424
Oc1ncnc(N2CCC3(CCc4cc(OCCOc5cc(Cl)cs5)ccc43)CC2)n1,26.955270999445425
COc1ccc(-c2ccc3c(c2)C(=O)/C(=C/c2cc(-n4ccnc4)ns2)NC3=O)c(C)c1,26.92366602966822
COc1cc(OC)c2nc(Sc3cccc4cccc5c4c4ccc3n4C5=O)n(O)c2c1,26.917886214478763
COc1ccc(-n2c3nccc-3c(O)c(=O)n2Cc2csc(-c3ccc(F)cc3)n2)cc1,26.87788667716326
CCOc1ccc(Cn2cnc3[nH]nnc32)cc1-c1cn(-c2ccc(Cl)c(Cl)c2)nn1,26.845589796549856
Cc1cc(Cn2nc(C(=O)O)cc2-c2ccc(Cl)cc2)n(-c2ccc3ncn(C)c3c2)n1,26.834578662925416
COc1ccc(-c2ccc(OC)c(-c3nsc4c3COc3ccc(C(=O)O)n3-4)c2)cc1,26.815688559931637
COc1ccc(Oc2ccc(Cl)cc2)c2c1n(C1NN=NC1=O)c(=S)n2CC1CC1,26.80393857142263
Cc1cccc(Sc2cc3c4sncc4c(=O)n(CC(=O)O)c3n2Cc2ccccc2)c1,26.78884675255604
COc1ccc(OCc2ccc3c(c2)OCc2cc(-c4nc(N)ns4)ccc2CN3)cc1,26.767685906694567
C=C(O)CN1C(=O)CSc2cc(-c3ccc(OC)c(Cl)c3)cc(Cn3ccnn3)c21,26.728539232650228
Cc1ccc(Oc2cccc3c2n(-c2nccs2)c(=O)n3CC2CCCO2)c(C)c1,26.69607620667568
Cc1cc(Cl)c(Oc2sc(-n3c(=O)n(CCO)c4ccccc43)cc2Cl)nn1,26.69296494531588
COc1ccc(OC(=O)c2c(O)nn3c2CN(c2cc(Cl)ccc2Cl)CC3C)nc1,26.69047172269686
CC(C)(C)n1cc(O)c(=O)n2nc(COc3ccc(OCc4ccc(Cl)cc4)nc3)cc12,26.638928056743588
O=C1c2cc(Oc3ccc(-n4cncn4)cc3)c(OCc3cccc(F)c3)cc2SC1O,26.577460566856193
Cn1c(=O)n(CCOc2c(Cl)ccc3c(Cl)cn(CC(=O)O)c23)c2ccccc21,26.520516193694174
Cc1nc(-n2cnc3ccccc32)ncc1Oc1c(N2CCOCC2)cc(F)c(O)c1C,26.461918937573245
COC(=O)Oc1ccc(-c2csc(N3CCC(c4ccccc4OC)CC3=N)n2)cc1,26.451947000184344
Cc1cc(-c2nnnn2Cc2ccc3c(c2)Sc2ccccc2N(C)C3=O)cc(C)c1O,26.45083147517696
COc1ccc(C(=O)n2nc(O)c3c4c(cc(-c5cccs5)c32)SCC4)c(OC)c1,26.444956037104916
Cn1cc(Cc2nnc3ccccc3c2O)cc(Oc2ccc(C(F)(F)F)cc2)c1=O,26.434522552130097
COc1ccc(OCc2cn(-c3ccsn3)c3c2C(=O)c2cccc(O)c2-3)nc1Cl,26.389783096876098
COc1ccc(OCc2cc3c(c4sccc24)n(-c2ccc(C(=O)O)cc2)c(=O)n3C)cc1,26.339377088550552
COc1ccc(OC)c(Cn2c(=O)c3sc4c(O)cc(=O)sc4c3c3ccccc32)c1,26.300971444996524
Cc1nc(Cl)ccc1OCc1cc(-n2cnc3cc(O)ccc32)nc(N2CCCC2)n1,26.29930746514799
Cc1cc(Oc2ccc3c(c2Cl)SCC(c2nccs2)=N3)ccc1OCC(=O)O,26.298963538678176
COc1cccc(C(=O)Oc2ccc3c(c2)c2c(c(=O)n3C)SCCCS2)c1OC,26.276492809612485
COc1cc(OC)nc(Oc2c(Cl)ccc3c2-c2nn(C(F)(F)F)c(O)c2OC3)c1,26.275768072062203
COc1ccc(-c2ccc3nc(SC4CCCC4)n(CC(=O)O)c3c2)c(OC)c1,26.272397904902284
Cn1nc2c(c1COc1ccc(Cl)c(-c3cnc(CC(=O)O)s3)n1)-c1ccccc1C2,26.238600330073623
CCn1c(-n2cncn2)nc2c3cc(O)ccc3n(Cc3cc(Cl)c(Cl)nc3C)c21,26.23275826776626
COc1ccc(Cn2c(O)nc3cnc(Oc4ccc5c(c4)CCCC54COC4)nc32)cc1,26.22998771646273
Cc1nc2cc(COc3ccc(Cl)c(Cl)c3F)ccc2n1-c1cn(CC(=O)O)nn1,26.204163106049066
COc1cccc(-c2ccc(Cn3c4c(c5nc(SC)nc(N)c53)CCC4)cc2F)c1,26.183128120843076
Oc1nc2ccccc2c2c1ccn2CCOc1ccc(-c2cccnc2)nc1N1CCC1,26.173501614718194
COc1c(O)ccc2c1c(=O)nc(-c1cn(C)cn1)n2Sc1cccc(C(F)(F)F)c1,26.171673101571375
COc1ccc(Cn2c3ccccc3c3c(=O)n(-c4nccs4)c(=O)[nH]c32)cc1OC,26.16006233332759
CNC(=O)n1cc(Sc2nc3cc(Cl)ccc3n2Cc2ccc(OC)c(F)c2)nn1,26.121157761300374
Cn1ccc2cc(-n3nnnc3-c3cnc(O)c(OCc4cc(F)c(F)c(F)c4)c3)ccc21,26.11579043233393
Cc1cc(Sc2n[nH]c3c(C)nn(S(=O)(=O)c4ccc(Cl)c(Cl)c4)c23)sn1,26.07808893701096
COc1ccc(C(=O)c2cc(Cl)cc3nc(-c4cn5ccsc5n4)[nH]c23)c(OC)c1,26.072625144367557
COc1ccc(-c2cn(-c3cccs3)c(Cn3nc(C(=O)O)c4ccccc43)n2)cc1,26.070462098691166
COc1cccc2c1-c1ccc(-c3nc(COc4ccc(C(=O)O)cc4)ns3)cc1CO2,26.053786897098092
COc1cc(O)cc(Cl)c1Cn1c(=O)n(C2CCCCC2)c2c(C3CC3)nsc21,26.00831079450686
CCOC(=O)COc1ccc2c(c1)C(=O)/C(=C/c1csc3cc(Cl)ccc13)C(N)=N2,26.000144125849218
COc1ccc(O)c2ccc(Oc3ccc(-n4cnc(-n5cccc5)n4)c(Cl)c3)nc12,25.989051073077746
Nc1nc(-c2cccc(COc3cc(N4CCOCC4)nc(-c4ccccc4)n3)c2)cs1,25.983518902215202
Cc1ncc(NC(=O)c2ccccc2Oc2nc3ccc(N4CCOCC4)cc3n2C)s1,25.966656448960272
COc1ccc(OC)c2c1nc(C(=O)O)n2-c1ccc(N2CC3CCCCCC3C2)cc1,25.95949064062075
COc1cc2c3c(c(O)nc2cc1OCc1cccc(Cl)c1)COc1nc(C)sc1-3,25.94384148722419
C1=C(Sc2nnn[nH]2)C2(CCCC2)Oc2cc(OCCn3cnc4ccccc43)ccc21,25.93262568316309
COc1ccc(OC(=O)c2cc3ncnc-3n(C)c2Oc2ccc(C(F)(F)F)cc2)cc1,25.92504203917573
O=c1c(O)cc(-c2ccc3cc(Cl)ccc3c2)nn1CCOc1ccc2c(c1)OCCO2,25.92419394140913
COc1cccc2c(-c3ccc(OCc4ccc5c(c4)OCO5)c(Cl)c3)nn(C(=O)O)c12,25.904913655664906
C#CCSc1nnc(NC(=O)c2cccc3c2OCCC3)c(-c2ccc(OC)cc2)n1,25.862016989479216
COc1c(O)nc2ccc(Oc3ccc(Cl)cc3)cc2c1Sc1ccnn1C=O,25.858799124764698
COc1ccc(-n2c(=O)n(CC(=O)O)c3ccc(OCc4ccccc4)cc32)c(Cl)c1,25.858651472682638
Cc1cc(Oc2cc(Cl)c3c(c2)OCc2c(C(=O)Nc4cccs4)nn(C)c2-3)n(C)n1,25.856309342032286
O=C(O)CSc1nnc(SCc2cccc(F)c2)nc1Sc1ccccc1F,25.823530795002362
COc1nc(-c2ccc(CC(=O)O)cc2)nc2c1cnn2Cc1ccc(C(F)(F)F)s1,25.815653200872564
COc1ccc(-c2nn(CC3Nc4cc(OC)ccc4O3)c3c2COc2ncccc2-3)cc1,25.779227274189566
COc1cc2ccc(-n3c(C)c(C)n(-c4nc5ccc(Cl)cc5s4)c3=O)cc2nc1O,25.77727801522914
COc1cc(Cn2c3c(c4ncsc(=O)c42)-c2cc(O)ccc2OC3)c(OC)cc1Cl,25.755743553304356
COc1ccc(Oc2nc(O)nc3c2cnn3Cc2cc(F)cc3c2CCC3)cc1Cl,25.745572559129194
COc1cc(Cn2c3c(c4ccc(-c5nc(C)ns5)cc42)OCCC3)c(Cl)nc1O,25.739033361146635
COc1nc(Oc2ccc(O)c(F)n2)c2ccn(Cc3cccc(C(F)(F)F)c3)c2n1,25.697537217458656
Cc1cc(C(=O)O)ccc1-c1cc(COc2nc3ccccc3n2C2CCN(C)C2)sn1,25.694930195690493
Cn1c(Sc2ccc(OCC(=O)O)cc2)nc2cnn(-c3cccc4ccccc34)c21,25.686321456746047
Cc1cc2c(c(C)c1O)n(Cc1ccc(-c3ccccc3)cc1)c(=O)n2-c1ncsn1,25.651865751587955
COc1ccc(OC(=O)Nc2ccc(OC(F)F)cc2)cc1-c1cc2n(n1)OCCS2,25.635566329483908
COc1ccc2c(/C=C3/C(=O)c4sc(C)c(-c5ccccc5)c4N(N)C3=O)cn(C)c2c1,25.63500828183352
COc1cc(Cl)c(Oc2cc(O)cc3sc(-c4nnn(C)n4)cc23)c(C(F)(F)F)c1,25.61835623339249
COc1ccc(C(=O)Oc2ccc(-n3c(C4CCC4)c4ccsn4c3=O)cc2)c(O)c1,25.612033599568054
COc1nc2ccn(Cc3ccn4cnnc4c3O)c2cc1Oc1ccc(Cl)cc1,25.603633213639778
O=Cc1cccc(-c2ccc(OCc3cc4cc(N5CCOCC5)ccc4s3)c(O)n2)n1,25.58449502804661
COc1ccc2c(c1)C(=Cc1nnc(-c3ccc(SC)nc3)o1)c1ccccc1C2=O,25.551633687060793
Oc1nc2ccccc2c2c1ccn2CCOc1ccncc1-c1cnn(-c2ccccn2)c1,25.513860980166395
COc1ccc(-c2nnc(Sc3c(Cl)ccc4c3-c3ncccc3CO4)n2C)cc1O,25.50328806983065
O=S1(=O)C=Cc2c(OCc3cccc(Cl)c3)ccc(-c3nn(CCO)c(=S)o3)c21,25.482423936241968
COc1ccc2[nH]c(C(=O)O)c(Sc3ccc(OC)c(C4CCCCC4)c3)c(=O)c2c1,25.456220762891352
COc1ccccc1-c1ccc(OCC(=O)O)c(-n2c(=S)sc3ccccc3c2=O)n1,25.44214086831667
COc1cc(C)cc2c1OCc1c-2c(OC)n(/C=C2/SC(=O)NC2=O)c1-c1ccccc1,25.437475195633567
Cn1c(=O)n(-c2ccccc2OCc2nnc(-c3ccc(O)c(F)c3)s2)c2ccccc21,25.43474374588392
O=C(Nc1nc2cc3c(c(OCCn4cnc5ccccc54)c2s1)OCO3)C1CCC1,25.43298287315838
Cn1c2ccccc2c(=O)c2ccc(OCc3cc(C(=O)O)nn3-c3ccccc3)cc21,25.423333783777842
COc1ccc(Nc2nncn2Cc2csc3c(=O)n(C)c4cc(Cl)ccc4c23)cc1,25.38969735175399
COc1ccnc(OC(=O)c2cccc3c(=O)n(-c4ccc(SC)cc4)c(=S)[nH]c23)c1,25.377967532405194
COc1cc2c(cc1OC)S1(CCNCC1)c1cc(-c3c(C)noc3C)ccc1C2=O,25.372757554850498
COC(=O)c1c(COc2ccc(Cl)cc2Cl)c2c3snc(O)c3ncc2n1C,25.365926733731644
COc1ccc2nc(N3CC(N)C3)c(-n3ccnn3)c(Sc3cccc(Cl)c3)c2c1,25.365488199608347
COc1cccc(COc2c(Cl)ccc3c2S(=O)(=S)C2=C(CC(C)(C)OC2=O)O3)c1,25.34569253179396
COc1cccc(COc2nc3c(O)cccc3nc2-c2ccc3c(c2)OCCS3)c1,25.34201748189897
COc1ccc2c(Sc3cc(C(=O)O)ccc3-n3nc(Cl)ccc3=O)cn(C)c2c1,25.3326738377362
COc1ccc(-n2c(=O)n(-c3cc(C)c(O)c(C)c3)c(=S)n3c4ccccc4nc23)cc1,25.330467512922038
COc1cc2c(cc1O)C(=O)c1ccc(Sc3ccccc3)c(-n3cnnn3)c1CC2C,25.319772636435786
COc1cc2c(cc1OC)n(C(C)(C)C)c(=O)n2-c1nnc(NC2CCC2)cc1Cl,25.277613550824217
COc1ccc2c(c1)n(-c1ccc(O)cc1)c(=O)n2-c1ccc(-c2nncs2)cc1C,25.264257543278184
COc1ccc(-n2nc(C(=O)O)c3cc(Cl)ccc32)cc1Sc1cccc(=O)n1C,25.261933454809046
COc1cc(OC)cc(-c2cc3c(c(=O)n2N)n(C2CCCCC2)c(=S)n3C2CC2)c1,25.218593381296206
COc1cc2c(cc1Cl)C1C(=NOC1c1cccs1)c1c(cc(C)c(O)c1OC)O2,25.208700650406026
Cn1nc(-c2ccccc2)nc1OCc1cccc(-n2c(O)nc3c(Cl)cccc32)c1,25.201431975985468
COc1ccc2nc(O)c3c(c2c1)N(c1nc(Oc2ccccc2)c(Cl)n1C)CCC3,25.190831023723707
Cc1ccc(-c2c(OCc3ccc4c(c3)OCO4)nnn2-c2ccc(O)cc2Cl)cc1,25.189412416150027
COc1cc2c(c(OC)c1)C(=O)/C(=C/c1ccc3sc(=O)n(C)c3c1)C(S)=N2,25.18158529475417
COc1ccc(-n2nnc(Cn3ccc4ccccc43)c2-c2csc(C(=O)O)c2)cc1,25.164710760688045
COc1ccc(-c2ccc(Cn3ncc4cc(O)c(=O)n(C5CCCCC5)c43)s2)cn1,25.14919356461972
COc1cccc(CN2CCCCc3c(Oc4ccc(-n5ccnc5)cc4)nc(O)nc32)c1,25.133281932210814
COc1cc2c(cc1OC)-c1snc(-c3ccc(Cl)c(OCC(=O)O)c3)c1CC2,25.132442362675793
COc1cc(-c2cnc(N3CCOC3)c3non23)cc(C)c1Oc1cc(Cl)cc(Cl)c1,25.109923634549073
COc1ccc(-c2nn(-c3cccc(OC)c3)c3c2C=Cc2nc(N4CCC4)ncc2N3)cc1,25.103197056507764
Cc1ccc2c(c1)Cc1c(OCC(=O)O)nc(Sc3ccc(Cl)cc3)nc1S2,25.102584923239057
COc1ccc(OC(=O)CSc2nc3c4c(ccc3n2C(C)(C)C)C(O)CCO4)cc1,25.09953907971675
Cn1c(=S)n(-c2ccccc2)c2c(Oc3ncc(OCC(=O)O)cc3Cl)cccc21,25.097999557534127
O=C(O)c1cc(Cn2ccnc2)c(Cl)cc1OCc1nc(-c2ccc(Cl)cc2)ns1,25.07502342915494
COC1=CC2C(=NN1)COc1c(OC)ccc(OCc3nc4ccc(Cl)cc4s3)c12,25.06796550645393
Cn1c(CNc2ccc3c(c2)OCO3)nc2sc(COc3ccc(Cl)cc3)cc2c1=O,25.061798961270796
COc1ccc(OC)c(C(=O)Oc2ccc3c(c2)CCCN3c2nsnc2Cl)c1,25.036227966686184
O=C(O)COc1cccc2c1ncn2Cc1nc(-c2ccc(Cl)s2)n2ccccc12,24.993628200839016
COC(=O)N/N=C1\CCCc2c(-c3ccc(OC)cc3)ccc(OCc3ccsn3)c21,24.981926279823046
COc1cccc(C=C2C(=O)N(CSc3cccc4[nH]c(=S)sc34)C2=O)c1OC,24.970329536606847
Cc1nc(/N=C2/CC(=O)N(Cc3ccc(Oc4ccccc4)cc3)C(=S)S2)cnc1O,24.95986068301177
COc1ccc(-c2nsc3c2cc(C(=O)O)c2c3cnn2CC(F)(F)F)c(OC)c1,24.929319630173538
O=C(O)COc1ccc(Cn2c3ccccc3c3ncnc(-c4ccc5c(c4)OCO5)c32)cc1,24.92240096315391
COc1ccc(C2=Nn3nc(C)nc3/C(=C/c3ccc(O)c(Cl)c3)S23CCO3)cc1,24.91119917630641
COc1cc2c(nc(Nc3cccc4c3OCO4)n2C)c(-c2ccc3c(c2)COC3=O)c1C,24.892384197248454
COc1ccc(OCc2ccc3c(n2)c(O)nn2c(-c4ccc5c(c4)OCCO5)ccc32)cc1,24.888266279167414
COc1cc(Cl)c(-c2ccc3c(c2)OCO3)cc1OCc1ccc(C(=O)O)nc1Cl,24.888025936825116
COc1ccc(-c2cc3c(nc2O)C(=O)c2cc(OC)ccc2S32CCSC2)cc1,24.86693803608867
CSc1cnn(-c2nc3cccc(O)c3nc2OCc2ccc(Cl)cc2Cl)n1,24.86296788115495
Cc1nnc(SCc2ccc(-c3ccc(N4Cc5ccnc(O)c5C4=O)cc3)cn2)s1,24.84758751881966
COc1ccc(-c2nn(Cc3ccccc3F)c(=O)n2-c2ccc(C(=O)O)cc2)s1,24.834890926926175
COc1ccc(-c2nc(C(=O)O)ccc2Cn2c(=O)n(S)c3c(Cl)cccc32)cc1,24.812889649660562
COc1ccc(Cn2c3ccccc3c3c(=O)n(-c4cccs4)nc(C)c32)cc1C(=O)O,24.80593216834274
COc1cc2c(cc1OC)/C(=C/c1ccc3c(c1)n(O)c(=O)n3C)C(=O)c1ccccc1S2,24.793224621899057
COC(=O)Sc1cc(Cl)ccc1-c1cn(Cc2ccc(OC)cc2)c2ncnn12,24.776290713176152
O=C(O)COc1ccc(Cn2cc(C(=O)Oc3cccc4ccccc34)c3c2SC3)nc1,24.774567771446485
COc1ccc(Cn2c(=O)n(SC(C)(C)C)c3c(-c4cccc(Cl)c4)ncnc32)cc1,24.770244653494068
Oc1cc(OCCn2nc(-c3ccc4c(c3)OCO4)c3ccsc32)c2ccccc2n1,24.745361581636168
C=CCn1c(=O)n(-c2ccc(Oc3ccnc(OC)c3)c(Cl)c2)c(=O)c2sccc21,24.741053871063453
COc1ccc(C(F)(F)F)cc1Cn1nc(-c2ccc(Cl)cc2C(=O)O)sc1=S,24.730683190276416
Cc1cc(-c2nc(SCC(=O)O)n3c2CSCC3)ccc1OC(=O)c1ccccc1,24.704231503509558
CCN1C2=NCC=Cc3cc(OC)c(O)cc3C2=Nc2cnc(Sc3ccccc3)nc21,24.694081952082392
Cc1csc(-n2nc(COc3ccc(Cl)c(=O)n3O)cc2-c2ccc3c(c2)OCO3)c1,24.67956300234981
Nc1cnc(-n2ccc3c(Oc4cc(Cl)ccc4OCc4ccccc4)ncnc32)cn1,24.673691972294854
COc1ccc(OCc2cc3nc(Cl)c(Cl)nc3s2)cc1-c1ccc(O)nn1,24.656667376406833
COc1ccc(OC(=O)c2ccccc2)c(-c2nsnc2N2CCc3c(O)cccc3C2)c1,24.65313321803912
CCOC(=O)C1Sc2cc(O)c(OC)cc2SC1c1c(Cl)ccc2c1OCO2,24.649572477102648
COc1ccc(-c2c(-c3cc(OC(F)(F)F)ccc3O)nc3scc(C)n3c2=O)o1,24.644361968980764
COc1cccc(OCc2ccc(C(=O)O)cc2)c1-c1cnc2ccc3c(n12)OCCS3,24.617661673748948
Cn1c(SCc2ccc(C(F)(F)F)cc2)nc2c(Sc3cncnc3)ncnc21,24.592382485699037
COc1ccc(-c2ccc(-c3nc4c(O)cc(=O)oc4n3CC3SCCS3)cc2)cc1,24.573872184638827
O=C(O)COc1nc2ccccc2n1Cc1ccc(-c2csc(-n3ccnc3)c2)c(F)c1,24.54465775895172
COc1ccc(-c2nc3ccc(O)c(Cn4ccnn4)c3c3c2SCCS3)c(C)c1,24.543930734414406
Cc1csc(N2CC3(CC3)COc3ccc(Oc4ccccc4/C=C/C(=O)O)cc3O2)n1,24.51430515538053
COc1cccc2nc(N3CCN(C(=O)O)CC3)c(Oc3cccc(Cl)c3C)nc12,24.505605164367605
COc1ccc(-c2nc3c(cnn3-c3cccc(C(=O)O)c3)n2Cc2ccsc2)cc1,24.498390778551748
COC(=O)c1ccc(Nc2nc3ccc(Cl)c(OCc4ccc(OC)cc4)c3[nH]2)s1,24.478229520557232
C=C(C)Oc1cc(-c2nsc(NC(=O)c3ccc4c(c3)OCCO4)n2)ccc1SC,24.475653074262766
COc1c2c(n(-c3ccsn3)c1OCc1ccc(Cl)c(Cl)c1)OC(C(=O)O)CC2,24.47086280970515
Cn1c(-c2cc(COc3cc(Cl)cc(Cl)c3)on2)nn(-c2ccc(O)cc2)c1=S,24.47056643998206
CSc1ccc(Oc2ccc(-c3nn(Cc4ccccc4)c(=O)c4cncn34)cc2)nc1,24.42076171723883
CCOC(=O)Cn1c(=O)c(O)nc2cc(-c3ccc(N4Cc5ccccc5C4)s3)ccc21,24.40067768475948
Oc1nc(-c2cccs2)nc2c1ncn2CCOc1ccc(-c2ccccc2F)nc1,24.389557420027668
COc1cccc2oc(Oc3c(Cl)cc(N4CCN(C)c5ccccc54)nc3O)nc12,24.387244750080743
Cc1cc(-n2c(=S)n(CCOc3nc(O)nc4ccc(Cl)cc34)c3ccccc32)ncn1,24.38679312305523
COc1ccc(-c2cnc3nc(S)n4nc(-c5ccc(F)cc5)nc4c3c2)cc1OC,24.354553374887494
Cn1c(C(=O)O)c(C(=O)c2ccc(Cl)c(OCc3ccc4c(c3)OCO4)c2)sc1=S,24.34346459686562
COc1ccc(COc2cc3c(c4c2c2ccccc2c(=S)n4CC(=O)O)OCCO3)cc1,24.341359219371444
O=C(O)c1nc2cc(OCCn3c(=O)ccc4ccccc43)ccc2n1Cc1cccs1,24.334084672883414
COc1cc(COc2ccc3c(n2)c(OC)nc(=O)n3S)cc(C(F)(F)F)c1Cl,24.333705076402037
COc1cccc(-c2nnn(-c3ccccc3)n2)c1Oc1cc(Cl)cc2c1COC2=S,24.330798166818738
Cc1ccc(C(=O)O)nc1Oc1c(C)ccc2c1n(-c1ccc(C(C)(C)C)cc1)c(=O)n2C,24.330695203445572
Cc1ccc(C)c(Oc2ccc(-n3c(C(=O)O)nn(-c4ccsc4)c3=O)cc2Cl)c1,24.329653138452255
Nc1c(-c2cccc(OCc3cccc(Cl)c3)c2)nnn1Cc1cc2c(s1)COC2,24.328740268318835
Cc1cc(Oc2cc(Cl)cc(Cl)c2CN2CCCC2)nn1-c1cc(C(=O)O)sn1,24.31780170568057
COc1ccc(-c2ccc3nc4n(c3c2O)N(Cc2nc(C)cs2)C(=O)CS4)cc1,24.313653352634464
COc1ccc2cc(COc3c(Cl)cccc3Cl)n(-c3nc(C(=O)O)cs3)c2n1,24.291932859647435
Cc1nc2c(=O)n(Cc3ccsc3)c(=O)n(Cc3cccc(-c4ccco4)c3)c2cc1O,24.282634977074114
Cc1ccc(-c2ccc3c(cnn3Cc3nnc(C(F)(F)F)s3)c2)cc1OCC(=O)O,24.277962696590173
COc1ccc(Oc2c(Br)cnc3c2cnn3-c2ccccc2C(=O)O)cc1C,24.269306216151797
COC(=O)c1ccc(Cn2c(-c3[nH]nnc3C)nc3c(Cl)cc(Cl)cc32)s1,24.266802087883082
COc1cc(-c2ccc(OC)c3c2CCO3)c2sc(N3CCC(C(=O)O)CC3)nc2c1,24.259600339273728
COc1ccc(COc2cccc3c2oc(=O)c2c4n[nH]c(-c5ccccc5)nn-4c23)cc1,24.23362351553499
COc1ccc(-c2ccc(NCc3cn(-c4cccc5c4OCO5)nn3)cc2Cl)cn1,24.228069868253346
Cc1nc2cc(OCC(=O)O)ccc2n1Cc1ccc(-c2ccc(C(F)(F)F)nc2)nc1,24.223977569002916
COc1ccc(-n2ccc(Sc3ccc4c(c3)OCO4)c3c(C)c(C(=O)O)nc2-3)cc1,24.181877359920087
COc1cc(OC)cc(Oc2ccc3c(c2Cl)C2(CCOCC2)C(=O)N3c2nccs2)c1,24.17146546921942
Cc1cn(Cc2ccc(OCC(=O)O)c(F)c2)nc1-c1ccc2ccc3ncsc3c2n1,24.168814133297694
O=C(O)COc1ccc(C(=O)c2nn(-c3ccc(Cl)c(Cl)c3)c3c2CCS3)cc1,24.14786259408743
Cc1nc2cccc(Sc3c(OCC(=O)O)ccc(N4CCOCC4)c3C#N)c2s1,24.123868014457692
Cn1c(-c2nn(Cc3ccc(OCC(=O)O)c(F)c3)c3ccsc23)nc2ccccc21,24.11593617344497
Cn1cc2c(OCc3ccccc3Cl)nc(N)nc2c1Sc1ccc2c(c1)OCO2,24.11430649971803
COc1ccc(Nc2nc3c4ncnc(n24)N(c2ccc(Cl)cc2F)C=C3)cc1OC,24.114046356520088
C#CSc1c(-n2cc(OCCn3ccc4ccccc43)nn2)ccc(Cl)c1C(=O)O,24.066239750109112
COc1nsc2c1-c1c(cc(COc3ccc(Cl)c(O)c3)cc1-c1cnn(C)c1)C2=O,24.062380764757645
COc1ccc(-c2ccc3c(c2)CCn2c-3nc(SCC(=O)O)c2-c2cncnc2)cc1,24.04457318565374
COc1ccc(-c2nn(-c3ccccc3C(F)(F)F)c(=O)c3c(CS)noc23)cc1,24.040998944838833
Cc1cnn2nc(SCc3cc(C(F)(F)F)no3)n(Cc3ccc(Cl)cc3O)c12,24.026039921394627
Cc1c(O)cc(Cl)c2c1nc(-c1cnn(-c3ccc(F)cc3)c1)n2Cc1cn(C)nn1,24.015498026816594
CCn1c(Sc2c(Cl)cc(-n3ccnc3)cc2Cl)[n+]([O-])c2cc(C(=O)O)ccc21,24.002854021217413
Cn1nc2c(c1-c1cc(COc3ccc(Cl)c(O)c3)ccc1-c1nnns1)CCCC2,23.99308624434634
COc1cccc(Oc2ccc(-n3cc(Cn4cnc5ccccc54)c4c3OCO4)cn2)c1,23.988566098675317
COc1ccc(-c2nc(Sc3ccc(Cl)cc3Cl)nn3cnnc23)c(OC)c1,23.987494268433988
Nc1ccnc(-n2ncc3c(Oc4ccc(OCc5ccccc5)c(Cl)c4)cccc32)n1,23.976809749500212
Clc1cc(-c2ccn[nH]2)c(Cl)cc1OCCn1nnnc1Sc1ccccc1,23.97199049806048
COc1ccc(Sc2nc3cccc4c3n2C(=O)NC(c2ccc(OC)cc2)=C4)cc1,23.962216760412026
CCn1c(=O)c(Oc2cc(Cl)c(Cl)cc2Cl)nc2ccc(OCC(=O)O)cc21,23.958131201945847
COc1ccc(CNc2nc3cccnc3c3c(-c4cc5ccccc5n4C)nnn23)cc1,23.947474939042124
COc1c(Cl)cccc1Cn1nc(-c2ccc(C(=O)O)cc2)c2c1SCCS2,23.93002074245589
O=C(O)CCN1CCCc2c(Oc3ccc(Cl)cc3)c(Cl)cc(Cn3cnnn3)c21,23.90237509848481
Cn1c(-n2sc(-c3ccccc3)nc2=O)cc2ccc(OCc3ccc(C(=O)O)cc3)cc21,23.899994682870954
COc1ccc2c(c1)c(=O)nc(Sc1ccn(O)n1)n2Cc1ccc(Cl)cc1Cl,23.867330149411544
COC(=O)c1c(O)ccc2c1sn2CCOc1ccc(-c2ccc(Cl)c(Cl)c2)nn1,23.83963624334205
COc1ccc2nc(Sc3cccc4c3OCO4)n(-c3ccc(C(=O)O)c(C)c3)c2c1,23.83593360369614
Cc1cc(CN2CCC(n3nc(C)c4c(Nc5ccncn5)ncnc43)CC2)ccc1Cl,23.827917622244538
COc1cc2nc(-n3sc4ccccc4c3=O)cc(Nc3ccc(F)cc3)c2nc1OC,23.821749525148896
COc1cc(Cn2c3ncnc(N4CCCCC4)c3c3ncn(C4CCC4)c32)ccc1O,23.81850165927793
COc1ccc(-c2cc(C(=O)O)c(Sc3ccc(C(F)(F)F)cc3)n3ncnc23)n1C,23.81563789959425
Cn1cc(COc2ccc3c(c2)nc(-c2nc(C(=O)O)cs2)n3C)c2ccccc21,23.78105600490424
Oc1ccc(C2=NN=C(c3ccc(OCc4cn(-c5ccccc5)nn4)cc3)CS2)cc1,23.762540708517452
O=C(O)CNc1nc(Cn2c(=O)n(Cc3cc(Cl)cc(Cl)c3)c3ccccc32)cs1,23.69864900376367
Clc1ccc(-c2nc3c(NCc4ccncc4)ncnn3n2)cc1OCc1ccccc1,23.692626053769725
Cn1ncc(COc2ccc(N3CCN(c4coc5ccccc45)CC3)cc2)c1C(=O)O,23.685317537905544
Cc1c(-c2ccc(C(=O)O)cc2)nn(-c2ccsc2)c1OCc1ccc2c(c1)OCO2,23.66192143510009
COc1ccc(Cn2c3cc4c(cc3c(Sc3ccc(O)cc3)[n+]2[O-])OCO4)cc1Cl,23.66170815900466
CSc1ccc(Cn2c(=O)n3c4ncc3c(Oc3cnccc3Cl)cccc2n4)cc1,23.658375335682596
O=C(O)c1ccc(OCc2ccc3c(c2)OCO3)cc1Sc1cc2n(n1)CCCCC2,23.64839020965291
COc1ccc(-c2nc3ccccc3n2Cc2ccc(C(=O)O)cc2)c2c1SCCO2,23.62779368936596
O=C1NC(=O)/C(=C/c2cn(CCOc3cccc4ccccc34)nc2-c2cncs2)S1,23.62567809226504
COc1ccc(-c2ccc(OCc3csc4c3nnn4-c3cccc(F)c3)nc2)c(O)c1,23.619511383616388
COc1ccc2c(c1)n(CC(=O)O)c(=O)n2-c1ccc(Oc2ccccc2C(C)(C)C)cc1,23.613008831120748
COc1cc(C)c2nc(Sc3cccn3C(=O)O)n(-c3ccc(Cl)cc3)c(=O)c2c1,23.57012977937636
Cc1nc2ccc(OCCn3cnc4cc(Cl)ccc43)cc2c(=O)n1-c1cccs1,23.569321265254782
COc1cccc(Oc2cnc(N3CCC(C(=O)O)CC3)c3c2ccn3C)c1C(C)(C)C,23.564146022314397
COc1ccc(-n2c(O)nc3c(Sc4ccc(Br)cn4)cccc32)nc1C,23.55616039052256
Cc1cc2c(=O)n(Cc3cscn3)c(Sc3ccc(Cl)cc3)c(C#N)c2cc1O,23.546001726216144
COc1ccc(C(=O)Oc2cccc3c2ncn3-c2ncc(C(F)(F)F)s2)c(O)c1,23.54303959838517
Clc1ccc(-c2nc(Sc3nn[nH]n3)cn2CCOc2ccccc2)c(Cl)c1,23.53751242522317
Cc1ncn(CC2OCc3c(O)nc4c(OCc5ccc(Cl)cc5)cccc4c3S2)n1,23.517367345362988
Cn1c(Nc2ccc(OC(F)(F)F)cc2)nc2ccc(OCc3cncc(Cl)n3)nc21,23.506626187299577
Cn1nc(-c2ccc3c(c2)OCO3)cc1Sc1ccc(OCC(=O)O)c2ccccc12,23.496978138001754
COc1ccc(OC(=O)c2cc(Nc3cccc(Cl)c3)nc3c2sc(=O)n3C)cc1,23.487012928093996
O=C(O)c1ccc(Sc2c3ccc4c2N(C=CC(OCCN2CCCCC2)=C3)CO4)cc1,23.477914464147048
Cc1cc(Cl)ccc1OC(=O)CSc1c(-n2nccn2)[nH]c(=S)n1C1CCCC1,23.45105719402808
Nc1nnc(-c2ccc(Cn3c(=O)sc4ccccc43)cc2)c(Sc2ccc(F)cc2)n1,23.443770873843913
OC1=CCN(Cc2cccc(Sc3nnnn3-c3ccc(Cl)cc3Cl)c2)CC1,23.44215097980433
Cc1cc(OCC(=O)O)ccc1-c1ccc(-n2sc3c(N4CCCCC4)ncnc32)cc1,23.43776562447342
COC(=O)N1CCC(Cn2c(Nc3cccc(Cl)c3)nnc2-c2ccc(OC)cc2)C1,23.43738076369721
CSc1nc(O)n(-c2ccc(Cl)c(Oc3ccc(OC(F)(F)F)cc3)c2Cl)n1,23.418508066498276
CC1(c2cccs2)COc2ccc(OCCn3nc(C(=O)O)c4ccccc43)cc2O1,23.401084243516177
Cc1c(Oc2ccc(Cl)cc2C2=NC(c3ccc(F)cc3)C(C(=O)O)S2)cnn1C,23.394440693667146
COC(=O)Oc1ccc2nc(O)n(Cc3nc(-c4ccc(C(F)(F)F)cc4)cs3)c2c1,23.356821126627334
COc1cc(OC)c2c(c1)OCc1nc3ccccc3c(O)c1-c1cn(SC)c(=O)cc1-2,23.35005012514984
O=C(O)Cn1c(SCC(=O)c2ccccc2Cl)nc2ccc(-c3cscn3)cc21,23.33507382595706
COc1cc(OC)c2nc(O)n(Cc3nc4cc(Cl)cc(Cl)c4s3)c(=O)c2c1,23.32360730106275
COc1cc2c(cc1Oc1ccc(C(=O)O)cc1)CN(c1nc(Cl)c(C)s1)CCO2,23.31965645870249
O=C(O)c1cc(OCCn2cncn2)cc(Sc2ccc(Cl)c3c2CSC3)c1,23.314823824391755
COc1cc2nc(O)c(Sc3ccc(-n4cnc5ccccc54)cc3)c(=O)n2cc1C,23.291081192432852
COc1ccc(OCC(=O)O)c(Sc2nnc3n2-c2ccc(Cl)cc2CC3)c1,23.285921225926344
CN1CCC(COc2nc3ccccc3cc2Oc2ccc3nc(C(=O)O)sc3c2)CC1,23.285578190597647
CCNc1ncn(-c2cc3nn(C)c(Oc4cc(Cl)cc(Cl)c4)c3cc2Cl)n1,23.282586858032392
O=C(O)c1cnc(-n2nc(-c3cccc(OCc4ccc(Cl)cc4)c3)cc2N2CC2)s1,23.279533658674765
COc1ccc(Cn2c(Sc3cccc4oc(=O)sc34)nc3ccccc3c2=O)cc1,23.27844668393854
COc1cc(O)cc2c1-c1c(c(Sc3ccccn3)nc(=O)n1Cc1ccccc1)CO2,23.269786314775036
Cc1cc(OCC(=O)O)ccc1Sc1cn2c(n1)c(N1CCCC1)nc1ccccc12,23.265210527545047
O=C(O)c1csc(-n2cnc3cc(-c4ccc(OCCN5CCCC5)cc4)ccc32)n1,23.254715622204902
OCc1c(-c2cn(-c3nsc4ccccc34)nn2)ccc(OCc2ccccc2)c1F,23.25179053438192
COc1nc(C)cc(N2CCC3(C2)c2cccc(OC)c2Oc2cc(O)cc(Cl)c23)n1,23.248237625541343
Cc1cccc(Oc2ccc(-n3c(C(=O)O)nn(CC4CCCS4)c3=O)cc2)c1Cl,23.247392122505097
COc1ccc(-c2cc3c(c(N)n2)c(SC)nc(=O)n3Cc2ccccc2Cl)cc1,23.21918298562023
Cn1c(Oc2ccc(OCc3cc4ccccc4s3)[nH]c2=O)nn(-c2ccccc2)c1=O,23.20306079670925
Cn1cc(-c2ccc(OCc3ccc4c(c3)OCO4)cc2)nc1Sc1ccc(=O)[nH]c1,23.186132289280433
COc1cccc(OC(=O)c2ccccc2)c1N1CCC(Nc2nc3ccccn3n2)CC1,23.17860601998224
COc1ccc(OCc2cc3c(N4CCN(c5ccccn5)CC4)nc(Cl)nc3o2)cc1,23.167689439415387
COc1cc(OC)c(/C=C2\SC(=S)N(Cc3ccc(Cl)cc3)C2=O)cn1,23.148217643624122
COc1cc2c(cc1OC)OCc1c(nc(SC)nc1-c1ccc(F)c(Cl)c1)N2,23.146136766314186
Cc1cc2c(Sc3ccc4c(c3)OCO4)nn(C)c(=O)c2n1-c1ccc(O)c(Cl)c1,23.121910335994695
O=C1c2c(c(-c3ccc(OCc4ccccc4)c(Cl)c3)nn2-c2nccs2)CC1NO,23.119479523426932
COc1cc(Oc2cccc(-n3cnc4ccccc43)c2N2CCOCC2)ccc1C(=O)O,23.118871323539544
Oc1nc2ccc(OCc3ccc(Cl)cc3)cc2n1Cc1ccc(-c2nnns2)cc1,23.100954056148403
O=C(O)COC1=C(Sc2ccc(Cl)cc2)C=Cc2cc1nc(=O)n2CC(F)(F)F,23.093965680124334
Cc1cc(C(=O)O)nc(-n2sc3c(OCc4ccc(C(F)(F)F)cc4)ccnc32)n1,23.08219626859087
Cc1ccc(=O)n(C)c1Oc1ccc2c(n1)nc(O)n2Sc1ccc(Cl)c(Cl)c1,23.08027226547686
COc1ccc(-c2nn3c(=O)c(Oc4ccc(C(F)(F)F)cc4)c(O)n3s2)cc1C,23.068440527465484
Cn1c(OCc2cc(C(=O)O)n(-c3ccc(Cl)c(Cl)c3)n2)cnc1-c1cccs1,23.053469857311388
COc1ccc2sc(-c3cc(Cn4cncn4)ccc3C(=O)O)c(N3CCCC3)c2c1,23.050733875747014
Cn1nc(-c2cnn(-c3ccc(C(=O)O)cc3)c2)c2c(OCc3ccccc3)cccc21,23.050331588595146
COc1ccc(-n2c(=O)n(Cc3ccc(C(=O)O)cc3)c3cc(C(F)(F)F)ncc32)cc1,23.03820707057033
Cn1cc(Sc2ccc(OCC(=O)O)c(F)c2)c2cc(-c3cn(C(F)F)nn3)ccc21,23.028877970046754
Cc1ccc(Cn2c(=O)c3sccc3n(Cc3ccc(C(=O)O)cc3)c2=O)cc1Cl,23.02174694871463
CCSc1ccc(-n2c(=O)n(Cc3ccc(C(=O)O)cc3)c(=O)c3cscc32)cc1,23.016826217401185
Cn1c(Sc2ccc3oc(N)nc3c2)nc2cccc(OCc3ccc(Cl)cc3)c21,22.996421528295077
COc1cc(Sc2cc3ccc(Cl)cc3n2C)c(O)nc1-n1nnc2ccccc21,22.996267235294432
Cc1nc2ccc(OCc3ccc(-n4sccc4=O)cc3Cl)cc2n1CC(=O)O,22.987893520799883
COc1cc(OCc2cnc(N3CCc4ccccc4S3)nc2C(=O)O)ccc1Cl,22.98457133161832
O=c1n(S)c2ccccc2n1Cc1cc(OCc2ccc3c(c2)OCO3)c(Cl)cn1,22.98326023868882
COc1cc(-c2cccc3c2nnn3Cc2csc(=O)n2-c2ccccc2)ccc1O,22.975585990197825
Cn1cnn(-c2ccc(Sc3cc(OCC(=O)O)c4ccc(Cl)cc4c3)cc2)c1=O,22.967884274335415
COc1ccc(C(F)(F)F)cc1CN1N=C(c2ccc(Cl)cc2)Oc2cc1nc(O)n2,22.95415665473165
COc1cc(COc2cc[n+]([O-])c3c2n(O)c(=S)n3C2CCCC2)cc(C(F)(F)F)c1,22.945953371370347
Cc1cc(-n2cnc3ccccc32)ccc1Oc1nc(O)nc2c1ccn2CC1CCOC1,22.941944112108633
COc1cc2c3snc(SCC(=O)O)c3c(=O)n(-c3ccc(Cl)cc3)c2cc1OC,22.905714509006952
Cn1c(Sc2ccc3c(c2)OCO3)cc2cc(COc3ccc(O)c(Cl)c3)cnc21,22.89954033026284
O=C(O)COc1ccc(Cl)cc1Cn1ncc2snc(SCC(F)(F)F)c21,22.874955803210977
COc1ccc(Cl)c(Cn2c(C)nc3c(Nc4ccc5c(c4)OCO5)ncnc32)c1F,22.87131675919793
Cn1c(OCc2ccc(Cl)c(Cl)c2)nc2ccc3nc(O)n(Cc4nncs4)c3c21,22.870178667429883
COc1cc(-c2cccc3c(=O)n4ncnc4[nH]c23)ccc1OCc1ccc(Cl)cc1,22.834360228244407
Cc1cc(OCc2ccc(Cl)cc2)ccc1-n1nc(SCC(=O)O)c2cccn2c1=O,22.824043081724074
O=C(O)COc1cccc2c1nc(SSc1ncccn1)n2Cc1ccc(F)cc1,22.806221563900213
COC(=N)Sc1c(-c2ccc(OC)c(OC)c2)nnn1-c1cccc(Cl)c1Cl,22.792147011319223
Cn1nc(C(=O)O)cc1CCN1CCCc2sc(Oc3cccc(Cl)c3)nc2CC1,22.789593403727938
COc1ccc2c(c1Oc1ccc(Cl)cc1)n(C(=O)O)c(=S)n2CC1CCCO1,22.779092592433535
COc1ccc2nc(-c3nnc(C(=O)O)s3)n(Cc3ccc(Br)cc3)c2c1,22.772902157879507
COc1ccc(-c2nn(CC(=O)O)c3cc4c(cc23)Sc2ccccc2O4)c(OC)c1,22.770714267949582
COc1ccc(-c2ccc(Cn3c(=O)n(SC(C)(C)C)c4c(N)ncnc43)cc2)cc1,22.755886808268045
Nc1ncnc2c1nc(-c1ccc(OCc3ccc(F)cc3)cc1)n2Cc1cccs1,22.74420497310652
COc1cc(-c2c3ncnc-3n(Cc3ccsc3)c(=O)n2C2CCC2)cc(Cl)c1O,22.742738048710624
Cn1c(-c2ccc(OCc3ccccc3)cc2Cl)nn(-c2ccc(C(=O)O)cc2)c1=O,22.697503831286195
CSc1nn(-c2ccc(COc3ccc(C#N)cc3)cc2)c(=O)n1-c1ccc(Cl)cc1,22.686545852258185
Clc1ccc(COc2c(Cl)ccc3oc(-c4cn(CC5CCNC5)nn4)nc23)s1,22.685738133027492
Cn1c(=O)n(C)c2ncc(COc3ccc(Nc4nc5ccccc5o4)cc3Cl)cc21,22.684323553981162
Cn1c(=O)c(-c2ccc(C(=O)O)cc2Cl)nc2cc(OCCN3CCCCC3)ccc21,22.660581108159004
Oc1ccc(-n2nnnc2OCc2cc3c(cc2Cl)COC3)cc1Sc1ccccc1,22.63977849280009
COc1ccc(OC(=O)c2c(O)nc3sc(N4CCCC4)nc3c2-c2ccccc2)cc1,22.637322079355954
COc1ccc(Cl)c(OCc2cn(-c3ccc4c(c3)C(=O)c3c(O)cccc3-4)nn2)c1,22.62901277733094
COc1ccc(-n2sc3c(C(=O)O)c(OCc4ccc5c(c4)CCCO5)ccc32)nc1,22.60063062333321
Cc1ccc(-c2nc(SCC(=O)O)nc3c4c(n(Cc5cccnc5)c23)CCCO4)cc1,22.593925182255585
COc1ccc(-c2nn(Cc3ccc(Cl)cc3Cl)c3cnc4c(ncn4O)c23)n1C,22.5872758512744
COc1ccc(-c2cc3nc(O)c(=O)n(Cc4ccc(-c5cnn(C)c5)cc4)c3s2)cc1,22.571916001545898
COc1ccc(-c2c(SC(=O)O)n(Cc3ccc(Cl)cc3)c3cc(Cl)nn23)cn1,22.517628395861482
COc1ccc(-n2c(=O)n(C)c3c(N=O)scc32)c(Cl)c1Oc1ccc(Cl)cc1,22.495261147798146
COc1ccc(Nc2nc3cccc(OCc4ccc5c(c4)OCCO5)c3c(=O)s2)cc1,22.495251227121127
COc1cc(C(=O)O)ccc1Cn1c2c(c3nc(Sc4ccccc4)nnc31)CCCC2,22.480479611110695
CSc1ccnc2c1n(-c1ccccc1Cl)c(=O)n2CCOc1ccc(C(=O)O)cc1,22.475335204183
Cc1c(Cl)cccc1Sc1c(C)c2ccnn2c(=O)n1Cc1ccc(C(=O)O)cc1,22.467586449109895
COc1ccc(-c2cc3c(c4c2OCC4)n(C)c(=O)n3Cc2ccc(C(=O)O)s2)cc1,22.46600393918461
Cc1nc2ccc(O)cc2c(=O)n1Cc1csc(-c2ccc(OC(F)(F)F)cc2)n1,22.449704749243153
COc1ccc2c(c1)c1c(Sc3ccccc3)nn(O)c1c(=O)n2Cc1ccsc1,22.448492883765624
COC(=O)c1sc2c(c1O)OC(c1ccc(Cl)cc1)c1nc3cc(OC)ccc3n1-2,22.424756274009596
O=C(O)COc1ccc(Cn2c(SCc3ccccc3)nc3ncnc(Cl)c32)cc1,22.421656485413838
COc1ccc(-n2nc(C)c3c(N4CCC(Nc5ccccn5)CC4)ncnc32)c(Cl)c1,22.416599606122148
Cn1cnc(F)c1OCCn1c(-c2ccc(Cl)s2)nc2c(O)nc3ccccc3c21,22.40602794420433
On1c(-c2ccc(OCc3cccc(Cl)c3Cl)cc2)nn(-c2ccccn2)c1=S,22.390418551686242
Cc1nc(-c2ccc(Cl)cc2)sc1COc1cccc2c(=O)c(C(=O)O)cn(C)c12,22.383092521402244
COc1ccc2c(c1)OCCc1c-2n(CCOc2cnc(C(=O)O)s2)c2ccccc12,22.37908795015724
O=C(O)C1CCN(c2ncnc3sc(COc4ccc(-c5ccccc5)cc4)cc23)OC1,22.375533044425442
COc1ccc2c(c1)S/C(=C\c1cnc3c(ccn3Cc3ccc(C(=O)O)cc3)c1)C2=O,22.36158545221316
COc1cnc(O)c(C(F)(F)F)c1Oc1cc(-c2ccc(N3CCOCC3)cc2)no1,22.352761695938373
COc1ccc(-c2nc(-c3ccc(N)nc3)nn2Cc2ccc(C(F)(F)F)s2)nc1,22.3438631966336
COc1ccc(C(=O)O)cc1Sc1nc2ccc(-c3ccc4c(c3)OCCO4)cc2n1C,22.332445098941356
Cn1c(Sc2ccccc2)nnc1-c1ccc(OCc2ccccc2Cl)n2nncc12,22.3226714578795
Oc1ccc(OCc2ccc(C(F)(F)F)cc2)c2nnc(SCc3ccccn3)nc12,22.318248169200107
COc1ccc(OCc2cn(-c3nc(C(=O)O)cs3)c3c(C(F)(F)F)ccnc23)cc1,22.314264364229384
O=C(O)c1c(Cl)ccc(OCCn2cnc3ccccc32)c1Sc1nccnc1F,22.31300688238597
COc1cc(N2CCCC2)ccc1Cn1nc(-c2cnc(C(=O)O)s2)c2ccccc21,22.308933586194804
O=C(O)COc1ccc(Sc2ccccc2)cc1-c1nnnn1-c1ccc(F)c(F)c1,22.294020530815832
COc1ccc2c(c1)n(-c1ccc(O)cc1)c(=O)n2Cc1cccc(-c2cncs2)c1,22.26514132988912
COc1ccc(-c2ccc(Cn3c(=O)n(-c4nscc4C(=O)O)c4ccccc43)cc2)cc1,22.26119612888354
COc1ccc(OC)c2c1OCc1c(Sc3ccc(C(F)(F)F)cc3O)ncnc1-2,22.257265625947095
Cn1nnc(-c2cnc3sc(O)nc3c2OCc2ccc(C(F)(F)F)cc2)c1Cl,22.25113376969124
Oc1nc2ccccc2c(-c2ncn(Cc3ccccc3)n2)c1OCc1ccc2c(c1)OCO2,22.215887573147516
COc1cc(Oc2nsc3cc(CN4CCOCC4)c(Cl)cc23)ccc1C(=O)O,22.21417044430424
COc1ccc(-n2c(Oc3cccc4c3CCCN4CC(=O)O)nc3ccccc32)s1,22.214130219116644
O=C(O)c1nn(CCOc2ccc(-c3cnc(N4CCCCC4)s3)cc2)c2ccccc12,22.188226106678634
COc1ccc(-c2nc(COc3ccc4sc(N)nc4c3)cc(C(F)(F)F)n2)cc1,22.18573090030006
COc1cccc(Sc2ccc3c(c2)n(C)c(=O)n3-c2nccc(C(=O)O)c2Cl)c1,22.18175651700591
COc1ccc(Oc2cc(Cl)c3c(c2F)n(-c2cc(C(=O)O)ccn2)c(=O)n3C)cc1,22.166232750912133
Cc1nc(O)c2c(n1)OCc1c(-c3ccc(Cl)cc3)nn(CCOc3cccs3)c1-2,22.158048664865355
COc1cc(OCc2ccc(Cl)c(Cl)c2)ccc1-c1nc(O)c2c(n1)C(=O)SC2,22.137323795409287
Cc1cc(Nc2cccnc2)c(Cl)cc1Oc1nc(N2CCCC2)nc2c1cnn2C,22.136514954706442
Cc1nsc(-n2c(=O)n(-c3ccc(O)c(Cl)c3)c3ccc(OCc4ccccc4)cc32)n1,22.119283079308783
O=C(O)c1ccc(-c2cc(COc3ccc(Cl)cc3Cn3ccnc3)sn2)cc1,22.115513547975286
COc1ccc(-n2c(=O)nc(Sc3cc4ccccc4nn3)c3cc(OC)ccc32)cc1,22.11145144067124
O=C(O)c1ccc(OCCN2C(=O)/C(=C/c3snc4ccsc34)c3ccccc32)cc1,22.086734287859414
COc1cc2c(cc1OC)n1c(nc(=S)n1C(=O)O)n2Cc1ccc(Cl)c(Cl)c1,22.066893924661652
Cn1c(=S)oc2nc(O)cc(Oc3ccc(OCc4ccc5c(c4)OCO5)c(Cl)c3)c21,22.048050016493125
Cc1csc(SCN2C(=O)C(=C\NO)/C(=C\c3ccc(Cl)cc3Cl)C2=O)n1,22.03911329349621
COc1cc(Cn2c3c(c4cc(Cl)ccc42)/C(=N/O)SCS3(=O)=O)cc(OC)c1,22.00087475246602
O=C(O)c1nc(OCCn2ccnn2)cc2ccc(-c3ccc(N4CCCC4)cc3F)cc12,22.00077829659405
CSc1ccccc1Oc1ccc(-c2nn(CC(=O)O)c(=O)n2-c2ccccc2)cc1,21.99178955872081
COc1cc(OCC(=O)O)c2c(c1)n(C)c(=O)n2-c1nc2c(Cl)cc(Cl)cc2s1,21.986223094692328
COc1cc2nc(-c3ccc(C(C)(C)C)cc3)nc(N3CCc4c3ncn4O)c2cc1OC,21.974871472873303
COC(=O)C1=CSc2c(O)c(C(=O)OC)cc(OCc3ccc(C(F)(F)F)cc3)c2O1,21.956941288162866
COc1ccc(OCC(=O)O)c2c1Sc1cc(Cl)ccc1C(=O)N2Cc1nccs1,21.95258073183735
COc1ccc(-c2cc(Cl)cc3nc(N4CCc5ccc(O)cc5C4)nnc23)cc1OC,21.928069422581636
O=C(O)c1ncc(Cn2c3c(c4ccc(OCc5ccccc5)cc4c2=O)CCC3)s1,21.921288716024133
CN(C)c1nc(Oc2c(Cl)cc(Cl)c3c2CCCC3C(=O)O)c2cnn(C)c2n1,21.91586597728422
Cn1c(Sc2ccc(OCCN3CCCCC3)c3ccc(Cl)cc23)nnc1C(=O)O,21.908210244701507
COc1cccc(Cn2c(=O)n(-c3nc4cc(C(=O)O)cc(C)c4s3)c3ccccc32)c1,21.906374204008593
COc1ccc(-c2nc3c(N4CCC4)nc(N)nc3n2Cc2csc3ccccc23)cc1,21.905979020780023
COc1ccc(-c2ccc(OC)c3c2ccc2nnc(SCC(=O)O)nc23)c(Cl)c1,21.895285516436807
COc1c(Oc2ccc(Cl)cc2)cc(O)c2nc(-c3ccc4c(n3)OCCO4)n(C)c12,21.893187674714525
COc1ccc(-c2c3c(F)nc4c(Cl)cccc4n3c(=S)n2CC(=O)O)cc1OC,21.891886849016448
COc1ccc2nc(Oc3ccc(Cl)c(Cl)c3)n(CC3CCN(C(=O)O)C3)c2c1,21.89159651688384
CC(=O)c1cc(-n2c(=O)n(Cc3nnc(C)s3)c3cccc(Cl)c32)cc(Cl)c1O,21.886128404818145
Cn1c(=S)n(Cc2cc(OCc3ccccc3)cc3nnnc(O)c23)c2ccccc21,21.868117484416583
COc1ccc2nc(Sc3cccc(Cl)c3)n(-c3ccc(OCC(=O)O)nc3)c2c1,21.866906083366793
O=C(O)COc1cccc2c1C(=O)c1ccc(N3CCCC3)cc1N(Cc1nccs1)C2,21.866155556000333
C=C1N(c2ccc(C(=O)O)c(Cl)c2)C(=O)c2c(C)csc2N1c1ccc(OC)cn1,21.862874099246103
COc1ccc(-c2nn3c(Nc4ccccc4)nc4ccc(Cl)cc4n3c2=O)cc1OC,21.859449542982972
COc1ccc2c(c1)n(-c1cnc3cc(C)ccc3c1)c(=O)n2Cc1ccc(C(=O)O)s1,21.844923296268234
COc1ccc2c(c1)c(Oc1ccc(Cl)c(Cl)c1)nn2-c1nc(C(=O)O)cs1,21.811103817006558
COc1ccc2c(c1)n(Cc1csc(C)n1)c(=O)n2-c1ccc(Cl)c(C(=O)O)c1,21.808815905028418
COc1cc(OC)c2cc(Sc3ccc4c(c3)Cc3nccn3CCO4)c(O)nc2c1,21.79832956501857
Cc1cc(Oc2nc(=O)n(C)c3c2sn3Cc2ccc(C(=O)O)cc2)ccc1Cl,21.792225711070763
COc1cc(Cn2cc(-c3ccc(Cl)c(Cl)c3)nn2)ccc1OC(=O)OC(C)(C)C,21.79035635098636
Cn1cc2c(n1)c(Sc1ccc(OC(F)(F)F)cc1)c(C(=O)O)n2Cc1ccco1,21.78653857507355
Cc1nn(-c2nnn(Cc3ccc(O)c(F)c3)n2)c(Oc2ccc(Cl)cc2)c1Cl,21.783949887135794
OCCn1cc2c(n1)COc1cc(OCc3csc(-c4ccc(Cl)cc4)n3)ccc1-2,21.773890904218145
COc1ccc(C2=Nc3c(cccc3OCc3nc4ccccc4s3)OC2)cc1O,21.748842837164208
COc1ccc(-c2c(C(=O)O)sc3cc(-c4ccc(Cl)cc4)nn3c2=O)cc1OC,21.74673863031925
COc1ccc2nc(-c3cc(C(=O)O)n(C)n3)n(Cc3ccc(C(F)(F)F)s3)c2c1,21.714965025729633
COc1ccc(OCc2ccc3c(c2)OCCO3)c(-c2nc3ccc(Cl)cc3n2O)c1,21.710592455876128
COc1cc(Cl)cc(S)c1Oc1cc(C(=O)O)nn1-c1ccc(Cl)c(Cl)c1,21.70938264002472
Cn1c(=O)n(-c2ccc(C(=O)O)cc2)c(=S)c2ccc(OCCN3CCCCC3)cc21,21.70870667971727
CSc1nc(-c2ccc(OCc3ccc(Cl)cc3Cl)c(=O)o2)nn1C1CCNC1,21.705566809317524
COc1ccc(Cn2c(=O)n(-c3sc(Cl)cc3Cl)c3nc(C=O)c(O)cc32)cc1,21.661185979354897
COc1cc2c(cc1OC)C(=O)/C(=C/c1ccc(C(=O)O)n1-c1ccc3c(c1)CSC3)O2,21.63012197508162
Oc1nc(OCc2ccc(OC(F)(F)F)cc2)c2c(n1)SCC(c1ccccn1)O2,21.62457478126145
Cc1c(/C=C2\SC(=O)NC2=O)n(C)c2ccc(OCCn3cnc4ccccc43)cc12,21.608426098657986
COc1cc(Cn2c(O)nc3cc(Cl)cc(Cl)c32)sc1-n1cnc(C)n1,21.60431744214455
O=C(O)COc1cccc(Sc2cc(=O)n3nccc3n2Cc2cccc(Cl)c2)c1,21.586994768195876
COc1ccc(-c2ccc3c(nnn3Cc3ccc(-c4ccc(C(=O)O)cc4)cc3)n2)s1,21.56906946772954
COc1cc2c(cc1C=O)nc(O)n2Cc1csc(-c2ccc(Cl)cc2Cl)n1,21.563173572304507
COc1ccc(O)c(Oc2ncnc3c2n(-c2cc(Cl)c(Cl)s2)c(=O)n3C)c1,21.552029749552002
COc1ccc(-c2nc3ccccn3c2/C=C2\Sc3cc(OC)c(O)cc3C2=O)cc1,21.55063493843029
COc1ccc(-c2nnn(-c3ccc(OC(F)(F)F)cc3)c2/C=C2/CNC(=O)S2)cc1,21.534727455311003
O=C(O)CSc1nnc(-c2ccc(Cl)cc2OCc2ccc3c(c2)OCO3)s1,21.524070586311236
CCSc1nc(C)c2c(n1)n(-c1ccc(O)cc1)c(=O)n2-c1cc(Cl)c(Cl)cn1,21.519995930780027
COc1cc2c(s1)n(C)c(=O)n2Cc1ccc(Cl)c(Oc2cccc(C(=O)O)c2)c1,21.499079529122717
COc1ccc(-n2nc(C(=O)O)c3c2CCc2cc(Cn4cncc4C)sc2-3)c(F)c1,21.496873376493326
Cn1c(=S)n(Cc2cc(N)no2)c2nc(OCc3ccc(Cl)c(Cl)c3)ccc21,21.4890869811668
COc1cc2c(=O)c3cc(C(=O)Nc4nc5ccccc5s4)ccc3n(C)c2cc1OC,21.479045984204113
COc1ccc(-n2c(=O)n(-c3ccc(Cl)cc3)c(=O)c3c(SCC(=O)O)cccc32)cc1,21.472646754347057
COc1ccc2c(c1)nc(-c1nc(C)cnc1O)c(=O)n2Cc1ccc(C(F)(F)F)s1,21.47259037112798
COc1cccc(-c2nn(Cc3ccc(C(=O)O)cc3)c3cc(N4CCOCC4)ccc23)c1,21.47010717987735
COc1ccc(-c2nc3cc(O)c(OC)nc3n2-c2nc3c(s2)CC(F)(F)CC3)cc1,21.469170286800175
COc1ccc(-c2ccc(OC)c3c2c2sc(Cl)cc2c(=O)n3CC(=O)O)s1,21.457055385636448
Cc1cc(OCC(=O)O)sc1-c1nnn(Cc2ccc(Cl)cc2C(F)(F)F)n1,21.43440665445319
Cc1cc(-c2nnn(-c3ccc(C(=O)O)cc3)n2)cc(N2CC2)c1Oc1ccc(Cl)cc1,21.421145952452665
Cn1c(OCc2cc(-c3ccc(O)cc3)nn2-c2ccc3c(c2)OCO3)ccc(Cl)c1=O,21.416252738531202
COc1ccnc2c1nc(Sc1ccc(O)nc1)n2Cc1ccc(Cl)c(Cl)c1,21.412459429299446
O=C(O)COc1cc(Sc2ccc3c(c2)OCO3)ccc1-n1ccnc1-c1ccccc1,21.398452746814524
COc1ccc(Nc2nc(Oc3ccc(Cl)cc3)c3c(n2)N(C)CCO3)c2c1CCO2,21.394189093473564
O=C(O)c1ccc(Cn2nc(SCC(=O)c3ccccc3)c3c2SCCO3)cc1,21.382645471328228
O=C(O)c1ccc(OCCn2cc(-c3cc4ccccc4o3)c(N3CCSCC3)n2)cc1,21.366699654192317
O=C(O)c1nc(Cn2nnc3c(OCc4ccc(Cl)cc4)c(Cl)ccc32)cs1,21.36559470110562
COc1ccc(-c2nnn(-c3ccccc3Cl)n2)cc1OCc1ccc2c(c1)OCO2,21.365445138458956
O=C(CSc1cn2c(n1)CN(c1ccc(C(=O)O)cc1)CC2)Oc1ccc(Cl)cc1,21.350226780301494
COc1ccc(-c2nc(C(=O)O)sc2Cn2c(=O)n(C)c3ccc(Cl)cc32)cc1,21.33316392545068
COC(=O)C1Cc2c(OCc3cn(-c4ccc(Cl)c(Cl)c4)nn3)ccc(O)c2S1,21.329618964558417
CSc1nc2c(-c3ccc(O)c(Cl)c3)nnc(SCc3ccccc3Cl)n2n1,21.316153796910882
Cc1nc2c(=O)n(-c3cn(C)c4ccccc34)sc2cc1OCc1ccc(C(=O)O)cc1,21.307950334837113
COc1ccccc1Oc1ccc(Cn2c3c(c4nc(Cl)nc(C)c42)OCCN3)cn1,21.300599812743247
Cc1cc(Cn2ccc3c4ccccc4n(-c4nccs4)c(=O)c32)ccc1OCC(=O)O,21.28993903867534
COc1cc(-c2nnnn2Cc2ccc(C(F)(F)F)cc2)c2sc(NC(C)=O)cc2c1,21.279074452800828
COc1cc(OC)c2c(c1)[SH](c1cccc(O)c1)/C(=C\c1ccc3c(c1)OCO3)C2=O,21.2647783976328
COc1ccc(Cn2c(=O)n(-c3ccc(C(=O)O)c(OC)c3)c3cc(Cl)ccc32)cc1,21.241887126679135
COc1ccc(-n2cc(Sc3cc(C)c(O)c(Cl)c3)c(=O)n3ncnc23)cc1Cl,21.23961392839584
COc1ccc(-c2nc3c(n2Cc2ccc(C(=O)O)cc2)SCCS3)c(Cl)c1C,21.239579775046895
Cc1ccc(Sc2nc(O)c3c(n2)n(C)c(=O)n3Cc2ccc(Cl)cc2Cl)cc1,21.23746768335756
COc1cc2c(c(OC)c1)C(=O)/C(=C/c1cc3cccc-3n(Cc3nccs3)c1)C(=O)N2,21.226102900609934
COc1cc2c(cc1OC)C(=O)/C(=C/c1ccc(-c3ccc(C(=O)O)cc3)s1)SC2=O,21.222389966353884
COc1ccc(-n2nc(C(=O)O)c3c2CCN(c2nc(C)cc(-c4ccccc4)n2)C3)cc1,21.214936833202756
COc1cc2c(cc1OC)C(=O)/C(=C/c1cccc3c1sc(=O)n3Cc1cscn1)N2,21.207716430933754
COc1c(Cl)ccc(Sc2ncc(C(=O)O)c(=O)n2Cc2cccs2)c1Cl,21.205974425180457
CSc1nn(-c2ccc(Oc3n[nH]c4sccc34)c(Cl)c2)c(=O)n1CC1CC1,21.204584695087334
Cn1c(=O)n(CCOc2cccc3sc(-c4ncccc4O)nc23)c2ccc(Cl)cc21,21.20427237747608
COc1ccc2c(-c3[nH]nnc3C)nn(Sc3cc(C(F)(F)F)cc4c3OCO4)c2c1,21.200436781943026
Oc1nc2cc(OCc3nnc(-c4ccccc4)s3)ccc2n1Cc1ccc(F)cc1,21.194762583383994
COc1cc2c(cc1O)O/C(=C\c1cc(-c3cccc(N4CCOCC4)c3)cs1)C2=O,21.191646990260015
COc1ccc(SC(F)(F)F)c(-c2c(C(=O)Nc3nncs3)noc2C)c1,21.18982036074742
COc1ccc(-c2nc(Sc3ccc4c(c3)OCCO4)c3ncc(O)c(C)c3n2)cc1,21.188347509215344
Cn1nc(Sc2cccc(Cl)c2)c(S(=O)(=O)O)c1Sc1ccc(Cl)cc1,21.18760526254522
Cn1cc(-c2cc(Sc3ccc4c(c3)OCO4)ccc2OCC(=O)O)c2cccnc21,21.186762345580362
COc1ccc(-c2cc(C(=O)O)nn2Cc2csc3ccccc23)cc1N1CCCC1=O,21.186306155129284
COc1cccc(Cn2c(=O)n(-c3nc4cc(Cl)ccc4s3)c3nc(N)cc(C)c32)c1,21.184658721910644
Oc1ncn(CCOc2ccc(Oc3ccc(Cl)c(Cl)c3)cc2F)c2nnnc1-2,21.179794699677437
COc1ccc(-c2ccc3nc(C(=O)O)n(Cc4csc(C(F)(F)F)n4)c3c2)cc1,21.178006989353417
Oc1nc(-c2ccc(OCc3ccccc3)nc2)nn2cc(Sc3ccc(F)cc3)nc12,21.177020728199544
Cn1nnc(-c2ccc(OCc3ccc(Cl)cc3)c(Cl)c2)c1Sc1nnn[nH]1,21.157264643742053
Oc1cc(Cl)ccc1OCc1cc(-c2cn(Cc3cccc(Cl)c3)nn2)ns1,21.152475337534174
COc1ccc(Cn2c(Sc3cncc(C(F)(F)F)c3)[n+]([O-])c3cc(O)ccc32)cc1,21.1454872022475
COc1cc(O)c2c(=O)c(Sc3ccc(Cl)cc3)c(Cn3ccnn3)sc2c1,21.138923700094452
COc1cc2oc(-n3ccc(N4CCOCC4)n3)c(O)c2cc1Oc1ccc(Cl)cc1,21.126174097592823
COc1cccc(Sn2c(=O)n(-c3ccc(Cl)cc3C(=O)O)c3ccccc32)c1,21.120038276114848
COc1cc(OC)c(Oc2csc3cc(/C=C4\SC(=O)NC4=O)ccc23)c(F)n1,21.101117754156945
COc1ccc(-c2csc(Oc3ccc(N4CCOC(C(=O)O)C4)cc3Cl)n2)cc1,21.100280839572573
Cc1csc(Cn2c(OCc3ccc4c(c3)OCO4)nc3cc(Cl)ccc32)n1,21.10020069303487
COc1ccc(-c2c3c(Cl)cc(C(C)(C)C)cn3c(=S)n2CC(=O)O)cc1OC,21.092196776697577
CS[SH]1C(=O)NC(=O)/C1=C/c1ccc(Cl)c(OCc2ccc3c(c2)OCO3)c1,21.084714004161736
CC(=O)c1ccc(OCCn2nc(-c3ccc(C(=O)O)cc3)c3c2SCCS3)cc1,21.084039909052166
COc1cccc(OC(=O)c2c(O)nn(-c3ccc(Cl)c(Cl)c3)c2-n2ccnc2)c1,21.082818132474298
COc1ccc(-c2nnn(-c3ccc(Cl)cc3)n2)cc1Oc1cccc2c1CCCO2,21.080340727533855
FC(F)(F)Oc1ccnc(NC2CCN(Cc3cccc(Oc4ncco4)c3)CC2)n1,21.080016545199452
CN1CCN(c2cc(C(=O)O)ccc2OCc2nnc(-c3ccc(Cl)c(Cl)c3)o2)C1,21.07377411756274
Cn1c(-c2ccc(N3CCOCC3)cc2)nc2c(Oc3ccc(C(=O)O)nc3)cccc21,21.04899124874397
COc1ccc(Sc2nnnc3c2c(C)nn3Cc2ccc(Cl)cc2Cl)cc1,21.041763224780247
COc1ccc(OC)c2c1S/C(=C\c1ccc(-c3cc(C(=O)O)ns3)cc1)C2=O,21.030347676967395
COc1ccc(-n2sc(=S)n(-c3ccc(C)c(Cl)c3)c2=O)cc1C(=O)OC(C)=N,21.02351603129001
Cn1c(COc2cccc(C(=O)O)c2)nc2cccc(Sc3ccc4c(c3)OCO4)c21,21.023292880437225
O=C(O)COc1ccc(Sc2c(Cl)nnn2-c2cccc(Cl)c2Cl)cc1,21.016704497994425
COc1ccc(Cn2c(=O)nc(Sc3ccc(Cl)c(F)c3)c3ccc(O)nc32)cc1,20.992574397693314
COc1c(Oc2ccc(Cl)cc2)ccc2c1n(C)c(=O)n2Cc1ccc(C(=O)O)s1,20.95682940033688
Oc1ccc(Oc2cccc(OCCN3CCOCC3)c2Cl)c2c3c(oc12)OCOC3,20.942847859715584
COc1ccc(-c2nnn(C3CCNCC3)c2OC)cc1Oc1cccc2c1CCCO2,20.936943884784057
NC(=O)n1nc(Sc2ccc(Cl)cc2)c2ccc(OCCn3cnc4ccccc43)cc21,20.935001260396803
C#CSc1cnnn1-c1ccc(C(=O)O)cc1OCc1ccc(OC(F)(F)F)cc1,20.928253227489968
Cn1c(=O)sc2nc(SCc3ccc(Cl)cc3)n(Cc3ccc(C(=O)O)cc3)c21,20.916722740183257
COc1cccc(COc2c(Cl)ccc3c2OC/C3=N\Nc2nnc3ccccc3n2)c1,20.90184267884866
COc1ccc2c(-c3nnc(Nc4ccc(N5CCCC5)cc4Cl)nn3)cn(C)c2c1,20.90110829911026
COc1cc2c3c(n(Cc4ccc(C(F)(F)F)s4)c2cc1OC)C(C(=O)O)CCC3,20.889972553977366
O=S(=O)(c1ccccc1)n1cc(-c2cc(OCc3ccccc3)cc(O)n2)sc1=S,20.866189298426992
COc1ccccc1Oc1sc(-n2c(=O)n(C)c3cc(O)ncc32)cc1Br,20.856762063390757
O=C(O)COc1ccc2nc(Sc3ccccc3)n(Cc3cccc(Cl)c3)c2n1,20.855234085551455
COc1cc2c(cc1C)n(-c1nc3cc(C(=O)O)ccc3s1)c(=O)n2Cc1ccccc1,20.834033494040987
COc1cc(OC)c2c(c1)C1(CCN(c3nc(C)ns3)C1)c1c(Cl)cc(O)cc1O2,20.832134457917903
CC1=NN(c2c(Sc3ccc(Cl)cc3)c(OCC(=O)O)nc3ccccc23)CCO1,20.830318460371416
COc1ccc2c(c1OC)n(Cc1ccc(Cl)s1)c(=O)n2-c1ccc(C(=O)O)cc1,20.810275602745403
Cc1cc(OCc2cn(-c3ccc(Cl)c(Cl)c3)nn2)ncc1-n1c(C)n[nH]c1=S,20.783674825397647
Cn1cnc(Cl)c1Sc1c(O)nc2ccccc2c1OCc1ccc2c(c1)OCO2,20.773634502359695
CSc1c(-c2ccc(N3CCOCC3)cc2)c(=O)oc2c(OCC(=O)O)cc(F)cc12,20.76847577920437
COc1ccc2nc(O)c(Sc3ccc(-c4ccc(N5CCOCC5)nc4)cc3)nc2c1,20.754462346805045
COc1ccc(Cl)cc1-c1nnn(Cc2ccc(Cl)cc2Cl)c1SC(=O)O,20.75045477635809
O=C(O)c1ccc(-c2csn(CCOc3cc(-c4ccccc4)cs3)c2=O)cc1,20.734969481990383
COc1ccc(-c2cccc3nc(SCC(=O)O)n4nc(N5CCCCC5)cc4c23)cc1,20.721815703837056
COc1ccc(-c2nn(Cc3cccc(Cl)c3Cl)c(=O)n2-c2nc(O)cs2)cc1,20.71913765623008
O=Cc1cc(-n2nnnc2-c2ccc(OCc3ccc(Cl)cc3Cl)cc2)ccc1O,20.696342099493936
COc1ccc(C2=C(C)Sc3cnn4c(=O)n(Cc5ccc(C(=O)O)cc5)c(c34)=C2)cc1,20.690937834323673
C[SH]1C=C(C(=O)O)C(Sc2ccccc2)=C1c1nnnn1Cc1ccccc1Cl,20.681892309747553
COc1ccc(O)c(Oc2cc3c(s2)c(=O)n(-c2ccc(C(C)(C)C)cc2)c(=O)n3C)c1,20.66931943323716
COc1cccc(N2CCN(c3nc(Oc4ccc(Cl)cc4)c4c(O)noc4n3)CC2)c1,20.659971557791213
O=C(O)Cn1cnnc1-n1nc(-c2ccc(OCc3cccc(Cl)c3)cc2)ccc1=S,20.655056932531032
COc1ccc2nc(Sc3ccc(Cl)c4[nH]nc(C(=O)OC(C)(C)C)c34)n(C)c2c1,20.652860643441652
COc1ccc(C(=O)Nc2nc(Cl)c(-c3ccc4c(c3)OCCO4)s2)c(OC)c1,20.650982809598396
COc1ccc(-c2nc3c(Sc4ccc(O)cc4)nn(C)c3n(C3CCCC3)c2=O)cc1,20.644536645248174
O=C(O)c1nc(Sc2ccccc2Cl)n(CCOc2ccc(Cl)c(Cl)c2)n1,20.639935628309733
O=Cc1nc2c(Cl)ccc(OCC(=O)O)c2n1Sc1cccc(OC(F)(F)F)c1,20.598687778236137
COc1ccc(-c2cn(Cc3ccc(Cl)cc3)c3ncnc(N4CCC(N)=N4)c23)cc1,20.59775603716221
O=C(O)c1cnn(-c2cc(OCCN3CCCCC3)ccc2-c2nc3ccccc3s2)c1,20.584405652582102
COc1ccc2c(c1)n(-c1nc(N)cs1)c(=O)n2Cc1cccc(OC(F)(F)F)c1,20.577363500447362
O=C(O)Cn1nnc(COc2ccc(Cl)cc2Cl)c1Sc1cccc(Cl)c1,20.564493524270887
COc1ccc2c(c1)n(Sc1cccc(Cl)n1)c(=O)n2Cc1ccc(C(=O)O)cc1,20.552641828053694
Cc1nc2c(NCc3cn(C4CC4)nn3)ncnc2n1Cc1ccc(Cl)c(Cl)c1,20.552058945691005
COc1cccc(Oc2cc(Cl)cc3c2nc(N2CCC(C(=O)O)CC2)n3C)c1,20.542884642673332
Cc1cc(OCc2cc(Cl)cc(Cl)c2)ccc1-n1c(N)nn(-c2nccs2)c1=O,20.525215881267155
Cc1nc(-c2ccc(C(=O)O)nc2)n(C)c1COc1c(Cl)cc(Cl)cc1Cl,20.51823784663144
COc1cc2c(cc1O)nc(SCc1cc(Cl)cc(Cl)c1)n2-c1cnccn1,20.518045680890175
COc1ccc(Cn2c(Sc3ccc4c(c3)OCO4)cc3ccnc(C(=O)O)c32)cc1,20.490987405321956
COc1cccc(Sc2nnnc3c(O)nn(Cc4cccc(C(F)(F)F)c4)c23)c1,20.469657462825808
COc1ccc2c(c1)c(-n1nnnc1N)c(Sc1ccc(Cl)c(C(F)(F)F)c1)n2C,20.46799132661162
O=C(O)c1cc(Cl)ccc1OCCn1nc(Sc2ccc(Cl)cc2)c2c1COC2,20.465120636875245
COc1ccc(/C=C2/C(=O)C(Sc3ccccc3)=CS23CCCO3)cc1OCC(=O)O,20.464055711936627
O=C(O)n1nc(Sc2ccc(F)cc2)c2ccc(OCCn3cnc4ccccc43)cc21,20.450462999386588
COc1ccc2c(c1)n(Sc1ccc(Cl)cc1)c(=O)n2-c1cc(C(=O)O)cc(C)n1,20.447577880709385
COc1cc(-c2nnc(Sc3ccc(O)c(C(F)(F)F)c3)n2C)c(C#N)cc1Cl,20.444719420648138
COc1ccc(-n2c(=S)n(C)c3cc(Oc4ccc(F)c(Cl)c4)ccc32)nc1N,20.436175217155746
COc1cc(=S)c2c(C(=O)O)nn(Sc3cccc(Cl)c3Cl)c2cc1OC,20.43282503641462
COc1ccc(-n2c(=O)n(Cc3ccc(C(=O)O)cc3)c3c2c2ccccc2n3C)s1,20.432470375861804
COc1ccc(-c2nsc(N3CCN(c4ccc(C(=O)O)cc4)CC3)c2C#N)cc1C,20.426388683619837
COc1ccc(Cl)cc1Cn1c2cc(Cl)ccc2n2nc(SCC(=O)O)nc12,20.413299137259653
O=C(O)SCC(Oc1ccc(Cl)nc1)c1cn(-c2ccc(Cl)c(Cl)c2)nn1,20.403246938319484
Cc1ccc2ccccc2c1OCCn1c(=O)n(-c2nc(C(=O)O)cs2)c2ccccc21,20.40067596604515
COc1ccc(Oc2ccc(Cn3c4c(c5nc(Cl)nc(C)c53)OCCN4)cn2)cc1,20.38540906859896
COc1ccc(Cl)c(C(=O)Nc2nnc(-c3ccc4c(c3)SCCO4)s2)c1OC,20.38390964713418
Cn1cc2ncn(-c3ccc(C(=O)O)cc3)c(=O)c2c1Sc1ccc(Cl)cc1Cl,20.378467549076703
Cc1nonc1CSc1nc2c(O)c(F)ncc2n1Cc1cc(Cl)cc(Cl)c1,20.324967847553555
COc1cc2c(nn1)nc(Sc1ccccn1)n2Cc1ccc(OC(F)(F)F)cc1,20.32456189090919
COc1ccc2nc(Sc3ccc(Cl)cc3)n(-c3ccc(C(=O)O)c(=O)n3C)c2c1,20.314429846430617
COc1cc(Cl)ccc1Oc1ccc(-n2nnn(-c3ccc(O)c(Cl)c3)c2=O)cc1,20.29272892884105
O=C(O)COc1ccc(Cl)cc1Sc1cc(-c2ccc3c(c2)OCO3)nn1C1CC1,20.28469246308673
COc1ccc(-c2ncnc3c2nc(SCC(=O)O)n3Cc2cccc(Cl)c2)cc1,20.272768688225625
Cc1ccc(OCCn2nc(C(=O)O)c3c2cnn3-c2ccc(Cl)cc2Cl)s1,20.24427494572816
O=C(O)CSc1nnc(-c2cc(F)cnc2OCc2cccc(C(F)(F)F)c2)s1,20.225476370203996
Cn1cc(-c2c(Cl)ccc3c2nc(Sc2ccc4c(c2)OCO4)n3C)cc1C(=O)O,20.22284099583298
O=C(O)c1cc(Oc2cc(Cl)cc(OCCN3CCOCC3)c2)c2ccsc2n1,20.21906451300997
COc1ccc(Cn2c(Sc3ccc(Cl)cc3)nc3c(O)c(Cl)ccc32)cc1,20.203916192672775
COc1cc(Oc2ccc(Cl)cc2)c(Sc2ccc3c(n2)OCCO3)cc1C(=O)O,20.15714061044956
COc1cccc(Oc2cccc3c2n(-c2cc4ccccc4s2)c(=O)n3CC(=O)O)c1,20.140836835363128
COc1ccc(Oc2cc(-c3nnn(-c4ccc(Cl)cc4)n3)cc3c2ccn3C)cc1,20.140236167001774
COc1ccc(OCC(=O)O)c(Cn2nnc3sc4c(Cl)c(Cl)ccc4c32)c1,20.127372401157473
Cn1c(=O)n(Cc2ccc(C(=O)O)s2)c2cc(Oc3cc(F)nc(Cl)c3)ccc21,20.103490431406325
COc1ccc(-c2nc(N3CCCC3)c(Cn3nc(C(=O)O)c4ccccc43)s2)cc1,20.101021380163253
COc1ccc(-n2c(Sc3ccc4c(c3)OCCO4)nc3cc(C(=O)O)ccc32)cc1,20.08931212268308
COc1cc2c(c(OC)c1O)C(=O)/C(=C/c1cn(C3CCSCC3)c3ccccc13)O2,20.07563195350894
COc1ccc2c(c1)n(-c1nc(C)cc3ccccc13)c(=O)n2Cc1ccc(C(=O)O)s1,20.071222122138764
COc1cc(OC)c2c3cc(-c4ccc5c(c4)SCO5)ccc3c(=O)n(CC(=O)O)c2c1,20.068521260212854
O=C(O)COc1cc2ccc(=O)n(Cc3nccs3)c2cc1Sc1cccc(Cl)c1,20.059246019599442
COc1cc(-n2nnn(-c3cccc(Cl)c3)c2=O)c(O)cc1Oc1ccc(Cl)cc1,20.0586034434171
Cc1cc(Oc2ccc(Cl)cc2)c2sc(N3CCOCC3)nc2c1OCC(=O)O,20.058294523860813
COc1ccc(-c2ccc3c(c2)n(Cc2ccc(C(=O)O)s2)c(=O)n3C)cc1Cl,20.051443290345595
Cn1cc(-c2ccc(Cn3c(SCC(=O)O)nc4ccc(Cl)c(Cl)c43)nc2)cn1,20.013462029251052
COc1ccc2nc(O)c(Sc3cc(Cl)cc(Cl)c3)c(-n3nnnc3C)c2c1,20.00585584754656
COc1cc2c(cc1OCC(=O)O)C(Cn1nnc3ccccc31)=Cc1ccccc1S2,20.00115071995044
COc1c(OCc2cc(Cl)cc(Cl)c2)c(Cl)cc2nc(-n3nccn3)oc12,19.995801648964896
COc1ccc(-c2cccc3c2nc(C(=O)O)n3Cc2csc(C(F)(F)F)n2)nc1,19.992528825975672
O=C(COc1cccs1)Nc1nnc(Sc2cccc(Cl)c2)n1-c1ccncc1,19.9747238823819
COc1c(/C=C2\SC(=O)NC2=O)ccc(OCc2ccc(C(F)(F)F)cc2)c1OC,19.952839195606803
COc1cc2c(cc1O)O/C(=C\c1nn(Cc3ccc(Cl)s3)c3ccccc13)C2=O,19.933315064276368
COc1ccc(-c2ccc(OCc3nnnn3-c3c(Cl)cccc3Cl)s2)cc1,19.928532583976654
Cn1c(=S)sc2c(=O)n(CC(=O)O)nc(-c3ccc(OCc4ccccc4)cc3)c21,19.92382140526415
COc1ccc(Nc2nc(Oc3cccc(Cl)c3)c(C(=O)N3CCOCC3)s2)cc1,19.89687909884109
COc1cc2c(cc1Oc1ccc(Cl)cc1)n(C)c(=O)n2Cc1csc(C(=O)O)c1,19.893985547092456
COc1ccc(-n2c(SCc3ccc(Cl)cc3Cl)nc3ncnc(O)c32)cn1,19.893019056987917
Cc1cc(Sc2nnc(N3CCCCCC3)nc2C(F)(F)F)ccc1OCC(=O)O,19.89018668676453
Cn1cc(SC(F)(F)F)c2cc(OCc3cn(-c4ccc(C(=O)O)cc4)nn3)ccc21,19.871203876554425
CCn1cnc2c(nc(Nc3ccc(Oc4cccc(Cl)c4Cl)cc3)n2C)c1=O,19.854541883879882
COc1cc(OC)c2c(c1)S/C(=C\c1cc(-c3ccc(N4CCOCC4)cc3)no1)C2=O,19.852900375652553
Clc1ccc(COc2cnc(/C=N/Nc3nnc(-c4cccnc4)s3)cc2Cl)cc1,19.84332141353369
FC(F)(F)Oc1ccc(COc2ccc(-c3nn(-c4ccccn4)c(=S)[nH]3)nn2)cc1,19.811990770605643
COc1ccc(/C=C2\SC(=O)NC2=O)c(Oc2c(OC)cnc3cc(Cl)sc23)c1,19.800555612567766
COc1ccc(-n2nnc(Cl)c2OCc2cc(Cl)cc(Cl)c2)c2c1nc(O)n2C,19.766253692358866
Cn1c(=O)n(Cc2ccc(C(=O)O)cc2)c2cccc(OCc3nc4ccccc4s3)c21,19.764876422447195
O=C(O)Cn1c(-n2ccc(-c3ccc(OCc4ccc(Cl)cc4)cc3)n2)nccc1=S,19.76452467294441
Cn1cc(/C=N/Nc2nccs2)c(=O)n2cc(OCc3ccc(Cl)cc3Cl)cc12,19.75251746726326
Cn1cc(Sc2c(Cl)cccc2OCc2cn(-c3cccc(Cl)c3)nn2)nn1,19.751514062204752
COc1ccc(-n2c(O)nc(=O)c3ccc(OCc4nc5ccccc5s4)cc32)cc1F,19.71171360246794
Cn1c(Sc2ccc3c(c2)OCO3)c2ncnc(O)c2c1COc1ccc(Cl)cc1,19.7080110887098
C=Cc1c(OCc2cccc(Cl)c2)ccc2c1n(C)c(=O)n2-c1nc(C(=O)O)cs1,19.703889002614574
COc1cc(Sc2nnnn2C)c2c(c1)nc(C)n2Cc1ccc(Cl)cc1Cl,19.69638713110134
COc1ccc(-c2ccc(OCC(=O)O)c(C(=O)OC(C)(C)C)c2C(C)(C)C)cc1,19.68224649770642
COc1cccc(-c2nn(CC(=O)O)c(=O)n2-c2cccc(Cl)c2SC(C)(C)C)c1,19.681964054105677
Cn1c(=O)n(Cc2ncc(C(=O)O)s2)c2cc(Oc3c(Cl)cccc3Cl)ccc21,19.67640384346947
COc1cnc2c(c1Oc1ccc(Cl)cc1Cl)n(Cc1cscn1)c(=O)n2C,19.658890765728874
Oc1ccc(-n2nnc(-c3ccc(OCCn4cnc5ccccc54)cc3)n2)cc1Cl,19.63903311951476
O=C(O)COc1ccc(Sc2nc3c(F)cccc3c(=O)n2Cc2ccccc2)cc1,19.636764573221463
O=C(O)COc1ccc(Sc2cnnn2-c2ccc(Cl)c(Cl)c2)c(Cl)c1,19.601723181112405
O=C(O)c1ccc(-n2cc(-c3cc(COc4ccc(Cl)c(F)c4)cs3)nn2)cc1,19.582848700897326
COc1ccc(Oc2nn(-c3nc(C(=O)O)cs3)c3c2-c2ccccc2N(C)CC3)cc1,19.56682537750044
Oc1cn(CCOc2ccc3c(c2)COC3)c2nnnc(Sc3ccc(Cl)cc3)c12,19.56089568590354
COc1ccc2c(=O)n(Cc3ccc(C(=O)O)cc3)c(Sc3ccccc3)nc2c1,19.551503601531362
Clc1ccc(-n2nnc3c(Oc4ccc(OCCN5CCCCC5)cc4)ncnc32)cc1,19.528045469046212
COc1cc(Nc2ccc(SCc3cc(Br)cc4c3OCO4)nn2)ccn1,19.516558128464442
Cn1c(-c2ncc(C(=O)O)s2)nc2cc(OCc3ccc(OC(F)(F)F)cc3)ccc21,19.4892344661914
O=C(O)COc1ccc(Cn2c3ccccc3n3c(Sc4ccccc4)nnc23)cc1,19.473756688619034
COc1cc2nnc(Sc3ccc4c(c3)OCc3ccccc3C4O)nc2cc1OC,19.458245691583706
COc1ccc(Oc2ccc3nc(Sc4ccc(Br)cc4)n(O)c3c2)cc1,19.44262484990268
COc1ccc(-c2c(C)sc3c2c(=O)n(-c2ccccc2)c(=S)n3CC(=O)O)cc1,19.440376461419866
Cn1c(Sc2cccnc2)nc2c(OCc3ccc(OC(F)(F)F)cc3)ccnc21,19.433422567871915
Clc1ccc2c(c1Nc1nc(-c3ccc(OCCN4CCCCC4)cc3)no1)OCO2,19.40136945640585
COc1ccc(-n2c(Sc3cccc(O)n3)nn(-c3ccc(Cl)c(Cl)c3)c2=O)cc1,19.400884044105304
COc1cc2nc(-c3ccc(N4CCOCC4)cc3)c(C(=O)O)c(Cl)c2cc1OC,19.39821433624802
COc1ccc(-c2c(Sc3ccc4c(c3)OCCO4)noc2C)c(N2CCC(=O)N2)c1,19.397637077467362
Cc1cc(Cn2c(=O)c3sccc3n(-c3ccccc3Cl)c2=O)ccc1OCC(=O)O,19.39240231804558
CSc1ccc(Cn2c(-c3nnn(-c4ccc(O)cc4)n3)nc3ccc(Cl)cc32)cc1,19.344889739818647
COc1ccc(-n2c(SCC(=O)O)nc3ccc(-c4ccc5c(c4)OCO5)cc32)cc1,19.298359515006567
COc1c(O)cc2nc(SCc3ccc(-c4cccc5c4OCCO5)cc3)nn2c1F,19.288950814625192
O=C(O)c1cc(Br)sc1Oc1cc(Cl)cc(OCCn2ccnn2)c1,19.264272666566896
Cn1c(Sc2cc(Cl)c(-n3cccn3)cc2Cl)nc2cc(OCC(=O)O)ccc21,19.242728119060086
O=C(O)CSc1nc(Cl)cn1-c1ccc(Cl)c(OCc2ccc3c(c2)OCO3)c1,19.234302436741633
O=C(O)CN1CCC(n2cc(-c3ccc(OCc4ccc(Cl)cc4Cl)cc3)nn2)C1,19.195876564900647
Cc1cc(OCc2cccc(Cl)c2Cl)ncc1-c1nnc(SCC(=O)O)s1,19.189274108988048
COc1cccc(-c2nn(CC(=O)O)c(=O)c3cc(Sc4ccc(F)cc4)ccc23)c1,19.188986959783815
Cc1nnc(-n2c(SCC(=O)c3ccc(F)cc3)nc3cc(O)c(Cl)cc32)s1,19.174703404725594
O=C(O)CSc1nnnn1-c1ccc(Cl)c(OCc2ccc(Cl)c(Cl)c2)c1,19.170215780903998
COc1cccc(Oc2ccc(-n3c4c(c(SCC(=O)O)nc3=O)CCC4)cc2Cl)c1,19.169085764441206
COc1ccc(-c2nn(Cc3csc(C(F)(F)F)n3)c3ccc(C(=O)O)nc23)cc1,19.126601190222114
COc1cc(-c2nnn(-c3nccn3C)n2)cc(Cl)c1Oc1ccc(Cl)c(Cl)c1,19.125587368666018
COc1cn2c(=O)c3nc(Sc4ccccc4)n(Cc4ccccc4)c3nc2cc1O,19.101614278714745
COc1ccc(-c2cc3c(O)nc(=O)n(Cc4ccc(C(F)(F)F)s4)c3nn2)c(C)c1,19.06890056816879
Cc1c(Sc2cccc(OCC(=O)O)c2)n2ncnc2n1-c1ccc(Cl)c(Cl)c1,19.061717436642034
COc1cccc(-c2nn(-c3cc(Cl)c(Cl)cc3OCC(=O)O)c(=S)s2)c1,19.059606115796413
COc1ccc(Oc2c(-n3ccnc3)c(/C=C3\SC(=O)NC3=O)cc3c2ccn3C)cc1,19.03923529974997
COc1ccc(-c2nn(CC(=O)O)c(=O)c3scc(Sc4ccc(F)cc4)c23)cc1,19.03496284691269
COc1cccc(F)c1Oc1sc(-n2c(=O)n(CC(=O)O)c3ccccc32)cc1Cl,19.034758881661965
COc1ccc(Cn2c(Sc3ccc4c(c3)OCO4)nc3ccccc32)cc1C(=O)O,19.03159620338919
COc1ccc(OC(=O)Cn2c(S)nc3ccccc3c2=O)cc1Oc1ccccc1,19.017337029244587
COc1ccc(-n2c(=O)n(Cc3ccc(Cl)c(Cl)c3)c3cc(O)c(C=O)nc32)cc1,19.001753619521836
COc1ccc(OC)c2c1nc(O)n2Sc1cc(C(F)(F)F)cc2c1OCCCO2,18.996136242898938
O=C(O)CSc1nnc(-c2ccc(OCc3cccc(Cl)c3)nc2)n1C(F)(F)F,18.99156773903306
COc1c(Oc2ccc(C(=O)O)cc2Cl)cc2nc(N3CCOCC3)sc2c1C,18.982318722692902
COc1ccc(CSc2nc(O)c3nnn(-c4cccc(C(F)(F)F)c4)c3n2)cc1,18.97638653416068
COc1ccc2c(c1)n(-c1ccc(C(=O)O)cn1)c(=O)n2Sc1ccc(Cl)c(C)c1,18.97196930265227
COc1ccc2c(c1Oc1ccc(-n3cnn(-c4ccc(O)cc4)c3=O)cc1Cl)OC2,18.94950600988062
COc1cc2c(cc1OC)C(=O)/C(=C/c1ccc(-c3ccc(C(=O)O)cc3)s1)S2,18.914896099488267
COc1cccc(Cn2c(Sc3ccc(Cl)c(Cl)c3)nc3nc(O)nnc32)c1,18.89965659170038
COc1cc(N2CCOC2=O)ccc1Nc1ncc(Cl)c(Oc2ccc(Cl)cc2)n1,18.844996324332357
O=C(O)c1ccc(-c2cccs2)c(Cn2nnnc2SCc2ccc(F)cc2)c1,18.840271216465837
Cc1cc(Cl)ccc1-n1nnnc1Sc1c(OCC(=O)O)ccc(Cl)c1Cl,18.834355572702798
Cn1c(=O)n(-c2cc(C(C)(C)C)cc(C(=O)O)n2)c2ccc(OCc3ccccc3)cc21,18.807759226053424
Cc1csc(-c2cc(/C=C3\SC(=O)NC3=O)ccc2OCc2ccc3c(c2)OCO3)n1,18.80146946412088
O=C(c1cccs1)c1cnc(OCc2nnc(-c3ccc(Cl)cc3)s2)cc1O,18.767885631574252
COc1cccc(Oc2ccc(-n3nc(O)n(-c4ccc(Cl)cc4)c3=O)cc2Cl)c1,18.7619579334971
COc1ccc(-n2c(=O)nc(SCc3ccc(Cl)c(Cl)c3)n2C(=O)O)cc1C,18.696514987456887
COc1cc(OC)c2cc(-c3nnn[nH]3)n(Sc3ccc(Cl)c(Cl)c3)c2c1,18.67413995700356
COc1c(OCC(=O)O)ccc(Cn2c(=S)sc3c(Cl)ncnc32)c1Cl,18.671030710244757
Cn1nc(C(=O)O)cc1CSc1nc2ncccc2n1Cc1ccc(Cl)cc1Cl,18.657143434159806
O=C(O)c1csc(OCCn2c(=O)n(-c3ccc(Cl)c(Cl)c3)c3ccccc32)n1,18.563774402727475
O=C(O)Cn1nc(-c2ccc(OCc3ccccc3)c(Cl)c2)n(-c2cccs2)c1=O,18.553270036435315
COc1ccc(-n2c(=O)n(Cc3csc(C(=O)O)c3)c3cc(OC(F)F)ccc32)cc1,18.552212254468092
Cn1ncc2c(Oc3ccc(CN4CCCCC4)nc3)nc(Nc3ccc(F)cc3)nc21,18.549534411377426
COc1ccc(Cl)c(F)c1Oc1ccc2c(c1)n(-c1cc(C(=O)O)cs1)c(=O)n2C,18.5489331727658
Cc1nc(O)nc(Sc2nc3ccccc3n2Cc2ccc(OC(F)(F)F)cc2)n1,18.469048281129
COc1ccc(-c2nn(CC(=O)O)c(=O)c3scc(Sc4ccccc4Cl)c23)cc1,18.413761389685423
COc1ncc(Sc2sc(-c3ccccc3)nc2OCC(=O)O)cc1Br,18.411733926952383
COc1cc(Oc2c(Cl)ccc3c(C)c(C(=O)O)sc23)cc(N2CCOCC2)c1,18.408330139825747
On1c(Sc2ccc(Cl)cc2)nnc1-c1ccc(OCCN2CCCCC2)cc1,18.370772907041307
COc1cc2c(-n3nnnc3NCc3ccc(Cl)c(Cl)c3)nn(C)c2cc1Cl,18.356695160859285
COc1cc2c(cc1OC)C1=NN(c3ccc(C(=O)O)cc3)C(c3ccccc3)S1=N2,18.345838769534936
COc1ccc(-n2c(SCC(=O)O)nn(-c3cccc(Cl)c3Cl)c2=O)cc1F,18.306974169451024
O=C(O)Cn1c(Sc2ccc(Cl)cc2)c(SCc2ccccc2)c2nnncc21,18.295186392465133
Cc1cc(C(=O)O)nc(N2CCN(c3ccc(Oc4ccc(Cl)cc4)c(C)n3)CC2)n1,18.288683639098828
COc1cc(O)c2c(c1)CC(CSc1nnnn1-c1ccc(Cl)cc1Cl)=CC2=O,18.286637798435567
COc1ccc(-c2nn(Cc3ccc(C(F)(F)F)cc3)c3c(SC)nnn3c2=N)cc1,18.23081542994165
O=C(O)COc1ccc(-c2nnn(-c3ccccc3C(F)(F)F)c2SC2CC2)s1,18.227616027386187
COc1cc(OCc2cn(-c3ccc(C(=O)O)cc3)nn2)c(C(F)(F)F)cc1Cl,18.2146677551155
COc1ccc(-c2cc3n(Cc4csc(C(F)(F)F)n4)c(=O)c(C(=O)O)cn3c2)cc1,18.200364084431406
COc1ccc2nc(-c3cnc(N)nc3SC)n(Cc3ccc(C(F)(F)F)s3)c2c1,18.15413406544172
COc1ccc2nc(-c3ccc(N4CCCC4)cc3)n(Cc3cnc(C(=O)O)s3)c2c1,18.036277277257437
O=C(O)c1ccnc(-n2nccc2Oc2ccc(OCCN3CCCCC3)cc2Cl)c1,18.010900774929134
COc1ccc(-n2nnnc2SCc2ccc(C(F)(F)F)cc2)c2c1CCC(O)O2,18.00455094631336
Cc1cc(Oc2ccc(-n3ncc(=O)n(-c4ccc(O)cc4)c3=O)cc2Cl)sc1C,18.00360583926617
COc1ccc(/C=C2/C(=O)N(CC(=O)O)C(=S)[SH]2(=S)C(C)(C)C)cc1OC,17.99431872907889
COc1cc2nc(N3CCC(C(=O)O)C3)n(C)c2cc1Oc1ccc(Cl)cc1Cl,17.982410263031145
O=C(O)COC(=O)CSc1nc2cc(Cl)c(Cl)cc2n1Cc1ccsc1,17.974520767569878
Cn1c(Sc2ccc(Cl)cc2)nc(CC(=O)O)c1Sc1ccc2c(c1)OCO2,17.970148844752003
O=C(O)CSc1nnc(-c2ccc(OCc3cccc(C(F)(F)F)c3)cc2)s1,17.950352148525713
Cc1cn(-c2nc(C(=O)O)cs2)c(=O)n1-c1ccc(OCc2ccccc2)c(Cl)c1,17.923527631705692
COc1ccc2nc(Sc3cccc4c3OCO4)n(Cc3cccc(C(=O)O)c3)c2c1,17.919817424814354
O=C(O)Cn1c(-n2nc(-c3ccc(OCc4ccccc4)cc3)ccc2=O)csc1=S,17.91980851171808
COc1ccc(Oc2sc(-n3c(=O)n(CC(=O)O)c4ccccc43)cc2Cl)cc1F,17.908071471729038
COc1ccc(OC(=O)Nc2ccc(OC)c(-c3csc(N4CCOCC4)n3)c2)cc1,17.8817452641239
O=C(O)COc1cc(Sc2ccccn2)cc2c1nnn2Cc1ccc(Cl)cc1Cl,17.79963606899136
COc1cc2c(cc1-c1nnc(O)s1)n(Cc1ccc(Cl)cc1Cl)c(=O)n2C,17.794948537110013
Cn1c(=O)n(-c2nc(C(=O)O)cs2)c2cc(C3CCCC3)c(OCc3ccccc3)cc21,17.76868794644978
Cn1c(=O)n(Cc2ccc(Oc3ccc(C(=O)O)cc3)cc2)c2cc(-n3cccn3)ccc21,17.762207267486403
COc1ccc(Cl)cc1Oc1ccc(-n2nnn(-c3ccc(O)cc3)c2=O)cc1Cl,17.745550784017386
COc1ccc(=O)c2nc(Sc3cn(C)nn3)n(Cc3ccc(Cl)c(Cl)c3)c2c1,17.710795443565058
COc1ccc(-n2c(=O)n(Cc3csc(C(=O)O)n3)c3cc(Cl)c(C)cc32)c(F)c1,17.70717213428495
O=C(O)COc1ccc(Cn2nnnc2Sc2cccc(Cl)c2Cl)cc1Cl,17.70151296554186
O=C(O)COc1ccc(Cl)c(Sc2nnnn2Cc2ccc(Cl)cc2Cl)c1,17.578436824538986
COc1ccc(-c2nn(CC(=O)O)c(=O)c3cc(Sc4ccc(F)cc4)sc23)cc1,17.56266627339063
Oc1c(-c2ccc(OCCn3cnc4ccccc43)s2)nnn1-c1ccccc1Cl,17.527098075145062
Cn1c(Sc2cccc(Cl)c2)nc(-c2ccc3c(c2)OCO3)c1SCC(=O)O,17.526236028768658
COc1cccc(Oc2cc3c(cn2)c(O)nc(=O)n3Cc2ccc(C(F)(F)F)s2)c1,17.472260527679563
CCOc1ccc2c(c1)n(Cc1ccc(Cl)cc1F)c(=O)n2-c1nc(C(=O)O)cs1,17.419283203275366
COc1ccc(Cn2c(=S)n(-c3ccc(C(=O)O)o3)c3cc(Cl)ccc32)cc1OC,17.415425665444683
COc1cc(/C=C2\SC(=O)NC2=O)c(Sc2nc3ccccc3s2)c(OC)c1,17.39387465018858
COc1ccc2nc(-c3ccc(N4CCOCC4)cc3)n(Sc3cccc(C(=O)O)c3)c2c1,17.35000197384075
COc1cc(OCc2ccc(OC(F)(F)F)cc2)c(/C=C2\SC(=O)NC2=O)s1,17.280370318343497
Oc1ccc(-n2nnc(-c3ccc(OCCn4cnc5ccccc54)cc3)n2)c(Cl)c1,17.202997991774517
COc1cc2c(cc1OC)C(=O)/C(=C/c1cn(Cc3nccs3)c3ccccc13)C(=O)N2,17.101419036121467
O=C(O)CSc1nc(Cl)ccc1OCc1cn(-c2ccc(Cl)c(Cl)c2)nn1,16.906833430249854
Oc1cc(Oc2ccc(Cl)cc2)ccc1OCc1nnn(-c2ccc(Cl)cc2)n1,16.815958644289225
O=C(O)COc1ccc(-c2nnn(Cc3ccccc3)c2SC(F)(F)F)cc1Cl,16.80483104321182
COc1cc(-n2ncn(CC(=O)O)c2=O)cc(Cl)c1Oc1cc(Cl)cc(Cl)c1,16.799070254900744
COc1ccc(-c2cc(Sc3ccc4c(c3)OCCO4)c(C(=O)O)s2)cc1OC,16.796333580420747
COc1ccc2c(c1)nc(Sc1ccc3c(c1)OCO3)n2Cc1ccc(C(=O)O)cc1,16.713042274762916
COc1cc(/C=C2\SC(=O)NC2=O)c(Sc2ccc3c(c2)OCCO3)c(OC)c1,16.275369452413972
COc1cc(OC)c2nc(C(=O)O)n(Sc3ccc(Cl)c(C(F)(F)F)c3)c2c1,16.25117098200316
COc1cc2c(cc1OC)n(-c1cccc(C(=O)O)c1)c(=O)n2Cc1ccc(Cl)s1,16.21506921632279
O=C(O)c1ccc(Cn2c(Sc3ccc(Cl)cc3)nc3c(N4CCC4)ncnc32)cc1,16.14095557746986
[C-]#[N+]c1sc(NC(=O)CSc2nnnn2-c2ccc(Cl)c(Cl)c2)cc1OC,15.96594946872946
O=C(O)c1csc(N2CCN(Cc3ccc(Oc4ccc(Cl)cc4)cc3)CC2)n1,15.932949604273215
COc1cc(Cl)c(/C=C2\SC(=S)N(c3ccc(C(=O)O)cc3)C2=O)cc1OC,15.851751852276335
COc1cc(OC)c2c(c1)n(Cc1ccc(Cl)s1)c(=O)n2-c1ccc(C(=O)O)cc1,15.792748279153091
O=C(O)CSc1nnn(-c2ccc(Cl)c(Cl)c2)c1OCc1ccc2c(c1)OCO2,15.36653172128334
COc1cc(/C=C2\SC(=O)N(Cc3ccc(OC(F)(F)F)cc3)C2=O)sc1O,15.18119788311869
COc1cc(/C=C2\SC(=O)NC2=O)cc(-c2csc(N3CCCCCC3)n2)c1OC,15.035599527613957
Cc1nc(C2CC2)sc1NC(=O)CSc1nnnn1-c1ccc(Cl)c(Cl)c1,13.140903873961731
