SMILES,log-likelihoodog
CCn1c(C(=S)S)cc(C#N)c2c(-c3nc(-c4csc(C)n4)nn3C)nnc1-2,30.70010480184805
CCc1ccn2nc(-c3scc4c3C(=O)n3c-4c(NC(C)=O)sc3=S)nc2c1,28.102240175535197
Cc1cc2c(-c3nnc(-c4nc(O)c5sc6nn(C)cc6c5n4)s3)nn(C)c2n1C,28.08929868884011
CSc1cc(=O)c2cc(C(=O)C3=C(C(=O)O)CCCS3)n(-c3ncco3)c2s1,27.14701948231377
CC(S)=N/C(=N/Nc1ncc2ccc(-n3nccn3)nc2n1)Sc1cccnc1,26.589724241331584
CN(c1ccccn1)S(=O)(=O)c1nc(N/N=C(\S)c2ccns2)sc(=S)n1,26.45428170713065
CSc1c(=S)sn2nc(-c3ccc(C(=O)O)s3)n(S(=O)(=O)c3ccco3)c12,26.101753017795435
CSc1nc(O)c2nc(-c3ccc(Oc4ccnc5ccccc45)nn3)sn12,26.08934218540326
COc1ccc(-c2nsc3nc(-c4noc(=S)n4-c4ccc(O)cc4)cn23)cc1,25.394505949889307
Cc1c(C)c2c(oc1=O)c(-c1nnc(SS)s1)nn2-c1ncn(C(F)F)n1,25.354772644005156
CNc1nc(-c2cscn2)n2c(n1)nc1c(Sc3ccc(C#N)s3)n(C)cc12,25.353294283028408
C/C(=N\Sc1nc2ccccc2s1)S/C(C=O)=N\c1cc2sccn2n1,25.166838760086335
COc1nc(-c2nnc3c(cnn3-c3cc4c(ccc(=S)n4C)s3)n2)ccc1O,25.072798388099976
O=C(O)CCn1nc(-c2cscn2)n2c(-c3ccccc3)nc(-c3nncs3)c12,25.007478165129392
S/C(=N\Nc1ncc2ccc(-n3nnc(-c4ccccn4)n3)cc2n1)c1nccs1,25.00291146926922
COC(=O)c1cnc(-c2ccc(-c3nnc(S)s3)nn2)c2nc(SC)sc12,24.935155029038174
Cn1c(-c2nnc(N)s2)nc2c3nn(C(=O)CSc4nccs4)cc3ccc21,24.857863258972753
COc1ccc(-c2nc3c4sc(-c5ccc(OC)c(C(=O)O)c5)nc4sn3n2)cn1,24.845736999112688
C/C(=N\Nc1cccc(-c2nccs2)n1)c1nc2sc(=S)sc2c(=O)n1C,24.82908801440991
O=c1sc2cnc(-n3ccc(OCc4cccs4)n3)nc2n1-c1ccc(O)cn1,24.820617725286937
C/C(=N\Nc1ncnc2cc(-n3cccn3)nn12)c1ccc2nc(-c3cccs3)nn2c1,24.81578107904618
CCOc1cc2c(cc1C(=O)OC)Sc1c(nnn3nc(-c4ccc(O)cc4)nc13)S2,24.726901647927058
COc1ccc(-c2nsc3c2s/c(=N\C#N)n2c(=S)snc32)cc1OC,24.61483070493137
C/C(=N\Nc1nss1)c1nnc2ccc(Sc3nc4ccccc4n3C)nc2n1,24.449499510347678
COc1ccc(-c2nc3sc(-c4csc(NN=C5CCCC5)n4)nn3n2)cc1,24.308949692682695
O=C(O)c1cn(CCc2ccc3c(c2)OCO3)n2nc(-c3ccc4c(c3)OCO4)nc12,24.27555568242621
CSC(=S)n1nc(-c2ccc(O)cc2)nc1-n1nc(-c2ccc([N+](=O)[O-])cc2)s1,24.050816495489983
Cn1ccc(-c2ccc3c(/N=N/c4nc(=S)c5cncnc5n4C)nc(S)nc3c2)n1,24.036687302148746
C=CCSSc1nn(-c2ccc3c(c2)O[SH]=N3)cc1C(=O)OC(N)=S,24.020298269564698
COC(=O)n1nc(-c2ccsc2)nc1-c1nnc2c(-c3cccs3)ccc(O)c2n1,24.00642047507709
CN(C)c1nc(-c2ncnc(Nc3cnc4nc(S)oc4c3)n2)cc(-c2cccs2)n1,23.99284496443606
CCn1cc(-n2ccnc2)nc(-c2nc3sc(-c4ccc(O)cc4)nc3s2)c1=O,23.966579272783285
COc1cc(-n2nc(-c3nc4ccc(C(=O)O)cc4o3)s2)cc2c1OCC(C)S2,23.890868874501006
CNc1nc(-c2ccc3c(c2)OCO3)nc(-n2nc3c(-c4ccsc4)nn(C)cc2-3)n1,23.783485903537684
CNc1nnc2nc(-c3nc4sc(-c5nn(C)c6ccccc56)nc4s3)n(C)c2n1,23.719619474533978
CSSc1noc(-c2nnc3n2CCOc2sc(-c4ccc(O)cn4)cc2-3)n1,23.684577767297686
COc1ccc(-c2nc3n4c(=O)n(-c5ccns5)nc4nc(NC4CC4)sc2=3)cc1,23.647649776414557
CN(c1ccc(N2CCOCC2)cc1)c1nc(O)cc(N2N=Nc3cccnc3S2)n1,23.61886070057112
CSc1noc(CSc2cc3c(=O)c4c(C(=O)O)csc4sc3s2)n1,23.532549184190785
CS/C(=N\Nc1nc2nc(C(F)F)ncc2s1)c1nnnn1-c1cccs1,23.46510335817776
C/C(=N\Nc1cccs1)c1nc2ncn(-c3ccco3)c(=O)c2n1-c1nccs1,23.431605910295218
CSc1nc2c(-n3cnnc3N)c(=S)n1N=C(c1ccco1)N2c1ccc(C)cc1,23.43039473065716
Cc1nc2cc(-c3nc(CSc4nnc(N)s4)ns3)nc(N3CCC3)c2s1,23.303411813855615
CSc1nnc(SC)c2c1nc(C#N)c1sc(-c3nnc(CS)n3C)cc12,23.27037837074464
Cc1ccc(-c2nc3sc(CS)nc3n2-c2nc3cn(C)nc3c3nccn23)o1,23.261045805768916
CSc1nccc(-c2noc(-c3nc4n(n3)-c3cc(CS)ccc3OCC4)n2)n1,23.218050955078475
Oc1cc(OCc2ccccc2)nn2nc(-c3cc4oc(-c5cnsc5)nc4s3)nc12,23.20378767253462
CCc1ncc(-n2ncc3c2C(=O)/C(=N/Nc2ncccn2)c2sc(S)nc2-3)s1,23.170131048515973
Cn1cnc2nnc(O/N=C/c3ccc(-c4cnc5nc(CS)sc5n4)s3)cc21,23.12070928875839
CCCn1cnc2cc(-c3nnc(N/N=C4/CSSCS4)nc3C#N)sc21,23.087843757127867
NNc1sc(S(=O)c2ccsc2)nc1-c1cn(-c2ccc3c(c2)OCO3)nn1,22.98202524075313
CNc1nc(-c2ccc(OC)c(OS(=O)(=O)C(F)(F)F)c2)n2sc(=S)nc2n1,22.948034156577794
CSc1nsc(-n2ncc3c(-c4cnn(-c5ccccc5)c4)nc(S)nc32)n1,22.94327936847328
COc1ccc(-c2nc(NC(=S)S)c3nnc4c(n23)C(=O)CS4)cc1OC,22.933158075089942
Nc1nc(SCc2cn(-c3ccc(C(F)(F)F)cc3)nn2)nc(N2CCCC2)n1,22.910392039186064
CSSc1nc2nc(-c3ncc(C(=O)O)s3)sc2n1-c1ncc(F)cn1,22.81830705278375
O=C(O)Sc1nnc(-c2nnn(Cc3ccc(-c4nc5ccccc5s4)cc3)n2)s1,22.793342714364606
Cc1cccc(-n2nnc(S[SH]3c4nc(C)ccc4Sc4nc(S)nn43)n2)c1,22.7892922301254
CNc1nc(-c2cc3c(o2)OSCS3)nc(N2CCC(c3nccs3)C2)n1,22.73742151482401
O=C(O)CSc1nc2c(ncc3cc(-n4nnc(-c5ccccc5)n4)ccc32)s1,22.63004207790388
COc1ccc(/N=C(\SC(=S)S)N(C)c2cnc(-n3ccnn3)nn2)cc1,22.621980544007563
CCNc1ncc2c(-c3nncs3)nn(C(=O)c3ccc(-c4cncs4)cc3)c2n1,22.610327316658395
COc1ccc(-c2nnn3nc(-c4snc5cc(C(C)(C)C)sc45)nc(N)c23)cc1,22.589404701928185
Cn1ccc2cc(-c3nc4sc(N/N=C/c5ccc(-n6cccn6)nc5)nn4n3)ccc21,22.46012820431882
COc1c(O)cccc1-c1nc2c3c(nnn2n1)Sc1nc(SC)ccc1S3,22.45100133703771
S=c1oc(-c2cnn3nc(CS)nc3c2)cn1-c1ccc(Oc2nnco2)cc1,22.369745282424653
COc1ccc(-c2nnc3nc(-c4nc5sc(SC)cn5n4)sc3n2)cc1,22.361472010772367
CSc1nnc(-c2cn3c(n2)-c2c(CS)nn(-c4ccc([N+](=O)[O-])cc4)c2C3)s1,22.313868811904594
COc1ccc(-c2nc3sc(-c4nc(=S)n(O)s4)nc3n2-c2ccccn2)cc1,22.305915302151263
COC(=O)COc1ccc2ncn(-c3nc4sc(C(=O)O)cc4c(=S)s3)c2c1,22.28631504063004
C/C(=N/Nc1nnc(-c2cc(-c3cn(C)nn3)cs2)s1)Sc1nccs1,22.28316585634768
COc1ccc(-c2nn3c(nn4cc(-c5nc(OC)c(C(=O)O)s5)nc43)s2)cc1,22.260594563255307
CN(C)c1nc(NN=C2CCSC2)c2nnn(-c3nc(-c4ccccc4)ns3)c2n1,22.25716152247573
O=C(O)CSc1nn2nc(-c3csc(N/N=C/c4ccc(F)cc4)n3)nc2s1,22.25251975363129
S=C(S)OCCNc1nc2cnc(-c3nnn(-c4ccccc4)n3)cc2s1,22.234113659386615
CSc1ncc(-c2nc3cnc(-n4sc5ccccc54)nc3n2C2CO2)nc1N,22.228722473689505
C/C(=N\Nc1cncc(-c2nc(-n3cnc4ccccc43)ns2)n1)c1ccns1,22.183922357958668
COc1ccc(-c2nnn3nc(CS)nc3n2)cc1/C=N/c1nsc2ccccc12,22.117770214423434
COc1ccc2nc(/N=N/c3ccn(-c4nc5c(N)nsc5s4)n3)ccc2c1,22.089555777358214
Nc1nc(-c2ccnc(CSc3nncs3)n2)cc2sn(-c3ccccn3)c12,22.08237836176513
Cc1ccc(-n2nnc3c2N(O)C(=O)N(C)c2nc(-c4cccs4)n(S)c2-3)cc1,22.039661234671303
COc1ccc(CNc2nc3cnsc3c3nc(-c4cccc(=S)o4)nn23)cc1,22.023691001403577
CSOc1ccc(-c2nn(C(=O)O)c3c2COn2c(-c4cccs4)nnc2-3)s1,21.991210841719454
CSCCn1c(-c2ccco2)nc2sc(-c3cn4cc(O)nc4s3)nc2c1=O,21.968374891617547
Cn1cc(COc2ccc3c(c2)Cc2c(N)nc(-n4ssc4=S)nc2-3)nn1,21.890742505290568
CSSc1nc(-c2ncccn2)nc(-n2cc(/C(S)=N/c3ccccc3)nn2)n1,21.86422327717893
CSc1ccc(F)c(-n2nnc(-n3cnc4sc(-c5csc(N)n5)nc43)n2)c1,21.811148942244746
O=C(Oc1ccc(/C=N/Nc2ncnc3c2ncn3-c2ccccc2)cn1)N1CCCC1,21.804437675532903
Cn1ccc(-c2c3c(nn2-c2ccc([N+](=O)[O-])cc2)CSc2nc(S)sc2-3)n1,21.803035829122365
CSc1nc(N[SH](=O)=S)cc(-c2nc3nnc(-c4cccs4)nc3s2)n1,21.78963571604551
CCOC(=O)n1ncc2nc(-c3ccc(OSC(=O)O)s3)sc2c1=S,21.764349122875313
Cc1cn2c(-n3nc(-c4ccc([N+](=O)[O-])cc4)nc3SS)nnc2cc1Cl,21.692420386503464
CSc1nc(N/N=C(/c2ccc3c(c2)OCO3)n2c(=O)sc3ncccc32)ns1,21.670124974898286
N#CCSc1nc(O)nc(-c2cc3c(s2)-c2sc(OS)cc2OCCO3)n1,21.668038122855393
COc1ccc2c(n1)Sc1snc(C)c1-n1nc(-c3sn(C)c3C(=O)O)nc1-2,21.656823692944155
CC(C)(C)c1nnc(SCc2cc3scc(-c4nnc(CS)o4)c3nn2)s1,21.63153523978323
C/C(=N/Nc1nnc2ccccc2n1)Sc1nnnn1C(=S)Nc1cccs1,21.621767636858603
CSC(=S)Nc1nc(-c2nc(-c3ccco3)ns2)c2nc(SC)nn2n1,21.608092608626748
CC#Cc1c2nc(Sc3cn4nc(-c5ccco5)nc4c(N)n3)sc2nn1CC,21.565104670186276
CSc1nc2nc(OC(C)=O)c3nc(N)nc(-c4cccs4)c3c2c(=S)s1,21.556844403868425
Nc1nnc(S/N=C(\S)N2CCN(C(=O)OCc3ccc(Cl)cc3)N=N2)s1,21.545683925202805
C/C(=N\Nc1ncc2c(n1)N(C)C=Nc1nc(-c3nccs3)cn1-2)c1cncs1,21.541785852657224
O=c1sc2c(ccn2-c2nccs2)cc1-n1cc(/C=N/Nc2nccs2)nn1,21.533839226435624
CNc1nc(-c2cnc(/N=N/c3ccc4c(c3)OCO4)s2)n(C2CCSCC2)n1,21.520754844069874
Oc1ccc(-n2nnc3sc(=S)c4c(nnn4CCc4cncs4)c32)cc1,21.476370492560218
CSc1nn2cc(-c3nc(N/N=C/c4cccs4)c4cn(C)nc4n3)nc2s1,21.45376258542462
Cc1ccc(-n2cc(/C=N\Nc3nsc(-c4ncnc5ccsc45)n3)nn2)cc1,21.440112417113955
C/C(=N\Nc1ncnc(-c2cccs2)n1)c1ccc(-n2nnc3scnc32)cc1,21.427727199513203
CSOc1ccc(-c2nc(-c3cn4nc(O)nc4s3)cs2)c2c1OCCO2,21.38394665756974
CCn1cc(-c2cnc(N3CCN(c4nc(C)cs4)CC3)s2)nc2nc(N)nc1-2,21.336500032242615
COc1ccc(/C=N/Nc2nc3c(s2)-c2nc4c(n2C(C)=NS3)OCO4)cc1,21.321416468224612
O=C1N/C(=N\Sc2nnc(N=S(=O)(c3ccccc3)c3cccs3)s2)S1,21.303344151554047
CC(C)n1nnc2c(Cl)c(-n3nnc4c(-c5cccs5)nc(S)nc43)ccc21,21.29676415170011
Cc1csc(-c2nc(S)c3sc(-c4cc5c(cn4)OCO5)nc3n2)n1,21.28857057524276
Oc1cccc2c1C(Sc1nnc(S/N=C/c3ccccc3)nn1)=NCCS2,21.242090738510708
O=C(CSc1nc(C2CC2)no1)Nc1nc(S)c2sc(-n3ccs3)nc2n1,21.24161703119341
CNc1nc(-c2cc3c(s2)/C(=N/C2CCCC2)C(=O)n2nc(SC)nc2-3)ns1,21.223439611812733
COc1cc(-c2nn3c(N/N=C(\C)c4ccc5c(c4)OCO5)nnc3s2)sn1,21.219854952881292
CSc1nnc(SC)c(-n2cc3c(n2)-c2cnn(-c4ccc(O)cc4)c2CS3)n1,21.20722510962097
COc1csc(-n2ncc3cc(-c4nc(-c5nnc(CS)o5)cs4)ccc32)n1,21.195562991062992
C/C(=N/Nc1nc(-c2nnns2)nn1-c1ccc(C)cc1)c1ccc(=S)sc1,21.16756069228168
Cc1nnc(COc2ccc3c(n2)c2nc(-c4nnc(S)s4)ccc2n3C)s1,21.165728087252347
CO/N=C/c1ccc(-c2nsc(NC(=S)S)n2)cc1C(=O)OC(C)(C)C,21.132975286004246
Cc1ccc(-c2nc3nc(-c4nc(N/N=C/c5cccs5)ns4)ncn3n2)s1,21.129542485780267
Oc1cc(-c2csc(CSc3nncs3)n2)cn2nc(-c3ccns3)nc12,21.125132553727198
Cn1c(-c2nsc(-c3ccc(-n4cncn4)cc3)n2)nc2c(O)cc(CS)nc21,21.06120356853065
Cn1c(C(C)(C)C)nc2nc(-n3nc(-c4ccco4)nc3SC(=S)CS)nnc21,21.04408625222637
COc1ccc(-c2noc(-c3cc(=O)n(C(=S)S)c4nccn34)n2)cc1OC,21.00717820546815
Cn1cc2sc(-n3nc(NCC(=O)OC(C)(C)C)nc3-c3cscn3)cc2n1,20.998078561299064
CNc1nc(-c2cc3c(cn2)sn2nc(-c4ccco4)nc32)n(-c2ccc(C)nc2)n1,20.991846737795445
O=C(Sc1nnc(S)nn1)c1ccc2c(c1)C/C(=N/OCc1cccs1)CO2,20.984187645954353
Cn1c([C@H]2SC=Cc3cc(-n4nc(-c5ncc(CS)nn5)s4)ccc32)noc1=N,20.98297941074919
CSc1nsc(-c2cc3c(nc2C#N)-c2c(nc(SC)n(C)c2=S)OC3)n1,20.977223559225408
COC(=O)c1cn2nc(-c3nc4c(S)nc(-c5ccc(OC)cc5)cn4n3)sc2n1,20.950741355139677
COc1ccc(-c2noc(-c3nc(S)nc4c3-c3sc(N(C)C)nc3CO4)n2)cc1,20.942615995992565
COc1ccc(-c2nc(-n3nnc4c3SCCCS4)c3sc(N)nc3n2)cc1,20.92808508608674
Cc1cc2cc(-c3nc4nn(-c5cnc(N(C)C)nc5)cc4s3)c(=O)oc2cc1O,20.889278017521907
Cc1cc(-c2nnc(N/N=C/c3ccc4c(c3)SCCO4)s2)nc(-n2cccn2)n1,20.870840706059457
COC(=O)c1cc(-c2nc(NC(=S)S)c3sc(=S)n(C#N)n23)ccc1OC,20.869342706995212
C/C(=N\Nc1nnc2sc(-c3nc(N4CCC4)ns3)cc2n1)c1ccc2c(c1)OCO2,20.849043930525134
O=C(O)CCc1cc2nc(-n3cccn3)nc(-c3nn(-c4cccs4)s3)c2s1,20.800266462621963
CSc1nc2ncc(/C(C)=N/Nc3nc(-c4nc5c(s4)OCC5)cs3)cn2n1,20.792477129116286
CSc1nc2nc(-c3ccc(O)cc3)sc2nc1-c1nn2nc(C=O)nc2s1,20.78983053981198
COc1ccc(/C=N\Nc2nc(-c3nnc4n3SC(=S)CS4)cs2)cc1,20.738195511355936
Cc1ncc(SOc2ccc3c(c2)Cn2nc(-c4nc(C(=O)O)ns4)nc2-3)s1,20.725688618029174
CSc1nnc(-c2nc(NC(=S)S)nc(-c3cn(CC(F)F)nn3)n2)s1,20.725099080432436
Cn1cc(SSc2ncc3sn(-c4ccc(C(=O)O)cc4Cl)c3n2)nn1,20.70804255925599
COC(=N)SSc1nnc(-c2nn(C)c3c2C(=O)c2nc(CS)sc2-3)s1,20.706391728747494
Cn1cnc2c(c1=O)c1sccc1n2-c1nnc(NCc2ccc([N+](=O)[O-])cc2)s1,20.673993671172887
CNc1nc(-c2nc3cc(OC(=O)C(C)(C)C)c(OC)cc3s2)c2scnc2n1,20.65743034266802
COc1csc(-c2nc3scc4c(cnn4-c4ccnc(NC5CC5)n4)c-3n2)n1,20.656613420673125
O=C(O)COc1ccc(-c2nc3sc(-c4cscn4)nc3n2-c2nccs2)cc1,20.63279095105072
COC(=O)c1ccc(-n2ccc3c2nc(-c2ccco2)n3-c2nnc(S)s2)nc1,20.608579867362792
COc1cccc(-n2nc(-n3cccn3)nc2-c2ccc3sc(=S)n(N)c3n2)c1,20.603651057782496
COC(=O)C1(C)Oc2ccc(-c3ccn([SH](=O)=S)n3)cc2-c2nc(N)sc2O1,20.598868361750316
COc1ccc(-c2cc(-c3nsc(NC(=S)S)n3)nc(-n3ccnn3)c2)cn1,20.58532742755157
COc1ccc(-c2ccn(-c3nc4sc(N)nc4c4nc(-n5ccs5)nn34)n2)cc1,20.524215640162843
Cn1nc(S(C)(=O)=O)cc1/N=C(\S)Nc1nc2nnc(-c3cccs3)nc2s1,20.496868557457077
COc1ccc2sc(/C(C)=N/Nc3nc4sc(-n5nccn5)nc4s3)nc2c1,20.492891293899124
C/C(=N/Nc1nncc2nc(-n3nccn3)c(F)n12)Sc1nc2ccccc2s1,20.46754170090067
COc1ccc(-c2nc(S)n3nc(-c4nnc(CS)c5ccnn45)cc3n2)cc1,20.450385528185837
CNc1nc(-c2ccc3c(c2)OCO3)nc(N2CCC[C@@H]2c2nnn(-c3ccccc3)n2)n1,20.44457534184982
Fc1ccc(COc2ccc3nnc(-n4nc(S)nc4-c4cccs4)nn23)cc1,20.441207472010394
Nc1ccc(-c2nc(-c3ccc(F)cc3)n(CSc3noc(=S)s3)n2)nn1,20.43765326758642
CSc1nc(N/N=C(\Sc2cccnc2)N2CCOCC2)sc1C(=O)O,20.432281600887727
C(=N/Nc1nccs1)\c1cn(-c2nc(-c3cccs3)nc(-c3cccs3)n2)nn1,20.4249959726575
O=S(=O)(Oc1ccc(-n2nc(-c3csc4ccc(O)cc34)s2)nn1)c1nccs1,20.416767451625926
Cc1nn2nc(-c3nn(C)c4cnc(N/N=C/c5ccc(Cl)s5)nc34)nc2s1,20.398963517737872
C/C(CSc1nc2ccccc2s1)=N/Nc1nnc(-n2ncc3nnccc32)s1,20.361487561544035
CSc1nc(N)nc(-n2cnc3c2-c2nc(SC)sc2OC(=S)S3)n1,20.358133746646484
Fc1cc(Nc2nc(-c3cn(-c4ccc5c(c4)OCO5)nn3)nnc2CS)ccn1,20.35678858692377
C/N=N/c1nn(-c2ccc3c(c2)-c2snc(-c4cccs4)c2OC3)nc1CS,20.31560698730381
COc1ccc(-c2csc(-c3cc4nc(CS)nn4c(C#N)n3)n2)c2c1OCO2,20.311691492717603
COc1ccc(-c2nc(=S)n(-c3ccco3)n3nc(CS)nc23)cc1C(=O)O,20.29805636990582
Cn1nc(-c2nc(O)c3c(n2)sc2nc(SCc4ccccc4)nnc23)s1,20.29661466482012
O=c1sc(O)nc2cc(-c3cn(CSc4nc(-c5ccccc5)cs4)nn3)nn12,20.288572816537645
Nc1nc(-c2ccco2)cn2nc(SCc3nc(-c4ccsc4)ns3)nc12,20.234185549041232
Oc1ccc(-c2nsc(-c3nc4nc(-c5ccc(N6CCCC6)nc5)sn4n3)n2)cc1,20.224192664372026
CCOC(=O)c1csc2c1C(=O)c1ccc(-c3nnc(SS)s3)cc1-2,20.220777173951436
COC(=O)c1ccc(/C=N/Nc2nc3c(nnn3-c3cccnc3)c(=S)s2)s1,20.197401580602808
CC(C)(C)OC(=O)CSc1nnc2n1CCc1nc(-c3nc(S)no3)sc1-2,20.184605285481588
COC(=O)Cn1c(-c2ccco2)nc2c1c(-c1nc(NC(=S)S)ns1)nn2C,20.183801531704123
O=C(Cn1nnc(-c2cccs2)n1)c1cc2cc(-c3ncsn3)sc2cc1O,20.174167512701494
COc1ccc(-c2nc3c(=S)n(-c4ccc5nn(C)nc5c4)c(O)nc3s2)cc1,20.13260405106825
Sc1nc(-c2cccs2)nc(-n2cc(/C=N/Nc3nccs3)c3cncnc32)n1,20.12529773388681
C/C(=N\Nc1nnc(-c2nc3sc(=O)n(C)c3s2)s1)c1ccc2c(c1)OCO2,20.0993808389568
CSc1ccc(-n2ncc3c(O)nc(-c4nc(-c5cccs5)nn4C)nc32)s1,20.0902706950678
COc1ccc2sc(-c3nc4nc(N/N=C(\C)c5cccs5)nnn4n3)cc2c1,20.080295780232667
CSc1nc(N)c2nc(-c3ccc4c(c3)OCO4)n(Sc3cccs3)c2n1,20.011148650044976
CN(C)c1nc(N)nc(-c2nn3nc(-c4ccc5c(c4)SSCO5)cc3s2)n1,19.914870826783318
Cc1ccc(-n2nnc3c4c(sc32)-c2sc(OS(=O)(=O)O)cc2SC4)cn1,19.875600851107123
O=C(CSc1nnc(-c2cccs2)s1)Nc1nnc(/[SH]=N/C2CC2)s1,19.87376242499219
COc1ccc2c(cnn2-c2nc(NC(=O)OCc3cscn3)sc(=S)n2)c1,19.855880602333684
CCn1cnc2c(-n3nc(-c4ccc(O)cc4)s3)nc(-c3ccc4c(c3)OCO4)nc21,19.852726583647165
CN(CC(C)(C)C)c1ccc(-n2nnc3s/c(=N/c4ncnc(N)n4)sc32)s1,19.824176331893337
COc1cc(OCc2cscn2)cc2ncc(-n3nnc4sc(=S)[nH]c43)nc12,19.817822441679745
C/C(=N\Nc1nn2nc(-c3ccc(C#N)s3)nc2s1)c1cnc2c(ccn2C)c1,19.81576327510246
CC(C)(C)OC(=O)CSc1nnc(-c2nc(-n3ncc4cc(O)ccc43)ns2)s1,19.781473847734276
c1cnn(-c2ccc(-c3nc4sc(NCc5cncs5)nc4n3C3CC3)cn2)n1,19.770013467070548
COc1ccc(-c2nsn3nc(-c4snc5nc(NC6CC6)ncc45)nc23)cc1,19.761890870106846
CCn1nnc2cc(-c3nc(-c4nc(OC)cs4)ns3)c(NC(=S)S)nc21,19.761309973690175
CCCn1c(=S)n(-c2ncnc(N)n2)c2sc(-c3ccc4c(c3)OCO4)nc21,19.746246862917552
CSc1nc(N)c2/c(=N/c3nc(C)cs3)sc3nc(-c4cccs4)nn3c2n1,19.742796297553458
C/C(=N\Nc1nncc(-c2cncs2)n1)c1nc(-c2ccc3c(c2)OCO3)ns1,19.73994708350125
COc1ccc(-c2nc(N)c3nc(-c4nc5nn(C)c(=S)nc5s4)sc3n2)cc1,19.739864986732865
Oc1ccc(-c2nc3c4nn(CCc5ccc(-c6nccs6)cc5)c-4ncnn3n2)nc1,19.708768303223426
COC(=S)SSc1ncc(-n2c(CS)nc3ccc(C(=O)O)cc32)nn1,19.696488242931736
O=[N+]([O-])c1ccc(/C=N/Nc2nc(-c3nc4nc(N5CCOC5)ccc4s3)cs2)cc1,19.688898002906846
C/C(=N\Nc1nn2nc(-c3nccs3)nc2s1)c1ccc(-n2cnc(C)n2)cc1,19.684021380804683
COc1ccc(-c2nc3c(N)nc(-c4nn(-c5cccc(C=O)n5)s4)nc3s2)cc1,19.679827136439496
COc1ccc(-n2nc3scc(-c4nc(N)nc(N5CCCCC5)n4)c3n2)cc1,19.67275792983615
COc1ccc(/C=N/Nc2nn(-c3cnc4sc5cccnc5n34)c(=S)s2)cc1,19.67079653781044
c1csc(CCNc2ncnc3nc(-n4cc(-c5cc6ccccc6o5)nn4)nn23)c1,19.666244138232706
CN(c1cc(N)nc(SSC(=S)Oc2ccc3c(c2)OC3=O)n1)c1nccs1,19.664296315438712
CSc1nc2c(s1)CCSc1ncn(-c3nc(N)n(-c4ccc(C)nc4)n3)c1-2,19.65142641681446
CNc1nnc2nc(-c3csc(-c4ccc(C(=O)OC(C)(C)C)cc4)n3)n(C)c2n1,19.642598077490735
COC(=O)COc1ccc(-c2nc3sc(-c4nc5ccc(O)cc5s4)nn3n2)cc1,19.623215242047223
COc1ccc(-c2nc3c(-c4csc(N)n4)cc(-c4nc5c(s4)CO5)nn3n2)cc1,19.599356802106133
COc1ccc(-c2nc3nc(-c4ccc(O)cc4)nn3[n+]([O-])n2)cc1SC(C)(C)C,19.597172745111607
CCn1ncc2c1-c1cc(N/N=C(\S)n3nnc(-c4cccs4)n3)ncc1OCC2,19.591260508603373
Oc1ccc(-c2nn(-c3nc4cc(OCc5ccc6c(c5)OCO6)ncn4n3)s2)cc1,19.590112647622863
Cc1ccc(-c2cnc3sc4nnc(-c5cn(-c6ccc(O)cc6)nn5)nc4n23)cn1,19.566361295624894
CN(C)c1ccc(SSc2nc3nc(-c4ccc(C(=O)O)s4)nn3s2)nc1,19.559846883679334
Cc1ccc(-c2nc(-c3nc(NC(=S)S)cs3)nc(-n3ncc(C)n3)n2)cn1,19.558455022571763
Cc1ccc2sc(SSc3nc4nc(-c5ccco5)nc(N)n4n3)nc2c1,19.556874858631446
COc1ccc(-n2nnc(-c3csc4sc(-c5cnc(CS)nn5)nc34)n2)cc1,19.523227477882045
CSc1nc2nc(-c3cc4nc(N/N=C(/C)c5cccs5)nnc4s3)ccn2n1,19.509599835098445
COc1ccc(-c2cc(/N=N/c3ccccc3)n3c(=O)sc(=S)n3n2)cc1,19.47331269443436
CNc1nc(-c2ccc(OC)cc2)n2c3nc(-c4ccc5c(c4)OCO5)nc(N=S)c3n2n1,19.443524005007927
COc1ccc(-n2nc(S)nc2-c2nc3c(s2)-c2ccc(OC)nc2OCC3)nc1,19.43955420214197
O=S(=O)(O)c1ccc(/C=N/N=C/c2csc(-c3ccc4c(c3)OCO4)n2)s1,19.434691442209935
COc1ccc2c(c1)OCc1c-2sc2c1cnn2-c1nnc(SSC)nn1,19.4227978530146
CSc1nc(NN=C2CCCCC2)nc2sc(-c3nc4c(nnn4C)n3C)nc12,19.398325407369462
Oc1ccc(-n2nnc(-c3nc4sc(SCc5ccccc5)nn4n3)n2)cc1,19.375461069758483
COc1ccc(-c2nsn3nc(-c4snnc4/N=C\c4cccs4)nc23)cc1,19.360755435557873
c1csc(/N=N/c2cn(-c3nc4cc(OCC5CCNCC5)nnc4s3)nn2)c1,19.349433208324363
CNc1nnc(-c2nc3sc4ncc(-c5ccc(N(C)C)c(F)n5)nc4c3s2)o1,19.3466414331416
CSc1cn(-c2ccccc2)c(=S)c2nc(-c3nc(N)n4nc(C)sc34)nc-2n1,19.34650399506644
C/C(=N/Nc1ncnc(-c2cccs2)n1)c1nnc(-c2ccc3c(c2)OCO3)s1,19.331551778836307
Cn1nc(OCc2ccc3c(c2)SCSO3)c2nc(-c3ccc(O)cn3)nn21,19.329490952148046
COc1cccc(-c2nnc3sc(-c4ccc(/C=N/Nc5nncs5)cc4)nn23)c1,19.327483628074507
CSCCNc1nc(-c2nnc3sc(-c4ccc5c(c4)OCO5)nc3n2)cs1,19.325290787946543
Cn1c(Sc2ccc(-n3cccn3)cc2)nc2c1nc(N)n1nc(-c3ccns3)nc21,19.324588221595448
CCOc1nccc2c1sn1nc(-c3nn(-c4ccc(O)cc4)c(=S)s3)nc21,19.31349936563924
CCn1nnc(-c2nc(NC(=S)S)nn2-c2ccc3ccc(OC)cc3c2)n1,19.312310337870827
CCSc1ncnn2c(-n3nc(-c4cccs4)nc3SC(N)=S)cnc12,19.287365414199297
COc1ccc(-c2nc3ccc(-c4cc5nc(SC)nc(S)n5n4)nn3n2)cc1,19.285191516213743
CSSc1nc(NN=C2CCSS2)cc(-c2nc3ccc(C#N)cn3n2)n1,19.278986494211484
CSc1nc2n(n1)-c1ccnc(-n3nnc(-c4cccs4)n3)c1/C(=C/CO)S2,19.276057962458715
CN(C)c1ncnc(-c2nc3c(S)nc(-c4ccc5c(c4)OCO5)nc3s2)n1,19.244072659961592
COc1ccc(-c2nn3c(-c4ccc(NN=C5SCCS5)nc4)nnc3s2)nc1,19.243922591380763
CSc1nc(NN=C2CCCS2)c2nc(-c3nc(-n4cccn4)ns3)ccc2n1,19.23307307643069
CNc1nc2c(nc(-c3cc4c(s3)OC4=O)c3nc(-c4ccc(OC)cc4)nn32)s1,19.22994167128209
COc1ccc(/C=C2/C(=O)N=C(S)[SH]2Sc2nnc(-c3nccs3)nn2)cc1,19.229605333280322
Cc1nsc([C@@H]2COc3ccc(-n4c(CS)nnc4-c4nccs4)cc3O2)n1,19.179345620509064
CNc1nnnc(-c2ccc(OC)c3sc(-c4cccc5c4SSO5)nc23)n1,19.17904091555007
COC(=O)c1cc2c(s1)c(-n1nnc(-c3ccccc3)n1)nc1ccc(OS)nc12,19.165489194576576
COc1ccc(/C=N/Nc2ccc3nc(-c4nnc5n4CCS5)nc(=S)n3n2)cc1,19.16042654014839
C/C(=N/Nc1ncc2cc(=O)n(C)cc2n1)Sc1nnc(-c2cccs2)s1,19.133010340937513
Cn1c(-c2nc3c(cnn3CCC(=O)O)s2)nc2c(-c3cccs3)nsc21,19.13176875677207
C/C(=N\Nc1csc2nc(-c3cccs3)nn12)c1cnc(-n2ccnc2)nc1,19.130428490883716
Cn1ccc(N/N=C(\CSc2nc3ccccc3s2)c2nnnn2C(C)(C)C)n1,19.122106355490256
CSc1nc(N)c2nc(-c3cccs3)nn(-c3nnn(-c4ccc(F)cc4)n3)c1-2,19.118618895869023
CNc1nc(-c2ccc3c(c2)OCO3)c2nc(SSc3nccnn3)sc2n1,19.097388594098945
COc1ccc(-n2cc(/N=c3\oc4c(ncn4-c4cc(C(=O)O)cs4)s3)nn2)cc1,19.095810520975178
COc1cccc(-c2nc3sc(-c4nn(C)c(=N)s4)nc3n2-c2ccccc2)n1,19.08944472263097
CN(c1nc(N/N=C/c2cccs2)nc(N2CCOCC2)n1)c1nc2ncccc2s1,19.060240848009595
Cc1nsc(-c2cnc([C@@H]3CCCN3c3nc(N)nc(N4CCCCC4)n3)s2)n1,19.049813518326577
C/C(=N\Nc1nc(-c2cn(-c3ccccc3)nn2)cc(-n2ncs2)n1)c1ccccn1,19.0375340438089
O=Cc1nc(-n2cc(C(=O)O)cn2)sc1SSc1nc2c(s1)COCC2,19.030928533984625
CSc1nnc(-c2c(-c3ccco3)c3nnc(S)nc3n2-c2ccccc2)nn1,19.021117454013552
CCOC(=O)N1CCN(c2ccc(N=[SH]c3nnc(N)s3)c3scnc23)CC1,19.008980968668638
COC(=O)Oc1ccc(/C=N/Nc2ncnc3c2sc(=S)n3-c2cn(C)cn2)cc1,18.98109034657086
COc1ccc(-c2nnc3c4nc(-c5nnc(S)s5)ccc4ncn23)cc1OC,18.97098717631941
COc1ccc(-c2nc(NC(=S)S)n(-c3nnc4ncccc4n3)n2)cc1OC,18.96360617421794
Cn1c(-c2cscn2)nc2c1cnn2-c1nsc(NC(=O)OCc2ccccc2)n1,18.963351436667566
CSOc1ccc(-c2csc(-c3nc4c5c(nnn4n3)SCC5)n2)cc1C(=O)O,18.953568707204653
C/C(=N\Nc1nc2sc(-c3ccc(Cl)s3)nn2n1)c1cnc(-n2cccn2)nc1,18.92593345964553
CSc1ccc2c(c1)SCn1nc(-c3nnc(N/N=C\c4ccncn4)s3)nc1-2,18.91128501014319
COc1ccc(-n2c(=S)sc3c(O)nc(-c4nc5ncn(C)c5s4)nc32)cc1,18.898124672136273
C[C@H]1COCCN1c1nc(/N=N/c2ccc3c(c2)OCO3)nn1-c1ccc(O)cc1,18.892684140658744
COc1ccc2sc(-n3cc(CSc4nc(N)nc5ncsc45)nn3)cc2c1,18.87825936560612
Cn1c(-c2ccccc2)nnc1-c1nc(-c2nc(SS)nn2-c2ccccc2)no1,18.86935668240397
CS[C@@H]1COc2cc(-n3nnc(-c4ccc(COC(=S)S)nn4)n3)ccc21,18.839807267540298
COc1ccc(/N=c2\sc(=S)sn2-c2ncnc3scnc23)cc1OC,18.83230153060938
Cc1nnc(SCc2noc(-c3csc(NC(=S)S)n3)n2)c2nccnc12,18.815816425965522
COc1ccc(-c2nc3ssc(=S)n3c2-c2cn(C(=O)CC#N)c(N)n2)cc1,18.813207593902966
Oc1cnc2cc(CSc3nnc(-c4cccs4)n3-c3cccs3)nnc2n1,18.80801968635394
COC(=O)Cn1c(=S)sc2nc(Sc3nc4cc(N)ccc4s3)nnc21,18.779810110454505
Cn1c(-c2ccc(SC(=O)O)s2)nc2c1nnc1nc(-c3cccs3)n(C)c12,18.775509316826525
C=CCOC(=O)c1nnc(-c2nc3nc(S)nc(S)c3n2-c2ccccc2)s1,18.757707963611598
C/C(=N/Nc1nn2nc(-c3nnc(Cl)s3)nc2s1)c1ccc(-n2cccn2)cc1,18.757509639658377
Cn1c(SSc2nnc(-c3nc4ccc(O)cc4s3)s2)nccc1=O,18.75561026358377
COc1cccc(-c2nc(/N=C(/C#N)SC(=S)S)nn2-c2nnc(C)s2)c1,18.747351003849985
Cn1nnnc1SCc1coc(-c2cc3c(nnn3-c3ccc(O)cc3)c(=S)s2)n1,18.74511838558191
COS(=O)(=O)c1nc2c(C)c(=S)n1N=C(c1cccs1)N2c1ccc(O)cc1,18.71899068842304
C/C(=N/Nc1nc(-c2ncccn2)cs1)c1nnc(-c2ccc3c(c2)OCO3)s1,18.716337344476447
COc1ccc(-c2nc3nc(=S)n(C)c(-c4nc5nc(N)nc-5n(C)n4)c3s2)cc1,18.712274105748264
CSc1nc2n(n1)-c1csc(-n3nnc(-c4cccs4)n3)c1CC[C@H]2C(=O)O,18.71000175931838
Oc1ccc(-c2nc3c4nc(-c5ccco5)nn4c(SCc4cccs4)nn3n2)cc1,18.709595152020484
COc1ccc(-c2nn3nc(-c4nn(SC(N)=O)c(=S)s4)cc3s2)cc1,18.693639816769664
CSc1nc(-c2ccc3c(c2)OCO3)n2nc(-c3ccc(C(=O)O)s3)nc2n1,18.682606853103827
CNc1nsc(-c2cn(-c3cccc(OS(=O)(=O)C(C)(C)C)c3)nn2)n1,18.66813168709078
CSc1nc(-c2nc3c(-c4cnn(C)n4)nn(-c4ccc(O)cc4)c3s2)ns1,18.59860977691047
Cc1ccc(/C=N\Nc2nn3nc(-c4nc(-c5cncs5)ns4)nc3s2)cc1,18.594220821889053
CNc1nc(-c2cc3c(s2)-c2ccc(OC)cc2OS3)nc(N2CCOC2=O)n1,18.57394388459493
COc1ccc2sc(-c3nsc(-c4csc(NN5C(=O)OC5=O)n4)n3)cc2c1,18.516317914096657
Cc1ccc(-c2nc3cnc(S)nn3c2/N=N/c2csc(N3CCOCC3)n2)o1,18.475546545310156
CNc1nc(SSc2cnc3nc(F)ccn23)nc(-c2ccc3c(c2)OCO3)n1,18.448608055056653
CCn1c(=S)n(C)c2c1ncn1nc(-c3nc(-c4ccc(C(=O)O)cc4)ns3)nc21,18.441541834954943
CCN1CCCN(c2nc(N)nc(-c3nc4oc(-c5cccs5)nc4s3)n2)CC1,18.438491068095686
CSc1nc2c(ncn2-c2nc(-c3ccc(O)cc3)n(-c3cccs3)n2)s1,18.435651107891633
Cn1nc(-c2cccs2)nc1S/C(=N\Nc1nccs1)n1nnc2ccccc21,18.419510203922584
Cn1c(F)cnc1N/N=C/c1ccc(-n2nnc(-c3cnc4ccsc4c3)n2)s1,18.418896646392394
O=C(O)COC(=O)Cn1sc(=S)s/c1=N/c1nc(-c2ccccc2)ns1,18.408167072369892
COc1ccc(-c2nc3c(s2)c(N)nn2nc(-c4nn(C5CCC5)s4)nc32)cc1,18.40076128276951
Oc1ccn2nc(-c3nn(-c4ccc(OCc5nncs5)cc4)c(=S)s3)nc2c1,18.395710343056265
CS/C(=N/Nc1ncc2nnn(-c3ccccc3Cl)c2n1)Sc1nncs1,18.385927376207874
COc1ccc(-c2nc(N/N=C/c3nnns3)c3c(n2)sc2c3ncn2C)cc1,18.358371750018893
CC(=O)Oc1ccc(/C=N/Nc2nsn3nc(-c4cc5c(s4)OCO5)nc23)cc1,18.345169067917627
CNc1nc(-c2ccc3c(c2)OCO3)n2nc(SSc3nccs3)nc2n1,18.344576492008052
CN(C)c1nsc(-c2cc(O)nc3cc(-n4nnc(-c5cccs5)n4)sc23)n1,18.34258230230919
C/C(=N\Nc1ncc2c(n1)CCCC2)c1ccc(-n2nnc(-c3cscn3)n2)s1,18.31975397448044
CNc1nc(SSC(=S)OC)nc(-c2cnn(-c3ccc4c(c3)OCCO4)c2)n1,18.27956001501127
COc1ccc(-n2nc(-c3ccco3)nc2-c2nc3c(nnn3C)sc2=S)cc1,18.274556401543542
C/C(=N\Nc1nc(-c2cscn2)c2nnc(-c3cncs3)nn12)c1ccccc1,18.27199576580524
CCOC(=O)c1snc2c1sc(=O)c1sc(Sc3nnc(N)s3)cc12,18.271370270295016
CSc1nc2nc(-c3ccc4c(c3)OCO4)sc2c2nc(-c3ccc(O)cn3)nn12,18.24669666019388
COc1ccc(-c2nnc3c(n2)n(C(=S)S)c2nc(-c4ccco4)nn32)cc1OC,18.232757866698403
COc1ccc2c(cc(-n3nc(-c4ccco4)nc3NC(=S)S)c3ncnn32)c1OC,18.220464558609585
C/C(=N\Nc1ccnn2nc(-c3cccs3)nc12)Sc1nnnn1-c1ccccc1,18.21492410486279
CCNc1nc(-c2ccc3c(c2)OCO3)nc(N2CCN(c3nc(C)ns3)CC2)n1,18.21358138507016
S=C(S)Nc1nc(-c2ccco2)nn1-c1nnc2ccc(OCc3ncco3)cn12,18.199321208071893
N#CCCSn1nc(-c2nc3sc(=S)n(-c4ccccc4)c(=O)c3s2)nc1N,18.17565755690291
Nc1nc(-c2nnn(CSc3ccccc3)n2)nc2sc(-c3cccs3)nc12,18.13017300022132
COc1ccc(-c2nc(S)nc3nc(-c4ccc(-n5ncc(=O)o5)cc4)nn23)cc1,18.12560734841795
Cc1ccc(-c2nc3n(Cc4cccc(-c5nnc(S)s5)n4)sc(=O)n3n2)o1,18.11593269160537
C/C(=N\Nc1nc(-c2ccccc2)nn1-c1cccc2c1OCO2)c1nc2ncnn2s1,18.11377832913606
COc1ccc(-c2nc3cnc(NC(=S)S)nc3n2C(=O)OC(C)(C)C)nc1OC,18.11167242553566
COc1ccc(Cn2c(=S)sc3c(O)nc(-c4nn5ncnc5s4)nc32)cc1,18.085197337882015
COc1ccc(-c2nc(/N=C\SC(=S)S)n(-c3ccc4c(c3)OCO4)n2)cc1,18.08285214740317
CNc1nc(-c2cc3c(ncn4nc(-c5ccco5)nc34)s2)cc(N2CCOCC2)n1,18.07711453258449
COc1ccc(-c2nc3sc4ncsc4c3nc2-c2nnns2)cc1OC,18.03366731092833
CSOc1ccc(-c2nc(-c3nc4[nH]c(=S)sc(=O)n4n3)cs2)nc1,18.030746636177216
c1csc(-c2nnc3c(-c4cn(CCSc5cnnnn5)s4)csc3n2)c1,18.018067297662416
COc1ccc(-c2nc(N/N=C3/SCCC3=O)c3nc(-c4nss4)cn3n2)cc1,18.015416008964806
Cc1ccc(-c2nc(SC(=S)CS)n(-c3nnc4c(n3)C(=O)CCS4)n2)o1,18.000610441893873
CSc1nc(N/N=C/c2ccc(Cl)cc2)nc(-c2nn(-c3nncs3)s2)n1,17.99572019035566
Oc1ccc(-n2cc(SOc3cc4c(cn3)-c3nc(-c5cccs5)nn3C4)nn2)cc1,17.995664348492596
CSc1nnc2csc(-n3c4nc(S)nc(-c5ccco5)c4c(=O)n3C)c2n1,17.986193607853448
C/C(=N\Nc1nn2nc(-c3nc4c(C#N)n(C)cc4s3)nc2s1)c1ccccc1,17.983524603881424
COc1nc2sc(/N=N/c3cccc(N4CCNCC4)n3)nc2n1-c1ccccn1,17.957395763035418
CN(C)c1csc(-n2cc3cnn(-c4nnc(NC(=O)OC(C)(C)C)s4)c3n2)n1,17.95525422068653
COc1ccc(-c2nnn3nc(-c4sccc4-c4nnnn4C)sc(=S)c23)cc1,17.91709978694622
CSc1nc(N)n2nc(-c3ccc(-c4cnn(-c5ccccc5F)n4)s3)nc2n1,17.915795819271683
CC(C)(C)OC(=O)Oc1ccc(/C=N/Nc2nnnc(-n3cnc4ccccc43)n2)cc1,17.913745854962258
CC(C)(C)OC(=O)CNc1nc(N2CCCC2)nc(-n2cc(-c3cccs3)nn2)n1,17.911036201313426
CC(C)(C)[SH](C)(=O)c1nc(N)c2sc(-c3csc(N4CCOCC4)n3)nc2n1,17.90997407322157
Cn1sc2nc(N/N=C/c3ccc(-n4nnc(-c5cccs5)n4)cc3)sc2c1=O,17.89035845158697
CCC(=O)Oc1nc2nc(-n3nc(-c4ccccc4)nc3NC(=S)S)nn2s1,17.88106226517615
c1csc(-n2nccc2S/C(=N\Nc2nncnn2)c2ccc3c(c2)OCO3)c1,17.87733005910407
Fc1ccc(Cn2cnc3cnc(-n4cc(/C=N/Nc5nccs5)nn4)nc32)cc1,17.87473455753156
Sc1nnc(-c2nnn(-c3ccc4sccc4c3)n2)c(SCc2ccco2)n1,17.866298812075616
S=C(S/C(=N/Nc1ncnc(/N=N/C2CC2)n1)c1cccs1)N1CCOCC1,17.859893141838945
C=Cc1nc(-n2nnc(-c3cccs3)n2)c2cn(-c3ccc(OS)cc3)nc2n1,17.857811918022453
C/C(=N\Nc1nn2nc(-c3nccs3)nc2s1)c1ccc(-c2nccs2)nc1,17.856165930454143
COc1cccc(-n2nnc(-c3ccc(/C=C4\SC(=S)SC4C(=O)O)o3)n2)c1,17.851286662306162
CC(=O)c1cn(-c2nc(NC(=S)S)nc(-c3nnn(-c4ccccc4)n3)n2)s1,17.85116727069227
COc1ccc(/C=N/Nc2nc3c(nnc4c3nnn4-c3ccc(F)cc3)s2)cc1,17.845226659587183
CN1CCN(c2nc(N=[SH]c3nnc(N)s3)c(-c3ccc4c(c3)OCO4)s2)CC1,17.82474409300085
CSc1nsc(-c2noc3c2OCc2sc(-c4cnc(CS)nn4)cc2-3)n1,17.809222701651414
COc1ccc2sc(-c3nc(N/N=C(/C)c4ccc5c(c4)OCO5)ns3)nc2c1,17.796650975923697
COc1ccc2c(c1)OCc1nc(-c3nnc(N/N=C/c4ccncc4)s3)sc1-2,17.793933525325855
COc1ccc(-c2nsn3nc(-c4scnc4/C=N/Nc4ncccn4)nc23)cc1,17.78764649398062
CCOC(=O)C1Cc2cc(-n3nnc(-c4csc(OC(=S)S)n4)n3)ccc2O1,17.787220573257123
Cn1c(SSc2cc3c(N)nc(-c4ncsn4)nc3s2)nc2ccccc2c1=O,17.78403464112602
Fc1ccc(/N=N/c2nc(NN3CCOCC3)c3nnn(-c4cccs4)c3n2)cc1,17.779942677356246
COc1ccc(/C=N/Nc2nc3sc(-c4nnc5n4C(=O)CCS5)nc3s2)cc1,17.77702960533401
CCOC(=O)n1ncc2c(c(-c3nc(C)nc(S)n3)nn2-c2ccccc2)c1=S,17.760214138180977
CCC(=O)Oc1ccc(-n2sc(=S)n3nc(-c4ccco4)nc3c2=S)nc1O,17.758422696895977
COc1ccc2c(c1)sn1nc(-c3nnc(N/N=C/c4ccc(F)nc4)s3)nc21,17.75196027558057
C(=N/Nc1nccs1)\c1cn(-c2ccc(SCc3ccc4c(c3)OCO4)nn2)nn1,17.735763033908093
CC(C)(C)COc1ccc(-c2nc3c4cn(-c5cccs5)nc4nc(N)n3n2)s1,17.727319160581335
COc1ccc(-c2nc3c(NN=C4SCCS4)nc(-c4ccns4)nn3n2)cc1,17.722761892802353
Cc1noc2ccc(-c3nn(CCOC(=S)S)c4nc(-c5ccco5)nn34)cc12,17.707257522381443
COc1ccc(-n2c(-n3cc(/C=N/Nc4nccs4)nn3)nc3scnc32)cc1,17.687369586552443
COc1ccc(-c2nc3nc(-c4cc(S(=O)O)ns4)nn3n2-c2cccs2)cc1,17.65176119247892
Nc1nnc(-c2nn(-c3ccc(OSc4nncs4)cc3)c3c2COCC3)s1,17.642108739478672
COc1ccc(-n2c(SC)nnc2-c2nc(NC(=S)S)nc3c2OCO3)cc1,17.637712086539633
FCCNc1nnc(-c2nc3ccc(-n4nnc(-c5cccs5)n4)nc3s2)s1,17.631549777691752
CSc1nnc(-c2nc(NC(=S)S)c3nc(-c4ccccc4)nn3n2)n1C,17.62686863675093
SCc1nc2cc(-c3nc(N/N=C\c4ccc(-n5nccn5)cc4)ns3)ccn2n1,17.619319560212816
Fc1ccc(-n2cc(/C=N\Nc3nc(-c4cc5nc(S)nn5o4)cs3)nn2)cc1,17.615573323080717
COc1ccc(-c2nsc(=S)n3nc(-c4ccco4)nc23)cc1-n1ncc(O)n1,17.57968409000173
Cc1ccc(-c2nc(-c3nnc4cnn(CCOC(=S)S)c4n3)n(C(C)(C)C)n2)o1,17.579277891210754
CSc1nnc(-c2nc(NC(=S)S)nc(-c3ccc(OC(C)=O)nc3)n2)s1,17.57150922971641
c1ccc(/C(=N/Nc2ncc3nccn3n2)Sc2nnnn2-c2cccs2)cc1,17.537077551151857
CS(=O)(=O)Oc1ccc2sc(=O)c3sc(Sc4nnc(N)s4)cc3c2c1,17.51188493038518
COc1ccc(-c2nnc(-c3nsc(C(=O)CSC(=S)S)n3)s2)cc1,17.494621078107382
CN(C)c1nc(/N=N/c2cc(F)c3nc(S)sc3c2)nc(N2CCOCC2)n1,17.4914925689188
Cc1nc(C2COCCN2CCSc2nnc(NC(=O)OC(C)(C)C)s2)ns1,17.49000895350587
Oc1ccc(-n2nnc(/N=N/c3ccc4nc(N5CCOCC5)sc4c3)n2)cc1,17.475099534363604
COc1ccc(-c2nc3c(O)nc(-c4ncc(F)s4)nc3n2-c2nncs2)cc1,17.434768805947712
Nc1nnc(SCc2nc(-c3nsc(C(F)F)n3)n(-c3ccccc3)n2)s1,17.430879126344653
CSc1noc(-c2nc(S)nn3c(SCc4ccc(Cl)cc4)nnc23)n1,17.429000353981046
COc1ccc(-c2nc(SC(=S)S)n(-c3nnc4sc(C)nc4n3)n2)cc1,17.421713166356597
COc1ccc(-c2nc(N=[SH]c3nnc(N)s3)n(-c3ccc4c(c3)SC4)n2)cc1,17.396159924152737
CS/C(=N/Nc1ncc2ccc(=O)oc2n1)Sc1cn(-c2cccs2)nn1,17.392643096536748
COc1ccc(-c2nc3cnc(NC(=S)S)nc3n2-c2ncsn2)cc1OC,17.38945885898048
COc1ccc(-n2ncc3nnc(S)nc32)nc1-c1nc(-c2cccs2)ns1,17.38346997782793
Oc1ccc(-c2nc3nc(/N=N/c4ccc(N5CCOCC5)nc4)nnc3s2)cc1,17.361768893518203
Oc1ccc(-n2nc(-c3nc4c(OCc5ccco5)cncn4n3)sc2=S)cc1,17.351593304570624
O=C(O)COc1ccc(-c2nc3sc(-n4cc(-c5cccs5)nn4)nn3n2)cc1,17.335014848717545
CS(=O)(=O)Oc1ccc(-c2nn3nc(-c4cn5cc(O)nc5s4)cc3s2)cc1,17.33235939185491
COc1ccc(/C=N/Nc2nc3c(s2)-c2c(ncn2-c2ncncn2)SCC3)cc1,17.316910194991955
CNc1ncc(C)c(-c2cn(-c3ccc4osc(=Nc5nccs5)c4c3)nn2)n1,17.2955039870936
COC(=O)c1nsc(-c2nc3nc(N)sc(=S)c3n2-c2ccc(OC)cc2)n1,17.28968056657066
CC(=O)n1c(CS)nnc1-c1nnc(SSc2ccc3c(c2)OCCO3)o1,17.275654186179796
COc1ccc(-c2nc(N)c3nc(-c4cc5sc(S)nn5n4)sc3n2)cc1,17.264075368475982
COc1ccc(C(=O)C2=CSn3nc(-c4nnc(SS)s4)nc2c3=O)cc1,17.261267970438706
CC(=O)Oc1cc(C)nn2c(-n3nc(-c4cccs4)nc3NC(=S)S)nnc12,17.213783109150945
Cc1nnc(SSc2nc3cnc(-c4ccc5c(c4)OCO5)nc3s2)n1C,17.213184779573563
COc1ccc(C(=O)n2c(C)nc3sc(-c4cn5nc(S)sc5n4)nc32)cc1,17.17943029477189
O=C(O)Cn1cc(SOc2ccc3c(c2)sc2c(-c4cccs4)nnn23)nn1,17.170174039873245
CSc1nc(-c2nc3nnc(CS)nn3n2)n(-c2ccc(Cl)c(Cl)c2)n1,17.16520574595172
COc1ccc(-c2nnnc(N/N=C(\Sc3cccs3)N3CCOCC3)n2)cn1,17.15847994584787
C/C(=N\Nc1nc2snc(-c3cnc(N4CCC4)s3)n2n1)c1ccc2c(c1)OCO2,17.15574904016724
CCOC(=O)Oc1ccc2c(c1)OCc1nc(-c3nnc(SS)s3)ncc1-2,17.144569734371437
COc1ccc(-c2nc3c(O)nc(-c4nc(F)cs4)nc3n2-c2nncs2)cc1,17.087741093781784
Nc1nnc([SH]=Nc2nc(-c3ccc4c(c3)OCO4)cn2CC2CCCS2)s1,17.07213992398121
C/C(=N/Nc1nc2nn(C)cc2c2nc(-c3ccc(C#N)s3)nn12)c1cccs1,17.06925274116164
COc1ccc(-c2nnc(NC(=S)S)n2-c2cnc3sccn23)cc1[N+](=O)[O-],17.053977539508463
C/C(=N\Nc1nnc2c(n1)CCCC2)Sc1nnc(-c2ccc3c(c2)OCO3)s1,17.047885438933484
O=C(Nc1nc2sc(-n3nnc(-c4cscn4)n3)nc2s1)OCc1ccccc1,17.042603987051006
COc1ccc(-n2c(-c3nnc(SC)s3)nc3nc(N)sc32)c2c1OCCO2,17.033841704070824
Cn1nccc1SSc1ncc2sc3nc(-c4ccc(O)cc4)nn3c2n1,17.027325051527335
Nc1nnc(SCc2nc(-c3nc4sc(C5CC5)cc(=O)n4n3)cs2)s1,17.020224675587247
CC(=O)Oc1cccc(CSc2nc(S)c3sc(-c4nnns4)nc3n2)c1,17.017042106011374
COc1ccc(-c2nc(S)n3nc(-c4ccc(CS)nn4)cc3n2)c2c1OCO2,17.01287364243381
Cn1cnc(-c2nn(-c3ccc(O)cc3)c3sc4nc(-c5cscn5)nnc4c23)c1,16.99740588701674
C/C(=N\Nc1nc(N2CCC2)nc2nc(-c3ccc4c(c3)OCO4)nn12)c1cccs1,16.96019625975343
CC(C)(C)n1nc(-c2nc3sc(N/N=C\c4ccc(-n5cccn5)cc4)nn3n2)s1,16.952864262193433
C(=N/Nc1nc(-n2ccc(-c3cccs3)n2)n(C2CC2)n1)\c1ccc2c(c1)OCO2,16.94517554341335
CN(C)c1nc(N)nc(-c2cc3sc(=S)n(-c4ccc5oc(=O)sc5c4)n3c2)n1,16.932812830198603
CN(C)c1nc2c(N)nc(-c3nsc(=S)n4nc(-c5ccco5)nc34)cc2s1,16.932751211942982
C/C(=N\Nc1nnnc(-c2cccs2)n1)c1nnc(-c2ccc3c(c2)OCO3)s1,16.919869237075748
CNc1nccc(-c2cn(-c3cc4c(nn3)sc(=S)n4-c3ccc(OC)cc3)nn2)n1,16.914636408651866
O=S(=O)(Oc1ccc(Nc2nc(-c3nncs3)cs2)cn1)c1cccs1,16.90318894155182
CCOc1ccn2nc(-n3nc(-c4cccs4)nc3NC(=S)S)c(C#N)c2n1,16.897458575775367
COc1ccc(-c2nsc(-c3nc4nc(-c5ncns5)nc(O)c4s3)n2)cc1,16.87425083070103
CC(=O)Oc1c(=O)n(C)nc2nc(-c3nnc(SS)n3-c3ccccc3)sc12,16.868789730194944
CSc1nc(NC(=S)S)nc(-c2nc(-n3cccn3)nn2-c2ccccc2)n1,16.839050922373016
C=Cc1nc(N)nn2nc(-c3csc(CSc4nc5ccccc5s4)n3)nc12,16.833169929679883
Nc1ncnn2nc(-c3csc(CSc4nc5ccccc5s4)n3)nc12,16.805305850463487
C/C(=N\Nc1nc2c(c(-n3nnc(-c4cccs4)n3)n1)OCCO2)c1cccs1,16.783627005655
N#Cc1ccc(-c2nc3ncnc(N/N=C/c4ccc(N5CCOCC5)cc4)n3n2)s1,16.762772316936314
CNc1nc(SSC(=S)OC)nc(-c2cnn(-c3ccc4c(c3)OCO4)c2)n1,16.73810939466885
COC(=O)CSc1cn2nc(-c3nnc(NC(=O)OC(C)(C)C)s3)cc2s1,16.73073187035226
COc1ccc(-c2nsc3c2sc2nc(-c4nc(NC(C)=O)ns4)nn23)cc1,16.727658428618238
CCn1nnc2c(SCc3nnc(-c4ccccn4)o3)cc(NC(=S)S)nc21,16.72724000722328
COc1ccc(-c2nc3c(NN=C4CCSC4=O)nc(SC)nc3s2)cc1,16.712255932597127
Cc1ccc2sc(SSc3nnn4nc(-c5ccc(O)cc5)nc4n3)nc2c1,16.67338728216562
COc1ccc(/C=N/Nc2nc3sc(=S)nc-3n(-c3ccn4ncnc4c3)n2)cc1,16.656323345654904
COc1ccc(-n2c(SS)nnc2-c2nc3ccc(C(=O)O)c(=O)n3s2)cc1,16.628977131494604
C=C(SSc1cnc(-n2cc(/C=N/Nc3nccs3)nn2)nn1)C(F)(F)F,16.626411155588855
C/C(=N\Nc1nsc(-c2csc(N3CCOCC3)n2)n1)c1ccc2c(c1)OCO2,16.616454630764824
COc1ccc(-c2nnc3c(Nc4ccc5c(c4)OCCO5)nc(S)nn23)cc1,16.60252488099365
O=S(=O)(O)Oc1ccc(-n2cc(/N=C3/SCSC(=S)S3)nn2)cc1,16.560019717644657
Nc1nnc(SCc2nnc(-c3ccc4c(c3)SC(c3cccnc3)O4)s2)s1,16.54700082665315
C/C(=N/Nc1ncc(-c2ccc3c(c2)OCO3)nn1)Sc1ncnn1-c1cccs1,16.545343249307326
CSc1nnc(-c2nc(NC(=S)[SH]=O)nc(-c3ccc4c(c3)OCO4)n2)s1,16.53684030466463
O=C(CSc1nn2nc(-c3ccc4c(c3)OCO4)nc2s1)c1ccc(O)cc1,16.516541545754
Oc1cc(OCc2csc(-c3cccs3)n2)nn2nc(-c3nnc(F)s3)nc12,16.510366867795415
COc1ccc(-c2nsc(/N=C(\SC(=S)S)N3CC(C(=O)O)O3)n2)cc1,16.50370398317048
CSOc1ccc(-n2cc(-c3nc(S)nn4nc(-c5ccco5)nc34)nn2)cc1,16.45614029011929
CSc1ncc(-c2nc3sc(-c4ccc(OS(=O)(=O)O)cc4)nn3n2)s1,16.452018396284938
Nc1nnc(SCc2nc(-c3nc4ncccc4s3)n(-c3ccccc3)n2)s1,16.43823946388646
C/C(=N\Nc1nsc2nc(-c3cccs3)nn12)c1ccc(-n2cncn2)cc1,16.400964701380296
COc1ccc(-c2nc3c(O)nc(-c4nn(-c5cccc(=O)n5C)s4)nc3s2)cc1,16.397898951967246
COc1ccc(-c2nc3cc(CS)nn3n2-c2nnnc(-c3cccs3)n2)cc1,16.39646289988381
CCOc1ccc(C#N)n2nc(-n3nc(-c4ccco4)nc3SC(=S)S)nc12,16.39039884828089
COc1ccc(-c2nsn3nc(-c4snnc4/N=C/c4cccs4)nc23)cc1,16.355563469441
COc1nn2c(-c3csc(N/N=C/c4ccc(N5CCCCC5)cc4)n3)nnc2s1,16.351397338148903
COc1ccc(-c2nc(N)c3c(SC)nc4nc(-c5cccs5)nn4c3n2)cn1,16.346310709480452
CSc1nc2c(nc(N)n3nc(-c4ccc(OCc5cccnc5)s4)nc23)s1,16.32510940671622
CNc1nc(SSc2nnc3ccccn23)nc(-c2ccc3c(c2)OCO3)n1,16.300454536228663
CSc1nnc(-n2c(-c3ccc(O)cc3)nc3c(C(C)(C)C)c(S)nn32)nn1,16.294457788928693
Cn1nnc(COc2ccc(-c3nc4cnc(NC(=S)S)nc4s3)cc2)n1,16.258042861328967
N=c1soc2ccc(CCCn3sc(=S)n4nc(-c5ccco5)nc34)cc12,16.24403643865003
CSc1ccc(-n2cc(-c3nc(-n4c(=O)sc5cc(O)ccc54)ns3)nn2)cc1,16.217248450142208
COc1ccc(-c2nc(S)n3nc(-c4nc5sc(CC#N)nc5s4)nc3n2)cc1,16.213904220822698
COc1ccc(-n2nc(-c3nccc(NC(=S)S)n3)n(/C=N/C#N)c2=S)cc1,16.19603882351795
COc1ccc(-c2nc3c(O)nc(-c4nc5sc(=O)n(C)c5s4)nc3s2)cc1,16.19310978763031
SCc1nnc(N/N=C/c2ccc(-c3nc4sc(-c5ccco5)nn4n3)cc2)s1,16.173379037508496
Nc1nnc(SCc2nsc(-c3cn(-c4ccc(Cl)cc4)nn3)n2)s1,16.16951357401508
Cn1cnnc1N/N=C/c1ccc(-c2nnn(-c3ccc4c(c3)SCSO4)n2)cc1,16.131945882032518
COc1ccc(-c2cn3nc(-c4ccc(CS)nn4)nc3s2)c2sc(=O)oc12,16.10835391540778
SCc1cnc(-c2cn(-c3ncnc(N/N=C/c4ccc(Cl)s4)n3)s2)nn1,16.09574133237699
COc1ccc(-n2nc(-c3nc4nc(-c5ccns5)nc(O)c4s3)oc2=S)cc1,16.091272070456107
COc1cnn(-c2ccc(/C=N\n3sc(=S)n4nc(-c5ccco5)nc34)cc2)c1,16.08987153391203
Cn1c(SSc2nn3nc(-c4ccc(C(=O)O)cc4)nc3s2)nc2ccccc21,16.077316315821367
COc1ccc(-c2nc3n(n2)c(SC)nc2nc(-c4cccs4)nn23)cc1C#N,16.05424260265802
O=C(CSc1nn2nc(-c3cccs3)cc2s1)Nc1ccc(-n2nccn2)nc1,16.044009147752238
CSc1nnc(N/N=C/c2ccc(-c3coc(SC(=S)S)n3)cc2)nn1,16.03528990490775
C/C(=N\Nc1nnc2nc(SSC(=S)N(C)C)sc2n1)C(=O)OC(C)(C)C,16.031819797104554
CNc1nc(-c2nnc(SC)s2)n2c(Cl)c(-c3ccc4c(c3)OCO4)nc2n1,16.027288066051288
c1ccc(-n2nnnc2S/C(=N\Nc2ncsn2)c2ccc3c(c2)OCO3)cc1,16.02199120662985
O=C(O)CSc1nn2nc(-c3ccc(OC(=O)c4cccs4)s3)nc2s1,16.00857064035073
Oc1ccc(-n2nc(-c3nnc(SCc4cccc(F)n4)nn3)sc2=S)cc1,15.998439532851199
O=C(SSc1nnc(-n2c(=S)sc3cc(O)ccc32)nn1)c1ccccn1,15.974051282249869
CCSc1nc2c(N)nc(-c3nc4nc(-c5cccs5)nn4s3)cc2s1,15.953343891223037
Oc1ccc(-c2nc3c(OCc4cn(-c5ccco5)nn4)nsc(=S)n3n2)cc1,15.92578805454538
Cn1cc(-c2ccccc2CSc2nc(S)n3nc(-c4ccns4)nc3n2)nn1,15.920603754368088
COc1ccc(-c2nc(N/N=C\c3cccs3)nc3nc(-c4ncns4)nn23)cc1,15.91019739523234
COc1ccc(-c2nc(N/N=C/c3cnc(Cl)s3)nc3nsc(=S)n23)cc1,15.908811321547395
CSc1cc(O)c2nc(-n3nnc(-c4cccs4)n3)c(-c3cccs3)nc2n1,15.876367718625655
COc1ccc(-c2nc3nc(-c4nn(-c5ccc(F)nn5)s4)nc(O)c3s2)cc1,15.861610919185157
C[n+]1sc(=S)n2nc(-c3ccco3)nc2c1/N=C/c1ccc(-n2cnnn2)cc1,15.834251461864309
N#Cc1ccc(-c2nsc(NSc3cn(-c4ccc5c(c4)OCO5)nn3)n2)s1,15.815935456457117
COc1ccc(-c2nc3n(n2)-c2cc(-c4nnc(CS)nn4)sc2CS3)cc1,15.81429394781804
CSc1nc(N/N=C(\C)c2ccc3c(c2)OCO3)n2nc(-c3cccs3)nc2n1,15.803589351840976
CC(=O)Oc1cnc2c(c1)oc1c(-c3nnc(SS)s3)nc(CS)cc12,15.794348198346285
Cc1nc(-c2nnn3c2-c2sc(CSc4nnc(N)s4)nc2CCC3)cs1,15.781862921827152
COC(=O)SOc1ccc(-c2nsc(-c3cc4nc(CS)nn4s3)n2)cc1,15.762651244502338
COC(=O)c1ccc(-c2nc3sc4cnc(NCc5cccs5)nc4n3n2)s1,15.756000192463711
CCOC(=O)Oc1cccn2nc(-n3nc(-c4cccs4)nc3NC(=S)S)nc12,15.749430783584431
CCCn1cnc2nc(-n3nc(-c4cccs4)nc3SC(=S)S)nnc21,15.747693071105042
COc1ccc(-n2nc(-c3ccco3)nc2-c2nc3[nH]c(=S)sn3n2)nc1C,15.73664538758991
Oc1ccc(-n2nc(/N=N/c3ccc(N4CCOCC4)cc3)nc2-c2nncs2)cc1,15.721629160071117
COc1ccc(-c2nc(NC(=S)S)c3nc(-c4ccco4)nn3n2)cc1OC,15.719620589373212
C(=N/Nc1nn2nc(-c3nncs3)nc2s1)\c1ccc(Oc2ccccc2)nc1,15.694392664129808
Cn1c(-c2cnc(S)s2)nnc(SSc2nc(-c3ccccc3)no2)c1=O,15.619555662700058
COc1ccc(-c2nsc(=S)n3nc(-c4ccco4)nc23)nc1/C=N/N1CCOC1,15.604726056474606
COc1ccc(-c2nc3c(O)nc(-c4nn(-c5cccs5)s4)nc3s2)cc1,15.60316788409237
S=C(S)Sc1nc(-c2ccc(/C=N/Nc3nc(N4CCC4)cs3)nc2)no1,15.562582079760137
COc1ccc(-c2nsc(-c3cc(NC(=S)S)nc(-n4nccn4)n3)n2)cc1,15.538133255094365
CSc1nc(-c2nc3c(nc(N)n4nc(-c5ccc(CF)s5)nc34)s2)ns1,15.522189637203727
CC(=O)Oc1cc(C)cn2nc(-n3nc(-c4ccco4)nc3NC(=S)S)nc12,15.515766337397466
COc1ncnc(N/N=C(/SC(=S)N2CCOCC2)Sc2cccs2)n1,15.510293375877247
O=S(=O)(O)Oc1ccc(-n2c(-c3ccco3)nc3sc(-c4ccns4)nc32)cc1,15.490012986466212
C/C(=N\Nc1nn2nc(-c3ccc(F)s3)nc2s1)c1ccc(-n2nccn2)cc1,15.472365848458079
CCC(=O)Oc1cccn2nc(-n3nc(-c4ccco4)nc3NC(=S)S)nc12,15.464978745240222
CSc1nnc(-c2nc(NC(=S)S)n(-c3ccc4c(c3)OC(C)(C)O4)n2)o1,15.463532940286282
CN(c1nc(N)nc(N2CCCCC2)n1)c1nc2sc(-c3cccs3)nc2s1,15.463510193722186
SCc1nnn(-c2ccc(/C=N/Nc3nc(-c4cccs4)nn4cccc34)nc2)n1,15.461745452720983
COc1ccc(-n2nnc(-c3nsc(=S)n4nc(-c5ccc(O)cc5)nc34)n2)cc1,15.434468798019148
COc1ccc(-c2nc3c(O)nc(-c4nnns4)nc3n2-c2cccs2)cc1,15.434067652151322
Nc1nnc(SCc2nnc(-c3ccc4c(c3)OC(c3nccs3)O4)s2)s1,15.41785862850119
Nc1cc(-c2cccs2)nc(SCc2nn3nc(-c4cccs4)nc3s2)n1,15.37819561649699
C/C(=N\Nc1nn2nc(-c3nn(C(C)(C)C)s3)nc2s1)c1ccc2c(c1)OCO2,15.35601728274938
Cc1ccc2cc(-c3nnnc(N/N=C/c4ccc(N5CCOCC5)s4)n3)oc2n1,15.304249055374482
COc1ccc(-c2nc3sc(N/N=C\c4ccc(-n5nccn5)cc4)nn3n2)s1,15.302616262720901
Clc1cccc(-n2nnc(-c3nc(N/N=C/c4ccc5c(c4)OCO5)ns3)n2)c1,15.298421207967058
CSc1nnc(N/N=C/c2ccc(-c3ccnc(SC(=S)S)n3)cc2)nn1,15.298372421678165
CCOC(=O)N1CCN(c2nc(C(C)(C)C)c(N=[SH]c3nnc(N)s3)s2)CC1,15.26174145805606
COc1ccc(-c2nc(NC(=S)S)n(-c3nc4c(OC)ccc(C#N)n4n3)n2)cc1,15.252497445719921
CCOC(=O)c1sc(-c2nnn(-c3ccc4c(c3)OCO4)n2)nc1NC(=S)S,15.250488653634791
Cc1cnc2cc(-n3cc(CSc4ncc(NC(=S)S)nn4)nn3)ccc2n1,15.207474132104199
CC(C)(C)c1nnc(-c2cc(O)ccc2CSc2nnc(N3CCOCC3)s2)o1,15.193630716832288
C=Nc1nc(N/N=C/c2ccc(N3CCOCC3)cc2)n2nc(-c3cccs3)nc2n1,15.183883717441425
Cc1nn2cc(-c3cnnc(N/N=C/c4ccc(N5CCOCC5)s4)n3)nc2s1,15.181433810907627
O=Cc1cc(SCc2cn(-c3ccc4c(c3)OCO4)nn2)nnc1NC(=S)S,15.170092190859839
CC1=CC(C)=NN(C(=S)SSc2ncc(Sc3nnc(N)s3)nn2)C1,15.168708448045031
Nc1nc(SSc2nnn(-c3cccs3)n2)nc2sc(-c3ccccc3)nc12,15.155346748965032
CC(C)Oc1ccc(C#N)n2nc(-n3nc(-c4cccs4)nc3NC(=S)S)nc12,15.152430699206798
CC(O)OC(=O)CSc1nnc(-c2cc3sc(-c4cccs4)nn3n2)s1,15.143364114152343
Cc1ccc2nc(-c3nc(N/N=C/c4ccc(N5CCOCC5)s4)no3)sc2n1,15.120254601292611
CC(C)c1cc(=O)n2nc(-n3nc(-c4ccco4)nc3NC(=S)S)nc2s1,15.114125581378637
Cc1ccc2cc(-n3nnc(CSc4ncc(NC(=S)S)nn4)n3)ccc2n1,15.105341256843205
C/C(=N\Nc1nn2nc(-c3nc(Cl)cs3)nc2s1)c1ccc(-n2nccn2)cc1,15.10150398849356
C(=N/Nc1nsc(-c2nnc(-c3ccsc3)o2)n1)\c1ccc(N2CCOCC2)cc1,15.084040818841665
Nc1nnc(SCc2nc(-c3cn(-c4ccc5c(c4)OCCO5)nn3)cs2)s1,15.075487201274132
Fc1ccc(CSSc2nnc(-c3nc(OC(=S)S)no3)nn2)cc1,15.05043221701231
Nc1nn(CCCc2cccs2)c2sc(=S)n3nc(-c4ccco4)nc3c12,15.02594396287906
Nc1nnc(SCc2nc(C3=NN4C(=O)C=C(c5ccccc5)S4=N3)cs2)s1,15.017730809390379
C(=N/Nc1nnnc(-c2nnc(-c3ccccc3)s2)n1)\c1ccc(N2CCOCC2)cc1,15.016024669824015
C(=N/Nc1nsc(-n2cc(-c3cccs3)nn2)n1)\c1ccc2c(c1)OCCO2,14.99885828758557
Cn1nc(N/N=C/c2ccc3c(c2)OCO3)nc1-c1nc(-c2cccs2)ns1,14.997260953078985
C/C(=N\Nc1nsc(-n2cc(-c3cccs3)nn2)n1)c1ccc2c(c1)OCO2,14.996041788252926
Cc1cn2c(n1)-c1cc(-c3nnc(CSc4nnc(N)s4)s3)ccc1OC2,14.988299509614636
C/C(=N\Nc1nsc(-n2ncc(-c3cccs3)n2)n1)c1ccc2c(c1)OCO2,14.94937672548715
COc1ccc(-c2nn3nc(-c4nc(NN5CCCCC5)ns4)cc3s2)cc1,14.933916763416311
Nc1nnc(SCc2nc3c(nnn3Cc3ccc4c(c3)OCCS4)s2)s1,14.911666072785746
COc1ccc(-c2cccc(-c3nc4sc(CS)nn4n3)n2)c2sc(=O)oc12,14.88890652566342
Sc1nn2cc(-c3nc(N/N=C/c4ccc(N5CCOCC5)cc4)no3)nc2s1,14.870775373531167
CSc1nnc(-c2nc(NC(=S)S)n(-c3ccc(OC(C)=O)cn3)n2)s1,14.847604397137829
CCOC(=O)C1Oc2ccc(-n3nc(-c4cccs4)nc3NC(=S)S)cc2O1,14.844248265681019
CSc1nnnc(N/N=C/c2ccc(N3CCN(C(=O)OC(C)(C)C)CC3)s2)n1,14.83481161362455
C(=N/Nc1nnc(Sc2nc3ccccc3o2)s1)\c1ccc(N2CCOCC2)cc1,14.816890797263849
Sc1nc(SCc2ccc(-c3ncccn3)nn2)nc2nc(-c3cccs3)nn12,14.764476768469878
Cc1ccc(CSc2nn3nc(-n4c(=O)sc5cc(O)ccc54)nc3s2)o1,14.746280807489141
CCn1nnc(SOc2ccc3c(c2)SCn2nc(-c4ccc(N)s4)nc2-3)n1,14.74593791410926
Nc1nc(SCc2ccc(-c3nccs3)nc2)nc2nc(-c3ccsc3)nn12,14.739101179254808
C/C(=N\Nc1nn2nc(-c3ccc(Cl)s3)nc2s1)c1ccc(-n2nccn2)nc1,14.73382968801149
COc1ccc(-c2cccc(-c3nn4nc(CS)nc4s3)n2)c2sc(=O)oc12,14.728549824411575
CC1=CN(C(=S)SSc2ncc(Sc3nnc(N)s3)nn2)CC(C)=N1,14.714882984910009
CC(C)(C)n1nc(CS)nc1-c1nnc(SS)n1-c1ccc([N+](=O)[O-])cc1,14.71219628242063
O=Cc1cc(C(=O)O)nn1-c1nnc(SSc2nc3c(s2)CCCC3)s1,14.69998654675746
Cc1nsc(NC(=O)CSc2nnc(-c3cccs3)n2-c2nncs2)n1,14.69454225041824
O=C(O)c1cc(Cl)n(-c2nnc(SSCc3ccc4c(c3)OCO4)s2)n1,14.663192700491937
COC(=O)Oc1cccc(CSc2nc(S)n3nc(-c4cncs4)nc3n2)c1,14.651660724631535
Cc1c(F)nc(N/N=C/c2ccc3c(c2)OCO3)nc1-n1nnc(-c2cccs2)n1,14.63348856324151
CCOc1cc(=O)n2nc(-n3nc(-c4cccs4)nc3NC(=S)S)nc2o1,14.598362352628111
CSc1ncc(N/N=C/c2c(-c3cccs3)nn3nc(-c4ccco4)sc23)nn1,14.57841579744154
CSc1nnc(-c2nc(NC(=S)S)nn2-c2ccc([N+](=O)[O-])cc2)s1,14.538041389406876
C(=N/Nc1nsc(-c2nnc(-c3cccs3)o2)n1)\c1ccc(N2CCOCC2)s1,14.519865002276493
COc1nnc(-c2nnc(SS)n2-c2ccccc2)n1-c1ccc2c(c1)OCO2,14.50649140008635
COc1ccc(-c2nn3nc(-c4nnc(NN5CCCC(=O)O5)s4)cc3s2)cc1,14.496643477468766
COc1ccc(-c2nc3sc(-c4nnc(C(=O)O)s4)nc3n2-c2cccs2)cc1,14.491818589884653
COc1ccc(-c2nn3nc(-c4snnc4/N=N/c4ccccc4)nc3s2)cc1,14.482823673261734
SSc1nnc(-c2nc3n(n2)COc2cnc(OCc4ccccc4)cc2-3)s1,14.439196216781923
Cn1ccc2sc(-c3nc4scc(-c5ccc(OS(=O)(=O)O)cc5)n4n3)nc21,14.401280275467162
COc1ccc(/C=N/Nc2nn3nc(-c4nc5cc(=O)scc5s4)nc3s2)cc1,14.393682649200112
COc1ccc(-c2nc(N/N=C/c3ccc(Cl)nc3)c3nsc(=S)n3n2)cc1,14.357916783160933
Nc1nc(SCc2ccc(-c3cccs3)nc2)nc2nc(-c3ccns3)nn12,14.310993054674288
COc1ccc(-c2nn3nc(-c4snnc4/N=C/c4cccs4)nc3s2)cc1,14.309465682756644
COc1ccc(-c2nc3c(O)nc(-c4nn(-c5ccc(F)nn5)s4)nc3s2)cc1,14.307624633378582
Cc1ccc(-c2nnc(NSc3nnc(-c4ccc5c(c4)OCO5)nn3)s2)s1,14.29364831997787
COc1ccc(-c2nn3nc(-c4scnc4/N=N/c4ccccn4)nc3s2)cc1,14.268212237774705
Sc1nc(SCc2ccc(-c3ncccn3)nc2)nc2nc(-c3ccns3)nn12,14.248185333190582
CSc1nnc(N/N=C/c2ccc(-c3nc(SC(=S)S)o[n+]3[O-])cc2)s1,14.212903024501484
COc1ccc(/C=N/c2c(-c3nnns3)nn3nc(-c4ccco4)sc23)cc1,14.211266962122435
COc1ccc(-c2nn3nc(-c4nnc(NN=C5CCOCC5)s4)cc3s2)cc1,14.199691009747578
Nc1nnc(Sc2nc3cnc(-c4ccc(N5CCOCC5)cc4)nc3s2)s1,14.198288961440515
COC(=O)Cn1nnc2ccc(-n3nc(-c4cccs4)nc3NC(=S)S)nc21,14.185976746677536
COc1ccc(/C=N/Nc2nn3nc(-c4snc5ccc(=O)sc45)nc3s2)cc1,14.146737586617386
C/C(=N/Nc1nnc(-c2ccco2)s1)Sc1nnc(N2CCOCC2)s1,14.129898053877529
Sc1nc(SCc2ccc(-c3ncco3)cc2)nc2nc(-c3nncs3)nn12,14.114092818395624
CCSc1ncc(NC(=S)S)nc1-c1nnn(-c2ccc3c(c2)OCO3)n1,14.057746959648163
Nc1nnc(SCc2nc(-c3nnc(-c4ccc5c(c4)CCO5)s3)ns2)s1,14.013632208898924
[C-]#[N+]c1ccc(-c2nc3sc(N/N=C/c4ccc(-n5ncc(C)n5)nc4)nn3n2)s1,14.007202788313224
Nc1nc(SCc2ccc(-c3nccs3)cc2)nc2nc(-c3nccs3)nn12,14.00198228738656
CCOc1cc(=O)n2nc(-n3nc(-c4cccs4)nc3NC(=S)S)oc2c1,13.998415354458388
Nc1nnc(SCc2nc(-c3nccs3)n(-c3ccc(Cl)cc3)n2)s1,13.986913133388539
COc1ccc(-c2nc(S)c3nc(-n4nnc(-c5ccccn5)n4)sc3n2)cc1,13.963741731089723
S=c1sc(N/N=C/c2ccc(-n3nccn3)cc2)nc2nc(-c3ccco3)nn12,13.919335691114787
COc1cccc2cc(CSc3nc(S)n4nc(-c5nnns5)nc4n3)ccc12,13.902763889068693
Nc1nc(SCc2ccc(-c3cccs3)nc2)nc2nc(-c3cncs3)nn12,13.835386371008877
COc1nn2nc(-c3csc(N/N=C\c4ccc(N5CCOCC5)cc4)n3)nc2s1,13.835007239672816
COc1ccc(-c2nn3nc(-c4nnc(NN5CCC(=O)OC5)s4)cc3s2)cc1,13.818945786463555
COc1ccc(-c2nc(-c3nnc(SS)s3)nn2-c2ccc3c(c2)OCO3)cc1,13.816235918717968
COc1ccc(/C=N/Nc2nn3nc(-c4nn5cnc(Cl)c5s4)nc3s2)cc1,13.794659189898459
c1ccc(N/N=C(\Sc2nnnn2-c2cccs2)c2ccc3c(c2)OCO3)nc1,13.728899402364748
COc1ccc(-c2nc3c(-c4nnc(-c5cccs5)o4)nc(S)nn3n2)cc1,13.708911608598893
CSc1nnc(-c2nc(NC(=S)S)n(-c3ccc([N+](=O)[O-])cc3F)n2)s1,13.659288848357463
Nc1nc(SSCc2ccc3c(c2)OCO3)nc2nc(-c3cccs3)nn12,13.633382865670365
Oc1ccc(-c2nc3sc(SSc4nnc(N5CCCC5)o4)nn3n2)cc1,13.625466522202098
COc1ccc(/C=N/Nc2nn3nc(-c4nc5sc(=O)ccc5s4)nc3s2)cc1,13.611213410306783
COc1ccc(-c2nc(N)c3nc(-c4nn(-c5ccc(F)nn5)s4)sc3n2)cc1,13.594328674991155
Sc1nc(SCc2ccc(-c3ncco3)nc2)nc2nc(-c3ccns3)nn12,13.592165364760229
O=C(CSc1nnc(-c2ccc3c(c2)OCO3)s1)Nc1nnc(-c2nccs2)s1,13.539506614138203
CC1(C)Oc2ccc(-n3nnc(CSc4nnc(NC(=S)S)o4)n3)cc2C1=O,13.489653440002542
CC1CCN(C(=S)SSc2ncc(Sc3nnc(N)s3)nn2)CC1,13.414578363309861
Nc1nc(SCc2nn(-c3ccccc3)s2)nc2sc(-c3ccco3)nc12,13.390648467129807
COc1ccc(-c2nc3sc(N/N=C/c4ccc(-n5ccnn5)cc4)nn3n2)s1,13.352438801191349
Cc1nn2cc(-c3nc(N/N=C/c4ccc(N5CCOCC5)cc4)ns3)nc2s1,13.318621150392799
COC(=O)c1ccc(/C=N/Nc2nc3nc(-c4cccs4)nn3c(=S)s2)cc1,13.262961147203209
C(=N/Nc1nsc(-c2nnc(-c3ccccc3)o2)n1)\c1ccc(N2CCOCC2)s1,13.262565983416476
COc1cccc(-n2c(=S)sc3c(-n4nnc(-c5cccs5)n4)nc(N)nc32)c1,13.179196885195967
Nc1nnc(SCc2nnc(N3N=C(c4ccc(Cl)s4)CC3=O)s2)s1,13.137562140456684
Cc1nc(-c2cccs2)nn1-c1nc(N/N=C/c2ccc3c(c2)OCO3)ns1,13.12052611243985
Nc1nc(SCc2ccc(-c3nccs3)cc2)nc2nc(-c3cncs3)nn12,13.108663847463953
Nc1nc(SCc2nc(-c3ccccc3)ns2)nc2nc(-c3cccs3)nn12,13.083242560330303
C(=N/Nc1nnc(-c2nnc(-c3ccco3)s2)s1)\c1ccc(N2CCOCC2)cc1,12.944350689175321
CCn1c(NC(=S)S)nnc1SCc1nnc(-c2ccc3c(c2)OCO3)o1,12.942098482312854
COc1ccc(-n2cc(/C=N/Nc3nc(-c4ccc5c(c4)OCO5)cs3)nn2)s1,12.928492698628597
COc1ccc(/C=N/Nc2nn3nc(-c4nn5nc(Cl)cc5s4)nc3s2)cc1,12.924171401434343
Oc1c(/N=N/c2ccc(N3CCOC3)nc2)sc(=S)n2nc(-c3ccco3)nc12,12.643383583204281
O=[N+]([O-])c1ccc(-c2nc(N/N=C/c3cccs3)nc3nsc(=S)n23)cc1,12.538575083188668
S=C(S)Nc1ccnc(-n2cc(CSc3nnc(-c4ccccc4)o3)nn2)n1,12.420260152599958
CC1CN(C(=O)OC(C)(C)C)CCN1c1nnc(CSc2nnc(N)s2)s1,12.384980315529257
C(=N/Nc1nnc(-c2nnc(-c3cccs3)o2)s1)\c1ccc(N2CCOCC2)cc1,12.278998098496466
COc1ccc(/C=N/Nc2nn3nc(-c4nc5ccc(=O)sc5s4)nc3s2)cc1,12.242692850014423
COc1ccc(-c2nsc(/N=C3\SC(=S)SS3(=O)=O)n2)cc1OC,12.111039907553026
S=C(S)Nc1ncnc(-n2cc(CSc3nnc(-c4ccccc4)o3)nn2)n1,12.07393599581574
Cn1cnc2sc(Nc3ccc(OSc4nnnn4-c4ccccc4)cc3)nc2c1=O,11.850051469975323
COc1ccc(/C=N/Nc2nn3nc(-c4nnc(C(C)(C)C)s4)nc3s2)cc1,11.399291533163456
O=[N+]([O-])c1ccc(-n2cc(CSSc3nnc(NC(=S)S)s3)nn2)cc1,10.924407324546147
