SMILES,log-likelihoodog
Cc1cc(C)c(O)c(C(=O)Oc2ccc(-c3nnc(C(F)(F)F)s3)n3cccc23)n1,31.78105885455041
Cc1cc(-n2c(C(C)Nc3nc4ccccc4c(=O)n3C)nc3cnccc32)ccc1Cl,31.77285131965477
COc1cc(-n2cc(C)c(=O)c3ccsc32)cc(-c2ccc(-c3nnn[nH]3)cc2)c1S,31.629621079826517
COC(=O)c1cc(-n2sc3ccccc3c2=O)cc(-c2cc(C)c(C(=O)O)s2)c1C,31.572818310859446
COc1cc(-c2sc3c(c2OCc2cccc(Cl)c2)CCCO3)n2cc(N)nc2n1,31.286696896812682
Cc1nc(-c2csc(-c3nc(C)c(C(=O)c4cc(Cl)cc(Cl)n4)s3)c2)n(C)n1,30.836018735531194
Cc1cc(-n2cc(C(=O)O)ccc2=O)nc(-c2cc3ccccc3n2Cc2sccc2C)n1,30.71085866923253
Cc1nc(-c2ccccc2)n(CC(=O)c2cccs2)c1-c1ccc(C(=O)O)c(Cl)n1,30.694178889371273
COc1cccc2c1cnn2Cc1ccc(-n2c(O)nc3c(-c4cccs4)ccnc32)cc1,30.296088125474476
Cc1nn(-c2cc(Nc3nc(-c4cccc5c4ccc(=O)n5C)cs3)ccn2)c(C)c1C,30.21569681886734
Cc1cc(C)c2c(C)nn(-c3cc(Cl)cc(Sc4cncc(C(=O)O)c4)c3)c2n1,29.847821642715715
Cc1cc(C(=O)Nc2ncc(-c3ccsc3)c(=O)n2Cc2ccc(Cl)cc2C)on1,29.73319073403215
Cc1c(C)n(-c2ccc(F)cc2Cl)n2nc(Sc3ccc(O)c(C(=O)O)c3)nc12,29.671191992106618
COc1cccc(C2=Nn3c(nc(C)c3C(=O)O)Sc3nc(C(F)(F)F)c(C)cc32)c1,29.54105951446123
Cc1cc(Oc2cccc3c2CC(C(=O)O)CCO3)n(-c2ccc(-n3cccn3)cc2C)n1,29.22692412462896
COc1ccc(-c2nc(NCc3c(Cl)nn4ccccc34)nc(-c3ccccn3)n2)cc1,28.903695753418965
CSc1c(F)cc(F)cc1OCc1cnn(-c2cccc3nc(C(=O)O)sc23)c1C,28.717578022744274
O=C(O)c1ccc(C(S)Cn2nc(-c3ccc(Cl)cc3)c(-c3ccco3)n2)cc1,28.641629153096666
CC(=O)Nc1nc(Sc2cn(C)c3ncccc23)cc(-c2cc3ccccc3nc2C)n1,28.63889846453791
Cc1cc2nc(-c3ccc(C)n4ccnc34)nn2c(NCc2ccc(-c3ccncc3)cc2)n1,28.6022218828945
CSc1ccc2nc(C)n(-c3cc(Cl)cc(COc4ccc(F)nc4O)n3)c2n1,28.594621914632484
CC(C)n1nc(-c2c(Cl)cc(Cl)cc2Cl)c2c(Cn3ccnc3)nn(O)c2c1=O,28.544580475030916
Cc1cc(C)c2c(-n3ccnc3)nn(Cc3cccc(-c4ccc(C(=O)O)cc4)n3)c2c1,28.530799350503806
Cc1cc(SCc2ccc(-c3cccc(F)c3)nn2)n(-c2cccc(C(=O)O)c2F)n1,28.39018597624443
CNCc1cnc(-c2nc(-c3nc4ccccc4s3)n(Cc3ccc(Cl)cc3)n2)nc1,28.377968750437283
Cc1cc(C)n(-c2nnn(-c3ccc(Cl)c(Cl)c3)c2C(=O)c2ccccc2)c1NN,28.35762855740314
Cc1c(C)n(Cc2cccc(C(=O)O)c2)c2sc(-c3ccnc(N4CCCC4)n3)cc12,28.3253558043849
Cc1ccc(-n2ccc(Cn3nc(C)c4nc(Cl)cc(NC(=O)OC(C)(C)C)c43)n2)cc1,28.223406246247805
COc1ccc(-c2cc(-c3cnc4cc(C)n(C(F)(F)F)c4c3)n(CC(=O)O)n2)cc1,28.17911809757628
COc1ccc(-n2cc(Oc3ccc4c(c3)ncn4C)c(C(=O)O)c2Cl)cc1Cl,28.10187900603932
CSc1nc(-c2cc(Cl)ccc2C(=O)Oc2ccc(C)cc2)nn1-c1nccs1,27.838251282078435
Cc1cc2c(cc1-c1cnco1)n(Cc1sc3ccccc3c1C)c(=O)n2CC(=O)O,27.771668420694372
Cc1cc(-c2cn(-c3ccccc3)nn2)cc2cnc(NCc3ccc4c(c3)OCO4)nc12,27.724270212941256
CC(=O)n1nc(-c2cccc(Cl)c2)nc1-c1cnc(NCc2cccc(C)n2)s1,27.668005894643898
COc1ccc(CNC(=O)n2c(Sc3ccccc3Cl)nc3ccc(C)nc32)cc1,27.558733835024604
Cc1ccc(Cn2c(C)nc(-c3nccs3)cc2=O)cc1OC(=O)Nc1cccs1,27.532905211653024
Cc1cc(CSc2ccncc2)sc1-c1nnn(-c2ccc3c(c2)CCC(N)C3)n1,27.509321240231724
Cc1c(C)n(-c2ccc(C(=O)O)s2)c(=O)c2c(Cc3cccc4ncccc34)nn(C)c12,27.488185142068666
Cc1cc(-n2cc(Oc3cc(Cl)ccc3Cl)cc2C(=O)O)cc(-n2nccn2)c1C,27.487819056852924
Nc1nc(-c2scc(Cn3ccnn3)c2F)ncc1SCc1ccc(Cl)cc1,27.47625891751926
Cc1sc(-c2c(C(=O)O)cnn2C)cc1Cn1c(-c2ccc(F)cc2)nc2ncccc21,27.470594670561656
COc1ccc(Cl)c(C)c1-c1csc2c(=O)n(-c3nccs3)c(CC(=O)O)cc12,27.4298965475703
COc1cccc2c(-c3nc4c(s3)CCN(c3ccc(C(=O)O)cc3)C4)nc(C)nc12,27.427971788694933
O=C(O)c1cc2cccnc2n1-c1cc(Oc2ccc(CN3CCCCC3)cc2)sn1,27.421437086338102
COc1cc(C(F)(F)F)ccc1OCc1nc(-c2cccs2)nc2c(O)ncnc12,27.408550167527316
COc1ccc(-c2cc(C(=O)O)nc(C3CCc4cccc(Cl)c4S3)n2)c(OC)c1,27.36086772235367
Cc1cc(OC(F)(F)F)cc(-n2nc(-c3cccs3)nc2-c2nccc(O)n2)c1C,27.35309224005109
COC(=O)c1cc(-c2nc(-c3ccc(C)cc3)ns2)sc1NC(=O)C1CCCCC1,27.27791367622707
COc1nc(Oc2cc(C)cc3c2n(-c2ncco2)c(=S)n3C)ccc1C(F)(F)F,27.275791470712903
COc1nc(-c2cccc(-n3c(-c4ccc(F)cc4)nc4c3CCC4)n2)sc1C(=O)O,27.204029982865134
Cc1cc(-c2nnc(Sc3ccc4c(c3)CC(C(=O)O)CC4)o2)cc(N2CCC2)c1C,27.199798038005273
Cc1ccc(Sc2nnc(-c3ccc(F)cc3)n2-c2ccc(C(=O)O)cc2)n(C)c1=S,27.07100930569416
COC(=O)c1nc2c(cc(C)n2-c2ccc(NCc3ccccn3)cc2)n1-c1ccccc1,27.04395998424759
Cc1cc(C)c(Cl)c(Oc2nn(C(=O)c3ccc(Cl)cc3)c3nc(C)nc(O)c23)c1,26.990210593390877
Cc1ncc(-c2ccc3c(c2)ncn3C)n1Cc1cc(-n2cc(C(=O)O)cn2)ccc1Cl,26.970304883061125
Cc1nc(Cn2ccc3ncnc(O)c32)cn1-c1ccc(Oc2cccc(Cl)c2)cc1,26.94312241352657
Cc1cc2cc(-c3cc(C(=O)O)nn3C)ncc2n1Cc1ccc(-c2nccs2)cc1,26.884966058483993
Cc1cc(C(=O)O)cc(Sc2cc3cc(F)ccc3n2CC(=O)OC(C)(C)C)n1,26.811304515891972
Cc1ccc(CNc2nc(-c3cccc(Cl)c3)nn2-c2ncn(-c3cccnc3)n2)cc1,26.807760094741212
Cn1c(O)nc2c(OCc3cc(-c4ccccc4)n(-c4ccccc4Cl)n3)nccc21,26.795227268127423
CCOC(=O)c1cc(Cn2c(-c3cc(Cl)cc(Cl)c3)nc3cccnc32)c(O)s1,26.75180751985239
Cc1nc2nccc(-c3cnc(SCc4cccc(C(F)(F)F)c4)c(N)n3)c2s1,26.738420167321287
Cc1cccc(-n2nc(C(=O)O)cc2Oc2c(Cl)cc(C)c(C)c2C(=O)OC(C)(C)C)c1,26.73373423826607
Cn1cnc(-c2c(Cc3ccccc3)nc(-c3cccs3)n2-c2ccc(C(=O)O)cc2)n1,26.646577504679804
COc1cccc(-c2ccn(CC(F)(F)F)c2-c2cn(-c3cccc(C(=O)O)c3)nn2)c1,26.630487694951945
Cc1cc(Sc2c(C(F)(F)F)nc(C)c3cc(-n4cc(C(=O)O)cn4)ccc23)n(C)n1,26.552640210042092
CCc1c(Cn2cc(C(=O)O)c(=O)c3ccsc32)nn(-c2ccccc2Cl)c1C,26.53766175602241
COc1cccc(-c2nc3c(C(=O)O)nsc3n2Cc2ccc(C(C)(C)C)cc2)c1,26.515118008963835
Cc1ccc2c(c1)nc(-c1cccc(-c3ccn(CC(=O)O)n3)c1)n2Cc1cscn1,26.476657902600333
Cc1cccc2c(Sc3nncn3C)cc(-c3cc(O)n(-c4ccc(F)cc4)n3)nc12,26.46995077406028
COc1cc(Oc2nc3ccccc3s2)cc(-n2cc(-c3ccn[nH]3)ccc2=O)c1C,26.395375164346543
C[SH]1CCC(n2cc(C(=O)OC(C)(C)C)c(COc3cccc(C(=O)O)c3)n2)CC1,26.385674388927846
COc1ccc(-n2cc(C(=O)O)c(-c3cccc(Sc4ccccc4)c3)n2)cc1F,26.38365122584271
CSc1nc2c(n1Cc1ccc(-c3nc(C(=O)O)c(C)o3)cc1Cl)CCOCC2,26.35378475901335
Cn1c(-c2nc3c(O)nc(SCc4ccccc4)nc3n2C)nc2ccc(Cl)cc21,26.30653926813509
Cc1nc2ccc(C(=O)Nc3cccc(-n4cc(Sc5ccncc5)nn4)c3)cc2n1C,26.30498159851406
CSc1cc(-c2nc(NCc3cccc4c3OCO4)nc(-c3ccccn3)n2)ccc1F,26.24482095985491
O=C(Cn1nc(-c2ccccc2)nc1-c1cncs1)c1cccc(Nc2ccccn2)c1,26.238790389594673
COc1cc(C)c2cnn(C(=O)Nc3ccc(SCc4ccccc4Cl)nn3)c2c1,26.228639622825757
CSc1cccc2ncn(Cc3cc(-c4nc(C(=O)O)cs4)cc(C)c3F)c(=O)c12,26.225332898261108
COc1cccc(COc2cccc3c2n(-c2cccc(Cl)c2)c(=S)n3C(=O)O)c1,26.16824895598671
Cc1cnc(-c2cnn(CC(c3ccc(Cl)c(Cl)c3)n3cnc(C(=O)O)c3)c2)s1,26.102026783608576
COc1ccc(Cl)c(-c2nc(Cn3c(Cl)nc4c(O)cccc43)n(C(F)F)n2)c1,26.076402334074075
CC1=NC(c2cccc(C(=O)O)c2)=CS(Sc2cccc(=O)n2-c2ccccc2)=C1,26.039383094517206
COC(=O)c1ccc(OCc2nc3c(s2)-c2cccnc2N(C)c2ccccc2-3)cc1O,26.011913425841964
Cc1ccc(-n2c(C)c(-c3nc(C(=O)O)cs3)c(=O)n2Cc2cc(F)ccc2F)o1,25.98152191486501
COC(=O)Cn1c(-c2ccc3ccccc3c2)cc2c(Cn3cc(C(=O)O)cn3)cccc21,25.927762736365203
Cc1cccc(OC(=O)Nc2ccc(Sc3nn4ccc(C)c4c(=O)n3C)cc2)c1,25.92666895702347
Nc1nc(C(=O)COc2cc(Cl)c(Cl)cn2)c(-c2cc3c(s2)COC3)s1,25.89986187945934
COC(=O)c1cc(-c2ccc(-c3nc(SC(F)(F)F)ns3)cc2)c(C)nc1O,25.898185776575133
CSc1nc(-c2ccccc2)n(-c2cc(F)cc(Oc3cc(C(=O)O)cnc3F)c2)n1,25.89249778183575
CCn1nc(-c2ccc3oc(C)nc3n2)nc1N1CCC(Nc2ccc(Cl)cc2)CC1,25.868315557130074
COc1cccc(C(=O)n2nc(NC(=O)c3cccc(C)c3)c3sc(C(C)(C)C)nc32)c1,25.85975314047493
Cc1c(C)n(CC(=O)O)c2cccc(-c3nc4nnn(-c5ccccc5F)c4s3)c12,25.796392614510616
Cc1cc(C(F)(F)F)cc(-n2cc(-c3ccccc3)nc2Sc2nc(C)cc(N)n2)n1,25.784493435991923
COc1ccc(-c2ccc(Cn3cc(C(=O)O)nc3-c3ccc4scnc4c3)cc2)nc1,25.76601640012117
CCn1c(C2CCN(c3ccc(-c4nc(CC(=O)O)cs4)cn3)CC2)nc2ccccc21,25.76062043945842
Cc1cccc(Oc2cccc(-n3c(C)cc4c(N5CCC(C(=O)O)CC5)ncnc43)n2)c1,25.741568786632428
COc1cccc(-c2nsc(NC(=O)c3cn(Cc4cscn4)c4ccccc34)n2)c1,25.723114734145373
COc1ccc(Cl)nc1OCc1ccc(-n2nc3ncnc-3[nH]c2=S)c(Cl)c1,25.63150476012672
Cc1cc(-n2nc(Sc3c(C(=O)O)c4ccccc4n3C)cc2C)ccc1Cl,25.547439371340527
COc1cccc(Cn2cc(-c3cc(C(=O)O)c4ccsc4n3)c3ccccc3c2=O)c1,25.536885357884618
COC(=O)c1nc2cccc(OCc3cn(CC(=O)O)c4cc(Cl)ccc34)c2s1,25.504646379950778
COc1c(OCc2cccc(C(F)(F)F)c2)cccc1-n1c(F)nc2c(N)ncnc21,25.47776705125825
COc1ccc(Cl)cc1Cn1nc(-c2ccccn2)c2c(-c3ccnc(O)n3)csc21,25.453545306534153
Cc1nc(-c2cccc(C(=O)O)c2)nn1Cc1ccc(-c2cn3cc(F)ccc3n2)s1,25.452800916632036
Cc1ccc(Cl)cc1C(=O)OCC(=O)n1c(=S)n(CC(=O)O)c2ccccc21,25.3740529800197
Cn1c(-c2cccc(Cl)c2)c(Cn2c(SCC(=O)O)nc3ccccc32)oc1=O,25.335794094029218
Cc1c(Cn2cnc3ccncc32)c(-c2nccs2)nn1Cc1ccc(O)c(Cl)c1,25.29668464445381
Cn1c(C(=O)O)nc2nc(CCc3ccccc3)n(-c3cccc(Oc4ccccc4)c3)c21,25.27283927501917
CSc1cccc(-c2nnc(NCc3ccc4c(c3)OCO4)n2CC(C)=O)c1Cl,25.260445888895614
Cc1c(-c2cccs2)nc(Cn2c(-c3cc(O)ccn3)nc3cc(Cl)ccc32)n1C,25.253508991534325
Cc1csc(-c2cn(CCc3cc(N)no3)nc2-c2ccc(Br)s2)n1,25.20748078932629
COc1cc(Cn2ccnc2)cc2c1nc(-c1ccsc1)n2-c1ccc(C(=O)O)cc1,25.20036813112228
Cc1ncc(C(=O)O)nc1-c1nc(SCc2ccccc2)nn1-c1cccc(Cl)c1,25.169382672301957
Cc1cc(Oc2cccc(C(F)(F)F)c2)n(-c2cc(-n3cc(O)c(=O)cn3)sc2C)n1,25.12831790410136
Cc1cc(C)nc(-c2ccc(OCc3nc4c(s3)CNCCC4)c(-c3ncco3)c2)n1,25.119794539412496
Cc1cc(-n2cncn2)cc(=S)n1-c1ccc(C(=O)O)cc1OCc1ccc(Cl)cc1,25.11589469130808
Cc1nc(Nc2ccc3c(c2)OCCO3)sc1C(=O)c1cc(-c2ccccc2)n(C)n1,25.10071808217634
CSc1cc(Sc2cccc(C(=O)O)c2)nc(Cn2cnc3cccc(Cl)c32)n1,25.085682203726
Cc1c(C)c(-c2cccc(-n3cnc(C(F)(F)F)n3)n2)n(-c2ccc(C(=O)O)s2)c1C,25.07444586818345
COc1cc(OC)cc(-c2nc(SC3CCc4ccccc4C3)n3ncnc(N)c23)c1,25.040314247331263
COc1cccc(-c2cc(Cl)cc(Cn3c(SCC(=O)O)nc4scnc43)c2)c1,25.028761097905804
COc1ccc(S(C)(=O)=O)cc1-c1nc(NC(=O)c2ccc3ccccc3c2)cs1,25.00837944785653
COC(=O)c1cc(-c2cn(C)c3nc(Sc4cc(F)cc(Cl)c4)ccc23)nnc1O,25.00221265009302
COc1cccc(-n2nc(C(=O)O)cc2-c2cccc(Cn3cnc4ccsc43)c2)c1,24.994868235801366
Cc1cc2c(nnn2Cc2ccc(F)c(Oc3cccc(OC(F)(F)F)c3)c2)c(O)n1,24.98673406831045
O=C(O)c1nc(SCc2ccc3ccccc3c2)n(-c2ccccc2Cc2ccncc2)n1,24.93896907602169
Cc1c(OCc2ccc(Cl)cn2)cccc1-c1nnc(S[C@@H]2CCCNC2)nn1,24.927246301850598
COC(c1ccc(-c2nnc(SC3CCCNC3)o2)cc1)c1ccc(Cl)cc1C#N,24.888061480612084
Cc1cc(SCc2cnc(-c3ccc(F)cc3F)cn2)n(-c2cccc(C(=O)O)c2)n1,24.86575841828063
O=C(O)c1cccc(Oc2cccc3c4c(c(=O)n(CC(=O)c5cccs5)c23)CCC4)c1,24.86168344113229
COc1ccc(-c2nc3c(N4CCCCC4)ncc(N)n3c2Sc2ccccc2)cn1,24.813518059289294
CC(C)(C)c1c(O)cccc1C(=O)Cn1nnc(Sc2cccc(Cl)c2Cl)n1,24.79983673605035
Cc1ncc2c(CC(=O)O)c(-c3ccccc3)nc(SCc3ccc4c(c3)OCO4)n12,24.789524436235546
COC(=O)c1ccn(C2CCN(Cc3ccc(-c4nc(O)c5ccccc5n4)cc3)CC2)c1,24.771569297003982
COc1ccccc1-c1cc(F)cc(Cn2cnc3c(O)nc(-c4nccs4)nc32)c1,24.765333603416295
COc1ccc(-n2ncc(-c3ccc4nc(C(F)(F)F)sc4c3)c2C(=O)O)c(OC)c1,24.718628960123542
COc1cccc2c1c(O)nn2-c1nc2ccc(OCc3cccc(Cl)c3)nc2s1,24.708569678736872
C#CCn1cc(-c2ccc(F)cc2)nc1Sc1cc(C(=O)O)cnc1-c1ccccc1,24.690051671045847
COC(c1ccc(Cl)cc1)c1nc(-c2ccc(F)cc2)n(-c2nc(C(=O)O)cs2)n1,24.68044590012908
Cc1cnc(COC(=O)c2c(O)nsc2-c2c(Cl)cc(Cl)cc2Cl)cn1,24.64012446460556
Cc1nc(-c2ncnc(-c3ccc(O)nc3)n2)c(Sc2ccc(Cl)cc2Cl)n1C,24.620089211659845
COc1ccc(-c2nc(NC(=O)CSc3nc4ccccc4s3)c3cccnc3n2)cc1,24.602927095924603
O=C(O)c1cc(-c2ccc(OCc3ccccc3)cc2N2CCCC2)c(-n2ccnn2)s1,24.58583992647918
Cc1csc(-c2nn(-c3ccccc3)c(-c3ccc4c(cnn4C)c3)c2CC(=O)O)n1,24.578146351749474
O=C(O)c1ccc(-c2ccc(CN3CCC(c4ncnc(-c5nccs5)n4)C3)cc2)cc1,24.567242804749288
Cc1cccc(-c2nnnn2O)c1CSc1ccnn1-c1ccc(Cl)c(Cl)c1,24.56677153852958
COc1ncc(O)cc1-c1nc(-c2ccc(Cl)cc2)nn1Cc1ccc(Cl)s1,24.550568684937126
Cc1cc(Cl)ccc1-n1nc(-c2cc(C(=O)O)ncn2)nc1SCc1ccccc1,24.539200993138213
Cn1cc(COc2cc(C(=O)O)c(-c3nccc(N4CCCCC4)n3)cn2)c2ccccc21,24.511265934864046
Cn1c(OCc2cc(Sc3cc(Cl)ccc3Cl)nc(N)n2)nc2ccccc21,24.511101922709415
Cc1ccnn1-c1ccc(SCc2nc3cc(C(=O)O)cc(-c4ccccc4)n3n2)cc1,24.493515764346924
Cc1cc(-n2nnnc2SCc2cc(O)cc(C(F)(F)F)c2)c2c(c1C)OCCO2,24.48561873805221
Cc1nc2c(s1)n(-c1ccccc1OC(=O)Nc1ccc(Cl)cc1)c(=O)n2C(C)C,24.422230037772167
COc1ccc(-c2cc(C(=O)O)c(-c3nc4cc(Cl)ccc4s3)nn2)cc1OC,24.384289181088736
COc1ccc(-c2nc(C)nn2-c2c(Cl)ccc3nc(SC)nc(Cl)c23)cc1,24.35763452221103
COC(=O)Nc1cc(Oc2cccc(Cl)c2)c2nc(C)n(Cc3cnn(C)c3)c2c1,24.35491055254852
CSc1nc2cc(Cl)cc(-n3nc(C(=O)Nc4ccc(C)nn4)cc3C)c2s1,24.338033460004368
Cn1cc(-c2nn(-c3cc(Cl)cc(COc4ccc(Cl)c(F)c4)c3)cc2O)nn1,24.319434771435468
Cc1c(Cl)cc(C(=O)O)cc1-n1nc(-c2ccsn2)nc1SCc1ccccc1,24.313473183007677
COc1cccc2sc(-c3cn(-c4ccc(C(=O)O)c(N5CCCC5)c4)nc3C)nc12,24.268467972654225
CC(C)Nc1cnc(-n2nc(C(C)(C)C)cc2Oc2cc(Cl)cc(Cl)c2)nn1,24.232177998519564
COc1cc(Sc2cn(-c3cccc(Cl)c3Cl)c(=O)c3ccc(O)nc23)ncn1,24.1970883003513
COC(=O)c1ccnc(-n2c(Sc3cn(C)c4ccccc34)nc3ccccc32)c1N,24.167630029417584
Cc1nc(-c2ccccn2)sc1COc1ccc(F)cc1-c1ccn2nc(O)cc2n1,24.15529369632541
COc1cc(-c2cc(C(=O)O)ccn2)c(Cn2scc(-c3cccs3)c2=O)cc1Cl,24.114675144410988
COc1ccc(-n2nc(-n3c(Cl)ccc3Cl)cc2Oc2ccccc2C(=O)O)cc1,24.11254343463684
CCOc1nn2nc(-c3cccs3)c(=O)n(Cc3ccc(Cl)c(Cl)c3)c2c1O,24.091563428580915
Cn1cc(COc2ccc(C(=O)O)cc2)c2nc(Sc3cccc(C(F)(F)F)c3)nnc21,24.074777362879747
COC(=O)c1c(Sc2nc3ccccc3n2CC(=O)O)n(C)c2ccc(Cl)c(C)c12,24.061502275358087
COc1cc(OC)c(Cl)c(-c2nc(-c3ccc(C(=O)O)s3)n3c2CCCC3)c1,24.044867646766356
COc1ccc(OCc2cnn3ccccc23)cc1-c1csc(NC(=O)C(C)(C)C)n1,24.02922295045727
COc1cccc(-c2nnc(-c3cc(Cl)cc(Cl)c3Cn3ccc(O)n3)s2)n1,23.955035609539788
C=C(Cn1ncc2c(SCc3ccncc3)nc(O)nc21)c1ccc(Cl)c(Cl)c1,23.939978450738476
COC(=O)c1nc(SCc2cc(-c3cccc(Cl)c3Cl)nn3cccc23)oc1O,23.937661108219675
COc1ccc(-c2ncsc2-c2nc(N)nc(SCC#Cc3ccccc3)n2)cc1,23.92692468653275
O=C(O)c1cc(-n2ncnc2OC(c2ccc(Cl)cc2)c2cscn2)ccc1Cl,23.926876221556153
COc1cc(-c2ccccc2)nc(NCc2nc(-c3ccc(C(F)(F)F)cc3)no2)n1,23.919383983306876
Cn1c(CNc2ncnn2Cc2cccc(F)c2)nnc1-c1ccc(Cl)c(Cl)c1,23.891047822579676
CSc1nc(-c2cccc(C(=O)O)c2)nn1C(C(C)=O)c1ccc(Cl)c(Cl)c1,23.883554388642654
COc1ccc(-c2nc3ccccc3n2CC(=O)O)c(-c2nc3ccccc3s2)c1C,23.87680946517354
O=C(Nc1nncs1)c1cccc(-c2nc(SCc3ccccc3)nn3cccc23)c1,23.87310818235068
CC(OCc1csc2c(=O)n(CC(=O)O)cnc12)c1ccc(-c2ccc(Cl)cc2)cc1,23.863150706174714
Cc1nc(-c2ccccc2)oc1COc1ccc(F)c(-n2nnc(=S)[nH]c2=S)c1,23.852870335161924
COc1ccc(-n2nc(C(=O)O)cc2-c2nc3ccccn3c2-c2cccs2)c(C)c1,23.846166246763893
Cc1ccc(Cl)c2nc(SCC(=O)O)n(Cc3cc(-c4ccccn4)sn3)c12,23.830119911088428
COc1cc(F)c(Oc2nc(NCc3ccc4c(c3)OCO4)nc3ccccc23)nc1F,23.830023320875497
Cc1nc(O)cc(-c2nc(Sc3cccc(Cl)c3)n(Cc3cccc(Cl)c3)n2)n1,23.81579292701481
Cn1cc(NC(=O)CSc2ccccc2)cc1-c1nc(-n2cnc3ccccc32)ns1,23.78780398002295
Cc1ccc(CNc2nc(-c3cc(Cl)cnc3F)nn2-c2ccccc2C#N)s1,23.78358030261622
Cn1cc(-c2ccc(OCc3nc(-c4ccc5c(c4)CCO5)ns3)cc2)cc1C(=O)O,23.759058376221553
Cc1cc(C)cc(-n2nnc(-c3ccc(C(=O)O)cc3)c2Sc2ccc3c(c2)OCO3)c1,23.71529734460014
Cc1cc(Oc2c(Cl)cc(Cl)cc2Cl)cn1-c1nc2c(CN)cnnc2n1C,23.705886577069442
CC(C)n1c(Sc2nc3ccccc3n2CC(=O)Nc2ccncc2)nc2ccccc21,23.705345677204484
Cn1c(SCc2ccc(C(F)(F)F)c3cccn23)nnc1-c1cccc(C(=O)O)c1,23.689490125882532
COC(=O)c1c(-c2ccccc2)c2c(O)nc(-c3ccccn3)nc2n1Cc1ccsc1,23.678978103488586
COC(c1cc(Cl)ccc1Cl)c1nn(-c2ccc(Cl)c(Cl)c2)c(O)c1C=O,23.607455909447626
Cc1cc(-n2nc(C(=O)O)cc2Oc2cc(Cl)ccc2Cl)ccc1Cn1ccnc1,23.60103514763258
Cn1ccnc1Sc1sc(-c2ccc(Cl)cn2)nc1NC(=O)Cc1ccccn1,23.58570406877937
COc1ccc(-c2cccc(-n3c(S)nc4cc(Cl)ccc4c3=O)n2)cc1OC,23.565856400195916
Cc1csc(-n2c(=O)n(CC(=O)O)c3ccc(CSc4ccccc4Cl)cc32)n1,23.564744543734577
Cc1ccc2c(c1)nc(Sc1ccc(-n3nnc(C)c3Cl)c(Cl)c1)n2CC(=O)O,23.544027887173712
CSc1c(O)nc(SCc2cccc(Cl)c2)nc1-c1cnc2ccccc2n1,23.534566837257902
O=C(O)c1ccc(Cn2nc(SCc3cscn3)nc2-c2ccc(F)cc2)cc1,23.532628271512223
Cn1c(SCc2cccc(O)c2)nc2c(c(-c3ccccc3)nn2C2CCCC2)c1=O,23.52463973147001
COc1ccc(-n2nccc2Cn2c(-c3cccs3)nc3ccccc32)c(C(=O)O)c1,23.521886213418178
Cc1cccc(C(=O)Nc2cc(-c3ccc(F)cc3)nc(Sc3nccn3C)n2)n1,23.50956118442147
Cc1csc(-c2c(Cl)cc(Cl)cc2C(C)n2c(=O)n(CC(=O)O)c3ccccc32)n1,23.505814881551167
[C-]#[N+]c1ccc(NCc2ccc3c(cnn3CC(F)(F)F)c2)nc1-c1nccc(OC)n1,23.498747488552315
CSc1nc2cccnc2n1-c1cc(COc2ccc(F)cn2)c(Cl)c(C(=O)O)c1,23.4912127333563
COc1ccc(-c2nc3scc(Cc4cccc(-n5ccnn5)c4Cl)c3nc2O)cc1,23.4878903302668
COc1ccc(-n2nc3ccccc3c2Sc2ccc3c(c2)CCNC3=O)cc1OC,23.476358327882863
COc1ccc(CNc2nc(-c3ccccc3)nc(-c3cc4ncccc4s3)n2)cc1,23.4611123793847
CC(c1ccc(Cl)nc1)n1ncc2c(NCc3ccnc(-c4ccccc4)c3)ncnc21,23.445037940129616
CC(c1cc(Cl)cc(Cl)c1)n1cnc2sc(-c3cnn(C)c3)c(OCC(=O)O)c21,23.417415003197025
Cc1cccc(Cn2c(Sc3cccc(Cl)c3)nnc2-c2ccc(C(=O)O)cn2)n1,23.39199155157228
CC(=O)c1ccc2c(Sc3cccc(Cl)c3)nn(-c3nc(C)cs3)c(=O)c2c1N,23.367958093195234
O=C(O)c1ccc(-c2nc(SCc3ccc(F)cc3)nc(SC3CCCC3)n2)cc1,23.363908046624537
Oc1ccc(-n2nc(-c3cccc(-n4ccnc4)n3)nc2SCc2ccccc2)cc1,23.34654259561018
COc1cc(OCC(F)(F)F)cc(-c2nn(-c3nc4ccccc4s3)cc2C(=O)O)c1,23.339831204130146
CCn1c(Sc2ccc3c(c2)OCO3)nc2c(Sc3ccc(N)cc3)cccc2c1=O,23.337040301143922
O=C(O)c1ccc(OC(Cn2nc(-c3nccs3)c3ccccc32)c2ccccn2)cc1,23.333183694612124
COC(=O)Cn1nc(Oc2ccc(Cl)cc2Cl)c2cc(C(=O)O)ccc2c1=S,23.323911346395715
Cc1cc(COc2nc3ccsc3c(=O)n2-c2c(Cl)cc(Cl)cc2Cl)cnc1N,23.316361987193414
Cn1c(=O)n(Cc2ccc(C(C)(C)C)cc2)c2ccc(Sc3nccc(C(=O)O)n3)cc21,23.311437472873116
COc1ccc(Cl)c(-c2nn(CC(=O)O)c(=S)cc2-c2ccc3nc(C)oc3c2)c1,23.309177554358598
COc1c(-n2nccn2)ccc(OCc2ccc(Cl)cc2)c1C(=O)Nc1nccs1,23.301205500681004
Cc1cc(Cl)c(Sc2nnnn2CC(=O)O)c(-c2ccc(Cl)c(Cl)c2)c1,23.272113392141705
Cn1c(Sc2ccc3ncccc3n2)nc2cc(COc3ccc(Cl)cc3)c(O)nc21,23.265423310318965
COc1cc(Cl)cc(Oc2cc(C(=O)O)nc(N3CCC(c4ccccc4)OC3)c2)c1,23.26190365182526
O=C(O)Cn1nc(N2CCCc3ccccc32)cc1CSc1ccc(-c2ccccc2)nn1,23.251357205966425
COc1ccc(-c2ncc(NC(=O)c3nn(Cc4nccs4)c4ccccc34)s2)cc1,23.24901924000896
Cc1cc(OCc2cccc(Cl)c2)n(-c2ccnc(Nc3ccc4c(n3)OCCO4)c2)n1,23.247145072867013
CNc1ncc(-c2nc3c(ncn3Cc3cc(Cl)c(Cl)cc3C(C)=O)s2)cn1,23.228827156336532
O=C(O)Cn1nc(-c2ccc(OCc3ccc(C4CC4)cc3)cc2)c2ccsc2c1=O,23.217905721173178
CSc1nn(Cc2cc(-c3ccc(Cl)cc3Cl)c3ncc(C)n3n2)cc1C(=O)O,23.178815499139596
O=C(O)Cn1nc(-c2cccc(OCc3cccc4c3OCO4)c2)cc1-c1cccs1,23.145262672829272
COc1ccc(-c2ccc(-c3cnn(S(=O)(=S)c4ccc(C(=O)O)cc4)c3)s2)cc1,23.142879856028493
COc1cc(Cl)ncc1-c1ccc(CNc2ncnc3nc(-c4ccccc4)nn23)cc1,23.11610957360106
Cn1nc(Sc2cccc(Cl)c2)c2sc(OC(C(=O)O)c3ccccc3)nc21,23.061463376186012
COc1cc(OC)nc(-c2ccc3c(c2)c(C(F)(F)F)c(C(=O)O)n3-c2nccs2)c1,23.06121566123342
Cc1cc(-n2nc(-c3nccs3)cc2CCc2ccc3c(c2)OCO3)ccc1C(=O)O,23.03785559142071
COC(=O)c1cc(-c2nnc(Sc3ccc(F)c(C(F)(F)F)c3)s2)c(C)cc1O,23.032239425051205
COC(=O)Cn1c(Sc2ccccc2Cl)nc(Cl)c1-c1csc(C(=O)O)c1,23.02789907655661
Clc1cc2ccccc2cc1Oc1ncnc(NC2CCN(Cc3ncco3)CC2)n1,23.006880883066046
COc1cc(C)c2nc(Sc3ncc(N)nn3)n(-c3cc(Cl)cc(Cl)c3)c2c1,23.004445910970173
COC(=O)c1cnc(-n2c(Sc3cccc(OC)c3)nc3cc(Cl)ccc32)cc1O,22.989115258471838
COC(Cn1c(=O)c(-c2cccs2)nc2scc(C(=O)O)c21)c1ccc(Cl)cc1,22.98327262982972
Cc1cn(Cc2cc(Cl)c(Cl)cn2)c2nc(Sc3ncccc3C(=O)O)n(C)c12,22.97618304995086
Cc1c(C(F)(F)F)c(-c2nc(-c3ccccc3)n(-c3nc(C(=O)O)cs3)c2C)nn1C,22.956543291642937
COc1cccc(Cn2nc(-c3ccc(Cl)cc3)cc2SC2=N/C(=C\C#N)C(=O)N2)c1,22.937420734273978
Cn1ccnc1Sc1ncc(COc2ccc(Cl)cc2Cl)c2nc(O)ccc12,22.933350037446512
O=C(O)Cc1ccc(CN2CCC(n3cc(-c4cc5ccccc5s4)nn3)CC2)cn1,22.911556973744723
COc1ccc2nc(-c3cccc(-c4coc(SC(F)(F)F)n4)c3)n(CC(=O)O)c2c1,22.892923804895954
O=C(O)Cn1nc(Sc2ccccc2)c2c(OCc3ccccc3)cc(F)cc2c1=O,22.887664219981268
Cc1c(-c2ccc3c(c2)cc(C)n3Cc2ccccc2F)nnn1-c1nc(C(=O)O)cs1,22.822333749134145
COc1ccc(-c2nc3ccccc3n2CC(=O)Oc2cc(Cl)c(Cl)cc2N)cc1,22.814293736428343
Oc1cc(-c2ccccc2)ccc1OCc1nc(-c2nccs2)n(-c2ccccc2)n1,22.809383500284284
Cc1c(-c2ccc(OC(F)(F)F)cc2Cn2c(C(=O)O)nc3ccccc32)cnn1C,22.77510752177058
COc1ccc(-n2nc(C(=O)O)cc2-c2cccc(-c3cn(C4CCOCC4)cn3)c2)cc1,22.770930778088644
CSc1cc(Cl)ccc1OCc1ccc2c(c1)c1sccc1c(=O)n2CC(=O)O,22.746692087511168
CSc1nsc(-c2cc(Cl)ccc2OCc2ccc(C(F)(F)F)nc2O)n1,22.74127542311551
COc1cc(Sc2nc(-c3ccc(F)cc3Cl)nn2CC(=O)O)c2cccnc2c1,22.741064284366253
Cn1ccc2cc(OCCn3nc(-c4cc(Cl)cc(Cl)c4)c4c(N)ncnc43)ccc21,22.727020561920035
COc1cccc(CSc2nnc(-c3ccc4c(c3)c3ccccc3n4C(N)=O)s2)c1,22.718116782287634
Cc1sc(-c2cccc(-n3cnnn3)c2O)cc1COc1cc(Cl)cc(Cl)n1,22.70929113291761
CSc1ccc(C(=O)n2nc(-c3ncccn3)nc2NCc2cccc(Cl)c2)cc1,22.702215074659637
COc1ccc(-c2cc(C(=O)O)c(Sc3nc(C)cn3C(F)(F)F)c(=O)s2)cc1,22.6729297387996
Cc1cc(Sc2nc3ccccc3n2CC(=O)O)ccc1-c1cccc(-n2ccnn2)c1,22.671687568162877
COc1ccc(C(=O)O)cc1-n1cc(Cn2ccnc2)c(-c2cc(Cl)cc(Cl)c2)n1,22.652842080791782
Cc1ccc(-n2c(Sc3c(C)cc(Cl)cc3Cl)nnc2-c2nc(N)nn2C)cc1,22.65084922115928
O=C(O)Cn1cnc2c(=O)n(-c3ccccc3)nc(-c3ccc(Sc4ccccc4)cc3)c21,22.640833130940454
Cc1cc(Sc2cc(Cl)cc(Cl)c2)c2nc(-c3nncn3C)n(CC(=O)O)c2c1,22.637401300195595
COc1cccc(Cn2nc(-c3ccc(Cl)cc3)c3c(c(C(=O)O)cn3C)c2=O)c1,22.61528752858332
O=C(O)c1cccc(-n2c(Cc3ccccc3)nnc2SCc2ccc3c(c2)OCO3)n1,22.58006236243411
COc1ccc(-n2c(=O)n(C(=O)O)c3cccc(-c4cccc5ccccc45)c32)c(OC)c1,22.5706016168355
COc1ccc(-n2ncnc2SCc2ccc3c(n2)c(O)nc2ccccc23)cc1F,22.535129636275148
Cc1nnn(C(=O)CSc2nc3c(c(Nc4ccc(Cl)cc4)n2)CCCC3)c1C,22.531622299367193
COc1ccc(-c2nc(-c3ncnn3N)nn2Cc2ccc(Cl)cc2C(F)(F)F)cc1,22.523483850155035
Cc1cc(C)n(-c2ccc(Cl)c(Oc3ccnn3-c3ccc(C(=O)O)cc3)c2F)n1,22.508651972970377
Cc1nc(-c2cccc(Oc3ccc(Cl)cc3)c2)n(-c2nc(C(=O)O)cs2)c1C,22.497076488940113
COc1cc(Cl)c(C)cc1Oc1c(-c2nccs2)[nH]c(=S)n1-c1ccccn1,22.49152524181769
COc1ccnc(-n2cc(Cn3c(-c4cccs4)nc4ccccc43)cc2C(=O)O)c1,22.471306634085977
COc1cccc(-c2nnc(NC(=O)c3cccc(Oc4ccccc4)c3)s2)c1F,22.468126737460295
Cc1ccc(-c2nn(CC(=O)O)c(Sc3ccc(Cl)cc3)c2-c2cccnc2)cn1,22.465261646168685
Cc1csc(Cn2c(Cl)nc3c(N)nc(SCc4ccc(Cl)cc4)nc32)n1,22.454745481642245
Cc1nc(Oc2ccc(-n3c(SCC(=O)O)nc4ccccc43)cc2)ccc1Cl,22.439589999438457
COc1ccc(-n2nnnc2SCc2ccc3c(c2)C(=O)c2ccccc2-3)c(Cl)c1,22.43831289535392
COc1ccc(-c2ccc(/C=C3/SC(=S)N(C)C3=O)c(SCC(=O)O)n2)cc1,22.422598844899223
COc1ccc(-c2nc3ccccc3n2Cc2cccc(-c3ncnc(S)n3)c2)cc1,22.418971222826794
O=C(O)CSc1nc2cccc(OC3CCOCC3)c2n1C(=O)c1cccc(Cl)c1,22.410747791041846
Cc1ccn(Cc2c(Cl)cccc2-n2nnnc2C(O)c2cc(Cl)cc(Cl)c2)n1,22.353301866506495
COc1cccc(-c2c(C#N)nc(S)n2C(=O)OCc2cccc(C(F)(F)F)c2)c1,22.352701711056312
Cn1cnc(-c2cc(CSc3nc4c(C(=O)O)cccn4n3)cc(Cl)c2Cl)c1,22.345238847119557
COc1cccc(-c2nn(S(=O)(=O)c3cc(O)cc(Cl)c3)c3sc(C)cc23)c1,22.34373688960472
CSc1cc(Oc2cccc(-c3cn(Cc4ccc5c(c4)NC(=O)CO5)nn3)c2)ccn1,22.336068987499935
Cc1nn(O)c(-c2ccc(Sc3nnnn3-c3cccc(Cl)c3Cl)cc2)c1C,22.32954228761501
Cc1ccc(S(=O)(=O)Nc2nnc(SCc3ccc4c(c3)OCO4)s2)c(C)c1,22.317989451795246
COc1ccc(-n2c(SCc3cccc(C(F)(F)F)c3)nc(C(=O)O)c2C)cc1,22.306927021511733
CSc1nc(C(=O)O)cn1-c1c(Cl)cc(Cl)cc1OCc1cnn2ccccc12,22.283051406901
Cc1cc(NC2CCOCC2)nc(-n2nc(C(C)(C)C)nc2Oc2cccc(Cl)c2)n1,22.2688227222296
COc1ccc(-c2c(-c3ccc(F)c(Cl)c3)c(C)nn2-c2nc(C(=O)O)cs2)nc1,22.245921345872716
COc1ccc(C(=O)n2c(SCc3cc(O)c4ccccc4n3)nc3ncccc32)cc1,22.230695895627434
Cn1c(CSc2nnc(Sc3cc(F)cc(F)c3)cc2O)nc2ccccc2c1=O,22.225857587538414
Cc1c(C(=O)O)cc(COc2ccc(Cl)cc2Cl)cc1-n1ncn(C)c1=S,22.222549783543403
COc1cc(C(=O)O)cc(-c2ccc(OC)cc2-n2cc3sc4ccccc4n3c2=O)c1,22.216354245105528
COc1c(C(=O)O)c(Sc2ccccc2)nn(Cc2ccc(Cl)c(Cl)c2)c1=O,22.20638546331985
Cn1c(Sc2cc(Cl)ccc2OCC(=O)O)c(-c2nccc(=O)s2)c2ccccc21,22.19485310829841
Cn1c(=O)ccc2cc(Sc3nc4ccccc4n3Cc3ccc(C(=O)O)cc3)ccc21,22.150672494828132
COc1cc(NCc2cnc(-c3nccs3)nc2C(F)(F)F)nc(-c2ccccc2)n1,22.145587125659034
Cc1nc(-c2ccc(OCc3cccc(Br)c3)nc2S)sc1C(=O)O,22.123468892603025
Cn1c(Sc2cc(Cl)cc(COc3cccc(C(=O)O)c3)c2)nnc1-c1ccncc1,22.11348746828903
O=C(O)c1cc2c(Oc3ccc(Cl)c(Cl)c3)cc(SCC3CCCO3)nn2n1,22.097093022175073
CCn1c(=O)n(-c2cc(Cl)ccc2Cl)c2c(Oc3ccnc(NC)c3)ncnc21,22.089608117800537
COc1cc(OC)c(F)c(-c2nc(Sc3c4c(cc5ccccc35)NCCO4)no2)c1,22.087579484026865
Cc1cc(CSc2nnn(-c3ccc(OC(F)(F)F)cc3Cl)c2C(=O)O)cs1,22.080743261097343
COc1ccnc(-c2ccc(Cn3ncn(-c4ccc(C(=O)O)cc4)c3=S)cc2F)c1,22.077816459303346
COc1cc(O)nc(-c2ccc(Cl)cc2)c1Sc1nnnn1-c1ccc(Cl)cc1,22.068270015987355
Cc1nc(-c2cccc(Oc3ccccc3)c2)n(-c2nc(C(=O)O)cs2)c1N1CCC1,22.02895365447012
Cc1nnc(COc2cc(F)cc3sc(NC(=O)c4ccc(Cl)cc4)nc23)s1,22.024144701420017
O=C(O)c1ccc(F)c(-n2c(SCc3ccc(-c4cccs4)cc3)ncnc2=O)c1,22.022730850879167
Cn1c(Sc2ccc(C(=O)Nc3ncc(C4CC4)s3)cn2)nnc1-c1ccccc1,22.01497373652508
Cn1ncnc1-c1c(Cl)cc(Cl)cc1OCc1nc(-c2cccc(O)c2)ns1,22.012892828875376
COc1ccc(-c2nc(SCc3ccc(Cl)cc3)n3scc(C(=O)O)c(=O)c23)cc1,22.00975856945449
Cc1cc(Cl)ccc1Oc1cccc(Cn2nnc3c2cnn3-c2ccc(O)cc2)c1,22.00661757759072
Cc1cnn(-c2cccc3c2nc(SCc2ccccc2)n3-c2ccc(C(=O)O)cc2)n1,21.9771119710181
Cc1nc(-c2ccc(Cn3c(=O)n(-c4ccc(C(=O)O)cc4)c4ncccc43)cc2)cs1,21.962901692945326
COc1nc(-c2ccc(Cl)cc2)cc(Sc2nccn2C(F)(F)F)c1C(=O)O,21.945182059774478
Cc1cnc(-n2nnc(Sc3cc(C(=O)O)c(Cl)c(C(F)(F)F)c3)c2C)s1,21.944940233108042
Nc1ncnc2c1ncn2Cc1ccc(SCc2ccc(Cl)cc2Cl)cn1,21.93880083384766
COc1ccc(-c2cc(C(=O)O)nn2-c2cccc(Cl)c2Cl)c(SC(C)=O)c1,21.93096830458129
COc1cc(C(=O)O)ccc1-c1cc(N2CCCCC2)n(C(=O)c2ccc(Cl)cc2)n1,21.92664281448004
Oc1nc(-c2ccccc2)ccc1CSc1nnnn1-c1c(Cl)cccc1Cl,21.909847493396196
Cc1ccc(Cn2c(=O)n(-c3nc(C(=O)O)cs3)c3ccccc32)c(OC2CCC2)c1,21.9083893503958
COc1c(O)c(Sc2nnn(-c3cc(Cl)ccc3Cl)c2C)nc2ccccc12,21.89839625198213
COc1cc(C(=O)O)ccc1Cn1nc(-c2cccs2)nc1-c1ccc(Cl)cc1,21.88217064655011
COc1ccc(Cl)c(-c2nc(SCc3cccc4c3OCO4)n(-c3ccn[nH]3)n2)c1,21.881230437030837
CCn1c(-c2ccc3c(c2)OCO3)nc(CSc2nnn[nH]2)c1-c1ccc(Cl)cc1,21.87188070455527
COc1ccc(-n2nc(NC(=O)c3cccc4ccccc34)nc2-c2nccs2)cc1,21.870498271500537
Nc1cccc(Oc2nc(CCn3scc(-c4nccs4)c3=O)ccc2Cl)c1,21.86289659653314
COc1ccc(-c2csc(-n3c(=O)c(C(=O)O)cn3C(C)c3ccccc3Cl)n2)cc1,21.862753967691187
CN(c1ccc(-n2nc(-c3ccccn3)nc2SCC(=O)O)cc1)C(C)(C)C(C)(C)C,21.858236799783025
COc1ccc(-c2nc(SCC(=O)O)nc3sc4ccc(Cl)cc4c23)cc1OC,21.857379327343324
COc1cc(Cl)c(Cl)cc1-c1nc2c(NCc3ccc(Cl)nn3)ncnc2n1C,21.809611126722558
COc1cc(O)c2c(=O)n(Cc3cccc(Oc4cccc(C(F)(F)F)c4)c3)nnc2c1,21.80706972768829
Cc1cnn(-c2cc(-c3cc(Cl)cc(Cl)c3)nn2Cc2ccc(C(=O)O)s2)n1,21.80281242133764
OCCn1cc(-c2c(Cl)cc(Cl)cc2OCc2nc3ccccc3s2)nn1,21.797347298289846
CC(C)(C)OC(=O)Cn1c(-c2cc3ccccc3s2)nc2cc(OCC(=O)O)ccc21,21.77994502333999
COc1cc(OC)cc(-n2cc(C(=O)O)c(=O)n2-c2cccc3sc4ccccc4c23)c1,21.776559277562907
COc1ccc(-c2sc(SCc3cnc4cc(Cl)ccc4c3)nc2C(=O)O)cn1,21.767940482167496
Cc1nsc2ccc(-c3nc(SCc4ccccc4Cl)n(CC(=O)O)n3)cc12,21.760654975966407
Cc1nc(O)c(Cl)cc1-n1c(C=O)nnc1SCc1ccc(Cl)cc1Cl,21.74372596192628
Cc1ncc(-c2ccc(Oc3nnn(-c4ccc(Cl)c(Cl)c4)c3C(=O)O)cc2)n1C,21.70563783129427
Oc1cc(CSc2nnnn2C(c2ccccc2)C2CCC2)nc2ccc(Cl)cc12,21.70122079243492
CSc1nnc(NC(=O)c2cc(Oc3cc(Cl)cc(Cl)c3)ncc2C)s1,21.677854679758262
Cc1cc(Cl)ccc1SCc1cn(-c2ccc(C(=O)O)cc2)c(-n2ccnc2)n1,21.63947482948339
CCn1c(=S)n(C)c2cc(OC(C(=O)O)c3cc(Cl)c(Cl)nc3Cl)cnc21,21.631272734284014
Cc1nc(NCc2sc(=O)n(-c3ccc(Cl)cc3Cl)c2C)nc(-c2ccncc2)n1,21.630334162518764
CNc1ncc(-c2nc(OCc3ccc(Cl)cc3Cl)n(-c3ccccc3)n2)cn1,21.616062122870808
COc1ccc(-n2cc(-c3ccc4nc(O)c(=O)oc4c3)nc2Sc2ccccc2)cc1,21.58873737873591
COc1ccc(Cl)cc1-c1cc(Sc2ccccc2)n(-c2nccc(C(=O)O)n2)n1,21.571533576581174
Cn1cnc2cc(-c3nc(SCc4ccccc4)n(-c4cccc(C(=O)O)c4)n3)ccc21,21.55559576733013
O=C(O)c1ccc(-c2nc(SCc3ccccc3)n(Cc3ccc(Cl)s3)n2)cn1,21.53659472918391
COc1cc(-c2cn(CC(=O)O)c3nc(-c4ccc(Cl)cc4Cl)nn23)sc1C,21.536500432151094
O=C(O)c1cc(Cl)cc(OCc2nc(Sc3nccs3)c3ccccc3n2)c1,21.52810457169612
Cn1cnc(-c2ccn(-c3cc(Cl)cc(Cl)c3)c2OCc2cccc(C(=O)O)c2)n1,21.522256966037233
COc1ccc(-c2nc(SCC(=O)O)nc3c2ncn3-c2ccccc2)cc1Cl,21.51315739788427
COc1cc(CC(=O)O)ccc1-n1c(SC(C)(C)C)nnc1-c1ccc(Cl)s1,21.499209677352766
COc1ccc(Oc2cc(NC(=O)c3cc4ccccc4s3)nc3c2cnn3C)cc1,21.496374746660184
CSc1cccnc1-c1cc(Cl)cc(Sc2nc3ccccc3n2CC(=O)O)n1,21.486001421644204
COc1ccc(-c2nn(CC(=O)O)c(=O)c3ccc(Cl)cc23)c(Sc2cccs2)c1,21.48518403340253
O=C(O)c1ccc(Cn2c(-n3cccc3)nc3c(SCc4ccccc4)ncnc32)cc1,21.46541254995084
Cc1cc(-c2csc3c2nc(SCC(=O)O)n3Cc2ccc(Cl)cn2)ccn1,21.455166279191015
COc1ccc(Sc2nc(N3CCC(C(=O)O)CC3)nc3nc(C)ccc23)cc1Cl,21.445148348207795
Cn1cc(N)nc1-c1nnc(SCc2cccc(C(F)(F)F)c2)n1-c1ccccc1,21.441924158716766
Cc1cnc(Sc2nnc(Cc3cccnc3)c(N)n2)n1-c1ccc(Cl)c(Cl)c1,21.43363078778097
Cc1cc(CSc2nc(C(=O)O)nn2-c2cc(Cl)cc(Cl)c2)c2ccccc2n1,21.420167029338486
O=C(O)c1ccc(-c2cn(-c3ncccn3)c(SCc3cccc(Cl)c3)n2)cc1,21.399689460417548
Cc1cc(C)c(-n2c(=O)n(-c3nc4ccc(C(=O)O)cc4s3)c3nc(C)ccc32)c(C)c1,21.391284954079484
COc1ccc(-c2nnc(Cn3ccc(Cl)c(-c4ccc(C(=O)O)cc4)c3=O)s2)cc1,21.390025547654336
CN(c1ccccc1)c1cc(C(=O)O)nc(-n2ccc(Sc3cccc(Cl)c3)n2)n1,21.36338348588056
COc1cc(F)cc(-n2c(Sc3cccs3)nnc2-c2ccc(C(=O)O)cc2)c1,21.352662709898883
Cc1cnc(-n2nc(-c3ccccc3)cc2SCc2ccc3c(c2)OCO3)cc1C(=O)O,21.351844312843024
COc1ccc(-c2nc(O)c3nc(F)n(Cc4ccc(-c5nccs5)cc4)c3n2)cc1,21.348870446436337
COc1cc2n(C)c(Sc3cc4c(cc3Cl)[nH]c(=O)c3ccsc34)nn2c1OC,21.33811476360265
Cc1nsc2c1nc(SCc1cccc(Cl)c1)n2Cc1cc(C(=O)O)ccn1,21.317075337901816
Cc1nc(N)ccc1-c1cc(Sc2nnn(-c3ccc(Cl)c(Cl)c3)c2C)ncn1,21.316019458374637
Cc1c(-c2nc(-c3cccnc3)nn2O)nc(Sc2ccc(Cl)cc2Cl)n1C,21.30712290507224
Cn1cc(-c2cccnc2)nc1-n1nc(Oc2c(Cl)cc(Cl)cc2Cl)cc1CO,21.292081116843406
Cc1cc(Oc2ccc(Cl)cc2Cl)n(-c2nc(-c3ncc(O)cn3)c(C)s2)n1,21.289065356048997
COc1cc(OC)nc(-n2c(Nc3ccc(Cl)cn3)nc3cc(Cl)ccc3c2=O)c1,21.26347466680246
Cc1cccnc1Cn1cnc2c1nc(Sc1cccc(Cl)c1Cl)n2CC(=O)O,21.250221231364254
Cc1nc(-c2nc(-c3ccc(Cl)cc3)n(C)n2)sc1CN1CCC(C(=O)O)CC1,21.23130717297811
COc1cccc(-c2nn(-c3cc(Cl)cc4ccccc34)nc2SCC(=O)O)c1,21.226347343907776
COc1ccc(-c2cc(Sc3nnn[nH]3)n(Cc3cccc(C(F)(F)F)c3)n2)cc1,21.210567233881733
Cc1sc(SCc2nc3ccccc3c(=O)n2C)nc1-c1ccc(C(=O)O)cc1,21.187811291337354
Cc1cc(-c2c(Cl)cc(Cl)cc2Cn2c(=O)n(CC(=O)O)c3ccccc32)nc(C)n1,21.17665014500082
Cc1csc(-c2c(N)c(-c3ccc(Cl)c(Cl)c3)nn2Cc2ncc(C)s2)n1,21.16973287807193
CC(C)(C)OC(=O)Cn1cc(-c2cc(C(=O)O)cs2)nc1SCc1ccccc1,21.161123753704974
COc1ccc(-c2cc(C(=O)O)c(Sc3ccc4c(c3)OCCO4)c(Cl)n2)cc1,21.15012404612047
COc1cc(Sc2nc(-c3ccc(Cl)cc3Cl)nn2C)c2ccc(N)nc2c1,21.14744416510263
Cc1ccc(-c2csc(NC(=O)c3cccc(Sc4nncn4C)c3Cl)n2)cn1,21.146106759382025
Cn1c(SCc2ccc(C(=O)O)cc2)nnc1-c1ccc(-c2ccccc2)cc1Cl,21.139401051514213
COc1ccc(Cn2nc(-c3ccc(Cl)cc3)nc2-c2nnc(N)s2)cc1Cl,21.13488005617722
COc1ccc(C(=O)O)cc1-n1cc(-c2ccc3c(c2)OCO3)nc1Sc1ccccc1,21.119404583561074
O=C(O)Cn1nc(-c2ccc(Cl)cc2)nc1SCc1ccccc1-c1cccnc1,21.106395652560888
Cc1cc(F)nc(Nc2cccc(-n3nnnc3SCc3ccccc3)c2Cl)n1,21.100240525101007
O=C(O)c1ccc(-c2cccc(Cn3nnnc3SCc3cccc(Cl)c3)c2)cc1,21.09926973255808
COc1cc(OC)nc(-c2ccc(N3CCc4nc(C(C)(C)C)cc(C(=O)O)c4C3)s2)c1,21.098354118737213
COc1ccc(-c2nnc(Sc3ccc(C(=O)O)c(-c4ccc(F)cn4)c3)s2)cc1,21.089560364002082
O=C(O)c1cc(Cl)cc(Cl)c1-n1c(SCc2ccccc2)nc2c(O)ncnc21,21.08819721996095
COc1ccc(-n2c(Sc3cccc4ncccc34)nc3ccccc3c2=O)cc1OC,21.084973075862592
COc1cccc(Sc2c(-c3nc(C(=O)O)cs3)c3cc(Cl)ccc3n2C)c1,21.07357013250865
O=C(O)c1ccc(CCn2cc(-c3ccccc3)nc2Sc2ccc3c(c2)OCO3)o1,21.067071707934062
Cc1ccn2nc(Sc3ccc(C(=O)O)cc3)n(Cc3ccccc3Cl)c(=O)c12,21.064770111084506
COc1ccc(CSc2nnnn2-c2ccc(Cl)c3nc(O)c4c(c23)CCC4)cc1,21.057367866119378
Oc1ccc(Cn2cnc(Sc3ccc(-c4nnnn4-c4ccccc4)cc3)c2)cc1,21.05006981504409
COc1ccc(-c2cccc(-n3c(SCC(=O)O)nc4ccc(Cl)cc43)n2)cc1,21.030487652484286
Cc1nc(-c2cccc(OCc3nc4ccccc4s3)n2)nn1-c1ccc(O)c(F)c1,21.027610006095482
COc1ccc(-c2ccc(Sc3nn4c(=O)c(C(=O)O)cn4cc3C)c(Cl)c2)cc1,21.001753473324023
Cc1cn(C)c2nc(Sc3ccccc3C(=O)O)n(Cc3ccc(Cl)cc3)c(=O)c12,20.99832212019818
Clc1ccc(CSc2nnc(-c3ccc(CNc4ccnc5ccnn45)cc3)o2)cc1,20.99661674184316
COc1cc(OC)nc(-n2c(-c3cccc(Cl)c3)cc3scc(C(=O)O)c3c2=O)c1,20.994943714351933
COc1cc(Cl)c(-c2nnc(N3CCCCC3)c3sc(C(=O)O)cc23)cc1OC,20.946685304516862
COc1ccc(Cl)c(C(C)(C)O)c1-c1nnc(Sc2ccc3c(c2)OCO3)n1C,20.934057347594855
Nc1ncc(-c2nc(Sc3ccccc3)n(Cc3ccc(-c4ccccc4)cc3)n2)cn1,20.918046875893623
COc1ccc(-c2cc(OC(=O)Nc3nc(C)cs3)ccc2N2CCOCC2)cc1,20.905397710543504
Cc1ccc(-n2c(CSc3ccnc(Nc4ccccn4)n3)nc3ccccc3c2=O)cc1,20.89736625704547
Cc1cccn2nc(-c3cn(-c4ccccc4)c(SCc4ccc(C(=O)O)cc4)n3)nc12,20.88286995944017
Cc1csc(CNc2nnc(-c3ccc4c(c3)cc(Cl)n4Cc3ccccc3)nn2)n1,20.880117776716197
COC(=O)c1nc(-n2ccc(O)n2)c(Oc2c(Cl)cc(Cl)cc2Cl)cc1C,20.868901048640513
CSc1cc(COC(=O)c2cc(Cl)c(Cl)s2)cn1-c1cc(C(=O)O)ccn1,20.8352653236168
O=C(O)c1ccc(-c2csn(CCOC(=O)c3cccc(Cl)c3Cl)c2=O)cc1,20.819679491579915
COc1ccc2c(C)c(-c3nc(-c4ccc(Cl)s4)cs3)c(=O)n(CC(=O)O)c2c1,20.805972831287434
COc1ccc(-c2nnc(SCc3sc(Br)cc3Cl)nc2N)nc1,20.797856862939128
O=C(Cn1cc(CSc2ncco2)cn1)Nc1nc(-c2cc(Cl)cc(Cl)c2)cs1,20.795063599877118
O=c1c(-c2nccs2)cc(O)nn1Cc1ccc(OCc2ccc3ccccc3c2)cn1,20.77629836518276
O=C(Nc1nc(SCc2ccc3c(c2)OCO3)nc(-c2cccs2)n1)C1CCCC1,20.773864937881665
O=C(O)c1ccc(-n2cnc3c(OCc4cccc(N5CCCCC5)c4)ccnc32)cc1,20.766197311473963
Cc1cc(CNc2nnc(SCc3ccc(Cl)c(Cl)c3)n3nccc23)on1,20.757803951205993
CC(=O)c1cc(Cl)c(Cl)cc1-c1nc(SCc2ccccc2)n(CC(=O)O)n1,20.737427577078115
Oc1nc(SCc2ccccc2)nc2c1nnn2C(c1ccccc1)c1ncccc1F,20.733309747503124
Cc1nnc2nc(SCc3cccc(C(F)(F)F)c3)n(-c3ccc(C(=O)O)cc3)n12,20.717036520237148
Cc1nn(-c2ccc(C(=O)O)s2)c(=O)n1Cc1cccc(Oc2ccc(Cl)cc2)c1,20.71021235544895
COc1ccc(-c2nn(CC(=O)O)c(=O)c3c(C)csc23)cc1-c1sccc1Cl,20.709855777461083
COC(=O)Nc1cc(C)nc(-n2nccc2SCc2cccc(C(F)(F)F)c2)n1,20.6991810277874
Cc1nc(-c2ccncc2)c(O)cc1-n1nnnc1SCc1cccc(C(F)(F)F)c1,20.698804999698858
Cc1nc(O)nc(Oc2ccc3c(c2)nc(Sc2cc(Cl)cc(Cl)c2)n3C)n1,20.687111906477398
COC(=O)c1ccc(Cl)cc1-n1nnnc1SCc1ccc(C(F)(F)F)cc1,20.680300752176898
CN(Cc1cccc2c1nnn2Cc1cccc(C(=O)O)c1)c1nc2ccccc2s1,20.676466831370572
COc1ccc(-c2nnc(Sc3cccc(Cl)c3)o2)c(N2CCC(C(=O)O)CC2)c1,20.660049566229016
COc1cc(Cl)c(Cl)cc1-c1ncc(SCc2nc3ccccc3n2O)nn1,20.6590393036365
Cn1ncc2c1nc(SCc1cccc(C(=O)O)c1)n2-c1cc(Cl)cc(Cl)c1,20.631114715043537
Cc1cnc2c(CSc3nccn3-c3cccc(C(=O)O)c3)cc(-c3ccccc3)nn12,20.623201318581344
Cc1c(-c2ccc(Cl)c(Cl)c2)nn(-c2scnc2C(=O)O)c1OCC(F)F,20.619883752750876
COc1ccc(-c2nc(Sc3nccc(C(F)(F)F)n3)n(-c3ccc(O)cc3)n2)cc1,20.619388676021888
COc1cc(C)c2c(Oc3cc(F)cc(F)c3F)nn(-c3nc(C(=O)O)cs3)c2c1,20.607234794413667
Cc1nc(N)cc(-c2cc(-c3nccs3)c(=O)n(Cc3ccc(Cl)c(Cl)c3)c2)n1,20.599935401320412
O=C(O)c1ccc(-n2nc(SCc3ccc4c(c3)OCO4)nc2-c2ccc(F)cc2)cc1,20.59027608448796
Cc1ccc(-c2nnc(SCc3ccc(C(=O)O)cc3)n2-c2ccc(Cl)cc2)cn1,20.56078830496122
CCOc1c(-n2nnnc2Sc2cccc(C(=O)O)c2)ccc(C(F)(F)F)c1Cl,20.554313058754673
Cc1ncc(CNc2nnc(-c3ccc4c(c3)cc(Cl)n4Cc3ccccc3)nn2)s1,20.517609035264485
Cc1c(-c2ccccc2)nc(SCc2cccc(F)c2)n1-c1nc(C(=O)O)cs1,20.505890204347914
Cn1ncc2c1nc(SCc1ccc(Cl)c(Cl)c1)n2-c1ccc(C(=O)O)cn1,20.504472138632924
CSc1nc(Cl)nc2c1nc(SCC(=O)O)n2C(C)c1ccc(Cl)cc1,20.49513906815087
COc1cc(Cl)cc(Cl)c1-c1cc(C)n(CC(=O)O)c(=O)c1-c1nccs1,20.488098737924894
COc1ccc(CSc2nnc(-c3ccc(C(=O)O)cc3)c3cccn23)cc1Cl,20.472493864703146
O=C(COc1ccccc1Cl)Oc1cccc2c1nc(C(=O)O)n2Cc1cccs1,20.457653417834912
COc1nnc(Sc2cc(Cl)cc(Cl)c2C(=O)Nc2ncc(C)cn2)s1,20.4539241131058
c1ccc(Nc2nc(Oc3ccc(CN4CCCCC4)cc3)nc(-n3ccnc3)n2)cc1,20.438255104735376
Cc1ccc(-n2c(CSc3ncc(-c4ccccc4)c(N)n3)nc3ccsc3c2=O)cc1,20.43730289343671
COc1ccc(-c2nc(Sc3nnc(-c4ccc(Cl)cc4Cl)n3C)n[nH]2)cc1,20.43056720312772
Cn1nc(Sc2cccc(Cl)c2)c2nc(OCc3cccc(Cl)c3)nc(N)c21,20.415356314441624
COC(c1nnc(SCc2nc3ccccc3[nH]2)s1)c1cc(Cl)ccc1Cl,20.37795338617911
Cc1nc2cc(-c3nnc(NCc4ccccc4C#N)s3)ccc2n1Cc1ccccc1,20.362721325954844
COc1ccc(-c2cc(Cl)c(-c3ccc4c(c3)OCO4)c(SCC(=O)O)n2)cc1,20.345556377407725
Cc1ccn(-c2nc(Nc3ccc(Cl)cc3)nc(OCc3cc(F)cc(F)c3)n2)n1,20.341106053364566
Cc1c(-c2cc(SC3CCCC3)nc(N)n2)nnn1Cc1ccc(Cl)cc1Cl,20.321142351520354
OCc1nnc(-n2c(SCc3cc(Cl)cc(Cl)c3)nnc2C2CCCCC2)o1,20.317154905604582
Cc1cn(-c2cncc(C(=O)O)c2)c(SCc2nc(-c3cccc(Cl)c3)cs2)n1,20.30020861291749
COc1cccc(-n2c(SCC(=O)Nc3ccc(Cl)s3)nc3cnccc32)c1,20.289750382665005
COc1ccc(-c2nn(Cc3cc(Cl)cs3)c(=O)c3c(CC(=O)O)csc23)cc1,20.2887876695568
COc1cc(Cl)cc(-c2cc(OCc3ccccc3)n(-c3nc(C(=O)O)cs3)n2)c1,20.285183252894075
Cn1nc(Nc2ccccc2)nc1Sc1nc2ccccc2c(=O)n1Cc1ccccc1,20.26454512367643
COc1cc(Cl)cc(Cl)c1-c1cc(N)nc(SCc2ccc3c(c2)OCO3)n1,20.25155342259787
Cn1ccc(-c2nnc(SCc3ccc(Cl)c(Cl)c3)n2-c2cccc(N)c2)n1,20.23835650848905
Cn1nc(-c2ccc(Cl)cc2)nc1SCc1ccc2oc(=S)n(CC(=O)O)c2c1,20.222304370205364
CSc1nc(-c2ccccn2)nn1C(Cc1nnc[nH]1)c1ccc(Cl)c(Cl)c1,20.219448715895897
COc1cccc(Sc2ccc3c4cc(Cl)sc4c(=O)n(CC(=O)O)c3c2)c1,20.215827331530928
COC(=O)Cn1nc(-c2cc(Cl)cc(Cl)c2Cl)c(O)c1-c1nc(C)cs1,20.211523252888163
Cn1c(-c2ccc(Cl)cc2)cc(-c2cnc(-c3ccccc3)nn2)c1SCC(=O)O,20.205093369734136
Cn1c(Sc2cc(-c3ccc(N4CCC4)cc3)ccn2)nnc1-c1ccc(C(=O)O)cc1,20.20239461725976
Cn1nc(-c2ccc(C(=O)O)cc2)cc1SCc1cnnc(-c2ccc(Cl)cc2)c1,20.145207512510417
Cc1ccc(-n2nnnc2SCc2cccc(C(F)(F)F)c2)c2ccc(C(=O)O)n12,20.138784920387774
O=C(O)Cn1nc(-c2ccc(Cl)cc2)nc1SCc1nc2cc(Cl)ccc2o1,20.10481606211658
COc1cc(C)cc(Cl)c1-c1nc(SCC(=O)O)nn2cc(Cl)c(Cl)c12,20.098425511040226
Nc1ccnc(-n2nc(-c3ccccc3)nc2SCc2cccc(OC(F)(F)F)c2)n1,20.098191865783374
CCn1c(=O)n(-c2c(Cl)cc(Cl)cc2Cl)c2cccc(OCc3coc(O)n3)c21,20.08466418773815
COc1cc(Cl)cc(Cl)c1-c1nn(CC(=O)O)c(=S)cc1-c1ccc(C)nn1,20.08306663764826
Cc1cc(N)nc(-c2cc(-c3cc(Cl)cc(Cl)c3)nn2Cc2ncc(C)s2)n1,20.07626920963769
Cc1cc(Cl)ccc1-n1nc(C)n(Cc2csc(-c3ccc(C(=O)O)cc3)n2)c1=O,20.071809170187496
O=C(O)c1cn(CCOc2ccc(Cl)c(Cl)c2)n(-c2csc(C3CC3)n2)c1=O,20.07035334177695
Cn1nc(-c2ccc(Cl)cc2Cl)nc1SCc1ncc(C(=O)O)n1C1CCCC1,20.069453270586695
COc1ccc(-n2cc(C(=O)O)c(Cl)c2Sc2ccc3c(c2)OCO3)cc1OC,20.065276498137358
Cc1cnc(SCc2cn(-c3ccccc3)c(C(=O)O)n2)n1-c1ccc(Cl)cn1,20.050034524656322
O=C(O)CSc1nc2sc(Cl)cc2c(=O)n1-c1ccc(OCc2ccccc2)cc1,20.040469021263597
O=C(O)Cc1ccc(-n2nnnc2SCc2ccc(C(F)(F)F)cc2)c2ccccc12,20.023158911003325
Nc1ncnc2c1nc(-c1ccc(Cl)cc1)n2Cc1cccc(Oc2ccccc2)c1,20.003498826113326
On1cnc(-c2nc(SCc3ccccc3)nc(N3CCC(c4ccccc4)CC3)n2)c1,19.955432697431306
Cn1nc(-c2ccc(Cl)cc2)nc1Sc1cc(OC2CCOCC2)cc(C(=O)O)c1,19.95324691509901
O=C(O)c1ccc(-c2nnc(SCc3cccc(OC(F)(F)F)c3)o2)cc1Cl,19.953185009506388
O=C(O)c1nccn1Cc1nc(Sc2ccccc2)n(-c2ccc(Cl)cc2Cl)n1,19.94488941344729
COc1cccc(-c2nc(-c3ccc(Cl)c(C)c3)n(-c3ncc(C(=O)O)s3)n2)c1,19.934931005480856
O=C(Cn1c(Sc2nnc(O)o2)cc2ccccc21)OCc1cc(Cl)cc(Cl)c1,19.904324749141757
Cc1cccc(-c2c(-c3cccnc3)nn(CC(=O)O)c2Sc2ccc(Cl)cc2)n1,19.89337450963588
Cc1cc(CSc2nnnn2-c2cc3c(c(C(=O)O)c2)CSC3)cc(C)c1Cl,19.89284100318625
COc1ccc(-c2cc(NC(C)(C)C)nc(SCc3ccc4c(c3)OCO4)n2)c(F)n1,19.89239161362283
COc1cc2c(-c3ccc(Cl)cc3)nn(-c3ccc(C(=O)O)s3)c(=O)c2cc1OC,19.88085643380835
Cc1cc(Oc2cc(Cl)c(Cl)cc2F)nn1-c1ncnc(NCc2ccccn2)n1,19.87409410049968
COc1ccc(-c2nnc(Nc3cc(C(F)(F)F)cc4c3OCCCO4)o2)cc1OC,19.86013539608788
COc1ccc(-c2cc(Sc3nnnn3-c3ccc(Cl)cc3)cc(C(=O)O)c2)cc1,19.85337652728927
CCn1c(Sc2ccc(C(=O)O)c(O)c2)nn(-c2cc(Cl)c(Cl)cc2F)c1=O,19.852091280948667
COc1ccc(-c2nnc(Sc3nnn[nH]3)n2Cc2ccc(C(F)(F)F)cc2)cc1,19.84816524776174
Cn1c(SCc2ccc(C(F)(F)F)cc2)nnc1-c1ccc(-c2nnc(N)s2)cc1,19.841672046104563
COc1ccc(-c2c(C(F)(F)F)nc(Sc3ccc(Cl)nn3)n2CC(=O)O)cc1,19.82654856004822
COc1cc(OC)cc(-c2ccc3c(c2)nc(C(F)(F)F)n3-c2nc(C(=O)O)cs2)c1,19.816312687421554
O=C(O)c1ccc(CSc2nc(-c3ccc4c(c3)OCC4)n(-c3ccccc3)n2)cc1,19.81515771960445
COc1ccc(-c2nc(-c3cnc(-c4ccccc4)s3)n(CC(=O)O)n2)cc1Cl,19.796313673580144
Cc1nc2ccc(-n3c(Cc4ccc(Cl)cc4Cl)nnc3SCC(=O)O)cc2o1,19.78128825644084
O=C(O)c1cccc(-n2nc(-c3ccncc3)nc2SCc2cccc(Cl)c2)c1,19.774516411009046
O=c1oc(SCc2ccc3c(c2)OCO3)nnc1NCc1ccc(Cl)cc1Cl,19.774273056301663
CC1CCCCN1c1ccc(-c2nc(N)nc(SCc3ccc4c(c3)OCO4)n2)cc1,19.770348297334294
Fc1ccccc1CSc1nc(NCc2nccnn2)nc(-c2cccc(Cl)c2)n1,19.769140228457502
COc1ccc(-n2nnnc2Sc2cccc(-c3ccc(C(=O)O)cc3F)c2)c(F)c1,19.764824202292143
O=C(O)c1nn(Cc2ccc3c(c2)OCO3)c2cccc(OCc3ccc(Cl)cc3)c12,19.749815513253168
NCc1csc(-c2nc(SCc3ccc(Cl)cc3)n(-c3cccc(Cl)c3)n2)n1,19.74529366121559
COc1cccc(-c2nc(-c3nccs3)nn2C(O)c2cnc(Cl)c(Cl)c2)c1,19.74261644143522
O=C(O)Cn1nc(-c2cc(Cl)cc(Cl)c2)cc1SCc1ccccc1-n1ccnn1,19.72780827622806
Cc1cc(N)nc(-n2nc(SCc3cccc(C(F)(F)F)c3)nc2-c2cccs2)n1,19.694519394672742
COc1cccc(-c2nnc(Sc3ncc(O)n3-c3ccc(Cl)c(Cl)c3)n2C)c1,19.680662964081158
COc1cc(OC)cc(-c2sc(N3CCc4cccc(C(=O)O)c4C3)nc2Cl)c1,19.677287992521514
Cn1cc(-c2nc(Sc3ccc(Cl)cc3)n(C)c2-c2ccc(C(=O)O)cc2)cn1,19.675128242343302
COc1ccc(-c2ccc(Cl)cc2Cl)nc1Sc1nnnn1-c1ccc(O)cc1,19.667562827695168
Cc1ccc(-c2nnc(SCc3cc(O)c4ccccc4n3)n2-c2ccc(F)cn2)cn1,19.65733707444619
O=C(O)CC1CSc2nnn(Cc3cccc(Oc4cccc(Cl)c4Cl)c3)c2O1,19.65517479002292
COc1ccc(-c2nc(Sc3ccc(C(=O)O)cc3)n(-c3ccccc3Cl)n2)cc1,19.629103535941034
O=C(O)c1cccc(-c2cc(CSc3nnc(Cl)n3-c3ccccc3)ccn2)c1,19.622177770579675
COc1c(Cl)cc(Cl)cc1OCc1cnn(-c2nc3ccc(C(=O)O)cc3s2)c1,19.6210737307911
O=C(O)c1ccc(-c2nnc(SCc3ccccc3)n2-c2ccc3c(c2)OCO3)cc1,19.61307110927346
COc1cccc(Sc2nc(-c3nccc(N)n3)n(-c3ccc(Cl)c(Cl)c3)n2)c1,19.605141846737737
Cn1c(SCc2ccc(C(=O)O)cc2)nc(-c2ccccc2)c(-c2nccs2)c1=O,19.579225908528176
COC(=O)c1c(Sc2c(F)c(-c3ccc(Cl)cc3)nn2C)sc(C(=O)O)c1C,19.572867543198832
Cc1cc(-n2cccn2)c2nc(Sc3cc(Cl)cc(Cl)c3)n(CC(=O)O)c2n1,19.566425012263934
O=C(O)Cn1nc(-c2ccc(Cl)cc2)cc1Sc1ccc2c(c1)OCO2,19.559290996077006
COc1cc(-n2c(=O)n(Cc3nc(C(=O)O)c(C)s3)c3ccccc32)ccc1Cl,19.546977796629832
COc1ccc(-c2cn(-c3ccc(C(=O)O)nn3)c(Sc3ccccc3Cl)n2)cc1,19.544752006388954
Cc1cc(=O)n2c(SCc3ccc(C(=O)O)cc3)nc(-c3ccsc3)c2n1C1CC1,19.5418089672786
O=Cc1c(-c2nccs2)nc(SCc2ccccc2F)n1-c1ccc(C(=O)O)cc1,19.499762143013932
O=C(O)c1cccc(-n2nc(SCc3ccccc3)nc2-c2ccc3c(c2)OCO3)c1,19.492427824631836
Cn1cncc1-c1nc(SCc2ccccc2)n(-c2ccc(C(=O)O)cc2Cl)n1,19.491295842722263
CN(C)c1ccc(-c2nnc(COc3c(Cl)cc(Cl)cc3Cl)c(C(=O)O)n2)cc1,19.486558390325676
COc1cccc(CSc2nnc(-c3cc(Cl)cc(Cl)c3O)c3ncnn23)c1,19.469700835742355
O=C(O)c1csn(C2=NCN(Cc3ccc(Oc4cccc(Cl)c4)cc3)CC2)c1=O,19.467288100545705
CCOC(=O)c1cc(Oc2c(Cl)cc(Cl)cc2Cl)n(-c2nccs2)n1,19.4575701972137
COc1ccc(-c2nn(CC(=O)O)c(=O)c3sc(-c4ccccc4)c(C)c23)c(Cl)c1,19.446091191231595
CSc1nc2cc(-n3nc(C(=O)O)cc3Oc3ccc(Cl)cc3Cl)ccc2n1C,19.433084691558637
CSc1nnc(SCc2cccc(C(=O)O)c2)n1-c1cc(Cl)cc(Cl)c1C,19.420089311150427
Clc1ccc(CNc2nc(OCc3ccco3)nc(-n3cnc4ccccc43)n2)cc1,19.408717684641637
Cc1cc2cc(-c3nnc(NCc4cccnc4)s3)ccc2n1CC(=O)OC(C)(C)C,19.38557389400632
Cn1cc(-c2cccc(C(=O)O)c2)nc1Sc1nc(-c2ccc(Cl)cc2Cl)nn1C,19.384100424342073
Cc1nnc(CSc2nc3ccc(Cl)cc3n2Cc2cccc(C(=O)O)c2)s1,19.371056152307357
COc1ccc(-c2ccc(Sc3nc(O)c(=O)n(-c4ccccc4Cl)n3)cc2)cc1,19.347124820185943
Cc1nc(-c2ccncc2)ccc1CN1CCC(Nc2nc(-c3ccco3)ns2)CC1,19.34303328572493
COc1ccc(Cl)cc1-c1nc(SCC(=O)O)nn1-c1ccc2ncccc2c1,19.33979007551206
O=C(O)c1ccc(Cn2c(SCc3ccncc3)nnc2-c2ccc(Cl)s2)cc1,19.326774630151505
Cc1csc(C(=O)Nc2cccc(-n3nnnc3SCc3cccc(Cl)c3)c2)n1,19.322841585202415
Cn1c(COc2cc(Cl)c(C(=O)O)cc2Cl)nnc1Sc1ccc(Cl)cc1,19.30989711312306
COc1ccc(-c2cc(C(=O)O)nn2-c2ccc(Cl)c(Cl)c2)c(C(C)(C)O)c1OC,19.296484386432773
COc1ccc(-c2cc(Nc3nc4ccccc4s3)nn(Cc3cccnc3)c2=O)cc1,19.25870239560294
CSc1nc2nc(SCc3cnc4ccccc4c3)n(CC(=O)O)c2cc1Cl,19.258217455101
O=C(O)c1cn(Cc2ccc(Cl)cc2OCc2ccccc2)nc1-c1nccs1,19.254068845884245
O=C(O)CSc1nccc(-c2cc(COc3cc(F)c(Cl)c(Cl)c3)ns2)n1,19.25037791218798
Nc1cccc(COc2cccc(-n3nnnc3Sc3cccc(Cl)c3Cl)c2)c1,19.230861144009143
Cc1csc2c(Cn3nnnc3SCc3ccc(Cl)cc3)ccc(C(=O)O)c12,19.224646842877636
COc1cc(=O)n(-c2ncc(C(=O)O)s2)c(C)c1Sc1cc(Cl)cc(Cl)c1,19.214581831748028
COc1cc(C(=O)O)ccc1Sc1nc2sccc2c(=O)n1Cc1ccccc1,19.210952404116718
Cc1ncc(Sc2nc(-c3ccc(Cl)cc3)c(C(F)(F)F)s2)n1CC(=O)O,19.196445631638284
O=C(O)c1ccc(OCc2nc(-c3nccs3)n(-c3cccc(Cl)c3F)n2)cc1,19.188924839309948
O=C(O)c1ccc(-c2nc(SCc3ccccc3)n(-c3nc4ccccc4s3)n2)cc1,19.188327064585568
Cc1csc(-c2nn(-c3ccc(Cl)cc3Cl)nc2Cn2cc(C)c(=O)c(O)c2)n1,19.173522171342043
CCCNC(=O)c1nnn(-c2cscn2)c1Oc1c(Cl)cc(Cl)cc1Cl,19.161985502514508
Clc1ccc(CSc2nnnn2-c2ccc(Cl)cc2OCc2cc[nH]n2)cc1,19.161770221425286
Cn1nc(-c2ccccc2)cc1CSc1ccnc(NC(=O)c2ccc3c(c2)OCO3)n1,19.15291737461962
O=Cn1c(-c2cccc(Cl)c2)nc(SCC(=O)O)c1Sc1cccc(Cl)c1,19.14850591237776
OCc1nnc(SCc2cc(-c3cccc(Cl)c3)nnn2)n1-c1ccc(Cl)cc1,19.13659241805006
O=C(O)c1ccc(F)c(Cn2nnnc2SCc2ccc(-c3ccc(F)cc3)cc2)c1,19.125521266369272
O=C(O)c1ccc(-c2nnc(CSc3ncc(Cl)s3)n2Cc2ccccc2)cc1,19.12525657472634
O=C(O)Cn1c(SCc2ccc(OC(F)(F)F)cc2)nnc1-c1ccc(F)cc1,19.114912330325733
O=C(O)c1ccc(-c2nnc(COc3ccc(Cl)cc3)n2Cc2cccs2)cc1,19.106542151284355
CNc1nn(Cc2cccc(Oc3nnnn3-c3ccc(Cl)cc3)c2)c2ccccc12,19.10034259123593
O=C(O)c1csc(-c2cc(COc3cc(Cl)ccc3Cl)nn2CC(F)F)n1,19.04907824702783
O=C(O)c1csc(-n2nc(C(=O)c3ccccc3)cc2Sc2cccc(Cl)c2)n1,19.013252358019443
COc1ccc(-n2nc(-c3cnc(O)s3)nc2Oc2cc(Cl)cc(Cl)c2)cc1,18.97722286202787
COc1cc(Cl)cnc1-n1c(SCc2cccc(C(=O)O)c2)nnc1C(F)(F)F,18.969371630608233
Cn1c(COc2ccc(Cl)c(Cl)c2)nc2c1c(S)nn2-c1ccc(C(=O)O)cc1,18.963435865418916
COc1ccc(-c2cc(C(=O)O)c(Sc3nnnn3-c3ccc(F)cc3)cc2F)cc1,18.957971368003616
O=C(O)c1cccc(-n2c(SCc3cccc(Cl)c3)nnc2-c2ccncc2)c1,18.952324145580004
COc1ccc(-c2nnc(SCc3nnc(-c4ccc(F)c(F)c4)s3)[nH]2)cc1F,18.94951622003278
Cc1cccc(-n2nnc3c2nc(Sc2ccc(Cl)c(Cl)c2)n3CC(=O)O)c1,18.926933149260744
Cn1cc(Sc2nnc(N)n2Cc2ccccc2)c(-c2ccc(Cl)c(Cl)c2)n1,18.89785001924482
COc1cc(OC)c(Oc2cccc(Cl)n2)c(-n2c(=S)[nH]c3ncccc3c2=O)c1,18.88878562614132
Cc1cc(SCc2cn(-c3cccc(Cl)c3)nn2)n(-c2ccc(C(=O)O)c(F)c2)n1,18.8875054685054
Cn1c(SCc2cn(-c3ccc(Cl)cc3Cl)nn2)nnc1-c1ccc(O)cc1,18.839411327390348
COc1ccc(-n2nc(Sc3cccc(Cl)c3Cl)c3c(O)nc(C)nc32)cc1,18.83912752483326
Cc1ncnn2c(SCc3ccc(C(F)(F)F)cc3)nc(-c3ccc(C(=O)O)cc3)c12,18.837483077345695
COc1cccc(-c2ccc(Sc3ncc(O)c(=O)n3-c3cccc(Cl)c3)nc2)c1,18.812369940978456
Cc1cccc2nc(CSc3nc(-c4ccc(Cl)cc4)nn3CC(=O)O)sc12,18.786311306029614
COc1ccc(-c2nc(Sc3cccc(Cl)c3)nn2-c2ccc(C(=O)O)cc2)nc1,18.783375900544115
CCn1c(SCc2cn(-c3ccc(C(=O)O)cc3F)nn2)nc2ccc(Cl)cc21,18.761931651362737
CCn1c(SCc2nc(O)c3ccccc3n2)nnc1-c1ccc(Cl)cc1Cl,18.761765451612156
Cc1cc2c(C(=O)O)cc(-n3nnnc3SCc3ccc(Cl)cc3Cl)cc2n1C,18.739896184544754
O=C(O)CSc1nc(-c2ccc3c(c2)OCCC3)sc1C(=O)OCc1ccccc1,18.7355536624968
Cc1nc(O)c2ncn(Cc3cc(Oc4c(Cl)cc(Cl)cc4Cl)nn3C)c2n1,18.735501459985407
Cn1nc(-c2ccc(C(=O)O)cc2)nc1SCc1cc(-c2cccc(Cl)c2)ns1,18.727040918505722
Cc1nc(SCC(=O)O)n(-c2ccc(Oc3ccc(Cl)cc3Cl)c(F)c2)n1,18.725474035492535
COc1ccc2nc(Sc3cccnc3N)n(-c3cccc(Cl)c3Cl)c(=O)c2c1,18.71771701574581
Cc1csc2nc(Sc3cc(C(=O)O)ccc3Cl)n(Cc3ccccc3)c(=O)c12,18.71258418485219
Cn1cc(-c2ccc(OCc3ncn(-c4ccc(Cl)c(Cl)c4)c3C(=O)O)s2)cn1,18.700562754544265
COc1cccc(-c2cc(C)nn2-c2cc(C(=O)O)nn2-c2ccc(Cl)c(Cl)c2)c1,18.698841191030358
Oc1ccc(-n2nnc(CSc3nccc(-c4ccc(Cl)cc4)n3)n2)cc1Cl,18.697497282528033
O=C(O)CSc1nnc(-c2nc(Cl)cs2)n1CCc1cccc(Cl)c1Cl,18.67963779748502
COc1cccc2nc(Sc3ocnc3O)n(-c3ccc(Cl)c(Cl)c3)c(=O)c12,18.618942143095193
Cn1ncc2cc(Sc3nnc(-c4ccc(C(=O)O)cc4)n3Cc3ccccc3)ccc21,18.595235039721214
COc1ccc(-n2nnc(-c3cccc(C(=O)O)c3)c2Sc2cccc(Cl)c2)nc1,18.592565601738055
O=C(O)c1cc(OCc2cccs2)n(-c2cc(OC(F)(F)F)ccc2Cl)n1,18.582856874751688
COC(=O)CSc1nc(C(=O)O)c(-c2c(Cl)cc(Cl)cc2Cl)c2cccn12,18.577862396227488
Cc1c(-n2ccnc2)c(COc2cc(Cl)cc(Cl)c2)nn1-c1ccc(C(=O)O)s1,18.565591834286117
O=C(O)c1ccc(-n2ncnc2SCc2cc(-c3ccccc3)nc3c2CCCO3)cc1,18.549325267315552
O=C(O)c1cccc(-c2nc(SCc3ccc4c(c3)OCO4)n(-c3ccccc3)n2)c1,18.548824188523913
COc1ccc(-n2nnnc2Sc2ccccc2Cl)cc1-c1ccc(C(=O)O)cc1,18.54347425311594
Cn1c(OCCn2cnc3ccc(-c4nc(C(=O)O)cs4)cc32)cc(Cl)c1Cl,18.538938880210072
COc1cc2nc(C(=O)Nc3nc4ccccc4s3)c(-c3ccccc3)n2cc1OC,18.52792195121904
Oc1cc(-c2nnc(SCc3cccc(Cl)c3)n2-c2ccc(Cl)cc2)ncn1,18.514693272753522
Cc1ccc(CSc2nc(=O)c(-c3ccc(Cl)cc3Cl)nn2CC(=O)O)s1,18.505956088561565
O=C(O)c1ccc(-c2nnc(SCc3ccc(-c4ccccc4)cc3)n2C2COC2)cn1,18.501977901153413
CSc1n[n+]([O-])c(SCc2ccc(C(=O)O)cc2)n1-c1cc(Cl)ccc1Cl,18.495556072560962
COc1ccc(-c2nc(SCc3ccc4c(c3)OCO4)nc(O)c2C(F)(F)F)cc1,18.48821563751976
Oc1cc(SCc2nnc(-c3ccc(OC(F)(F)F)cc3)o2)n(-c2ccccc2)n1,18.485623681537312
O=C(O)c1cccc(-c2cccc(CSc3nnnn3-c3cccc4c3CCC4)c2)c1,18.48337546087239
Cc1ccc(C(=O)Nc2cc(Cl)ccc2-n2nnnc2SCc2ccccc2)s1,18.465946420574173
COc1ccc(-c2nn(CC(=O)O)c(=O)c3c(C)c(-c4cccc(Cl)c4)sc23)cc1,18.43602090111747
Cc1cc(Oc2ccc(CN3CCCC3)cc2)c2cnn(-c3ncc(C(=O)O)s3)c2c1,18.404862885181252
Cc1nc2ccc(-c3cnn(-c4cc(Cl)cc(Cl)c4)c3SCC(=O)O)nc2n1C,18.3948635699861
COc1cc(-n2cnc3ccccc32)nc(NCc2nc(-c3cccc(Cl)c3)cs2)n1,18.391312425165722
Cc1c(-c2ccc(Cl)cc2)nc(OCc2ccccc2)n1-c1nc(C(=O)O)cs1,18.330426937370873
Cn1c(SCC(=O)Nc2cc(-c3nccs3)nn2-c2ccccc2)nc2ccccc21,18.323803776428992
Cc1nc(-c2ccccn2)sc1CN1CCC(Nc2nc(-c3ccccc3)no2)CC1,18.320275670193062
Cc1nc(-c2cn(-c3ccc(O)cc3)nn2)sc1COc1ccc(Cl)c(Cl)c1,18.309007137057137
COc1cc(OC)c2c3sc(-c4ccc(Cl)cc4)cc3c(=O)n(CC(=O)O)c2c1,18.304737809913576
COc1cccc(CSc2nnc(-c3ncn[nH]3)n2-c2cc(Cl)ccc2Cl)c1,18.296489245941622
COc1ccc(-c2nc(Sc3ccccc3O)n(C(=O)c3cccc(Cl)c3)n2)cc1,18.28914914628217
COC(=O)Cn1nc(-c2cc(Cl)cc(Cl)c2)cc1Sc1cccc(C(=O)O)c1,18.258793469195176
O=C(O)c1cccc(CSc2nnnn2-c2cccc(Cl)c2Cn2cccc2)c1,18.258690153693042
Oc1nnc(-c2nnc(SCc3cccc(C(F)(F)F)c3)n2Cc2ccccc2)o1,18.25030518657282
Clc1ccc(-c2nc(SCc3nnn[nH]3)n(CC3CCCCC3)n2)c(Cl)c1,18.240416983485563
COc1ccc(-n2cc(CSc3cc(Cl)cc(Cl)c3-c3nnn[nH]3)nn2)cc1,18.179813257758514
COc1ccc(-c2nnc(Sc3cc(Cl)ccc3Cl)n2-c2ccc(O)nn2)cc1,18.168757605279218
COc1cc(OC)cc(-c2nsc(Sc3cc4c(cc3Cl)OCC(=O)N4)n2)c1,18.163719683610797
COc1cc(C)nc(-n2nc(C(=O)O)cc2Oc2c(Cl)cc(Cl)cc2Cl)c1,18.153388195276495
O=C(O)c1cc(-c2ccc3c(c2)CCC3)cc(-n2nnnc2SCc2ccccc2)c1,18.14664258452626
O=C(O)c1ccc(-n2cc(CSc3nc(-c4ccc(F)cc4)cn3C3CC3)nn2)cc1,18.12352052272404
COc1ccc(-c2nnc(Sc3cc(Cl)ccc3Cl)n2CC(=O)O)cc1Cl,18.120586403058507
O=C(O)c1cc(-n2nnnc2SCc2ccccc2Cl)ccc1OC(F)(F)F,18.07632536540132
COc1cc(-c2nnc(SCc3cc(C(F)(F)F)no3)n2O)c(Cl)cc1Cl,18.057511814604975
Clc1ccc(COc2nnnn2-c2cccnc2NCc2ccccc2)c(Cl)c1,18.056486018593194
Cn1cc(CSc2c(N)c(-c3ccccc3)nn2-c2cccc(Cl)c2Cl)nn1,18.052604876792664
CSc1ccc(-c2cn(-c3ccc(Cl)c(Cl)c3)c(SCc3nnn[nH]3)n2)o1,18.047293631334924
Clc1ccc(-n2cc(-c3c[nH]cn3)nc2SCc2cn(-c3ccccc3)nn2)cc1,18.03611311385952
Oc1ccc(-n2ncnc2OCc2ccnc(Oc3cc(Cl)cc(Cl)c3)c2)cc1,18.029011365200592
COc1ccc(-n2c(SCc3ccc(Cl)cc3)nc(C(=O)O)c2C(C)(C)C)cc1,18.020040805846353
Cc1csc(-n2nc(Sc3ccc(Cl)cc3Cl)c(C(=O)OC(N)=O)c2C)n1,18.0155384871924
Cc1cc(C)nc(-n2nc(-c3nccs3)c(O)c2Oc2ccc(Cl)cc2Cl)n1,17.97071380402795
Cn1cnc2cc(-c3nnc(SCC(=O)O)n3Cc3cc(Cl)cc(Cl)c3)ccc21,17.942075696911076
COc1cc(Sc2nc3ccccc3c(=O)n2CC(=O)O)ccc1-c1cccs1,17.930781798731807
O=C(O)Cn1nc(-c2ccc(Cl)cc2)c(-n2nccn2)c1Sc1ccc(Cl)cc1,17.92712857329144
Cc1nc(O)c2ccc(-c3nnc(SCc4cccc(OC(F)(F)F)c4)s3)cc2n1,17.912176396794102
Cc1csc(-c2cccc(Sc3nnc(-c4ccc(Cl)cc4)n3CC(=O)O)c2)n1,17.909461049438686
Cc1csc(-c2nc(=O)n(-c3ccc(Cl)cc3Cl)c(SCC(=O)O)c2C)n1,17.906424606435486
COc1ccc(-c2nc(Cc3ccccc3Cl)n(-c3nc(C(=O)O)cs3)n2)cc1,17.90621753225149
O=C(O)c1cccc(-n2nnnc2SCc2cccc(-c3ccccc3Cl)c2)c1,17.89975738641537
Cc1cc(Cl)ccc1-n1c(SCc2cccc(-c3nccs3)c2)nnc1C(=O)O,17.891828831697126
COc1ccc(-n2nnc(-c3cccc(C(=O)O)n3)c2Sc2ccc(Cl)cc2)cc1,17.88588926626713
O=C(O)c1ccc(-c2nc(SCc3ccc(Cl)cc3)nc(N3CCCC3)n2)cc1,17.88286903812658
O=C(O)Cn1nc(-c2ccc(Cl)cc2)n2nc(SCc3cccc(Cl)c3)nc12,17.859827310469164
COc1ccc(Cl)cc1-c1cc(CSc2nnc3ccc(Cl)cc3n2)n(C)n1,17.858937180979545
Nc1nnc(SCc2cc(Cl)cc(Cl)c2)cc1-c1cn(-c2ccccc2)nn1,17.78553995268282
COc1cc(CSc2nnc(-c3ccc(C(=O)O)cc3)s2)c(Cl)cc1Cl,17.781570991897016
O=C(O)Cn1nc(-c2cncnc2)nc1SCc1cccc(-c2ccc(Cl)cc2)c1,17.776247146194027
COc1ccc(-c2nn(CC(=O)O)c(Sc3cccc(Cl)c3Cl)c2Cl)nc1,17.770455847153507
O=C(O)Cn1nc(-c2ccc(Cl)cc2)nc1SCc1ccc(-c2ccccc2)nc1,17.745830230719136
COc1ccc2cc(-n3nnnc3SCc3ccc(Cl)c(Cl)c3)ccc2n1,17.739871929631384
COc1cc(OC)c(=O)c2c(c1)n(CC(=O)O)c(=S)n2-c1ccc(Cl)c(Cl)c1,17.70701533625156
COc1ccc(-n2c(Sc3cccc(Cl)c3)nnc2-c2cc(C(=O)O)ccn2)cc1,17.701138056817857
O=C(O)c1ccc(-c2cccc(CSc3nnnn3-c3ccccc3Cl)c2)cc1,17.69818647453009
Cn1ncnc1-c1nnc(SCc2cc(Cl)cc(Cl)c2)n1-c1cccc(O)c1,17.65754491947892
Cc1cn(-c2ccc(C(=O)O)cc2)c(SCc2cnnc(-c3cccc(Cl)c3)c2)n1,17.65103047904719
O=C(O)c1csc(-n2nc(-c3ccc(Cl)cc3)cc2OCc2ccccc2F)n1,17.638620149548707
COc1ccc(-n2nnnc2Sc2c(C)cc(Cl)cc2Cl)c(Cl)c1C(=O)O,17.6289373695594
COc1cccc(-c2nn(-c3nc4ccc(Cl)cc4s3)c(OCC(=O)O)c2F)c1,17.60978619594757
O=Cc1c(Cl)cc(Cl)cc1OCCn1nc(-c2ccc(C(=O)O)cc2)sc1=S,17.608632125400355
COc1cc2c3nc(-c4cc5ccccc5s4)ccc3c(=O)n(CC(=O)O)c2cc1OC,17.598028089965776
OC(=S)n1c(COc2ccc(Cl)cc2)nnc1SCc1ccc2c(c1)OCO2,17.58233723817796
COc1ccc(-c2nc(Sc3ccc(Cl)c(Cl)c3Cl)n(CC(=O)O)n2)cn1,17.5726327013365
O=C(O)CSc1nnc(-c2cc(Cl)cc(Cl)c2O)nc1Sc1ccccc1,17.569663733471057
COc1cc(-c2nnc(SCc3cc(Cl)cc(C(F)(F)F)c3)s2)cnc1N,17.53679347503122
Cc1cc(Cl)cc(-n2nnnc2SCc2cc(Cl)cc(Cl)c2)c1C(=O)O,17.52945390288282
O=C(O)c1ccc(CSc2nnnn2C(c2ccc(Cl)c(Cl)c2)C2CC2)cc1,17.528090401402395
COc1cccc(-c2nn(-c3ccc(Cl)cc3Cl)c(SCC(=O)O)c2C#N)c1,17.525399732174638
Cc1cn(-c2nc(C(=O)O)cs2)c2nc(COc3ccc(Cl)c(Cl)c3)n(C)c12,17.520782930775624
C#CCn1c(SCc2nc(C)c(C(=O)O)s2)nnc1-c1ccc(Cl)cc1Cl,17.44869773140899
COc1c(SCc2nnn(-c3ccc(C(=O)O)cc3Cl)n2)ccc(Cl)c1Cl,17.42418006188289
COc1ccc2c(COc3ccc(Cl)cc3Cl)nn(-c3nc(C(=O)O)cs3)c2c1,17.39091051649413
COc1cc(Sc2nc(-c3ccc(F)cc3)cs2)c2ccc(=O)n(CC(=O)O)c2c1,17.381222222763544
CCn1nc(-c2ccc(Cl)cc2Cl)cc1Sc1nnnn1-c1ccc(O)cc1,17.37976732845244
COc1ccc(C(=O)n2c(SCC(=O)O)nc3cc(Cl)ccc32)c2sccc12,17.34675529509185
O=C(O)CSc1nc2cccnc2n1-c1ccc(OCc2ccc(Cl)cc2)s1,17.338228611122144
c1ccc(CSc2nc(NCc3ccc4c(c3)OCO4)nc(-c3cccnc3)n2)cc1,17.337859012840994
O=C(O)c1ccc(-n2nnnc2SCc2cccc(Cl)c2)cc1SC(F)(F)F,17.334144255203285
COc1ccc(-n2nnc(-c3cccc(C(=O)O)c3)c2Sc2ccc(Cl)cc2)cn1,17.324156954124504
COc1cc(C(=O)O)cc(-n2nnnc2Sc2ccc(Cl)cc2)c1-c1ccccc1,17.322858574439255
COc1ccc(-c2nc(Sc3ccccc3Cl)nc(N3CCC(C(=O)O)C3)n2)cc1,17.320248317824284
O=C(O)c1ccc(-c2nnc(SCc3cc(Cl)c(Cl)cn3)n2CC2CC2)cc1,17.318013334057603
OCc1nnc(SCc2nc(-c3ccc(F)cc3)no2)n1-c1cc(Cl)cc(Cl)c1,17.315442619183912
Cc1nnc(SCc2ccn(-c3ccc(O)cc3)n2)n1-c1cc(Cl)cc(Cl)n1,17.315293315583297
COc1cccc(-n2nnc(-c3cc(C(=O)O)ccn3)c2Sc2ccc(Cl)cc2)c1,17.307942293099533
O=C(O)c1nc(-c2cn(Cc3ccc(Cl)cc3Cl)nn2)cn1Cc1cccs1,17.2662852441423
COc1cc(-c2nc(SC(C)(C)C)n(C(=O)Nc3ccc(Cl)cc3)n2)cnc1OC,17.24569497109085
O=C(O)c1cccc(-n2nc(-c3ccc4c(c3)OCO4)nc2SCc2ccccc2)c1,17.20732455992851
COc1cc(Cl)cc(CSc2nnnn2-c2ccc(Cl)c(Cl)c2C(=O)O)c1,17.19259844949911
COc1ccc(-c2nnc(Sc3ccc(Cl)cc3Cl)n2-c2ccc(O)nn2)cc1,17.17976244040571
Clc1cnc(OCc2nnc(SCc3nnc(-c4ccccc4)[nH]3)s2)c(Cl)c1,17.1591858410437
COc1cccc(-c2nn(-c3cc(Cl)cc(Cl)c3)c(SCC(=O)O)c2C#N)c1,17.141687582364465
O=C(c1ccc(Nc2ncc(Cl)cc2F)cc1)n1nnnc1SCc1ccccc1,17.128387690158917
Cn1cc(-c2nnc(SCc3cccc(Cl)c3)n2-c2ccc(C(=O)O)cc2F)cn1,17.0887574339702
Nc1ncc(-c2nnc(SCc3ccccc3)n2Cc2cc(Cl)cc(Cl)c2)cn1,17.081472705529098
Cn1c(CSc2nc(-c3ccc(Cl)c(Cl)c3)nn2CC(=O)O)nc2ccccc21,17.078632898289932
Cc1cc(Cl)cc(Cl)c1Oc1nn(-c2nc(C(=O)O)cs2)c(C)c1C1COC1,17.07425377259768
CCSc1cc(Sc2nnnn2-c2cccc(Cl)c2Cl)cc(C(=O)O)c1,17.06912085686034
COc1ccc(-n2c(Sc3cccc(Cl)c3Cl)nnc2-c2ccc(O)nc2)nc1,17.063337549428336
COc1ccc(-n2c(Sc3cccc(Cl)c3Cl)nnc2-c2cc(O)ncn2)cc1,17.051895239618126
COc1cc(O)cc2nc(Sc3ccco3)n(-c3ccc(Cl)c(Cl)c3)c(=O)c12,17.04090894924351
COC(=O)c1sc2cc(-n3nnnc3SCc3ccc(Cl)cc3)ccc2c1C,17.04078412538625
O=C(O)c1csc(-c2nnc(SCc3ccccc3)n2Cc2ccc(Cl)cc2)n1,17.00834689238781
Oc1cccc(-c2ccc(-n3nnnc3SCc3ccc(C(F)(F)F)cc3)cn2)c1,17.005327594643322
O=C(O)c1ccc(-n2nnnc2SCc2cccc(-c3ccccc3)c2)c2c1CCC2,16.948723172699946
Cc1ccnc(-n2nc(-c3ccc(O)cc3)nc2SCc2ccc(C(F)(F)F)cc2)n1,16.937003318887328
O=C(O)c1ccc(-n2nc(C(F)(F)F)cc2CSc2nnc(-c3ccccc3)o2)cc1,16.92658211818293
O=C(O)c1ccc(-n2nnnc2SCc2ccc(Cl)cc2Cl)c(OC(F)F)c1,16.926078006257026
COC(=O)c1c(-c2cccs2)nn(-c2c(Cl)cccc2Cl)c1SCC(=O)O,16.89564819827153
O=C(O)c1ccc(-n2nnnc2SCc2ccc(-c3ccccc3)c(Cl)c2)c(F)c1,16.893598243900847
O=C(O)c1cccc(OCc2nnc(Sc3cc(Cl)cc(Cl)c3)n2C2CC2)c1,16.86029356459031
O=C(O)Cn1c(SCc2ccc(Cl)c(Cl)c2)nnc1-c1ccc(Cl)s1,16.857732343750815
Cc1cc(-n2cc(CSc3nnc(-c4ccc(Cl)cc4)c(O)n3)nn2)ccc1Cl,16.844498945840687
O=C(O)c1ccc(-n2cc(SCc3csc(-c4ccc(Cl)cc4)n3)nn2)cc1,16.829783191641816
O=C(O)Cn1nc(-c2ccc(Cl)cc2)nc1SCc1ccc(-c2nccs2)cc1,16.803170976409522
COc1ccc(Cl)nc1-c1nc(Sc2ccc(Cl)c(Cl)c2)n(CC(=O)O)n1,16.744761983772868
O=C(O)Cn1c(SCc2cc(Cl)cc(Cl)c2)nc2sc(C3CC3)nc2c1=O,16.731929529612195
COc1ccc(-c2nnn(-c3ccc(Cl)c4ccccc34)c2SCC(=O)O)cc1,16.70564269269632
COc1nccc(-c2cnn(-c3c(Cl)cc(Cl)cc3Cl)c2SCC(=O)O)n1,16.6830598067587
COc1cccc(CSc2nnnn2-c2cc(Cl)c(Cl)cc2C(=O)O)c1,16.682080773121527
Oc1ccc(-c2cccc(-n3nnnc3SCc3ccc(Cl)c(Cl)c3)n2)cc1,16.681762854069085
COc1ccc(-c2nn(C(=O)c3ccc(Cl)cc3)c(SCC(=O)O)c2Cl)cc1,16.663013323315873
O=C(O)CSc1nnc(-c2cc(OC(F)F)ccn2)n1-c1cc(Cl)cc(Cl)c1,16.638430306787118
COc1ccc(Cl)cc1-n1c(SCc2ccc(C(=O)O)cc2)nnc1C(F)(F)F,16.628065762448603
CCOC(=O)CSc1nc(C(=O)O)c(-c2c(Cl)cc(Cl)cc2Cl)s1,16.626872207130656
O=C(O)Cn1c(SCc2cccc(F)c2)nnc1Sc1ccc(Cl)cc1Cl,16.61734034251844
Cc1nnc(CSc2c(Cl)c(-c3ccc(Cl)cc3Cl)nn2CC(=O)O)s1,16.607398137898763
O=C(O)Cn1nc(-c2ccc(Cl)cc2Cl)nc1SCc1ccc2c(c1)OCO2,16.58066304967421
Cc1nc(CSc2nnnn2-c2ccc(Cl)cc2N)cn1-c1ccc(Cl)cc1,16.578575328159957
Oc1c(Cl)ccc(-n2nnnc2SCc2cccc(-c3ccccc3)n2)c1Cl,16.57371261829883
O=C(CSc1nnc(-c2ccc(Cl)cc2Cl)s1)Oc1ccc(C(=O)O)cc1,16.5614044701662
O=C(CSc1cc(C(=O)O)nn1-c1ccc(Cl)c(Cl)c1)Oc1ccccc1,16.554855474573085
CSc1nnc(SCc2cc(Cl)cc(Cl)c2)n1-c1cc(C(=O)O)ccn1,16.539663263910207
O=C(O)c1cc(Cl)ccc1Cn1nnnc1SCc1ccc(-c2ccccc2)cc1,16.508746705925216
Cc1cc(Cl)cc(Cl)c1-c1nnc(SCc2cn(-c3ccc(O)cc3)nn2)n1C,16.508479289341317
O=C(O)c1ccc(Cn2ccc3cc(-n4nnnc4SCc4ccccc4)ccc32)cc1,16.47527658973032
COc1ccc(-n2c(SCc3ccc(C(F)(F)F)cc3)nnc2C(=O)O)c2cccn12,16.43311125273243
Cn1nc(-c2ccc(Cl)cc2)cc1SCc1nnc(-c2ccc(C(=O)O)cc2)s1,16.400579569985016
O=C(CSc1nnnn1-c1ccc(Cl)cc1C(=O)O)c1ccc(Cl)c(Cl)c1,16.34799593902422
O=C(O)c1ccc(-c2nnc(SCc3cc(Cl)cc(Cl)n3)n2CC2CC2)cc1,16.32542254882129
COc1cccc(-n2nnnc2Sc2cc(Cl)c(Cl)c(C(C)O)c2Cl)c1,16.31463751954781
Oc1ccc(-c2ccc(-n3nnnc3SCc3ccc(OC(F)(F)F)cc3)cc2)cn1,16.306041781180056
O=C(O)n1c(COc2cnc(Cl)c(Cl)c2)nnc1SCc1cccc(Cl)c1,16.305806643542333
O=C(O)c1ccc(-n2nnnc2SCc2ccccc2)c(OC(F)(F)F)c1Cl,16.28393623968794
O=C(O)Cn1nc(-c2ccc(Cl)cn2)nc1SCc1ccc(-c2ccccc2)cc1,16.275424095803295
Cn1c(COc2cc(Cl)cc(Cl)c2O)nnc1SCc1ccc2c(c1)OCO2,16.260486097211835
COc1cc(-n2nnnc2SCc2cccc(C(F)(F)F)c2)c2nc(O)ccc2c1,16.254049628068543
Cn1c(COc2cc(O)c(Cl)c(Cl)c2)nnc1SCc1ccc2c(c1)OCO2,16.243677136621717
Oc1ccc(F)cc1Sc1nnnn1Cc1cccc(Oc2ccc(Cl)cc2)c1,16.239837024074866
O=C(O)c1ccc(-n2nnnc2SCc2ccccc2)c(Oc2cc(F)cc(F)c2)c1,16.221641525386943
Cc1nc(CSc2nc(-c3c(Cl)cc(Cl)cc3Cl)nn2CC(=O)O)cs1,16.221035012598712
O=C(O)CSc1nc(Oc2c(Cl)cc(Cl)cc2Cl)nc(-n2cccc2)n1,16.216033735683464
COc1cc(Cl)cc(Cl)c1-c1nnc(SCC(=O)O)n1-c1ccc(Cl)s1,16.189088339796314
Oc1cc(-c2cc(Cl)cc(Cl)c2)nc(SCc2cn(-c3ccccc3)nn2)n1,16.18079038260312
Cc1cc(Sc2nnnn2-c2ccc(Cl)c(Cl)c2)cc(OCC(=O)O)c1Cl,16.17250599608393
COc1ccc(-c2nc(Sc3ccccc3Cl)n(-c3ccc(C(=O)O)cc3)n2)cc1,16.14967914851811
O=C(O)c1ccc(-n2nccc2SCc2cn(-c3ccc(Cl)c(Cl)c3)nn2)cc1,16.120633146323726
O=C(c1cccs1)c1ccc(-n2nnnc2SCc2ccc(Cl)cc2)cc1O,16.067167234073036
O=C(O)c1cccc(CSc2nnnn2-c2ccc(Cl)c(Sc3ccccc3)c2)c1,16.05552152493635
COc1ccc(-c2nnn(-c3ccc(C(=O)O)nc3)c2Sc2ccc(Cl)cc2)cc1,16.042659539620324
FC(F)(F)Oc1cccc(CSc2nnc(-c3cnccn3)n2-c2ccccc2)c1,16.039140637270705
COc1ccc(-n2nnnc2Sc2ccc(Cl)c(Cl)c2)c(Cl)c1C(=O)O,16.020644704524813
COc1ccc(-n2c(Sc3cccc(Cl)c3Cl)nnc2-c2ccnc(O)n2)cc1,15.938608639785517
COc1ccc(-n2nnnc2Sc2ccc(Cl)cc2Cl)c(Cl)c1C(C)O,15.927267111258558
O=C(O)Cn1nc(-c2ccc(Cl)cc2)nc1SCc1nc(-c2ccccc2)cs1,15.889767456637676
O=C(O)c1cccc(-n2nnnc2SCc2ccc(-c3ccc(Cl)cc3)cc2)c1,15.830412929764067
COc1cc(Cl)cc(Cl)c1-c1nnc(SCc2nc(O)c3ccccc3n2)s1,15.82494316235135
Cn1nc(SCc2cn(-c3ccc(Cl)cc3)nn2)nc1-c1ccc(Cl)c(O)c1,15.813494667461097
Cc1cc(Cl)cc(Cl)c1Oc1cc(N2CCCC2)nn1-c1cc(C(=O)O)ccn1,15.781697787353426
O=C(O)CCn1c(SCc2ccc3c(c2)OCO3)nnc1-c1ccc(Cl)c(Cl)c1,15.737663380445099
COc1ccc(-n2nnc(-c3ccc(C(=O)O)cc3)c2Sc2ccc(Cl)cc2)cn1,15.72676371808921
COc1ccc(-n2c(SCc3cccc(C(F)(F)F)c3)nnc2C(=O)O)cc1,15.702598788447302
COc1ccc(-c2nn(-c3nc(C(F)(F)F)cs3)cc2Oc2cccc(N)n2)cc1,15.701052797117738
COc1cc(C(F)(F)F)ccc1CSc1nnnn1-c1ccc(C(=O)O)c(Cl)c1,15.67520743883191
CSc1cc(C(=O)O)ccc1-n1nnnc1SCc1ccc(Cl)c(Cl)c1,15.627708164175777
COc1cccc(-n2c(SCc3ccc(C(F)(F)F)cc3)nnc2C(=O)O)c1,15.550709599053429
O=C(c1ccc(Nc2ccc3ccccc3n2)cc1)n1nnnc1SCc1ccccc1,15.519438826603043
Nn1c(COc2ccc(Cl)cc2Cl)nnc1SCc1nc2ccccc2s1,15.515070031179254
O=C(O)c1ccc(CSc2nnnn2-c2ccc(Sc3ccccc3F)cc2)cc1,15.51021108550163
Cn1ccc2c(C(=O)O)cc(-n3nnnc3SCc3ccc(Cl)c(Cl)c3)cc21,15.481478767854233
O=C(O)Cn1nc(-c2cc(Cl)cc(Cl)n2)nc1SCc1cccc(Cl)c1,15.475487101038885
O=Cc1nnc(SCc2ccc(C(=O)O)cc2)n1Cc1sc(Cl)cc1Cl,15.474293319285428
CSc1ccc(-n2nnnc2SCc2ccc(Cl)c(Cl)c2)cc1C(=O)O,15.463089566317894
O=C(O)c1ccc(-n2nnnc2SCc2ccccc2)cc1Sc1ccc(F)cc1,15.427253713081354
COC(=O)c1ccc(CSc2nnnn2-c2c(Cl)cc(Cl)cc2Cl)cc1O,15.386095541065709
COc1ccc(-n2c(SCC(=O)O)nnc2-c2ccc(Cl)cc2Cl)cc1Cl,15.329683422958375
CSc1nnc(SCc2cccc(C(=O)O)c2)n1-c1cc(Cl)cc(Cl)c1,15.31552804287143
Oc1nccnc1Sc1nnc(OCc2ccccc2)n1-c1ccc(Cl)c(Cl)c1,15.269313647407083
COc1ccc(-c2nn(-c3ccc(Cl)c(Cl)c3)c(SCC(=O)O)c2C#N)cc1,15.235989833564442
OCc1cc(Cl)ccc1-n1nnnc1SCc1ncc(-c2ccc(Cl)cc2)o1,15.149837093606482
Cc1ncc(Cn2c(SCC(=O)O)nnc2-c2c(Cl)cc(Cl)cc2Cl)s1,15.119346214156273
Cn1ccc2c(-n3nnnc3SCc3ccc(-c4ccccc4)cc3)ccc(C(=O)O)c21,15.07741968309568
O=C(O)c1ccc(-n2nnnc2SCc2ccc(-c3ccccc3)cc2)c2c1CCC2,15.027395550116065
Oc1ccc(-n2cc(CSc3ncnn3Cc3ccc(Cl)c(Cl)c3)nn2)cc1,15.024513458245375
CSc1nnc(SCc2ccc(Cl)c(Cl)c2)n1-c1cccc(C(=O)O)n1,14.961278542288294
O=C(O)n1c(COc2c(Cl)cc(Cl)cc2Cl)nnc1SCc1cccs1,14.936086150827048
COC1CCN(c2nc(C(=O)O)c(Oc3c(Cl)cc(Cl)cc3Cl)s2)CC1,14.923764234688933
O=C(O)CSc1nnc(-c2cc(Cl)cc(Cl)c2OCc2ccc(F)cn2)s1,14.901783769507933
CSc1nnc(SCc2ccc(C(=O)O)cc2)n1-c1ccc(Cl)c(Cl)c1,14.696439094700898
O=C(CSc1nnc(-c2c(Cl)cc(Cl)cc2Cl)n1O)OCc1ccccc1,14.620920412805836
Cc1nc(NC(=O)CSc2nnnn2-c2cc(Cl)ccc2Cl)sc1C1CC1,14.605680439906878
O=C(O)c1ccc(-n2nnnc2SCc2ccc(F)cc2)c(Sc2ccccc2)c1,14.582884141151327
COc1ccc(-n2nnnc2SCc2ccc(C(F)(F)F)cc2)c2ccc(O)nc12,14.411224046708378
CSc1c(Cl)cc(Cl)cc1-n1nnnc1SCc1ccc(C(=O)O)cc1,14.406461838085333
COc1ccc(-n2nnnc2SCc2ccc(C(F)(F)F)cc2)c(C(=O)O)c1,14.403035878664134
COc1ccc(-n2nnnc2SCc2ccc(C(F)(F)F)cc2)c2sc(N)cc12,14.334294383995683
O=C(O)c1cc(Cl)ccc1-n1nnnc1SCc1cccc(OC(F)(F)F)c1,14.19500548798459
O=C(O)CSc1nc(SCc2ccccc2)nc(-c2ccc(Cl)cc2Cl)n1,14.082132346875184
Cc1ccc(Sc2nnc(SCC(=O)O)n2-c2ccc(Cl)c(Cl)c2)nc1,13.816589624732664
O=C(O)c1ccc(-n2cc(CSc3ccnn3-c3ccc(Cl)c(Cl)c3)nn2)cc1,13.489633255400353
CSc1nnc(SCC(=O)Nc2ccc(C#N)cc2)n1-c1ccc(Cl)c(Cl)c1,13.2885530612017
