SMILES,log-likelihoodog
Cc1cc(N2CCCC2)c2c(n1)c(-c1ccc(-c3ccc(-c4cccn4O)nc3)o1)nn2C,35.49643157311518
Cc1cc(-c2ccc3c(c2)nc2n3[C@@H](O)[C@@H](Cn3cccn3)O2)ccc1Oc1ccccc1,34.70480255487516
Cc1ccc(-c2nc(-c3ccc4c(c3)C3[C@H](CO4)CO[C@@H]3CC(=O)O)sc2C)s1,31.737059345691552
Cc1cc(-c2nonc2C)ccc1-c1c(C#N)c(OC2CCCNC2)cn1-c1ccccc1,30.72164217045816
COc1cccc(-c2ccc(-c3c(C)nc4n3Cc3cc(CC(=O)O)sc3-4)cc2)c1,28.99483879319832
Cc1ccc2nc(-c3ccc(-c4cn(Cc5cscc5C(=O)O)nn4)cc3)n(C)c2c1,28.898658800903597
COc1cccc2nc(-n3ccc(-c4ccc(OC(=O)NC(C)(C)C)cc4C)n3)sc12,28.745380135805917
Cc1noc(-c2cc(-c3ccc(C4CCCCC4)s3)cc(N3COC(C(=O)O)C3)c2)n1,27.55167176049591
Cc1cc(-c2cc3c(c(O)n2)CN(C)C3)sc1OC(=O)c1cccc(-c2cccnn2)c1C,27.50481803907672
Cc1c(-c2ccc(-c3ccccc3CC(=O)O)cc2)nnn1C1(c2nccs2)CCCO1,27.291633806756423
COC(=O)CNc1cc(-c2csc3c(-c4cccc(-c5ccccn5)c4)nn(C)c23)ccn1,27.15268383346334
COc1cc(-c2nc(-c3cccc(CO)c3)no2)ccc1C1CCCN1c1nccs1,26.985981809146498
Nc1c(-c2cc(-c3ccn(CC4CCN(Cc5ccoc5)C4)n3)no2)sc2ccccc12,26.92568292935946
O=c1cc(O)n(-c2nsc(-c3ccccc3OCc3ccc(-c4ccccc4)cc3)n2)cn1,26.816408656241272
Cc1c(-c2ccc(OC3CCCC3)cc2)nc(N2CCCCC2)nc1-c1ccc(O)nn1,26.747087728772428
Cc1scc(-c2ccc(-c3scc(Cn4nnc5c(N)ncnc54)c3C)cc2F)c1C,26.582072102858586
COc1cccc(-c2ccc3c(c2)CCc2c(c(-c4nc(C)c(C(=O)O)s4)nn2C)O3)c1,26.56858213420949
CN(C)c1ccc(-c2nncc(Oc3ccc(-n4cnc5cc(O)ccc54)cc3F)n2)cc1,26.334169076179855
CC(C)(C)c1ccc(-c2cc(SCc3cn(C(=O)O)nn3)n(CC3CC3)n2)cc1F,26.205505291891903
COc1ccc(-c2oc(C3CCCCC3)nc2C)cc1C(=O)ON1CCN(C(C)(C)C)C1,26.18359736041959
COc1ncnc2c1c(-c1csc(-c3ccc(C(=O)O)cc3)n1)cn2CC1CCCCC1,26.093122596073602
Cc1c(C(Oc2ccccc2)C2CNC2)noc1-c1ccc(-c2nnsn2)c(Cl)c1,26.044391100506164
Cn1cnc2sc(COc3cccc(-c4ccn(-c5ccc(O)c(Cl)c5)n4)c3)nc21,26.0276644027568
CCc1cc(-c2nc(C(=O)O)ns2)ccc1Oc1cccc2c1CCC1(C2)OCCO1,26.02113647267551
Cc1ccc(-c2nc(-c3ccc(CN4CCC5(CC4)N=NOC5O)cc3)cs2)c(C)c1,25.990849211266113
CN1C[C@@H]2[C@@H](C(=O)O)CC[C@H]2c2nc(OCc3cc(-c4ccccn4)ns3)ccc21,25.918491398874977
COc1cccc(-c2ccc(C(Oc3ccc4c(c3)OCCO4)c3nsc(N)n3)cc2)c1,25.777810676104078
CC(Oc1ccc(-c2ccnn2-c2cccc(-c3nccs3)c2)cc1C(F)(F)F)C(=O)O,25.761539731017827
Cc1c(-c2cc(-c3ccc(-n4cccn4)cc3)ns2)ccc(O)c1Cn1ccnn1,25.694655264289665
Cc1cc(-c2cc(O)ccc2-n2cnnn2)oc1Cc1cscc1-c1ccccc1,25.47982520984092
CSc1ccc(-c2nnc(-c3ccc(Cn4nnn5cccc5c4=O)cc3)s2)cc1C,25.4167181793724
Cc1cnc(-c2nc(-c3ccc4c(c3)COC4)c(-c3csc(CC(=O)O)c3)n2C)s1,25.41079839141661
CCN1C[C@H](O)c2ccc(-c3nc(-c4ccc(-c5ccccc5)c(C)c4)ns3)cc2C1=O,25.39871319990928
COC(=O)[C@@H]1CC(CN2Cc3cccc(Oc4ccc(-c5ccccc5C)cn4)c3C2)=NN1,25.39660024112435
Cc1cc(CC(=O)O)ccc1-c1cc(CC2CCN(c3nc4ccccc4s3)C2)on1,25.393676802177996
CN(CC(=O)O)c1cccc(-n2nc(C(C)(C)C)cc2-c2cc(C(C)(C)C)on2)c1S,25.379700293313114
COC(=O)N1C[C@H](C(=O)O)CC1(c1ccc(-c2csc(C)c2C)cn1)c1cccs1,25.287844154347543
COc1cccc(-c2cc3c(s2)Cn2cc(-c4nnc(NC(C)=O)s4)cc2CC3)c1,25.14065711541913
Cn1ccc(COc2ccc(F)c(-c3nc(-c4c(F)c(O)cc5sccc45)no3)c2)n1,25.13893091114213
COc1cccc(-c2nc(-c3ncns3)c(-c3ccc(C4CCCCC4)cc3)n2C(=O)O)c1,25.103432374756046
Oc1cc(-n2ccc(-c3onc(-c4ccc(CCC5CC5)s4)c3C(F)(F)F)n2)ncn1,25.055923959180074
COc1ccc(-c2cc(-c3cccc(CN4CCC(F)CC4)c3)n3ncnc(N)c23)cc1,25.045636601039526
CC1(C)CN(c2noc3c2cc(-c2cccc([C@H]4C[C@@H]4C(=O)O)c2)n3C2CCCCC2)O1,24.856255629540538
C=Cn1cc(-c2ccccc2)c(-c2nc3sc4cc(CCC(=O)O)ccc4c3n2C)n1,24.85481390476825
COc1nc(-c2nc(-c3ccccc3)c(C)c(N3CCC4(CCC(C(=O)O)C4)C3)n2)cs1,24.831307047957562
COc1nnc(SC[C@H]2ON=Nc3ccc(-c4ccccc4)cc32)nc1-c1ccccc1,24.760017895952267
Cc1ccc2c(c1)nc(-c1ccc(Oc3cc(-c4nc5c(n4C)CNCC5)no3)cc1)n2C,24.759700111663715
Cc1nc(-c2ccc3c(c2)-c2ccc(NC(=O)CCCn4cncn4)cc2OC3)cs1,24.7406659107418
O=C(O)c1csc(-c2ccc(OCc3ccccc3)c(N3CCCc4ncncc43)c2)n1,24.733236141520777
COc1cccc(-c2ccc(C(=O)O)c(-c3noc(C4CCC5(CCN(C)CC5)C4)n3)c2)c1,24.71139559852436
Cc1c(-c2cnnnc2N2CCC3(CC3)C2)csc1COc1ccc(C(=O)O)cc1,24.63768981875294
N[C@H]1CCN(c2ccc3ncc(-c4ccccc4Oc4ccc(-c5cscn5)cc4)n3n2)C1,24.63091970590996
Cc1ccc(-c2nc(-c3ccc4ncn(Cc5cc(C(=O)O)ns5)c4c3)cs2)c(C)c1,24.615283183854906
Cc1nc(-c2nc(-c3ccc(-c4ccccc4)cc3)nc(N3CCC(O)C3)n2)sc1C,24.607958153736817
COC(=O)Cn1ccc2c(Cl)cc(-c3nc(-c4cccc(C(=O)O)c4)c(C)s3)cc21,24.593342043840703
Cc1noc(C)c1-c1ccc(C(=O)Oc2ccc3c(c2)[C@@H](CC(=O)O)SC3)c(F)c1,24.583832685646637
Cc1ccc(-c2cc(COc3cc(C(=O)O)n4ncnc4n3)sc2C(F)(F)F)cc1C,24.5168803607566
COc1ccc(-c2ncnc(-c3nccs3)c2C)cc1C1CCc2cc(C(=O)O)ccc21,24.49205658230674
O=C(O)CN1CCCC[C@@H]1/C=C\c1nc(-c2cccc(-c3ccccc3)c2)cc(-n2cccn2)n1,24.478483126878075
COc1ccc(-c2cc(-n3cccn3)nc(N3CCC[C@@H](C(=O)O)[C@H]3C)n2)cc1C(C)(C)C,24.448133718465442
CSC1C(C(=O)O)CC1(c1ccccc1)c1ccc(-c2nc(N3CCCC3)no2)cc1,24.44689432449047
CSc1nccc(-c2cccc(-c3ccc(-c4nnnn4Cc4ccccc4)cc3)c2)n1,24.431071623894677
Cc1ccnc(N2Cc3ccccc3OC(c3cccc(-c4nc(CO)c(C)s4)c3)C2)n1,24.428220899085346
Cc1ccc(-c2ccn(-c3nc4cc(CCC(=O)O)cnc4s3)n2)cc1C(F)(F)F,24.378334223033644
Cn1nc(-c2ccc(-c3ccccc3)cc2)c2cccc(OCc3nccn3C(=O)O)c21,24.366866093059745
Cn1c(Oc2cccc(-c3nc4ccccc4s3)c2)ccc2cc(CN3CC(O)C3)nc1-2,24.356904899066883
Nc1ccn(-c2cc(-c3csc(-c4ccccc4)c3)ccc2OCc2nccs2)c(=O)n1,24.321664359054264
COc1cccc(N2CCCC(c3cc(-c4nc(C(=O)O)cs4)ncc3Cl)C2)n1,24.289230153688155
Cc1c(-c2cccc(OCC(=O)O)c2-c2cc(N3CCOC3)ccn2)nsc1C(C)(C)C,24.234034408989736
O=C(O)Cc1nc(CO[C@@H]2COc3ccc(-c4cccnc4-c4ccccc4)cc32)cs1,24.168355231472376
Cc1ccc(-c2cnnc(N3CCC(C)(O)CC3)c2-c2nc3ccccc3s2)cc1C,24.158017389304657
CCCc1cccc(-c2noc(-c3cc(-c4cccc(N5CCNCC5)n4)cs3)n2)c1,24.155725085613646
Cc1c(-c2ccc(-c3cn(CC4CCN(Cc5ncco5)C4)cn3)cc2)csc1C(=O)O,24.106918274272747
COc1ccc(-c2csc(-c3cccc(Cn4cc(C#N)c(=O)[nH]c4=S)c3)n2)cc1,24.08666081032904
CNc1ccnc(-n2ccc(-c3nn(C4CCCCC4)c(-c4ccccc4)c3C)n2)n1,24.055724764336265
Cc1c(C2CCCCC2)noc1-c1ccnc(CN2CC3(CSC3)C[C@@H]2C(=O)O)c1,24.055380307150163
CCN1CCOc2ccc(-c3nc(-c4ccc(C(O)c5ncsc5F)cc4)no3)cc21,24.05158340232614
COC(=O)N[C@H]1CCN(c2nnc(-c3cccc(Oc4ccnc5ccccc45)c3)s2)C1,24.03523930138182
Cc1ccc(N2CC(C(=O)O)C2C=O)cc1-c1csc(-c2cccc(N3CCCC3)c2)n1,24.017048596540512
COc1ccc(-c2nc(-c3ccccc3)c(C(=O)O)n2C)nc1N1CCCc2ccccc21,24.01201487021279
O=C(O)c1cccc(-n2c(=O)sc3cc(OCc4cccc(-n5ccnc5)c4)ccc32)c1,23.978617289988712
Cc1c(-c2cccc(OC(=O)O)c2)sc(-c2nc3cccc(N4CCCCC4)n3n2)c1C,23.963985047901875
COc1cccc(-c2cc(C(F)(F)F)nc(N3[C@@H](c4cccs4)C[C@H]3C(=O)O)n2)c1,23.919844199726313
COc1cc2c(-c3ccc(C(=O)O)cc3)c(C)c(COc3ccc4ccsc4c3)cn2n1,23.89989226613255
Cn1c(-c2ccc(C(C)(C)C)cc2)cc2c1CN(c1ncnc(-c3ccc(CN)o3)n1)CC2,23.856478772614974
Cc1cc(-c2csc(CC(=O)O)c2C)ccc1-c1cnc(N2CCCC2)n2ncnc12,23.81487127055767
CSc1sc(N2CCCC2c2cc(Cl)nc(-c3ccccn3)c2C)nc1N,23.79702538252597
Cc1nc(-c2ccc(OCc3cn(-c4ccccc4)nc3C(=O)O)cc2)cc2sccc12,23.796465836258452
Cc1cc(C(F)(F)F)nc(-c2cccc(Oc3ccc(N4CCC[C@H]4C(=O)O)s3)c2)n1,23.709173336473363
COc1ccc(-c2c(C#N)c3sc(-c4ccc(C(F)(F)F)cc4)nn3c2O)cc1OC,23.691574263063462
COc1cc(Oc2csc3c2CCCN(c2ccc(C)cn2)C3)ccc1-c1nnn[nH]1,23.688809111479895
Cc1oc(-c2nc(-c3ccc4c(c3)N(CC(=O)O)CCO4)ns2)cc1-c1ccccc1,23.68107926440474
COc1ccc(-c2cccc(-n3c4c(c(C(=O)O)c3Oc3ccccc3)COC4)c2)cc1,23.679699114827166
Cc1c(-c2ccccc2)nsc1-c1ccc(N2CCC[C@@H](n3cnnc3C(=O)O)C2)cc1,23.65143657434701
Cc1nc(-c2ccc(C3(c4nc(-c5ccc(C)c(Cl)c5C)co4)COC3)cc2)ns1,23.6509819050695
Cc1ccccc1O[C@@H]1CCN(c2ccnc(-c3cc(-c4ccc(N)cc4)ns3)n2)C1,23.64571968953441
COc1cccc(-c2ccc(CN3CCC(c4nnc(C(C)(C)C)o4)CC3)c(C(=O)O)c2)c1,23.63337413011323
Nc1cc(-c2nc(-c3ccc4c(c3)CCN4CCCn3cnc4ccccc43)ns2)ccn1,23.621622909760877
NC1CN(c2nocc2-n2cc(-c3ccc(C4CCCCC4)c(Oc4ccccc4)c3)nn2)C1,23.612014037061513
Cc1sc(-c2cc3cnnn3c(-c3ccc(CN4CCC(C(=O)O)CC4)cc3)n2)c(C)c1C,23.59108015065105
Cc1ccc(-c2cnnc(COc3ccc(-c4nc(O)c5ncsc5n4)cc3)c2)cc1,23.58850595174796
Oc1c(-c2ccc(-c3ccccc3)cc2)nnn1C/C=C/c1ccc(-n2cncn2)cc1,23.581320561020338
COc1ccc(-c2csc(-c3ccc4c(c3)C3(CC4)OC(C(=O)O)C(C)(C)O3)n2)cc1,23.560571987744318
COc1cccc(-c2cc(Oc3ccc(CN4CNC(=O)C4)o3)nc(C(C)(C)C)c2)c1,23.53402024537425
Cc1noc(C)c1-c1ccc(-c2sc(C3CCCCC3)nc2CN2CC(N)=N2)c(F)c1,23.51413235257139
COc1ccc(-c2cn3c(n2)sc2ccc(S(=O)(=O)O)cc23)cc1-c1ccccc1C,23.501020878039608
Cc1ccc(-c2nc(C3CC3)nc(N3CCC(c4ncc(C(=O)O)s4)CC3)n2)cc1C,23.499799377315256
COC(=O)C1=C(O)CC(C[C@H]2OCc3ccc(Oc4cccc(-c5nccs5)c4)cc32)O1,23.499216709901745
CC(C)(C)Oc1ccccc1C1=NC(c2ccc(CC3CCCCC3)c(S(=O)(=O)O)c2)=N1,23.44164967511477
Cc1scc(-c2ccc(-c3ncnc4sc(C5(O)CCN(CC#N)C5)nc34)cc2)c1C,23.416621422551174
Cc1nc(OCc2csc(=S)[nH]2)c2c(-c3ccon3)c(-c3ccccc3)n(C)c2n1,23.4072883121983
COc1ccc(-c2nc3nc(C(=O)O)cn3cc2-c2ccc(N3CCCCC3)cc2)cc1,23.4066138320627
COc1cc(-c2nc(-c3ccc4c(c3)OCc3ccccc3O4)c(CN)s2)cc(C)n1,23.403353602552087
COC(=O)c1csc(-c2ccc(COc3ccc4c(c3)-c3ccc(O)cc3OC4)cc2)n1,23.399803265042834
Cc1sc(SCc2cnc(-c3cccc[n+]3[O-])s2)nc1-c1cccc(C(=O)O)c1,23.3989461156663
O=C(O)Oc1cccc(OCc2nc(-c3ccccc3)sc2-c2ccc(N3CC3)nc2)c1,23.398052910328502
Cc1c(-c2cn(C)nn2)cccc1C1CCCCN1Cc1ccc(-c2nnsn2)cc1,23.394207520981553
ON=C1CN(/N=C/c2cc(-c3ccc(F)cc3)c(-c3ccccc3)n2-c2ccc(O)cc2)O1,23.3796936680401
CC(C)(C)c1ccc(-c2c(COc3ccc(-c4ccnc(N5CCC5)n4)cc3)nnn2O)cc1,23.363714075069094
CCn1cnc2c(N3CCCC3)ncc(-c3cccc(-c4cnc(CC(=O)O)s4)c3)c21,23.35962975176765
Cn1cc(-c2ccc(-c3nn(C)c4c(-c5ccc(CCC(=O)O)cc5)csc34)cc2)nn1,23.319550763654526
COc1cccc(-c2cccc(COc3ccc4c(c3)[C@H]3C(=O)OC(C(=O)O)[C@H]3CO4)c2)c1,23.29847353445584
COc1cccc(-c2ccc(-c3nc(C4CCCCN4C4CCCC4)nn3C(=O)O)cc2)c1,23.273604593887814
COc1ccc(-c2cc(-c3ccccc3)c(C(=O)O)s2)nc1CN1CCC2(CC1)OC2=O,23.229305949122175
Cc1c(-c2cnc(N3CCC(CC(=O)O)C3)nn2)cccc1-c1nc2ccccc2s1,23.22782767802655
COc1ccc(Oc2cc(-c3ccc4c(c3)CNCC4)nc(-c3nnc(C)s3)n2)cc1,23.209736688241428
COc1cccc(-c2nsc(-c3ncnn3-c3ccc4c(c3)CCC/C4=N\O)c2C)c1,23.192729635122404
Cc1nsc(C2C(=O)NCN2Cc2ccc(-c3cnc(-c4ccccc4C)s3)cc2)n1,23.111713503082917
CN1CCOc2ccc(-c3nc(-c4cccc(CCC(=O)O)c4)c(-c4ccco4)s3)cc21,23.085735270869097
COc1cccc(-c2cccc(-c3csc4cc(COc5cccc(C(=O)O)n5)nn34)c2)c1,23.079392179282234
Cc1nn(-c2ccccc2)cc1-c1cccc(-c2csc(N3CC(CC(=O)O)C3)n2)c1,23.075308612741548
O=C1CSC(c2ccc(Oc3cccc(-c4nnnn4Cc4ccccc4)c3)cc2)N1,23.06936257524414
Cc1cn2nc(-c3ccc(-c4ccc(=O)n(CC(=O)O)c4-c4ccccc4)cc3)nc2s1,23.04351073329776
COC1CCN(c2nnnc(-c3ccc(-c4csc(C(=O)O)c4C)cc3)c2C)CC1,23.041628855293855
Cc1c(-c2cccc(COc3ccc4c(c3)OCCO4)c2)nsc1-c1ccnc(O)n1,23.00961044013517
COC(=O)c1nn(-c2nc(-c3ccc(C)cc3)c(C(=O)O)s2)c(-c2ccccc2)c1C,22.98772870543498
COc1csc(-c2ccnc3c(-c4c[nH]c(=O)n4C)cn(CC4CCCCC4)c23)n1,22.984961801434
O=C(O)c1cccc(OCc2cccc(-c3cccc(N4CCC5(CC4)OCO5)n3)c2)c1,22.95468209566906
Cc1noc(C)c1-c1ccc2sc3c(c2c1)N(Cc1ccco1)C[C@@H](CC(=O)O)OC3,22.94699241582091
Cc1ccc(-c2csc(-c3cccc(CN4CC(c5cncs5)C4C(=O)O)c3)n2)cc1,22.943416260159747
Cc1c(-c2ccc(COc3ccc4c(c3)OCCO4)c(C(=O)O)n2)cnn1C1CCCCC1,22.933046929614633
CN1Cc2ccc(-c3cc(-c4ccccc4)c(COc4nccc(C(=O)O)n4)s3)cc2O1,22.909015720507313
Cc1c(C(=O)O)nc(-c2ncn(-c3ccc4ncn(C)c4c3)c2-c2ccc(Cl)cc2)n1C,22.896965736139624
Cc1scc(-c2nc(-c3ccccc3)n(/C=C3\SC(=O)NC3=O)c2-c2cnn(C)c2)c1C,22.88887489462611
CCOc1oc(-c2ccc3c(c2)OCc2ccccc2[C@@H]3C(=O)O)nc1CN1CCCCC1,22.876127660260032
COc1cc(-c2csc(-c3c[nH]nn3)c2)nc2c1nc(-c1cccs1)n2CC1CC1,22.863973487865504
Cc1c(-c2nc(N3CCC(C(=O)O)CC3)cs2)noc1-c1ccc(N(C)C(C)C)cc1,22.85606542193863
CN1CC(c2cc(-c3nc(C4CCCCC4)no3)ccc2OCc2cccs2)OC1=O,22.84793542552676
C=C1CCN(C(=O)c2nc(-c3nsc(C(C)(C)C)c3C)ccc2OCC(=O)O)CC1,22.845801739316514
Cc1cc(N2CCC(Cn3nc(-c4ccccc4)nc3-c3cccs3)C2)oc1C(=O)O,22.82819781097651
Cc1sc2c(c1-c1cccc([C@@H]3C[C@@H]3C(=O)O)c1)COc1ccc(Cn3cnnn3)cc1-2,22.80950558431828
Cc1cc(-c2coc(-c3sc(C)c4c3CCN(CC(=O)O)C4)n2)ccc1N1CCCCC1,22.78597740232934
O=C1ON=CC1Cc1ccc(-c2ncc(-c3cccc(OCc4cccs4)c3)s2)[nH]1,22.76312777432897
COc1ccccc1-c1ccc(-c2nc(N3CCC[C@H](C(=O)O)C3)nc3scnc23)cc1,22.721665183999338
Clc1ccc(COc2ccn3ncnc3c2)cc1Oc1cccc(-c2nccs2)c1,22.721343873853257
Cc1cn(-c2cccc(Oc3ccc(N4CC(C(=O)O)C4)cc3)c2)c(-c2ccsc2)n1,22.67450799265053
Cc1cc(Oc2cccc(-c3nc(C)c(C4CCCC4)o3)c2F)nc(N2CCNCC2)n1,22.648308860768232
Oc1ccc(N2CCCCC2)cc1OCc1nnc(-c2cc(C(F)(F)F)no2)s1,22.648089170109
C[C@H]1CN(c2nc(-c3cc(-c4ccccc4)nc(-c4ccc(C(=O)O)cc4)n3)cs2)CCO1,22.644387590863374
O=C(O)C1CN(c2cccc(COc3ccccc3-c3ccc(-c4csnn4)cc3)n2)C1,22.634980057864954
Cc1ccccc1Oc1ccc(-c2cccc(N3CC(Oc4ncccn4)C(N)=N3)n2)cc1,22.621900128075744
Oc1nncn1Cc1cccc(-c2cccc(-c3nnc(OC4CCCC4)s3)c2)c1F,22.604066105101424
COc1ccc(-c2c(C(=O)O)sc3c2c(-c2cccs2)nc(=O)n3CC2CC2)cc1,22.600068893669217
Cc1ccc([C@@H]2CC3(CCN(c4nnc(-c5ccc(CC(=O)O)cc5)o4)CC3)CO2)s1,22.59279826554395
O=C(O)C[C@@H]1COc2ccc(OCc3cccc(-c4ccccc4)c3)cc2Sc2ncnn21,22.58984424831868
O=C(O)Cn1c(=O)n(-c2ccc(-c3ccc(Oc4ccccn4)cc3)s2)c2ccccc21,22.56948206968328
COc1ccc(-c2c(-c3noc(N4CCNCC4)n3)nn(C3CCCCC3)c2C)cc1,22.547508157670986
COc1cccc(-c2ccc(CSc3nnc(C(F)(F)F)s3)n3ncc(C#N)c23)c1,22.525811751134285
Cc1ccccc1-c1noc(N2CCN(c3ccc(-c4csc(C)c4C)cc3)N=C2N)n1,22.513406209006252
COc1cccc(-c2nsc(N3CC[C@H](C)c4ccc(-c5ccc(C(=O)O)o5)cc43)n2)c1,22.50556986025712
Cc1c(OCC(=O)O)cccc1-c1cccc(-c2nnc(N3CCCCC3)s2)c1,22.494898239534454
Cc1cc(-c2noc(C3CCCCC3)n2)ccc1OCc1cc2c(s1)C(N)COC2,22.46249721670909
COC(=O)OCCOc1ccc(-c2ccc(-c3nc4c(s3)COCC4)s2)c(F)c1,22.435847216163424
Cc1noc(C)c1-c1ccc([C@H]2CN(C(=O)O)C[C@@H]2c2ccc(-n3cccn3)s2)cc1,22.420801121571767
COc1ccc(-c2nc(-c3ccccc3)sc2-c2ncnc(N3CCC(O)CC3)n2)cc1,22.410648341271397
O=C(O)CCc1cccc(-c2nsc(-c3ccc(N4CCOCC4C4CC4)cc3)n2)c1,22.381292979553397
O=C(O)Cn1c(=O)sc2cc(OCc3cc(-c4ccccc4)c(C(F)F)s3)oc21,22.367391386961206
Cc1sc(-c2cc(-c3cccc(CN4CCCCC4)c3)nn2-c2ccccn2)nc1C(=O)O,22.328156827324168
COc1ccccc1Oc1cccc(Oc2nc3cc(C4CCNCC4)ncc3n2C)n1,22.323092214308318
COc1ccc(-c2nc(-c3c(C)sc4c3CCCC4)cc(N3CCC3)n2)cc1C(=O)O,22.299523364236354
O=C(O)COc1ccc(-c2ccc(-c3nc4ccc(Cn5ccnc5)cc4s3)cc2)nc1,22.27864976214845
Cc1ccc(COc2cccc(-c3nc(C(=O)O)cs3)c2)nc1-c1cccc2c1OCO2,22.274991288936103
Cc1ccc(-c2nnc(N3CCC[C@@H](C(=O)O)C3)s2)c(OC2CC2)c1-c1ccccc1,22.262064984932127
COc1ccccc1-c1ccc(-c2csc(N3CCC[C@H](C(=O)O)C3)n2)c(-n2ccnc2)c1,22.258274140134315
C#Cc1ccc(-c2cn(-c3cccs3)c(-c3ccc4c(c3)N(CCC(=O)O)CCO4)n2)o1,22.25766592467564
Cc1ccccc1-c1csc(-c2ccc(Oc3cccn(-c4cn(O)cn4)c3=O)cc2)n1,22.244005085050944
Nc1ccc(-c2nsc(-c3cc(F)c4nc(COCC5CC5)sc4c3)n2)cc1F,22.233276884010277
Cc1c(-c2nc(CN3CCCCC3)cs2)noc1-c1ccc(Cn2ccc(=N)nc2)cc1,22.226666450116877
O=C(O)Cn1cc(-c2ccc(OCc3csc(C4CCCC4)n3)c(C(F)(F)F)c2)nn1,22.210888074470272
Cc1c(-c2ccc(C3CCCCC3)cc2)cc(-n2cncn2)nc1CN1CC(C(=O)O)C1,22.146018250966748
Cc1csc(-n2nc(-c3ccc4c(c3)OCCO4)nc2-c2ccc(CCC(=O)O)cc2)c1,22.142728089249655
Cc1ccc(-c2ccccc2)cc1COc1cc(C#N)nc(-c2nc3c(s2)CNCC3)n1,22.133783260125114
O=C(O)C1CN(Cc2cc3c(s2)c(-c2ccc(-c4ccon4)cc2)nn3C2CCCC2)C1,22.130952295944162
Cc1nc(-c2nnc(CC3COC3=O)s2)sc1COc1ccc2c(c1)C1(CC2)CC1,22.085224299690797
Cc1ccc(-c2oc(-c3cccc(CN4COC(=O)C4)c3)nc2-c2nc(C)cs2)cc1,22.082975651438684
O=C(O)c1nc(-c2ccccc2)c(COc2ccc3c(c2)OCC(Cn2cccn2)C3)s1,22.079130825328033
O=C1OCC1(O)c1ccc(-c2cccc(COc3ccc4nc(C5CC5)sc4c3)n2)cc1,22.063718040728777
Oc1nn(CCOc2ccc(-c3nc(-c4ccccc4)no3)cc2Cl)c2ccsc12,22.060426859299646
O=C(O)c1cccc(-c2cc(COc3ccn4ncnc4n3)c(-c3ccccc3)s2)c1,22.03831621556952
CNc1cc(-c2cnn(CC3CCc4ccc(Oc5ccccc5)cc4S3)n2)ccn1,21.978494691610994
O=C(O)Oc1cc(Oc2ccc(-c3csc(C(F)(F)F)n3)cc2)nn1-c1ccccc1,21.975774284221302
COc1cc(-c2nsc(-c3cc4n(c3)-c3ccccc3CC4)n2)ccc1CCC(=O)O,21.961151814327284
Cc1c(C(=O)O)ccc(-c2nc(-c3ccc(CN4CCC(F)(F)CC4)s3)no2)c1C,21.947170309315304
O=C(O)c1cc(-c2ccc(COc3ccccc3)cc2)cn1-c1ccc2c(c1)OCCO2,21.944300661684853
CC(F)(F)c1cc(-c2csc(-c3nnc(N4CCC[C@@H]4C(=O)O)s3)c2)ccc1C=O,21.934816214440662
COc1ccccc1-n1nc(-c2cccc(-c3ccccc3)c2C(=O)O)nc1N1CCCCC1,21.92248399416964
COc1ccc(-c2sc(C(C)(C)C)nc2-c2ccc3c(c2)CN(C)C(N)=N3)cc1OC,21.907483910808345
COc1cccc(-c2csc(-c3ccc(N4CCC(c5scnc5N)C4=O)cc3)n2)c1,21.898309568440233
COc1cc(CN2CCC(C(=O)O)C2)ccc1-c1nc(-c2ccc3c(c2)OCO3)cs1,21.895298018106143
Cn1c(/C=C2\SC(=O)N(Cc3cccs3)C2=O)ccc1-c1ccc2oc(O)nc2c1,21.889040274287513
Oc1noc(C2CCN(c3cc(-c4ccc(COc5ccccc5)cc4)cs3)CC2)n1,21.882475875435034
Cc1nc(-c2ccc(-c3cccc4sc(CN5CCC(C(=O)O)CC5)nc34)cc2)n(C)n1,21.880644402195678
COC(=O)c1cc(-c2nc3sc(COc4cccc(C(=O)O)c4)cc3s2)ccc1F,21.877255378615068
COc1ccc(-c2ccc(N3C(=O)N(c4nsc(N)n4)CC3c3ccccc3)cc2)cc1,21.834349061646627
COc1cccc(-c2ccc([C@H]3CN(c4nc(-c5nccs5)co4)CC[C@@H]3C(=O)O)cc2)c1,21.80204946900588
Cc1nc(N2CCC(n3cnc4c(NC(C)C)ncnc43)CC2)oc1-c1cccc(F)c1,21.786920153061704
Cc1c(-c2ccc3c(c2)OCO3)sc(COc2cccc(C(=O)O)n2)c1C(F)(F)F,21.78522735659261
Cc1ccn2nc(-c3ccc(-c4ccnc(N5CC(N)C5)c4Oc4ccccc4)cc3)nc2c1,21.770857492293544
CC1(C)CCc2sc(COc3ccc(-c4nnsc4-c4ccccc4)cn3)nc2C1,21.765525002447152
Cc1nc(-c2ccc(-c3nc(-c4ccccc4)co3)cn2)sc1CN1CCC[C@H]1C(=O)O,21.762110475434653
COc1ccc(-c2oc(-c3cccc(N4CCn5cccc5C4)c3)nc2CC(=O)O)cc1,21.754406763011026
Cc1c(-c2ccc(OCc3cccc(N4CCCOCC4)c3)cc2)nsc1C(=O)O,21.74000268866635
c1cc(COc2ccc(-c3nc4ccccc4s3)nc2)nc(-c2ccnc(N3CCC3)n2)c1,21.71959421225438
Cc1sc(COc2ccc3c(c2)OC(C(=O)O)CO3)nc1-c1ccc(OC(C)(C)C)cc1,21.71174436159741
Cc1noc(C2=NC(c3nccs3)(c3ccc(-c4csc(C)c4C)cc3F)CO2)n1,21.710284356162923
CC(C)(C)C1ON(Cc2ccc(-c3noc(CC4CCCCC4)n3)cc2)CCC1C(=O)O,21.694628375639503
CC1(C)CCN(c2ncnc3c2nc(-c2ccccc2)n3C(=O)OCc2ccccc2)CC1,21.657838008710307
O=C(O)c1ccc(-n2c(SCC3CC3)nnc2-c2ccc(-c3ccccn3)cc2)cc1,21.63809937679828
CCn1cc(C2CCCN2c2nc(-c3ccc(C(=O)O)cc3)ns2)nc1-c1ccccc1,21.63067222198282
Cn1cccc1-c1cccc(-c2cn(-c3ccc(O)cc3)cc2/C=C2\SC(=O)OC2=O)c1,21.62759460844868
O=C(O)CC1CCN(Cc2ccc(-c3cccc(-c4cscn4)c3)cc2)CC1C(=O)O,21.623217992128023
Cc1nc(-c2ccc3c(c2)nc(N2CCC2)n3Cc2ccccc2Cl)sc1C(=O)O,21.603495523395974
Cc1nc(-c2cccn2O)sc1C(=O)Oc1ccc(-c2cnn(-c3ccccc3)c2)cc1,21.597290827732955
CC(=O)Oc1sc(-c2ccc(-c3csc(C(=O)O)c3C)cc2)cc1N1CCOCC1,21.590042152180633
Cc1cnc(O[C@@H]2CCN(c3ncc(-c4ccc(C5CCCCC5)s4)cn3)C2)nc1N,21.58838213390295
NCc1nc(-c2occc2-c2cccc(OCc3csc(C(F)(F)F)n3)c2)ns1,21.584517631490566
CC1CCN(c2ncc(-c3csc(-c4ccc(CCC(=O)O)cc4)n3)s2)CC1,21.58024742744461
Cc1c(-c2ccc(N3CCC(Cc4ccc5c(c4)OCO5)CC3)nc2)csc1C(=O)O,21.578875913796498
COc1nc(-c2cccc(-c3ccccc3)c2)nc(N2CCC(Oc3ccccn3)CC2)n1,21.57879208058423
COC(=O)C1CCN(Cc2ccc(-c3cc(-c4nc(C)cs4)c(C(=O)O)s3)cc2)C1,21.54663050516134
Cc1sc2nc(OCc3nc(-c4ccccc4)nn3C)ccc2c1-c1ccccc1N,21.53596087522665
Cc1cc(OCc2ccn3c(-c4ccc(N5CCCC5)nc4)cnc3c2)sc1C(=O)O,21.499892771371712
Cc1sc2cc(-c3nsc(CN4CCC(C(=O)O)CC4)n3)ccc2c1-c1ccn(C)c1,21.49855381185995
CNc1ncnc(N2CCC(n3cc(-c4ccccc4)nc3-c3ccc(C)cc3)CC2)n1,21.47251501154946
COc1cccc(-c2ccc(C3N=C(N)N3c3ncnc(-c4cccs4)n3)cc2Cl)c1,21.453278091969583
OC1CN(c2ncnnc2Oc2ccc(-c3sc(C4CC4)nc3-c3ccccc3)cc2)C1,21.44797473691975
CCOc1ccc(-c2nc(N3CCC(C(=O)O)CC3)sc2-c2ncncc2Cl)cc1,21.44717081697374
Cc1ccccc1-c1ccc(CN2CCC(c3nc(-c4nc(N)ns4)ns3)CC2)cc1,21.44448034639484
Cc1nc(-c2ccc(C3CCN(c4nnn[nH]4)C3)cc2)sc1C(=O)OCc1ccccc1,21.43212306255159
COc1cccc(-c2sc(N3CC[C@H](C(=O)O)C3)nc2-c2ccc3ncn(C)c3c2)c1,21.41789449488144
CC(C)Oc1cccc(-c2n[nH]c(-c3nc4c(s3)CN(c3nccs3)CC4)n2)c1,21.41492241821606
Cc1c(-c2nc(COc3ccc4c(c3)OCCC4)cs2)nsc1-c1ccc(N)nc1,21.40830877036061
Cn1c(-c2ccc(OCc3nc(C(=O)O)c(-c4ccccc4)s3)cc2)nc2ccccc21,21.386840584249686
COC(=O)N1CCN(c2ccc(-c3scc(-c4nc(C)c(C(=O)O)s4)c3C)cc2)CC1,21.369784156117724
O=C(O)Cn1nnc2ccc(-c3sc(CN4CCCCC4)nc3-c3ccccc3)cc21,21.36095903513469
CCOC(=O)c1nc(-c2ccc(Oc3ccc(N4CC(O)C4)cc3Cl)cc2)cs1,21.360571810620346
Cc1sc(-c2cccc(-c3cn(-c4ccccc4)c(=O)n3CC3CC3)c2)nc1C(=O)O,21.353743997764642
O=C(O)c1nc(Cc2ccc(-c3nc(-c4cccc(CN5CCCC5)c4)cs3)cc2)no1,21.341685815571182
COc1ccc(-c2nc(-c3nc(N)nc(N4CCCCC4)n3)sc2-c2ccccc2)cc1,21.3369733101623
Cc1cc(-c2cccc(-c3nnn(CC(=O)O)c3-c3ccccc3)c2)n(-c2ccccc2)n1,21.31943417885533
Cn1nc(C(=O)O)cc1-c1nc(N2CCCC2)sc1Oc1cccc(-c2ccccc2)c1,21.292159823144093
Cc1c(Cc2csc(C(=O)O)n2)cccc1-c1ccc(N2CC(c3nccs3)C2)o1,21.26758901699345
Cc1c(-c2ccc3c(c2)CC/C3=N\OCC(=O)O)nn(-c2ccccc2)c1-c1nccs1,21.266372464885457
Cc1csc(-c2noc(-c3ccc(-c4ccccc4)c(C)c3N3CC(C(=O)O)C3)n2)n1,21.238480452146185
COc1ccc(-c2nc(CC(=O)O)sc2-c2ccc3sc(N4CCC4)nc3c2)cc1,21.215336452369243
O=C(O)Cc1ccc(OCc2nc(-c3cccc(-c4cccc5ncnn45)c3)cs2)cc1,21.213774025461344
Cn1c(-c2cccnc2)nc2cc(OCc3cccc(OC(=O)OC(C)(C)C)c3)ccc21,21.2122127011987
O=C(O)COc1ccc(-c2nc(N3CCOCC3)c3sccc3n2)cc1-c1ccccc1,21.207771853645255
COc1cc(-c2nc(C(=O)O)nc(N3CCC[C@@H]3c3cccs3)n2)ccc1C(F)(F)F,21.204999945707637
Cc1c(-c2cccc(C(F)(F)F)c2)cc(Sc2nnnn2O)n1CC1CCCCC1,21.179350959936006
O=C(O)COc1cccc2c(-c3ccc(-c4ccccc4-n4cnnn4)cc3)csc12,21.178603855699254
CC(C)Oc1ccc(-c2c(-c3ccccc3)nc3n2OCc2cc(C(=O)O)sc2-3)cc1,21.161779284984604
Cc1c(COc2cc3scc(C(=O)O)n3c2)cnnc1-c1ccc(OC(C)(C)C)cc1,21.149319682883984
c1ccc(Oc2ccc(C3CNO3)c(-c3nnc([C@@H]4CCCN4C4CCCC4)o3)c2)cc1,21.09505004518418
CN1CCc2ccc(-c3ccc(COc4ccc(-c5ncc(C(=O)O)s5)cc4)nn3)cc21,21.094870705127402
Cn1c(-c2ccc(Oc3ccccc3)cc2)cc2ncnc(N3C(C(=O)O)OC[C@@H]3C3CC3)c21,21.071097086479764
Cc1scc(-c2ccc(-c3nc(/C=C4\N=C(O)OC4=O)n(-c4ccccc4)n3)cc2)c1C,21.055182537193108
Cn1cccc1-c1ccc(-c2ncnc(N3CCC(C(=O)O)C3)c2Oc2ccccc2)cc1,21.048829145664868
CN1Cc2cc(-c3nnc(-c4ccccc4)c(COc4cccc(C(=O)O)c4)n3)sc2C1,21.048379922883928
Cc1ccc(-c2snc(-c3cc(C4(NC(=O)c5nccs5)CC4)no3)c2C)s1,21.024583363278758
O=C(O)CCc1ccc(-c2nsc(-c3ccc4nc(CN5CCC5)sc4c3)n2)cc1,21.01556567478223
O=C(O)CSc1nnc(-c2ncccc2-c2cccc(COc3ccccc3)c2)s1,21.005053913848055
COc1ccc(-c2sc(-c3ccc(N4CCCCC4)c(C(F)F)c3)nc2C(=O)O)cc1,21.00023328942441
CN1C/C(=C/c2cn(-c3ccc(O)cc3)nc2-c2cc(-c3ccccc3)n(C)n2)SC1=O,20.988502441162375
Cc1ccccc1-c1ccc(Oc2ccc(N3CCN(CC(=O)O)CC3)nc2)n2nccc12,20.975475262020787
O=C(O)O[C@@H]1COc2cc(OCc3cnn(-c4ccsc4)c3-c3ccccc3)ccc21,20.9656289321932
Cc1ccccc1-c1cc(-c2ncc(-c3ncnn3CC(=O)O)s2)sc1C(F)(F)F,20.950362540731856
CCOC(=O)c1sc(N2CCC(C(=O)O)C2)nc1-c1ccc(Oc2ccccc2)cc1,20.94791052824585
Cn1cc(-c2onc(-c3ccc(CN4CCCCC4)s3)c2C(F)(F)F)cc1C(=O)O,20.947800151814974
COc1ccc(-c2ccncc2-c2ccc3c(c2)CCN3c2ncc(CC(=O)O)s2)cc1,20.939792380948024
COc1cccc(C2=CC(C(C)(C)C)=S(c3nnn(-c4ccc(O)c(F)c4)n3)C=C2)c1,20.93629208621803
O=C(O)c1csc(-n2ncc(-c3cccc(CN4CCCCC4)c3)c2-c2ccccc2)n1,20.933234230703775
O=Cc1nn(-c2ccc(OCc3cccc(-c4nc(C(F)(F)F)cs4)c3)cc2)nc1O,20.923401982630246
Cc1c(-c2ccc(CN3C(=O)CCCC3=O)cc2)csc1-c1nc(CC(=O)O)cs1,20.919539607350202
Cc1c(C(=O)O)nsc1-c1cc(F)c(OCc2nc3ccccc3s2)c(F)c1,20.918850350104215
Cc1c(-c2nc(C(=O)O)nn2C)ccc(OCc2cc3c(s2)CCOC3)c1C(F)(F)F,20.915799122656182
Cc1cc(CN2CC(C(=O)O)C2c2cccs2)ccc1-c1nc(C2CCCCC2)no1,20.914138948769818
O=C(O)c1nc(N2CCC(CCc3nc4ccccc4s3)CC2)ncc1-c1cccnc1,20.91235237175176
CC1(C)CCN(c2nc(C(=O)O)c(-c3ccc(Cn4cnc5ncccc54)cc3)s2)CC1,20.905263328792834
Cc1cc(C)nc(N2CC[C@@H](c3nnc(-c4ccc(Cl)c(C(=O)O)c4)s3)[C@@H](C)C2)n1,20.901170317723118
NC1CN(c2nc(-c3nc(-c4ccc(-c5ccccc5)cc4)cn3Cc3cccs3)no2)C1,20.901148344314105
COc1cccc(-c2nc(-c3cccc(CN4CCC(C(=O)O)CC4)c3)no2)c1,20.89758159439453
Cn1cc(-c2cc3nc(COc4cccc(C(=O)O)c4)c(-c4ccccc4)nc3s2)cn1,20.89060476092281
Cn1nnnc1-c1ccc(OCc2ccc3sc(-c4cc(O)ccc4F)nc3c2)cc1,20.879589178662528
COc1ccsc1-c1nc(-c2ccc(C3CCCCC3)cc2)nc(N2CCC(O)C2)n1,20.87249859743112
Cn1ncc(-c2ccccc2)c1COc1ccc(-c2noc(C3CCCCC3)n2)cc1O,20.86468524948829
O=C(O)Cn1c(-c2ccc(Oc3cc(F)cc(N4CCC4)c3)cc2)nnc1-c1cccs1,20.801360708804562
COc1ccc(-c2c(-c3ccccc3)sc3c2COc2cc(C(=O)O)n(C)c(=O)c2-3)cc1,20.79059650296566
Cc1scc(-c2cc(C(C)(C)C)nn2-c2cccc(OCC(=O)O)c2C(F)F)c1C,20.77534073462067
CNC(=O)Oc1cccc(OCc2ccc3c(n2)sc2cc(-c4ccccc4)nn23)c1,20.77528821722389
Cc1nc(-c2ccc(C(=O)O)cn2)sc1C1CCCCN1Cc1ccc2c(c1)OCO2,20.7712496741913
O=C(O)COc1cccn2nc(-c3ccc(OCc4ccsc4)c(C(F)(F)F)c3)nc12,20.755090840302607
Cc1sc(-c2ccc(CN3CCC(c4nc(C(C)(C)C)no4)CC3)nn2)c(C)c1C,20.739208964444696
COC(=O)C1CCCN(c2cccc(Oc3ccc(-c4nc(C(=O)O)cs4)cc3)c2)C1,20.717648964272918
O=C(O)c1ncc(-n2cc3ccc(OCc4cccc(Oc5ccccc5)c4)cc3n2)cn1,20.71073287616777
O=C(O)CO[C@H]1CCN(c2cc(-c3cccc(Oc4ccccc4)c3)ccn2)C12CCC2,20.696243408464223
CCn1c(-c2ccccc2)nc2cc(Oc3ncc(N4CCC(C(=O)O)CC4)cn3)ccc21,20.69238809087682
c1ccc(-c2scnc2COc2ccc(-c3nc(O[C@@H]4CCCNC4)no3)cc2)cc1,20.67879968207256
COc1cccc(-c2nnc(-c3ccccc3)c(COc3ccc4c(c3)OCCN4)n2)c1,20.674097723347497
C[C@@H]1CC2(CC[C@@H]1C(=O)O)CCN(c1nnc(-c3ccc(Oc4ccccc4)cc3)n1C)C2,20.66194385038615
Cc1sc(-c2csc(-c3cccnc3F)c2)nc1COc1cc(C(=O)O)ccn1,20.661019824866425
Cc1nc(C2Cc3cc(-c4nc(C)c(CN5CCCC5)s4)ccc3O2)ncc1C(=O)O,20.63596402142949
Cc1nc(-c2cccc(C3CCN(CC#N)CC3)c2)sc1CN1CCC(C(=O)O)CC1,20.628824838965595
O=C(O)c1ccc(OCCn2ncc3c2-c2cc(Oc4ccccc4)ccc2OCC3)cc1,20.62392330629039
CCOC(=O)N1CCN(c2csc(-c3cccc(-c4ccc(C(=O)O)s4)c3C)n2)CC1,20.61382581680082
O=C(O)CCN1CCc2nc(-c3ccc(Oc4cccc(-n5ccnc5)c4)cc3)sc2C1,20.59661945464717
COc1cccc(-c2cccc(-c3nc(-c4ccc5c(c4)CNCCO5)nn3CC#N)c2)c1,20.59341838148898
Cc1ccc(-c2csc(-c3cccc(-c4cc(C(=O)O)nn4-c4ccccc4)c3)n2)cc1,20.58367157786103
Cc1ccc2cc(-c3cccc(-c4nsc(N5CCC[C@@H](CC(=O)O)C5)n4)c3)n(C)c2n1,20.58316463353737
Cc1csc(COc2ccc(-c3nc4c(N5CCC[C@H]5C(=O)O)cccc4o3)cc2)n1,20.580096238104776
Cn1cc(-c2ccccc2)cc1-c1nsc(-c2ccc3c(c2)N(CCC(=O)O)CCO3)n1,20.564540518071535
COc1ccc(-c2cc3c(s2)-c2ccc(Cn4ccnc4)cc2OC[C@H]3C(=O)O)cc1,20.552798726979024
c1ccc(-c2nc(-c3cccs3)n(CC3CN(c4cnon4)N3)c2-c2ccccc2)cc1,20.546259535523653
CCc1ccc(-c2nn3cccc3nc2Oc2ccnc(N3CCC(C(=O)O)CC3)c2)cc1,20.544133455930755
Cc1cc(-c2c(C(F)(F)F)sc3nc(-c4cc(CCC(=O)O)cs4)nn23)ccn1,20.541651241084132
O=C(O)c1ccc(OCC2CCCN(c3scc(-c4cccc(Cl)c4)[n+]3[O-])C2)cc1,20.537230771023324
Cc1scc(-c2cc(CN3CC(C(=O)O)C3)cc(-c3noc(C(F)(F)F)n3)c2)c1C,20.531125452652706
Cc1nc(COc2ccc(C(=O)O)cc2)sc1-c1ccc(N2CCCCCC2)nc1,20.525874536563514
O=C(O)C1CN(c2ccc(OCc3ccc(-c4ccccc4)s3)cc2-c2ncco2)CO1,20.523236437295978
O=C(O)CCCN1CCc2cc(-c3nsc(-c4cccc(-c5nccs5)c4)n3)ccc21,20.516596452884528
Cc1ccc(Cn2cnnn2)cc1-c1nnc(-c2cccc(-c3ccccc3O)c2F)s1,20.51527647659968
Cc1nc(-c2ccc(-c3ncn(CC4CCN(C(C)(C)C)CC4)n3)cc2)sc1C(=O)O,20.512053986479195
Cc1c(COc2ccc3c(ccn3CC(=O)O)c2)noc1-c1nc(C(F)(F)F)cs1,20.50001506001959
Cc1nc(-c2ccc(OCc3ccccc3N3CCC4(CCO4)O3)cc2)sc1C(=O)O,20.49347102654011
Cc1ccccc1-c1ccc(-c2nc(-c3cc4c(s3)CN(CC(=O)O)CC4)no2)nc1,20.488160451837082
CCOc1cc2cc(-c3nsc(N4CCC[C@H]4C(=O)O)n3)ccc2n1CC(C)(C)C,20.487331620720056
O=C(O)C1CCN(Cc2ccccc2Oc2cccc(-c3ccccc3)c2)C(n2ncnn2)C1,20.470788746713932
CSc1ccc(-c2cc(-c3ccc4c(c3)CCN(c3nc(C)cc(C(=O)O)n3)C4)no2)cc1,20.468509067181206
Cc1c(-c2noc(-c3ccc(-c4ccccn4)cc3)n2)csc1CN1CCC(C(=O)O)C1,20.455840860863123
COc1ccc(-c2noc(-c3ccc4c(c3)N(Cc3ncc(C)s3)CCO4)n2)cc1F,20.452866780710785
Cc1nc(-c2onc(CN3CC(C(=O)O)C3)c2C)sc1-c1ccc(C(C)(C)C)cc1,20.45265562789443
COc1ccccc1-n1nc(-c2cccc(-c3cnn(C)c3)c2)cc1/C=C1\SC(=O)NC1=O,20.43763647330365
Cc1c(-c2nc(-c3cccc(CN4CC(O)C4)c3)no2)c2ccsc2n1C1CCCC1,20.393568169692003
COc1ccc(-c2nc(C3CCN(c4ccnc(-c5ccccc5)n4)C3)no2)cc1Cl,20.389817898955126
O=C(O)c1ccc(-c2noc(-c3ccccc3)c2COc2ccc3c(c2)OCCO3)cc1,20.383593557484318
Cc1sc(-c2cccc(C(=O)C(=O)O)c2F)cc1COc1ccc2c(c1)OCCO2,20.37529484790026
Cc1nc(-c2ccc(Cn3ccnn3)cc2)sc1C1CCCN1c1ccc(C(=O)O)cc1,20.367308217091075
O=C(O)CCN1CCc2c(cccc2-c2nsc(-c3cccc(Oc4ccccc4)c3)n2)C1,20.357368603606897
O=C(O)c1csc(COc2ccc(-c3cnn(C4COC4)c3)cc2C2CCCCC2)n1,20.35036150074539
O=C(O)[C@@H]1CCCN1c1nnc(-c2cccc(-c3ccnn3CC3CCCCC3)c2)s1,20.33955122709832
COc1ccc(-c2nc(NCCF)nc(-c3ccc4c(c3)COc3ccccc3C4)n2)cc1,20.337029489445012
COc1ccc(-c2nc(-c3ccc(OC)c(C(F)(F)F)c3)ns2)cc1C(=O)O,20.33312492998442
Cc1c(-c2ccccc2)noc1-c1ccc(CN2CC(C(=O)O)C2)c(-c2cscn2)c1,20.326400352129813
Cc1ccccc1-c1noc(-c2ccc(Oc3ccccc3N3CCN(C(=O)O)C3)cc2)n1,20.319340636596625
O=C(O)c1cnc(N2CCC(c3cccc(OCc4ncoc4-c4ccccc4)c3)C2)s1,20.316202731253586
Cc1sc2ncnc(N3CCC[C@H](CC(=O)O)C3)c2c1-c1ccc(-c2cncn2C)cc1,20.30260625205444
CC1CCN(c2cc(Oc3ccccc3)nc(-c3ccc([C@@H]4C[C@@H]4C(=O)O)cc3)n2)CC1,20.289746346100628
Cc1noc(-c2ccc(Oc3ccccc3)c(N3CCN(c4cc(O)ccn4)CC3)c2)n1,20.26397333990387
Cc1csc(-c2cccc(Oc3ccc(-c4nnnn4C[C@H]4CCCN4)c(F)c3)c2)n1,20.243128587762403
O=C(O)CCCn1nccc1-c1cn(-c2ccccc2)c(-c2ccc3scnc3c2)n1,20.221270046290048
O=C(O)COc1ccc(-c2csc(-c3ccc4c(c3)ncn4CC3CCNCC3)n2)cc1,20.192938735808262
O=C(O)COCc1nc(-c2ccc3c(c2)OCO3)c(-c2ccsc2)n1-c1ccccc1,20.19101722040788
Cc1c(-c2ccc(CC(=O)O)cc2)cccc1-c1nc2ccc(Cn3cnnn3)cc2s1,20.170996763457495
COc1cccc(-c2nc(-c3nc4ccccc4s3)oc2C2CCCN(CC(=O)O)C2)c1,20.16860899430743
COc1ccc(-c2nc(N3CCC[C@@H]3C(=O)O)nnc2-c2ccccc2C(C)(C)C)cc1,20.15838861666194
COc1cc(N2CCc3nc(C(=O)O)sc3C2)ccc1-c1cnn(C2CCCCC2)c1C,20.135843648560684
O=C(O)Cc1csc(-c2ccccc2)c1COc1ccc(-c2nc3sccn3n2)cc1,20.13151515668433
Cn1ccc(-c2cccc([C@H]3CN(c4nccc(-c5cccs5)n4)C[C@@H]3CC(=O)O)n2)c1,20.117949764802685
CC1CCC(C(=O)O)CN1Cc1ccc(-c2nc(-c3ccc4scnc4c3)no2)cc1,20.115666487865578
Cc1ccc(-c2ccc(Oc3nc(N)nc(N4CCN(c5ccccn5)CC4)n3)cc2)cc1,20.078415773238945
O=C(O)c1cnc(COc2cccc(-c3cccc(CN4CCCCCC4=O)c3)c2)s1,20.070271754739533
Cc1nc(C2CCCCC2)oc1-c1ccc(-c2cscn2)c(CN2CC(C(=O)O)C2)c1,20.06484530695342
O=C(O)[C@H]1C[C@@H]1c1cc(OCc2cccc(-c3ccsc3)c2)nc(-c2cccs2)n1,20.059489547305866
O=C(O)Cn1c(SCc2ccccc2)nnc1-c1cccc(-c2ccc(Cl)cc2)n1,20.057167289318517
O=C(O)C[C@H]1CCCN1c1cccc(-n2cc(-c3cccc(Oc4ccccc4)c3)nn2)c1,20.05386586964699
Cc1cc(-c2ccccc2)ccc1-c1c(-c2ccc(OCC(=O)O)nn2)nc2ccccn12,20.052552114051185
CN1C(=O)S/C1=C\c1ccc(-c2ccc(O)cc2OCc2nc3ccccc3s2)nn1,20.05030065186918
Cc1ccc(-c2nnc(-c3nc4cc(OCC(=O)O)ccc4n3C3CCCCC3)s2)cc1,20.048733860566525
O=C(O)c1cc2nc(OCc3ccccc3-c3ccc(-c4ccccc4)nc3)sn2n1,20.04850526247967
COc1cccc(C2=CC(C(F)(F)F)=C(Oc3ccccc3)N(c3nccs3)N2N)c1,20.04240686446035
c1cc(-c2nccs2)nc(OC2(CCc3ccc(-c4c[nH]cn4)cc3)CCSC2)n1,20.03438166643537
COc1cccc(CN2CCC(c3ccc4nc(-c5csc(N)n5)sc4n3)CC2)c1,20.026911298398364
O=C(O)c1ccc(OCc2cccc(-c3nnc(-c4ccc5c(c4)NCCO5)s3)c2)cc1,20.021786273945132
Cn1c(Oc2cccc(-c3cccnc3CN3CCC(C(=O)O)CC3)c2)nc2ccccc21,20.00300611751837
COc1ccc(-c2cnn(C3CCN(c4nc5ccc(C(=O)O)cc5s4)CC3)c2C)cc1,20.001811806316002
COc1ccc(-c2cnc(N3CCC4(CC3)C[C@@H](C(=O)O)O4)cc2Oc2ccccc2)cc1,19.998936699200584
Cn1c(-c2ccccc2)c(-c2ccncc2)c2ccc(OCc3nnc(C(=O)O)s3)cc21,19.991575998698607
Cc1cc(-c2nnc(N3CCC4(CC3)CO[C@@H]4C(=O)O)s2)ccc1Oc1ccccc1,19.97403150361842
Cc1ccc(-c2nc(-c3ccc(CN4CCC(=O)CC4C)cc3)sc2C(=O)O)s1,19.949242214996527
Cc1ccc2c(c1)nc(Oc1cccc(-c3ccnnc3N3CCC(C(=O)O)CC3)c1)n2C,19.94110891390898
O=C(O)C1CCN(Cc2cc(-n3nccc3-c3ccc(Oc4ccccc4)cc3)sn2)C1,19.916910846159777
COc1cccc(-c2cc(C#N)c(N3CCC(c4cccs4)CC3)nc2C(=O)O)c1,19.91042131388731
O=C(O)c1ccc(-c2sc(-c3ccc(CN4CCCCC4)cc3)nc2-n2nccn2)cc1,19.902643808540137
Cc1ccc(-c2nsc(-c3ccc(CN4CCC(n5cnc6c(N)nccc65)C4)cc3)n2)cc1,19.895298761128416
Cc1c(-c2nc(C3CCCN3c3ccc(C(=O)O)cc3)ns2)ccnc1-c1ccn(C)c1,19.883432440049905
COc1ccc(-c2cc(C(C)(C)C)nc(N3CC(C(=O)O)C3)c2-c2nccs2)cc1,19.883389435006062
COc1ccc(-c2c(C(=O)O)sc3c(C)c(-c4ccc(N5CCCC5)cc4)nn23)cc1,19.883078885641428
Cc1nc(N2CC(Oc3ccc(F)cn3)C2)oc1-c1cccc(Oc2ccccc2)c1,19.880579233110883
COc1ccc(-c2nc(-c3ccccc3)sc2-c2ccc(N3CC(C(=O)O)O3)nc2)cc1,19.879142102799396
Cc1nc(-c2ccc3ncn(Cc4ccc5c(c4)OCCO5)c3c2)sc1CCC(=O)O,19.87755486357062
Cc1nc(-c2ccc(CN3CCC(C(=O)O)CC3)cc2)sc1-c1cnc2cccnc2n1,19.870766170098722
COc1nc(-c2ccc(-c3ccccc3)cc2)nc2sc(C3CCN(CC(=O)O)C3)nc12,19.86804054665346
Cc1sc(-c2nc(-c3ccc(CN4CC(C(=O)O)C4)cc3)no2)cc1-c1ccccc1,19.862887470328836
O=C(O)[C@H]1C[C@@H]1c1ccc(-c2nsc(-c3cccnc3OCc3cccs3)n2)cc1,19.854335177904193
CCOc1ccc(-c2noc(-c3ccc4sc(N5CCC(O)CC5)nc4c3)n2)cc1F,19.850107656555938
Cc1nc(-c2cccc(-c3ccccc3-c3nccs3)c2)sc1CN1CC(C(=O)O)C1,19.849585691282897
COc1cccc(-c2nc(/C=C3\SC(=O)NC3=O)cn2-c2ccc3nc(C)sc3c2)c1,19.843042269618977
COc1cc(-n2nccn2)ccc1Oc1ccc(-c2nc(C)c(C(F)(F)F)s2)cc1,19.841524169804323
Cc1c(-c2cccc(OC3CCN(c4nc(C(=O)O)cs4)C3)c2)noc1-c1ccccc1,19.833454994857185
COC(=O)[C@H]1CN(c2nc(-c3ccc(C)s3)c(C(=O)O)s2)CC1c1ccccc1,19.829764499918927
OC1CN(c2cc(-n3nc(-c4ccco4)cc3-c3ccc(Oc4ccccc4)cc3)ncn2)C1,19.822426098404716
CSc1cc(CN2CCC(C(=O)O)CC2)cc(-c2noc(-c3ccccc3C)n2)c1,19.818358812370036
CN(C)c1nc(N)cc(-n2nc(-c3ccc(-c4ccccc4)s3)nc2-c2ccccc2)n1,19.815379117563786
Cn1cccc1-c1nc(-c2cccc(Oc3ccc(N4CC(C(=O)O)C4)c(F)c3)n2)cs1,19.81350380093659
Cc1c(-c2ccccc2)nsc1-c1nc(-c2ccc(CN3CC(C(=O)O)C3)cc2)ns1,19.80163139935484
CSc1cc(-c2ccc(C(C)(C)C)cc2)nc(-c2ccc(CN3CC(C(=O)O)C3)cc2)n1,19.797447906239857
Cc1sc2ncnc(N3CCC[C@H](CC(=O)O)C3)c2c1-c1ccc(-c2cn(C)cn2)cc1,19.79630597579279
Cn1cnc(-c2ccccc2)c1COc1ccc(-c2nc3ccc(C(=O)O)cc3s2)cn1,19.79551462198312
COc1cccc(-n2nnc(Oc3ccccc3)c2-c2ccc(-c3ccccc3)cc2)n1,19.794843242102854
Cc1nn(C2(C(=O)O)CCN(Cc3ccccc3)CC2)cc1-c1coc(-c2ccccc2)n1,19.787551296857956
c1ccc(-c2oc(-c3nc(N4CCC4)cs3)nc2COc2ccc3ccccc3n2)cc1,19.773471147772863
O=C(O)COc1ccc(-c2nsnc2-c2ccc(Cn3cnc4ccccc43)cc2)cc1,19.75992101459422
CC(C)(C)c1cc(-c2cn(-c3ccc(OCC(=O)O)cc3)c(=O)n2-c2ccccc2)ns1,19.75726613590478
Cc1sc(-c2ccc3c(c2)CN(c2ncccn2)C3)nc1COc1cccc(C(=O)O)c1,19.75229912186748
Cc1cc(-c2nsc(-c3ccc4c(C5CC5)nsc4c3)n2)ccc1OCC(=O)O,19.749608565989643
CN1CCc2c(-c3nc(-c4ccc(Oc5ccccc5)cc4)nn3-c3ncco3)cccc21,19.719225758454836
NCc1cccc(-c2nsc(-c3ccc(OCc4nc5c(s4)CCCC5)cc3)n2)c1F,19.719212611214175
Cn1c(-c2ccc(-c3cscc3COc3nc(C(=O)O)cs3)cc2F)cccc1=O,19.71798416731833
Cc1nc(-c2ncc(-c3ccc(C(C)(C)C)cc3)s2)sc1CN1CC(C(=O)O)C1,19.707568957991338
O=C(O)c1nc(-c2ccc(OCc3cccc(-c4ccc5c(c4)CCO5)c3)nc2)cs1,19.70063872550401
COc1ccc(-n2nc(C(=O)O)c3c(-c4ccc(-c5cccnn5)cc4)c(C)sc32)cc1,19.69101696062737
Cn1c(-c2ccc(Oc3ccccc3)cc2)cc2cc(COc3nc4n(n3)CCC4)ncc21,19.673569676486295
CSc1nc2n(CC3CCCCC3)c(-c3ccccc3)c(-c3ccc(C(=O)O)nc3)n2n1,19.658412752179675
O=C(O)C[C@@H]1CCc2nc(-c3ccc(OCc4nsnc4-c4ccccc4)cc3)cn21,19.65412494436416
Nc1nc(Oc2ccc(N3CCOCC3)cc2)c(-c2ccccc2)c(-c2cncs2)n1,19.652469838879774
Cc1scc(-c2cccc(-c3coc(N4CCN(c5nccc(N)n5)CC4)n3)c2)c1C,19.647176890236604
COc1ccc(C(=O)O)cc1-c1ccc(C2CCCN2c2nc3ccccc3s2)c(C)n1,19.621850938120268
Cc1ccccc1-c1onc(-c2nc(-c3ccc(CN4CCOC(=O)C4)cc3)cs2)c1C,19.613441549610066
Cc1c(C2CCN(c3nc(-c4ccccc4)cs3)CC2)noc1-c1ccc(CN)nc1,19.580887264390356
Cc1nc(-c2ccc(-c3ccccc3)cc2)oc1CSc1nnc(N2CC(=O)C2)s1,19.569627463375305
Cc1ccccc1-c1ccc(CN2CCC(c3nc4cc(C(=O)O)ccc4s3)C2)nc1,19.54565555098196
Cc1cc(-c2nsc(-c3ccc4c(ccn4C4CCOCC4)c3)n2)ccc1OCC(=O)O,19.539072038102603
O=C(O)c1ccc(-c2csc(-c3ccc(-c4ccccc4)s3)n2)c(OC2CCOC2)n1,19.536095042680387
Cc1c(-c2ccc(CN3CCOC3=O)cc2)csc1-c1nc(C2CC2)c(C(=O)O)s1,19.528411726614358
O=C(O)C1CCN(Cc2cc(-c3cccc(-c4noc(C5CC5)n4)c3)cs2)CC1,19.528054715883666
Cc1cc(-c2cc(C(F)(F)F)c(Oc3cccc(N4CC(C(=O)O)C4)n3)nn2)sc1C,19.526223434031426
Cn1ccc(-c2ccc(-c3sc(C(=O)O)nc3COc3ccc4c(c3)CCO4)cc2)n1,19.504473007331132
Cc1ccc(-c2nc(-c3ccc4c(c3)N(Cc3ccc(CC(=O)O)s3)CC4)no2)cc1,19.50441029788697
COc1ccc(-c2nc(-c3ccccc3)no2)cc1CN1CCC(C(C)(C)C)CC1=NN,19.500534611654132
COc1ccc(-c2csc(NC3(c4ccccc4)CCN(c4ncncn4)CC3)n2)cc1,19.49804225049417
O=C(O)CCc1ccnc(N2CCc3nc(-c4ccc(-c5ccccc5)cc4)sc3C2)n1,19.496818194721055
Cc1c(-c2ccc(OCc3cn(-c4ccccc4)c4c3COC4)cc2)nsc1C(=O)O,19.482288720497408
Cc1ccc(-c2nc(-c3cccc(CN4CCC(C(=O)O)CC4C(=O)O)c3)cs2)cc1,19.478576053395333
CCn1cc(-c2ccc(CN3CCC(C(=O)O)CC3)cc2)nc1-c1cccc2c1OCO2,19.477440010758905
Cn1c(-c2ccc(Oc3ccccc3)cc2)cc2cc(O[C@@H]3CCN(C(=O)O)C3)nnc21,19.47617743754946
O=C(O)CC1CCN(c2nc(-c3cccc(Oc4ccccc4)c3)ccc2-n2nccn2)C1,19.460931880861413
O=C(O)c1coc(-c2ccc(Oc3ccccc3N3CCN(c4ccccc4)CC3)cc2)n1,19.45762902776422
Nc1nc(OC2CCN(c3nsc(-c4ccccc4)c3Oc3ccccc3)CC2)ncc1F,19.4548742627602
Cn1cc(COc2ccc3c(c2)sc2nc(CC(=O)O)cn23)nc1-c1ccc(F)cc1,19.453405863086296
CC1(C)OCc2ccc(OCc3nc(-c4ccccc4)cs3)cc2[C@@]2(C[C@@H]2C(=O)O)O1,19.445794911848843
C=CC(=O)N1CCN(c2nc3ccc(-c4nc(CCCC(=O)O)cs4)cc3s2)CC1,19.433089392025188
Cc1c(-c2ccc(C3CCCCC3)cc2)nnn1C1CCN(Cc2csc(N)n2)CC1,19.43057961489143
N#Cc1ccc(N2CCN(c3cc(-c4ccc(CCCC(=O)O)cc4)ns3)CC2)s1,19.425313506927584
O=C(O)C[C@@H]1COc2cc(OCc3cc(-c4ccnc(-c5ccncc5)n4)cs3)ccc21,19.418130382926662
O=C(O)C1CC2(CCN(c3nc(-c4ccc(OCc5ccccn5)cc4)cs3)CC2)C1,19.40407970010018
O=C(O)C1CN(c2ccnc(Oc3ccc(-c4cccc(CN5CCCCC5)c4)cc3)n2)C1,19.403277149429183
O=C(O)C[C@@H]1OCc2ccc(OCc3cccc(-c4csc(-n5cccn5)n4)c3)cc21,19.397869184938358
O=C(O)c1ccc(-c2csc(COc3ccc(-c4cn(C5CCCC5)nn4)cc3)n2)cc1,19.395316662676056
O=C(O)CCN1Cc2c(nc(-c3ccc(-c4ccccc4)s3)n2-c2ccccc2)C1=O,19.38431074782717
CNc1nnc(-c2ccccc2)c(-c2ccc(OCc3nc4c(s3)OCCC4)cc2)n1,19.382564509903137
Cc1csc(-c2cccc(CN3CCCc4c3sc(C)c4-c3cnnc(N)n3)c2)n1,19.381594118950087
O=C(O)c1csc(SCc2noc(-c3ccc(C(F)(F)F)c(CCF)c3)n2)n1,19.378177425990383
Cc1ccc(-c2ccc(N3CCC(Oc4nc(-c5ccc(C(=O)O)cc5)no4)C3)s2)cc1,19.36791456669401
Cc1nc(-c2ccc(-c3ccc4c(c3)OCO4)cc2)sc1CSc1nccc(N)n1,19.36493146430286
Cc1csc(-c2cccc(-c3csc(N4CCC(CCC(=O)O)CC4)nc3=O)c2)n1,19.35883743344919
CN1Cc2ccc(OCc3cc(-c4cccc(Oc5ccccc5)c4)ns3)cc2C1=N,19.357687703100577
O=C(O)C1CCN(c2nnc(-c3ccc(Oc4ccccn4)cc3)n2-c2ccccc2)CC1,19.35284967788631
Cn1c(Oc2ccc(-c3ccccc3)cc2)nc2sc(CN3CCC(C(=O)O)C3)nc21,19.332069923291808
Cc1ccccc1-c1nc(-c2ccc3c(c2)CN(c2nc(CC(=O)O)cs2)CC3)no1,19.32538624730105
Cc1sc(-c2nc3ccccn3n2)nc1COc1ccc2c(c1)C(CC(=O)O)CCC2,19.31217119039868
Cc1snc(-c2ccc(CN3CCC(c4noc5nc(C(=O)O)ccc45)CC3)cc2)c1C,19.29776316311047
Cc1nc(C2(c3ccccc3)CC2)sc1-c1ccc(-c2nnsn2)c(CC(=O)O)c1,19.286509229708674
O=C(O)c1c(-c2ccc(Oc3ccccc3)cc2)cc(-n2nccn2)n1-c1ccccc1,19.277235759801634
O=C(O)C1CCN(Cc2ccc(-c3nc(Oc4ccccc4)c(-n4ccnc4)s3)cc2)CC1,19.277022471058498
O=C(O)C1(c2csc(COc3ccc(-c4ccccn4)cc3-c3nccs3)n2)CC1,19.271676491916594
Cc1cnc(N[C@@H]2CCN(c3noc(-c4ccc(Oc5ccccc5)c(F)c4)n3)C2)s1,19.26486890082269
Cc1c(-c2ccc3c(c2)OCO3)csc1COc1ccc2c(c1)OC[C@H]2CC(=O)O,19.26089702139412
Cc1nc(N2CCC(C(=O)O)C2)c2cc(-c3cccc(Oc4ccccc4)c3)n(C)c2n1,19.255133376445155
CC(C)Oc1ccc(-c2nnnc(-c3ccc(C(C)(C)C)s3)n2)cc1OC(C)(C)C,19.231380976892588
O=C(O)COc1ccc2nc(-c3cccc(-c4ccsc4)c3)n(C3CCCCC3)c2n1,19.2261574390071
COc1cccc(-c2nc(-c3ccc(Oc4ccccc4)cc3)c3c(n2)sc(=O)n3O)c1,19.21508289794883
Cc1c(-c2nc(CCC(=O)O)cs2)csc1-c1ccc(N2CCOCC2=O)cc1,19.20040350215633
COc1ccc(-c2sc3c(c2C#N)C(C(=O)O)CN(c2ncc(CC4CC4)s2)C3)cc1,19.193458634286742
COc1ccc(-c2oc(-c3sc(Cn4ccnc4)cc3O)nc2C(F)(F)F)cc1,19.192576840906717
Cc1nc(-c2cccc(-c3cn4ccccc4n3)c2)sc1CN1CCC(C(=O)O)CC1,19.18298073170236
O=C(O)c1ccc(-c2snc(-c3ccccc3)c2-c2ccc(Cn3ccnn3)cc2)cn1,19.176778822922838
Cc1scc(-c2nc(-c3ccc(CN4CCC(C(=O)O)CC4)cc3)n3ncncc23)c1C,19.17601910190645
Cc1ccc(-c2nc(-c3ccc(CN4CCC(n5ncnc5N)CC4)cc3)cs2)cc1,19.16067361275171
Cc1cccc(N2CCN(c3cc(Oc4cccc(-c5cccs5)c4)nc(N)n3)CC2)n1,19.157530275613265
Cc1c(C(=O)O)nn(-c2ccccc2)c1-c1ccc(N2CCC(c3cncs3)C2)nc1,19.145821419077535
Cn1c(N2CCC[C@@H](C(=O)O)C2)nc(-c2ccc(Oc3ccccc3)cc2)c1-n1cccn1,19.140104773225296
Cc1cc(CN2CCN(c3ccc(-c4nc(-c5ccccc5)c(C(=O)O)s4)cc3)CC2)on1,19.13833907136075
O=C(O)[C@@H]1CN(c2ccccn2)CC[C@@H]1c1nsc(-c2ccc(Oc3ccccc3)cc2)n1,19.11532908111177
CCn1ncc2cc(-c3nc(-c4ccc(CN5CCC(C(=O)O)CC5)cc4)ns3)ccc21,19.11408765696687
C=Cn1c(COc2ccc(-c3nc(C)c(C(=O)O)s3)cc2)c(C(F)(F)F)sc1=O,19.110865923597082
O=C(O)c1ccc(Cn2cc(-c3ccc(OCc4nc5ccccc5s4)cc3)nn2)cc1,19.10758203027846
O=C(O)CN1CCN(c2ccc(Oc3cccc(-c4nc(-c5ccccc5)no4)c3)cc2)CC1,19.105958350586096
Nc1cc(N2CCc3ccc(-c4noc(-c5ccccc5)n4)cc3C2)nc(-c2ccccc2)n1,19.05441780065273
Cn1c(-c2ccc(Oc3ccccc3)cc2)ccc1-c1cn(-c2ccc(C(=O)O)cc2)nn1,19.04896204051252
Cc1c(-c2ccc(CN3CCC(C(=O)O)CC3)c(-n3cccn3)c2)noc1C1CCCC1,19.016295383152276
Nc1cc(-c2nc(C3CCCCC3)no2)ccc1OCc1ccc(N2CCOCC2)s1,19.000836286417
Cn1nccc1-c1ccc(CSc2nnc(-c3ccc(C(F)(F)F)cc3)n2O)cc1,18.998946901346603
COc1ccc(-c2nc(-c3cc(C(=O)O)cs3)nn2C2CCN(C3CCCC3)CC2)cc1,18.9901838217899
CC(C)(C)c1ccc(-c2nc(-c3ccc4c(c3)OCO4)n(CCOc3ccncc3)n2)cc1,18.98970062612363
Cc1c(-c2ccc(OC3CCOCC3)cc2)nn(-c2ccc(O)cc2)c1-c1nccs1,18.989052075276437
Cc1c(-c2nc(-c3ccc(N)cc3)no2)ncn1C1CCN(Cc2cccs2)CC1,18.98490248408825
CC(C)(C)c1ccc(-c2coc(CSc3nc(C(=O)O)cc(N4CCCC4)n3)n2)cc1,18.9741019481766
COc1ccc(-c2cc3nc(CC(=O)O)sc3c(N3CCCC3)n2)cc1C(F)(F)F,18.972295614612143
OCc1ncc(-c2ccsc2OC2CCN(c3nccc(-c4ccccc4)n3)CC2)o1,18.97201382588031
CNc1nc(C)nc(N2CCC(c3nc(-c4ccc(-c5ccccc5)cc4)ns3)CC2)n1,18.956669095556315
COC(=O)c1ccc(-c2scc(COc3ccc4nc(C(=O)O)sc4c3)c2C)cc1,18.94994876886371
Cc1noc(-c2cccc(CN3CCC(c4ccc(-c5nccc(O)n5)s4)CC3)c2)n1,18.93313982636674
O=C(O)CCCc1ccc(-c2cnnn2C2CCN(c3nc4ccccc4s3)CC2)cc1,18.929698612311846
Cc1c(-c2ccccc2)nsc1-c1ccc(CN2CCC(C(=O)O)CC2)c(-n2nccn2)c1,18.92853789621406
O=C(O)C1CN(c2nc(-c3ccc(-c4cccc(Oc5ccccc5)c4)cc3)ns2)C1,18.923771001271625
COc1ccc(C2(c3nc(C(=O)O)nc(-c4ccc(Oc5ccccc5)cc4)n3)CC2)cc1,18.92266589888361
Cc1cc(OCc2nc3ccccc3s2)ccc1-c1ncsc1C1CC(C(=O)O)O1,18.92185269637413
O=C(O)COc1ccccc1-c1nc(-c2ccc(Oc3ccccc3)cc2)c2n1CSC2,18.906413029018914
Cn1cc(COc2c(=O)ncnc3c(-c4ccc(Oc5ccccc5)cc4)csc23)cn1,18.90112799678131
COc1cc(-c2nnc(N3CCC[C@@H](CC(=O)O)[C@H]3C)s2)ccc1OC(F)(F)F,18.89764840921515
O=C(O)COc1ccc(-c2nc3c(nc(-c4ccccc4)n3Cc3ccccc3)s2)cc1,18.89643528471101
O=C(O)c1nc(-c2ccc(OCc3cccc(-c4ccc5c(c4)CCO5)c3)cc2)ns1,18.88903404624768
Cc1c(COc2ccc3c(c2)sc(=O)n3CC(=O)O)cccc1-c1ccc2ccsc2n1,18.88612175593124
Cc1nc(-c2ccc(C(=O)O)nc2)oc1C1CCCN1c1nc(-c2ccccc2)cs1,18.883069213513124
O=C(O)C1CCN(Cc2ccc(-c3noc(-c4ccccc4OC(F)(F)F)n3)s2)C1,18.882425183260764
Cc1noc(C)c1-c1cccc(CN2CC(C(=O)O)C2c2nc3ccccc3s2)c1,18.87440141146324
Cc1cc(-c2nsc(-c3cn(C4CCOC4)c4ccccc34)n2)ccc1OCC(=O)O,18.847855197817786
Cn1c(-c2ccc(Oc3ccccc3)cc2)cnc1N1CCC2(CC1)C[C@@H](C(=O)O)O2,18.843201261559056
CC(C)(C)Oc1nc(N2CCOCC2)ccc1-c1nc2cc(CCC(=O)O)ccc2s1,18.842425234690943
COc1ccc(-c2csc(-c3ccc(C4CCN(c5ncnc(N)n5)CC4)cc3)n2)cc1,18.833426305817145
Cc1scc(-c2nc(-c3ccc(CN4CCC(C(=O)O)CC4)cc3)nc3c2OCO3)c1C,18.831048431334143
CN1CCC(COc2nc(N)nc(-c3cccc(C(C)(C)C)c3)n2)(c2ccccc2)CC1,18.824060851559288
COc1ccc(-c2c(-c3ccccc3)nc3scc(C4CCN(CC(=O)O)CC4)n23)cc1,18.81974569653514
CC1CN(c2cccc(Oc3ccc(-c4nc5ccccc5o4)cc3)n2)CCN1CC(=O)O,18.816841543664044
CC(=O)Nc1nc(SCc2nnc(S)c(-c3cccc(C(F)(F)F)c3)n2)cs1,18.814098613686674
Cc1cnc(N[C@@H]2CCCN(c3nccc(-c4ccc(Oc5ccccc5)cc4)n3)C2)nc1,18.80256188314983
O=C(O)CNc1ncc(-c2ccc(Oc3ccccc3)cc2)c(N2CCC(F)(F)CC2)n1,18.7931601487888
COc1nc(CN2CCOc3ccc(-c4cccc(-c5cccc(O)c5)n4)cc32)cs1,18.790312768216868
COc1cc2nc(N3CCC(c4ccc(-c5cccnc5)s4)CC3)nc(N)c2cc1OC,18.783171173911782
Cc1noc(C)c1-c1ccc(-c2nc3ccc(N4CCOC4)nn3c2-c2ccccc2)cc1,18.77956262196503
O=C(O)C1CCN(Cc2ccc(-c3nc(OC4CCC4)nc(-c4ccccc4)n3)cc2)CC1,18.772212777884864
O=C(O)C[C@@H]1CCc2cc(OCc3cn(-c4cccc(-c5cccs5)c4)nn3)ccc21,18.7660281942691
O/N=C/c1ccccc1-c1cc(OCc2nc3ccccc3s2)n(-c2ccccc2)n1,18.750424103634895
Cc1oncc1-c1ccc(COc2ccc3nc(N4CC(C(=O)O)C4)sc3c2)c(Cl)c1,18.747747359295282
Cn1c(-c2ccc3c(c2)CCN(CC(=O)O)C3)nnc1-c1ccc(Oc2ccccc2)s1,18.74503904853832
Cc1cccc(-c2cccc(COc3ccc(-c4nc(N5CCNCC5)no4)cc3)n2)c1,18.744440484431735
O=C(O)CC1CCc2c(sc(-c3ccc(Cn4cnnn4)cc3)c2-c2ccccc2)C1,18.728726133078982
[C-]#[N+]c1ccc(-c2nsc(COc3ccc(-c4nc(C(=O)O)cs4)cc3)n2)cc1,18.72774370312805
Cc1nsc(-c2nc(-c3cc[nH]c(=O)c3)cn2-c2ccc(Oc3ccccc3)cc2)n1,18.723566257060565
Cc1sc(-c2cccc(-n3cncn3)c2)nc1COc1ccc2c(c1)C(C(=O)O)CCC2,18.711088813259774
O=C(O)c1csc(-c2ccc(OCc3cccc(-c4cnc(N5CCC5)nc4)c3)cc2)n1,18.707982181081718
COc1ccc(-c2nc(N3CCC(C(=O)O)CC3)sc2-c2ccc3c(c2)OCO3)cc1,18.707964483628032
O=C(O)c1ccc(OCCn2c(-c3csnn3)nc3ccc(C4CCCCC4)cc32)cc1,18.691812864073153
COc1cccc(-c2ccc(-c3csc4c(N5CCOCC5)nc(C)nc34)c(O)c2)c1,18.68156800486851
O=c1nc(OCc2c(O)cccc2-c2ccc(Oc3ccccc3)cc2)nc2sccn12,18.630149958300574
O=C(O)COc1ccc2sc(-n3ccc(-c4ccc(Oc5ccccc5)cc4)n3)nc2c1,18.609682588086926
CCOc1ccc(-c2csc(C3CCN(c4nc(O)c5ccccc5n4)CC3)n2)cc1,18.602528185793055
Cc1nc(-c2ccc(Oc3ccccc3)cc2)oc1C1(N2CCC(C(=O)O)CC2)CCO1,18.585544787551992
Oc1ncc(-c2nnnn2Cc2ccc(-c3ccccc3)cc2)c(Sc2ccccc2)n1,18.56341360371101
CSc1noc(-c2cccc(-c3csc(CN4CCC(C(=O)O)CC4)c3)c2)n1,18.562378445757744
Cc1c(-c2ccc(Oc3ccc(N4CC(C(=O)O)C4)s3)cc2)nnn1C1CCCC1,18.55285217883726
Cc1nc(-c2cnc(CN)cn2)sc1CN1CCC(c2nc3ccccc3s2)CC1,18.55283133730432
Cn1cc(N2CCC(C(=O)O)C2)nc1-c1ccc(OCc2nc3ccccc3s2)cc1,18.552430578009076
CC[C@@H]1[C@H](C(=O)O)CCCN1c1nc(-c2ccc(-c3cn(C(F)F)nn3)cc2)cs1,18.547665923147
Cc1nc(-c2cccc(OCc3cnc(N4CCC(F)(F)C4)s3)c2)sc1C(=O)O,18.547551920374485
Cc1c(-c2ccc(CC(=O)O)nc2)nc(-c2cccs2)n1C(=O)OCc1ccccc1,18.54597285784094
Cc1cccc(-c2csc(N3CCC(c4nc(C)cc(-c5ccnc(O)n5)n4)CC3)n2)c1,18.53996331027544
COc1ccc(-c2nc(-c3cccs3)nn2-c2ccc(O)c(C=O)n2)cc1C(F)(F)F,18.531870084716033
Cn1cc(-c2ccc(-c3nc(-c4ccc5c(c4)N(CCC(=O)O)CCO5)cs3)cc2)cn1,18.524471324419824
Cn1c(-c2ccc(Oc3ccccc3)cc2)cc2cc(CN3CCC(C(=O)O)C3)sc21,18.51026251708212
Cc1cncc(OC(C)(C)C)c1-c1ccc(-c2nsc(CN3CC(C(=O)O)C3)n2)cc1,18.509599954792304
O=C(O)CC1CCN(c2nc(-c3cccc(Oc4ccccc4)c3)c(-n3cccn3)s2)C1,18.504239454285354
COc1cccc(-c2ccc(-c3csc4ncnc(N5CCC[C@H](C(=O)O)C5)c34)cc2)c1,18.49195551940545
COc1ccnc(-n2cc(-c3cccc(Oc4ccccc4)c3)nc2-c2cccs2)n1,18.48418192978616
O=C(O)[C@H]1C[C@@H]1c1ccc(OC2CCN(c3nc(-c4ccc(Cl)cc4)no3)CC2)cc1,18.46918257008115
c1ccc(Oc2ccc(CN3CCC(Oc4ncnc(-c5nccs5)n4)CC3)cc2)cc1,18.452146592156243
COC(=O)C1CCN(Cc2ccc(-c3nc(-c4ccc(C)s4)c(C(=O)O)s3)cc2)C1,18.44766287744886
Cc1ccc(-c2ccccc2)nc1COc1ccc(-c2nc3cc(C(=O)O)nn3s2)cc1,18.44658498966769
CC(=O)Nc1nnc(SCc2nc(-c3ccc(C)c(C(F)(F)F)c3)cs2)s1,18.44228247384276
CCOc1cc2c(cc1C1CCCCC1)nc(-c1ccc3c(c1)OCO3)n2CC(=O)O,18.438467497087892
O=C(O)c1ccnc(OC2CN(c3cc(-c4cccc(Oc5ccccc5)c4)cs3)C2)n1,18.43198445480884
O=C(O)Cc1nc(-c2ccc(C3CCN(c4nc(-c5ccccc5)cs4)CC3)nc2)co1,18.428273246009994
Cc1nc(-c2ccccc2)sc1COc1ccc2sn(-c3ccnc(N)c3)c(=O)c2c1,18.425648478886785
Cc1nc(OC2CCN(c3nc(-c4ccc(O)cn4)cs3)CC2)cc(-c2ccccc2)n1,18.413780713706693
Cc1nc(-c2c[nH]cn2)ccc1CSc1nnc(-c2ccc3c(c2)N(C)CC3)s1,18.408374584676658
O=C(O)Cc1cn2c(n1)sc1cc(OCc3cccc(-c4ccn(C5CC5)n4)c3)ccc12,18.4064299632192
O=C(O)c1cccc(-c2nc(COc3ccc(-c4nc5ccccc5s4)cc3)ns2)c1,18.406007034383716
O=C(O)CCc1csc(N2CCOc3ccc(-c4ccnc(-c5ccccc5)n4)cc32)n1,18.403847096767656
O=C(O)CCc1ccc(-c2nc(-c3ccc4c(c3)N(Cc3ccsc3)CCO4)no2)cc1,18.39102756451968
COc1ccc(-c2nc(N3CCC(O)CC3)sc2-c2ccc(-c3nnco3)cc2)cc1,18.391011193073474
O=C(O)c1cc(-c2nc(-c3ccccc3)c(COc3ccc4c(c3)OCCO4)s2)ccn1,18.387461488275495
Cc1nc(-c2ccc(CC(=O)O)nc2)sc1C1CCCN1c1nc2ccccc2s1,18.380313083534734
O=C(O)Cn1cnc2cc(OCc3csc(-c4ccc(C(F)(F)F)cc4)n3)ccc21,18.371181993549335
Cc1c(-c2ccc(Cn3cnc(C(=O)O)c3)cc2)nn(-c2ccccc2)c1-c1nccs1,18.349136114939984
Cc1sc2nc(-c3cccc(CCC(=O)O)c3)nn2c1-c1ccc(N2CCCC2)nc1,18.339407349820416
COc1ccc(-c2nc(-c3ccccc3)no2)cc1CN1CCC(=NNc2ccccn2)C1,18.31889503311576
O=C(O)C[C@@H]1COc2cc(OCc3sc(-c4nccs4)nc3-c3ccccc3)ccc21,18.315351821842324
CN(Cc1ccc2c(n1)-c1sc(-c3ccc(Oc4ccccc4)cc3)nc1CO2)C(=O)O,18.309610030991408
Cc1nc(Oc2cccc(-c3ccccc3)n2)c2sc(CN3CC(C(=O)O)C3)cc2n1,18.307227175106885
Cc1ccc(-c2nsc(-c3cccc(N4CCN(c5nccc(N)n5)CC4)c3)n2)c(C)c1,18.296787029416056
O=C(O)c1csc(Cn2nc(-c3ccccn3)nc2-c2ccc(-c3ccccc3)cc2)n1,18.291842718416564
O=C(COc1ccc(-c2cccc(-c3cc4sc5ccccc5n4n3)n2)cc1)OCO,18.279132321401978
O=C(O)C1CCN(Cc2ccc(-c3nsc(-c4ccnc(OC(F)F)c4)n3)cc2)CC1,18.27706406160466
CCC(c1ccc(-c2nnn[nH]2)cc1)N1CCN(c2nc(-c3ccccc3)cs2)CC1,18.273333633922274
Nc1ccnc(O[C@@H]2CCCN(c3nc(-c4ccc(Oc5ccccc5)cc4)cs3)C2)n1,18.26830980887119
Cc1cccc(-c2nsc(N3CCC(c4nc(C)c(-c5ccc(O)nc5)o4)CC3)n2)c1,18.264946218823628
Cc1c(-c2ccc(CN3CCC(C(=O)O)CC3)s2)nn(C(C)(C)C)c1-c1cnccn1,18.24872033508749
Cc1nc(-c2ccc3c(c2)CN(c2nc(-c4ccccc4)c(C)n2C)C3)sc1C(=O)O,18.246621556051675
COc1ccc(-c2cc(-c3ncnn3-c3cccc(N4CCC4)c3)sc2C(=O)O)cc1,18.23252522872107
COCc1oc(-c2cccc(N3CCNCC3)n2)nc1-c1ccc(Oc2ccccc2)cc1,18.18272738807744
COc1ccc(-c2nc(C(F)(F)F)c(C3CC3)s2)cc1CSc1nnnnc1N,18.178486280651363
COc1ccc(-c2nc(-c3cc4c(s3)CN(C)CCO4)nc(N)c2-c2ccccc2)cc1,18.176901239605673
OC1CN(c2nc(-c3ccccc3-c3ccc(OCc4nc5ccccc5s4)cc3)no2)C1,18.16899884546942
Cc1nc(-c2cc(-c3ccccc3C(F)F)on2)sc1CN1CCC(C(=O)O)CC1,18.16539225761312
O=C(O)C1CN(c2cc(Oc3ccc(-c4ccccc4)cc3)nc(-c3cccs3)n2)C1,18.161712121666696
COc1c(Oc2ccc(-c3nc(C)c(C(=O)O)s3)cc2)cccc1N1CCOCC1,18.156230958608106
COc1nc(C2(C(=O)O)CC2)sc1-c1cccc(OCc2nc3ccccc3s2)c1,18.129923643197223
O=C(O)c1csc(-c2ccc(CN3CCC(n4ncnc4-c4ccccc4)CC3)cc2)n1,18.124383639993233
Cn1ccc(-c2cccc(-c3csc4c3CN(c3nccc(CCC(=O)O)n3)CC4)c2)n1,18.11160664179175
O=C(O)C[C@@H]1COc2cc(OCc3csc(-c4ccc(-n5cncn5)cc4)c3)ccc21,18.104205483704686
Cc1csc2nc(OCc3nc(C(=O)O)cnc3-c3ccc(-c4ccccc4)cc3)cn12,18.091551732218242
Cn1nc(-c2ccc3c(c2)N(CCC(=O)O)CCO3)nc1-c1ccc(C2CCCCC2)cc1,18.085342245415333
Cc1snc(-c2ccc(CN3CCC(n4nnc5ccc(C(=O)O)cc54)CC3)cc2)c1C,18.084360850359513
O=C(O)C1CCN(Cc2cccc(-n3cc(-c4cccc(Oc5ccccc5)c4)nn3)c2)C1,18.079908423287094
Cc1cccc(-c2nc(C(=O)O)nc(N3CCC(c4ccc(-c5ccccc5)cc4)C3)n2)n1,18.078321169048266
CCN1CCOc2ccc(-c3noc(-c4ccc(Oc5ccccc5)c(CO)c4)n3)cc21,18.04785928108536
O=C(Oc1ccccn1)N1CC(Nc2ccnc(Oc3ccc(Oc4ccccc4)cc3)n2)C1,18.047307655986412
O=C(O)Cn1c(-c2ccc(-c3ccccc3)nc2)nc2ccc(OCc3nccs3)cc21,18.038543326146186
Cc1nc(-c2ccc(Oc3ccccc3)cc2CN2CCN(C(=O)O)CC2)sc1C(=O)O,17.993919646042077
CC(C)(C)Oc1ccc(-c2ccc(CSc3nnc(-c4ccccn4)n3O)cc2)cn1,17.990405605637545
O=C(O)Cn1ccc2ccc(OCc3nc(-c4ccccc4)c(-c4ccnnc4)s3)cc21,17.98957960089137
Clc1cccc(-c2ccc(-c3noc(CSc4ccnc(N5CCCC5)n4)n3)cc2)c1,17.96938710178342
O=C(O)C1CCN(Cc2nnc(-c3ccc(Oc4cccc(-c5ccccc5)n4)cc3)s2)C1,17.962984245892653
Cc1c(-c2ccc(CN3CC(C(=O)O)C3)c(-c3ncsn3)c2)cnn1C1CCCCC1,17.956512417423696
OCC1CCN(c2ncccc2Oc2ccc(-c3nc(-c4cccs4)no3)cc2)CC1,17.92369186368306
COc1ccnc(N[C@@H]2COc3ccc(-c4nc(-c5ccc(F)c(C)c5)ns4)cc32)n1,17.920300259703897
Nc1nc(C2CCN(c3nccnc3-c3ccc(OCc4ccccc4)cc3)CC2)ns1,17.896992496426773
OC1CCN(C[C@@H]2CCCCC2c2nc(-c3ccc(Oc4nccs4)cc3)no2)CC1,17.882920856289346
Cn1nc(-c2ccc3c(c2)CN(CC(=O)O)CCO3)nc1-c1ccc(Oc2ccccc2)cc1,17.86716468795237
O=C(O)COc1ccc(-c2nc(-c3ccc(Oc4ccccc4)cc3)c3n2CSC3)cc1,17.863182798839112
Cn1cc(-c2ccc3c(c2)N(CC(=O)O)CCO3)nc1-c1ccc(Oc2ccccc2)cc1,17.86150403569479
O=C(O)c1cccc(OCc2cccc3nc(-c4ccc(N5CCCC5)nc4)sc23)c1,17.85818812178192
Cc1ccnc(N2CCC(c3nnc(-c4cccc(Oc5ccccc5O)c4)s3)CC2)n1,17.848359450823047
O=C(O)C[C@@H]1Cc2c(sc3cc(OCc4nnc(-c5ccccc5)s4)ccc23)O1,17.84501381491708
O=C(O)C1CN(c2ccc(-c3cccc(Oc4ccccc4)c3)cc2)C1Cn1cnnn1,17.814498303676903
Cn1c(Oc2ccc(-c3cn(-c4ccccc4)c(-c4cccs4)n3)cc2)ncc(O)c1=O,17.80870608144953
Cc1nc(-c2ccc3c(c2)C(C)C(c2ncco2)O3)sc1CN1CCC(C(=O)O)CC1,17.80329518339295
Cc1ccc(N2CCN(c3nnc(-c4cccc(Oc5ccccc5N)c4)s3)CC2)o1,17.803242324361975
Cc1noc(C)c1-c1ccc(OCC2CN(c3ncc(C(=O)O)s3)C2)c(C(C)(C)C)c1,17.800835507258892
O=C(O)C[C@@H]1COc2cc(OCc3cn(-c4cccs4)nc3-c3ccccc3)ccc21,17.779149821576297
O=C(O)c1nnc(N2CC(Oc3ccccc3-c3ccc(Oc4ccccc4)cc3)C2)s1,17.769775191818162
CC(C)(C)Oc1ccc(-c2nc(-c3ccc4c(c3)N(CCC(=O)O)CCO4)cs2)cn1,17.75964784838152
COc1cccc(-c2cc(-c3noc(CN4CC(C(=O)O)C4)n3)sc2C(F)(F)F)c1,17.746055758630455
O=C(O)c1nc(N2CCCC2)sc1-c1ccc(OCc2cccc(-c3cccnc3)n2)cc1,17.74446305902333
COc1ccc(-c2nc(-c3cccs3)n(-c3ccccc3)c2-c2cccc(=O)n2O)cc1,17.736857044848346
COc1ccc(CN2CCc3cc(-c4cn(-c5ccc(C(=O)O)cc5)nn4)sc3C2)cc1,17.73472292941453
N#Cc1ccc(COc2ccc(-c3csc(CN4CCC(C(=O)O)CC4)n3)cc2)s1,17.73276850532053
COc1cc(N2Cc3ccc(-c4nsc(-c5cc[nH]c5)n4)cc3C2)nc(-c2ccccc2)n1,17.718008243562494
COc1ccc(-c2cc(-c3ncnn3-c3ccccc3N3CCC3)sc2C(=O)O)cc1,17.687063254702487
CSc1nc(N)nc(N2Cc3ccc(-c4nc(-c5ccc(C)cc5)cs4)cc3C2)n1,17.67765179301688
CC1(C)Cc2ccc(-c3nc(-c4ccc(CN5CCC(C(=O)O)CC5)s4)no3)cc2O1,17.663612355285373
COc1ccc(CN2CCOc3ccc(-c4nc(-c5cccc(C(=O)O)n5)cs4)cc32)cc1,17.655200551836643
Cc1snc(-c2ccc(CN3CCC(n4nnc5cc(C(=O)O)ccc54)CC3)cc2)c1C,17.65298693302181
COc1ccc(-c2nc(-c3cc(CN4CCC(C(=O)O)C4)cs3)no2)cc1C(C)(C)C,17.646635671563132
O=C(O)C1CN(Cc2nc(-c3ncc(-c4ccc(Oc5ccccc5)cc4)s3)ns2)C1,17.634418943950816
O=C(O)C1CCN(Cc2cccc(-c3cn(-c4ccc(Oc5ccccc5)cc4)nn3)c2)C1,17.63074015390851
O=C(O)C[C@H]1CCC(=O)N1c1nnc(SCc2cc(-c3ccccc3)cs2)s1,17.630675534547624
Cc1nc(-c2ccc(Oc3ccccc3CN3CCC4(CCO4)C3)cc2)sc1C(=O)O,17.621316066713543
c1ccc(C2(c3ncc(-c4ccc(Oc5ccccc5-n5cnnn5)cn4)s3)CC2)cc1,17.620547658712116
COc1ccc(-c2nc(SC)nc(-c3ccc4c(c3)OCCO4)n2)cc1C(F)(F)F,17.620000175834665
CC(Oc1ccc(-c2nsc(N3CCC4(CCC[C@H](C(=O)O)C4)CC3)n2)cc1)C1CC1,17.61233320356932
O=C(O)C[C@@H]1CCCN(c2nc(-c3ccc(OCc4cccs4)cc3)ns2)C1,17.60506331742601
O=C(O)c1ncc(-c2ccccc2)c(COc2ccc3nc(N4CCCC4)sc3c2)n1,17.602298400080677
O=C(O)C[C@@H]1COc2cc(OCc3nocc3-c3cccc(N4CCCCC4)c3)ccc21,17.561378291829445
Cc1cc(-c2ccc(C)s2)nc(-c2ccc(N3CCN(c4nccc(N)n4)CC3)cc2)n1,17.55679744006015
Cc1c(COc2ccc3ccn(CC(=O)O)c3c2)nsc1-c1ccc2c(c1)OCCO2,17.55125610819942
COc1nc(-c2cccc(Oc3ccccc3)c2-c2ccccc2)nc(N2CCNCC2)n1,17.532962237187082
O=C(O)CN1CCc2nc(COc3ccc(-c4nocc4-c4ccccc4)cc3)sc2C1,17.51264538397628
Cc1cc(C(=O)O)ccc1-c1noc(N2CCN(c3ccc(Oc4ccccc4)cc3)CC2)n1,17.498148810092296
Cn1cccc1-c1ncc(-c2nc3cc(OCC(=O)O)ccc3n2C2CCCCC2)s1,17.471421533057885
Cc1csc(N2CCC(O)(c3noc(-c4cccc(-c5ccccn5)c4C)n3)CC2)n1,17.46807338097327
Cc1nc(-c2ccc(N)cc2)ccc1CSc1nnc(-c2ccc3c(c2)OCCO3)s1,17.46728401969917
Cc1ccc(OCc2nc3ccccc3s2)cc1-c1nc(C2(O)CCOCC2)cs1,17.43046722525742
Cc1c(-c2ccc(N3CCOCC3)c(C#N)c2)csc1COc1cccc(C(=O)O)c1,17.418150211499636
Cn1cnc(-c2nc(COc3ccc4c(ccn4CC(=O)O)c3)c(-c3ccccc3)s2)c1,17.410155921698173
CN1CCc2sc(-c3nc(N)nc(-c4cccc(OCc5ccccc5)c4)n3)cc2C1,17.390860788369704
Cc1noc(-c2sc3nc(-c4ccc(CN5CCC(C(=O)O)CC5)cc4)ccc3c2C)n1,17.38932805944374
Cn1c(COc2ccc(-c3nnns3)cc2)nc(-c2ccccc2)c1-c1ccccc1,17.384055368420857
O=C(O)C1CN(Cc2cc(-c3noc(-c4cccc(Oc5ccccc5)c4)n3)cs2)C1,17.37839578114885
Cc1ccc(-c2csc(-c3ccc(N4CCN(c5nc(C)nc(N)n5)CC4)cc3)n2)cc1,17.376488633595525
COc1ccc(-c2cnc(-c3ncc(CN4CCC(C(=O)O)CC4)s3)o2)cc1Cl,17.37352020632771
Cc1c(-c2ccc3c(c2)CCCO3)nsc1COc1ccc2c(c1)ncn2CC(=O)O,17.372943053342595
Cn1c(SCC(=O)Oc2ccc(C(=O)O)cc2)nnc1-c1ccc(C(C)(C)C)cc1,17.36097147671724
Cc1nc(-c2ncc(-c3ccnc(C4CC4)c3)s2)sc1CN1CCC(C(=O)O)CC1,17.355753464515452
O=C(O)[C@@H]1CCCN1c1nc(-c2ccc(OCc3ccc4ccccc4n3)cc2)ns1,17.344425434853992
Cc1noc(C)c1-c1ccc(-c2cc(N3CCN(c4ccccn4)C3)sc2C(=O)O)cc1,17.317202083795397
Oc1ccc(-c2nnc(CSc3nc(-c4ccc(C(F)(F)F)cc4)cs3)o2)cn1,17.31232011480072
O=C(O)Cc1csc2cc(OCc3nnn(-c4ccccc4)c3-c3cccs3)ccc12,17.30599209532466
COc1cccc(-c2c(C(=O)O)sc3c2CN(c2nccc(-c4ccccc4)n2)C3)c1,17.276670093221803
OCc1noc(C2CCN(Cc3ccc(-c4nc(-c5ccccc5)cs4)cc3)CC2)n1,17.268850012282538
Nc1nc(OC2CCN(c3nc(-c4ccc(C5CCCC5)cc4)ns3)CC2)ncc1F,17.266165763217952
Cc1csc(-c2ccc(C3(c4nc(-c5ccc(CN6CC(O)=N6)cc5)no4)CCC3)cc2)n1,17.265831910157747
Cc1nc(-c2cc(-c3ccc4ccn(C)c4c3)on2)sc1CN1CCC(C(=O)O)CC1,17.264866060894285
CC(C)(C)Oc1ccc(-c2nc(-c3cccc(CN4CC(C(=O)O)C4)c3)nn2C2CC2)cc1,17.259112787726345
O=C1NCC(COc2cccc(-c3nc(-c4ccc(Oc5ccccc5)cc4)ns3)c2)O1,17.253047782441595
Cn1cnnc1-c1cc(-c2ccc(Oc3ccccc3)cc2)c(N2CC(C(=O)O)C2)s1,17.232241548434466
Cn1nc(-c2cc3c(s2)CCN(CCC(=O)O)C3)nc1-c1ccccc1-c1ccccc1,17.225435824291623
Oc1ccc(N2CCOCC2)cc1-c1noc(-c2ccc(OCc3ccccc3)cc2)n1,17.223160614438825
O=C(O)c1csc(-c2ccc(OCc3cccc(-c4ccc5c(c4)CCO5)n3)cc2)n1,17.217016384825325
COc1ccc(-c2c(-c3ccc4c(c3)OCO4)nc(-c3cccs3)n2CC(=O)O)cc1,17.212087335845112
O=C(O)c1ccccc1Oc1ccc(-c2nnc(N3CCN(Cc4ccccc4)CC3)o2)cc1,17.195693758746255
COc1cc(-c2cccs2)nc(N2CCC(c3ccc(-c4nccnc4N)cc3)CC2)n1,17.194912493150085
Cc1cc(N)nc(N2CCN(c3ncccc3-c3cccc(Oc4ccccc4)c3)CC2)n1,17.18766539004716
O=C(O)c1cnn(-c2ccccc2)c1-c1ccc(N2CCC(Oc3ccccn3)CC2)cc1,17.18394266864646
COc1ccc(-c2sc3c(c2-c2cnnc(C)n2)CCN(c2ncc(C)s2)C3)cc1,17.183829171892476
Cc1ccc(-c2nc(-c3ccc(C(=O)O)cc3)sc2-c2ccc(Cn3cnnn3)cc2)cc1,17.182934143168417
Cc1c(-c2ccc(-c3cscn3)cc2)nnn1C1CCN(Cc2ccc(C(=O)O)cc2)CC1,17.171779847708688
O=C(O)CN1CCOc2ccc(-c3noc(-c4ccc(SC5CCCC5)cc4)n3)cc21,17.15653154527547
O=C(O)C1CN(Cc2ccc(-c3cccnc3Oc3ccccc3)cc2-c2nccs2)C1,17.155623597078197
Cc1cc(C(=O)O)nc(OC2CN(c3nc(-c4cccc(-c5ccccc5)c4)cs3)C2)n1,17.141715602793735
O=C(O)C1CN(c2nc(-c3cncs3)ncc2-c2ccc(Oc3ccccc3)cc2)C1,17.129421104801658
Cc1nc(-c2ccc(OCc3cccc(N4CCOCC4)c3C#N)cc2)sc1C(=O)O,17.129013031129773
O=C(O)C1CN(Cc2cc(OC(F)(F)F)cc(-c3nc(-c4cccs4)no3)c2)C1,17.0982794651717
Cn1cc(-c2ccc(C(=O)O)cc2)c2ccc(OCc3nnc(-c4ccccc4)s3)cc21,17.0839518769523
Cc1nc(-c2ccc(C(F)(F)F)cc2)sc1COc1ccc2c(c1)OC(C(=O)O)O2,17.076709730630277
Cn1c(COc2ccc(-c3csc(N4CCC(C(=O)O)CC4)n3)cc2)nc2ccccc21,17.065993648153057
O=C(O)[C@@H]1CCCN1c1cc(N2CCCC2)nc(-c2ccc(Oc3ccccc3)cc2)n1,17.065378595329502
CC(=O)Nc1nnc(SCc2nnn(-c3cccc(Cl)c3)c2-c2ccccc2)s1,17.04114635493369
OC1CCN(c2cc(-c3nc(-c4ccc(Oc5ccccc5)cc4)ns3)cnn2)CC1,17.02715368382723
Oc1cccc(-n2nnc(-c3ccc(OCc4ccc(-c5ccccc5)s4)cc3)n2)c1,17.026357095758634
O=C(O)CN1CCOc2ccc(-c3nc(-c4ccc(Oc5ccccc5)nc4)cs3)cc21,17.01275454382587
COc1cccc(-n2nc(-c3cccc(Oc4ccccc4)c3)nc2-c2nccs2)c1,16.99135317596183
Cn1cc(-c2ccc(C(C)(C)C)cc2)nc1CSc1nc(N)cc(N2CCCC2)n1,16.98694665910612
Cc1c(-c2ncc(CN3CCC(C(=O)O)CC3)s2)noc1-c1ccc2ccn(C)c2c1,16.97409352616414
O=C1NC(=O)/C(=C/c2ccc(-c3cccc(-c4nccs4)c3)n2-c2ccccc2)S1,16.954821033752406
O=C(O)C1CCN(Cc2coc(-c3ccc(OCc4nc5ccccc5s4)cc3)n2)C1,16.93823499362299
Nc1ncnc(N2CCC(c3ccc(-c4csc(COc5ccccc5)n4)cc3)CC2)n1,16.92717272860751
Cn1c(-c2ccccc2)c(-c2ccc(-c3ccccc3)cc2)n2nc(SCC(=O)O)nc12,16.891415612008558
O=C(O)[C@H]1CCN(c2nc(-c3ccc(Oc4ccccc4)cc3)nc(-c3cccs3)n2)C1,16.88973106022916
O=C(COc1ccc(-c2nc(-c3cc4ccccc4s3)ns2)cc1)OCC(O)(F)F,16.88519314233887
Nc1nccnc1-c1ccc(CCC2CCN(c3nc(-c4ccccc4)cs3)CC2)nn1,16.884070279949757
Cc1cccc(-c2nc(-c3ccc4c(c3)N(Cc3ccc(CC(=O)O)s3)CCO4)no2)c1,16.883197259029068
COc1ccccc1-c1nc(-c2ccc(Oc3ccccc3)cc2)nc(N2CCOCC2)n1,16.880229364679813
Cc1sc(COc2ccc3c(c2)OC[C@H]3CC(=O)O)nc1-c1ccc2c(c1)OCCO2,16.879792792066734
Cc1cc(OCc2nc(N3CCOCC3)sc2-c2ccccc2)ccc1C(=O)O,16.87929347093182
O=C(O)c1ccnc(N2Cc3ccc(OCc4nc(-c5ccccc5)cs4)cc3C2)n1,16.869219053029884
Cc1nc(Cl)oc1COc1ccc(-c2csc(N3CCC(C(=O)O)CC3)n2)cc1,16.8691518492064
CC1CN(c2nc(-c3ccc(Oc4ccccc4)cc3)c(C(=O)O)s2)CC(C)O1,16.867468591238232
Cc1sc(-c2ccc3c(c2)OCCO3)nc1COc1ccc2c(c1)OCC2CC(=O)O,16.8671558891935
Cn1nc(-c2cccc(C(C)(C)C)c2)nc1CSc1nc(N)cc(N2CCCCC2)n1,16.852221963283018
Cc1nc(-c2ccncc2)ccc1C1CCCN1c1nnc(-c2ccc(CC(=O)O)cc2)s1,16.838960589693908
Cc1ccc(-c2noc(C3(c4ccc(-c5ccccc5)cc4)CCN(CC(=O)O)C3)n2)s1,16.836331726331256
COc1ccc(Cl)cc1-c1csc(N2CCC(Oc3cc(C(=O)O)ccn3)CC2)n1,16.829228266857392
COc1ccc(-c2nnc(-c3ccc(CN4CCC(C(=O)O)CC4)s3)s2)cc1F,16.82190783714711
O=C(O)C1CN(Cc2sc(-c3ccc(Oc4ccccc4)cc3)nc2-c2ccccc2)C1,16.819441187046205
O=C(O)c1ccc(-c2nnc(COc3cccc(C4CCN(C5CC5)CC4)c3)s2)cc1,16.812019674066132
CN1CCCC1Cn1nnc2c(-c3ccc(Oc4ccccc4)cc3)c(C(=O)O)sc21,16.80644667349766
COc1ccc(-c2nc(-c3ccc(CN4CC(C(=O)O)C4)nc3)sc2C(C)(C)C)cc1,16.772734636614047
COc1cc(-c2noc(C3CCN(c4cnc(-c5ccccc5)s4)CC3)n2)ccc1O,16.760073069421352
COc1ccc(Oc2ccc(-c3nc(/C=C4\SC(=O)NC4=O)cs3)cc2)cc1F,16.757217340562622
O=C(O)C1CN(Cc2cccc(-c3noc(-c4ccc(Oc5cccs5)cc4)n3)c2)C1,16.739674988317716
Cc1cc(-c2csc(N3CCOC[C@H]3C)n2)ccc1Oc1ccc(-c2nnn[nH]2)cc1,16.738616034402632
Cc1c(-c2ccc3c(c2)OCCO3)nsc1COc1ccc2ccn(CC(=O)O)c2c1,16.73219643074219
Cc1nc(-c2ccc(C(C)(C)C)cc2)sc1CSc1nnc(Cl)n1CC(=O)O,16.72911190005267
Cc1nc(-c2ccc(Oc3ccc(N4CCOCC4)c(Cl)n3)cc2)sc1C(=O)O,16.728852661977648
O=C(O)c1c(-c2ccc(Oc3ccccc3)cc2)ccn1-c1cccc(N2CCOCC2)n1,16.7233011176434
O=C(O)CN1CCOc2ccc(-c3csc(-c4ccc(Oc5ccccn5)cc4)n3)cc21,16.718167490222857
On1c(SCc2ccc(-c3ccccc3OC(F)(F)F)cn2)nnc1-c1ccccn1,16.71600827586298
Cc1cc(-c2nc(CC3CCN(c4nnc(-c5ccccc5)s4)CC3)no2)ccc1O,16.70715869727386
O=C(O)C1(c2csc(SCc3nnc(-c4ccccc4)c(-c4ccccc4)n3)n2)CC1,16.705566699732692
O=C(O)CSc1nnc(-c2ccc(-c3ncc(Cl)s3)cc2)n1Cc1ccccc1,16.68998919000472
O=C(O)Cn1c(SCc2ccc3c(c2)OCO3)nc(-c2ccncc2)c1-c1ccccc1,16.68631546498062
O=C(O)C1CCN(Cc2ccc(-c3noc(-c4ccc(-c5ccccc5)cc4)n3)s2)C1,16.684420838070846
CN1CCc2nc(-c3ccc(OCc4nc(C(=O)O)oc4-c4ccccc4)cc3)sc2C1,16.661910018926946
Nc1cc(-c2ccc(Oc3ccccc3)cc2)nc(N2CCN(Cc3ccsc3)CC2)n1,16.660306783179195
O=C(O)COc1cnc2c(c1)nc(-c1cccc(Oc3ccccc3)c1)n2C1CCNCC1,16.655465597717317
O=C(O)C1CN(Cc2ccc(-c3csc(-c4ccc(Oc5ccccn5)cc4)n3)s2)C1,16.65364837824746
O=C(O)c1cccc(OCc2cccc(-c3nnc(-c4ccc5c(c4)CCO5)s3)c2)c1,16.639005785851793
O=C(O)c1ccnc(N2CC[C@@H](c3nsc(-c4ccc(Oc5ccccc5)cc4)n3)C2)c1,16.620131425833
CN1CCC(n2nc(N)nc2-c2ncc(-c3cccc(Oc4ccccc4)c3)s2)CC1,16.60234603227754
Nc1ncn(C2CCN(Cc3nc(-c4ccccc4)ccc3Oc3ccccc3)CC2)n1,16.57673607321258
N#Cc1nc2c(-c3cccc(Oc4ccccc4)c3)nsc2n1CCN1CCCCC1,16.576237797286122
O=C(O)COc1cccc(OC2CCN(c3nc(-c4ccnc(Cl)c4)cs3)CC2)c1,16.52649016880272
Cc1cc(CN2CCC(C(=O)O)CC2)sc1-c1noc(-c2ccc3c(ccn3C)c2)n1,16.466542488672758
COc1cccc(-c2sc(N3CCN(c4ccc([N+](=O)[O-])cc4)CC3)nc2C(=O)O)c1,16.4517867835438
Cc1c(-c2cccc(Oc3ccccc3)c2)ccnc1N1CCN(c2nnc(N)s2)CC1,16.441568808107682
Cc1c(-c2scnc2N)nnn1C1CCN(Cc2ccc(Oc3ccccc3)cc2)CC1,16.43656777193333
Cc1nc(-c2ccccn2)ccc1C1CCCN1c1nnc(-c2ccc(CC(=O)O)cc2)s1,16.42474597276541
Cc1nc(-c2ccc(OCc3nc4c(s3)CN(C3CCC3)CC4)cc2)sc1C(=O)O,16.379482665936802
O=C(O)Cn1c(=O)n(-c2cnc(-c3ccc(Oc4ccccc4)cc3)s2)c2ccccc21,16.303351515264584
Cc1nc(-c2ccc(CN3CC(C(=O)O)C3)cc2-c2cscn2)oc1C1CCCC1,16.29970713112739
COc1ccc(-c2sc(N3CCC(C(=O)O)CC3)nc2C2CC2)nc1OC(C)(C)C,16.297045855961276
COc1cccc(-c2oc(N3CCN(c4ccc(C(C)(C)C)cc4)CC3)nc2C(=O)O)c1,16.255941117086778
CSc1ccc(-c2nnc(-c3ccc(CN4CCC(C(=O)O)CC4)cc3)o2)cc1Cl,16.2323065193569
Cc1ccc(-c2c(N)nc(N3CCOCC3)nc2-c2ccc(Oc3ccccc3)cc2)cc1,16.23100074440885
O=C(O)COc1cccc(-c2nc(-c3ccc(Oc4ccccc4)cc3)n(C(F)(F)F)n2)c1,16.229483723149475
Cc1cc(CN2CC(C(=O)O)C2)sc1-c1noc(-c2cccc(-c3cccs3)c2)n1,16.2284422547253
O=C(O)c1cc(CN2CCC(n3ncc(-c4ccccc4)c3-c3ccccc3)CC2)on1,16.225206565121844
Cn1cc(CSc2nnc(-c3ccc(C(=O)O)cc3)s2)nc1-c1ccccc1F,16.218621390893226
O=C(O)C1CCN(C2(c3nnc(-c4ccc(Oc5ccccc5)cc4)s3)CCC2)CC1,16.208218240002417
Cc1nc(-c2cccnc2)ccc1CSc1nnc(-c2ccc3c(c2)OCCO3)s1,16.19503268435161
Cc1c(-c2nc(CN3CCC(C(=O)O)CC3)cs2)noc1-c1ccc2c(ccn2C)c1,16.191201773367766
O=c1c(CO)cnc(-c2ccc(OCc3nc4ccccc4s3)cc2)n1-c1ccccc1,16.140807769766273
Cc1cccc(O[C@H]2CCN(c3nc(-c4ccc(Oc5ccccn5)cn4)cs3)C2)n1,16.13911153711315
O=C(O)C1CN(Cc2ccc(-c3nnc(-c4cccc(Oc5ccccc5)c4)o3)cc2)C1,16.138973121007695
Cc1ccc(-c2nc(-c3ccc(N4CCN(c5ccccn5)C4)cc3)sc2C(=O)O)o1,16.13758968663614
CNc1ncnn2c(-c3ccc(OCc4ccccc4)cc3)c(-c3cccc(C#N)c3)nc12,16.101822945899446
O=C(O)c1ccc(CN2CCC(n3nnc(-c4ccccc4)c3-c3ccccc3)CC2)o1,16.099301900618844
COc1ccc(-c2c(-c3ccccn3)nc(N)nc2N2CCC(c3nccs3)CC2)cc1,16.058689116735106
c1ccc(Oc2cccc(-c3nnc(C4(c5ccc(-n6nccn6)cc5)CC4)s3)c2)cc1,16.012036758433453
COc1ccc(-c2sc(C3C[C@@H]3C(=O)O)nc2-c2ccc(N3CCOCC3)cc2)cc1,15.999890696660607
O=C1NC(=O)/C(=C/c2nc(-c3ccc(OCC4CCC4)cc3)cn2-c2ccccc2)S1,15.986555406764845
O=C(O)Cc1ccnc(N2Cc3cc(-c4ccc(Oc5ccccc5)cc4)sc3C2)n1,15.974616973736836
O=C(O)c1nc(-c2cccc(OCc3csc(C(F)(F)F)n3)c2)n(-c2ccccc2)n1,15.928423476777677
CC(C)(C)c1ccc(-c2nc(N3CCOCC3)c3sc(CCCC(=O)O)cc3n2)cc1,15.898480464195066
CCc1ccc(-c2nc(N3CCN(c4ccccc4)CC3)sc2-c2coc(N)n2)cc1,15.897838353281324
Cc1nc(OC(C)(C)C)ccc1-c1nc(-c2cccc(CN3CC(C(=O)O)C3)c2)ns1,15.887764006820536
O=C(O)CN1CCOc2ccc(-c3noc(-c4ccc(Sc5ccccc5)cc4)n3)cc21,15.867561601492364
c1ccc(Oc2cccc(-c3nc(C4(c5ccc(-n6nccn6)cc5)CC4)no3)c2)cc1,15.855951401163551
Cc1c(-c2nc(CN3CCC(C(=O)O)CC3)cs2)noc1-c1cnc2ccccc2c1,15.8508250695585
Cc1c(-c2nc(CN3CCC(C(=O)O)CC3)cs2)noc1-c1cc2ccccc2n1C,15.850633632761465
O=C(O)c1csc(OC2CN(c3ccc(-c4cccc(Oc5ccccc5)c4)cc3)C2)n1,15.809547979097344
O=C(O)c1nc(N2CCN(c3cccc(Oc4ccccc4)n3)CC2)oc1-c1ccccc1,15.790982411177813
COc1cccc(-c2csc(N3CCCC(c4noc(-c5ccc(O)cc5)n4)C3)n2)c1,15.738248219922191
O=C(O)c1c(-c2ccc3c(c2)OCO3)nc(SCc2ccccc2)n1-c1ccccc1,15.689289339591742
Oc1nc(-c2ccc(Oc3ccccc3)cc2)cc(N2CCC(Oc3ncccn3)CC2)n1,15.683739688042015
Nc1nc(OC2CN(c3ccc(-c4cccc(Oc5ccccc5)c4)cc3)C2)ncc1F,15.679256880437784
COc1nnc(N2CCN(c3ccc(-c4cccc(Oc5ccccc5)c4)cc3)CC2)nc1N,15.676325369250355
Cc1nc(-c2ccc(CN3CC(C(=O)O)C3)cc2)nc(-c2ccccc2OC(C)(C)C)n1,15.672764542554123
O=C(O)c1cccc(OCc2nc(-c3ccc4c(c3)OCO4)sc2-c2ccccc2)c1,15.667870638722198
O=C(O)C1CN(Cc2ccc(-c3nncc(-c4cccc(Oc5ccccc5)c4)n3)s2)C1,15.63260151420786
Cc1nc(N)nc(N2CCN(c3ccccc3-c3ccc(Oc4ccccc4)cc3)CC2)n1,15.62969362882173
COc1ccc(-c2csc(N3CCC(c4noc(-c5ccc(O)cc5)n4)CC3)n2)cc1,15.617886062740697
Cc1cc(-c2nc(N)nc(N3CCN(c4ccccc4)CC3)n2)ccc1Oc1ccccc1,15.614438541244377
Cc1ccc(-c2ccc(Oc3ccccc3)cc2)c(N2CCC(O)(c3nnns3)CC2)n1,15.600181406316658
CCn1nc(-c2ccccc2)nc1-c1ccc2c(c1)CN(c1ncc(CC(=O)O)s1)C2,15.598826122253588
O=C(O)C1CCN(Cc2ccc(-c3cc(-n4cccn4)nc(Oc4ccccc4)n3)cc2)CC1,15.596954963911912
O=C(O)c1cccc(N2CCN(c3noc(-c4cccc(Oc5ccccc5)c4)n3)CC2)c1,15.58812460008714
O=C(O)c1ccc(OC2CN(c3nc(-c4ccc(Oc5ccccc5)cc4)ns3)C2)cc1,15.53153145084946
COc1ccc(-n2nc(-c3ccc(SC)cc3)cc2/C=C2\SC(=O)NC2=O)cc1,15.524844724216619
CC(=O)Oc1ccc(-c2nnc(-c3ccc(CN4CCC(C(=O)O)CC4)cc3)s2)cc1,15.468316646439693
O=C(O)c1cccc(Oc2cccc(-c3nc(N4CCN(c5ccccc5)CC4)no3)c2)c1,15.406560273470047
Cc1nc(-c2ccc(C(N)=O)c(F)c2)sc1CSc1nnc(-c2ccccc2)s1,15.40170209975114
CCOc1nc2ccc(-c3cc(/C=C4\SC(=O)NC4=O)n(-c4ccccc4)n3)cc2s1,15.401102054840429
O=C(O)CCN1CCc2cc(-c3noc(-c4ccc(Oc5ccccc5)cc4)n3)sc2C1,15.352235874213768
Nc1ccnc(OC2CCN(c3ncc(-c4cccc(Oc5ccccc5)c4)s3)CC2)n1,15.349175682089767
Cc1cc(N)nc(N2CCN(c3ncc(-c4ccc(Oc5ccccc5)cc4)s3)CC2)n1,15.311510351210533
Cc1scc(-c2ccc(CN3CCC(n4cnc5c(N)ncnc54)CC3)nc2)c1C,15.262366391233112
COc1ccc(-c2nnc(-c3ccc(CN4CC(C(=O)O)C4)cc3)s2)cc1OC(C)(C)C,15.232986431782768
S=c1snc(OCc2nonc2-c2ccc(-c3ccccc3)cc2)n1-c1ccccc1,15.216286186239154
O=C(O)c1nc(N2CCN(c3ccccn3)CC2)oc1-c1cccc(Oc2ccccc2)c1,15.175752000752263
COc1ccc(-c2c(/C=C3\SC(=O)NC3=O)cnn2-c2ccc3nc(C)sc3c2)cc1,15.167760632089339
O=c1n(-c2cc(O)ccn2)nc(-c2ccc(Oc3ccccc3)cc2)n1-c1ccccc1,14.995162709653073
Cc1sc(N2CCN(c3ccccc3-c3ccc(Oc4ccccc4)cc3)C2=O)nc1N,14.982965872208819
Nc1ccc(Oc2cccc(-c3nc(N4CCN(Cc5ccccc5)CC4)no3)c2)cc1,14.976436915304786
Cc1nc(-c2ccc(Oc3ccccc3)cc2)sc1CN1CCC(C(=O)O)CC1,14.925859680323404
Cn1ncnc1N1CCc2sc(C(=O)O)c(-c3ccc(Oc4ccccc4)cc3)c2C1,14.8890320564878
Cc1sc(-c2ccc3c(c2)OCCO3)nc1COc1ccc2c(c1)[C@H](CC(=O)O)CO2,14.871843377579674
CCn1ncc2cc(-c3nnc(-c4ccc(CN5CCC(C(=O)O)CC5)cc4)s3)ccc21,14.866576968406106
Cn1cc(-c2cccc(Oc3ccccc3)c2)nc1-c1cc2c(s1)CCN(CC(=O)O)C2,14.839402105925785
Cc1nc(N2CCc3nc(-c4ccc(Oc5ccccc5)cc4)sc3C2)oc1CC(=O)O,14.744801191062848
Cc1sc(N2CCN(c3ccc(-c4ccc(Oc5ccccc5)cc4)cc3)C2=O)nc1N,14.69081053469812
Cc1cccc(N2CCN(c3nc(N)cc(-c4cccc(Oc5ccccc5)c4)n3)CC2)n1,14.612740701243244
Cc1sc(N2CCN(c3nccc(N)n3)CC2)nc1-c1ccc(Oc2ccccc2)cc1,14.607723805316168
Cc1cc(N)nc(N2CCN(c3nc(-c4cccc(Oc5ccccc5)c4)cs3)CC2)n1,14.581175328130367
O=C(O)C1CN(Cc2cccc(-c3nsc(-c4ccc(Oc5ccccc5)cc4)n3)c2)C1,14.574300813114016
CC(C)c1ccc(-c2nsc(C3CCN(c4nc(N)c5ccsc5n4)CC3)n2)cc1,14.512777918692612
O=C(O)CN1CCN(c2cc(-c3ccc(Oc4ccccc4)cc3)c(C(=O)O)s2)CC1,14.50857293210674
O=C(O)C1CN(Cc2ccc(-c3ncnc(-c4ccccc4Oc4ccccc4)n3)s2)C1,14.440280870576382
O=C(O)c1nnn(-c2ccc(N3CCOCC3)cc2)c1-c1ccc(Oc2ccccc2)cc1,14.3645596715602
CCCc1ccc(-c2nsc(C3CCN(c4nc(N)c5ccsc5n4)CC3)n2)cc1,14.276219573067383
O=C(O)c1cccc(OC2CN(c3nc(-c4ccc(Oc5ccccc5)cc4)cs3)C2)n1,14.242911341400267
CC(C)(C)Oc1cccc(-c2nc(-c3ccc(CN4CCC(C(=O)O)CC4)s3)no2)c1,14.094175523648678
O=C(O)Cc1nc2cc(-c3ccc(Oc4ccccc4)cc3)nc(N3CCOCC3)c2s1,14.062987272233448
OCc1ccc(-c2noc(CSc3nnc(-c4ccc(C(F)(F)F)cc4)s3)n2)cc1,13.868960820265714
O=C(O)Cc1cc2c(N3CCOCC3)nc(-c3ccc(Oc4ccccc4)cc3)nc2s1,13.563610086418196
Cc1cccc(N2CCN(c3nc(N)nc(-c4ccc(Oc5ccccc5)cc4)n3)CC2)n1,13.495489308646736
O=C(O)C1CN(Cc2ccc(-c3nsc(-c4ccc(Oc5ccccc5)cc4)n3)cc2)C1,13.388165080846845
O=C(O)C1CN(Cc2ccc(-c3nnc(-c4ccc(Oc5ccccc5)cc4)o3)s2)C1,12.804783050921317
O=C(O)c1ccc(-c2nnc(COc3ccc4c(c3)CCN4c3ccccc3)s2)cc1,12.519878293981295
O=C(O)Cc1cc2nc(-c3ccc(Oc4ccccc4)cc3)nc(N3CCOCC3)c2s1,12.454163844952015
