SMILES,log-likelihoodog
CNc1nccc(-c2cnc3c(c2)c2c4cnccc4n(C4CCOC4)c2n3CC(C)C)n1,29.772407345479873
Cc1nc(CCNc2ncnc3cc(-c4ccc5c(c4)OCO5)ccc23)cc2c1ncn2C,29.479379054199953
CCC1CCCN1c1ccc(-c2nc(Nc3cccc4ccccc34)n3ncnc3n2)cn1,28.94223438687044
COc1cc(-c2cccc(-c3cc(C4CCNCC4)nn3C)n2)cc2oc(C3CC3)nc12,28.528945865387822
COc1ccc(NCc2nc3cnc4oc(-c5ccc(F)cc5)nc4c3s2)cc1F,27.934030759658896
Cc1cc(Nc2nc(N3CCCC3)nc3cnccc23)nc(-n2c(C)nc3ccccc32)c1,26.962105757174633
COc1cccc(NC2=Nn3cnc4cccc(c43)N2c2ccc(C3CCCO3)nc2C)c1,26.795638570676136
COc1cc(CNc2nccc3c(-c4cnn(C)c4)cncc23)cn2c1nc1ccccc12,26.668549504128585
CCOc1sc(C(=O)Nc2ccc(N3CCCC3)cc2)nc1-c1cnc2ncsc2c1,26.448210532511002
COc1ccc2ncc(-c3nc(NCc4cccc(C(F)F)c4)c4ccncc4n3)n2c1,26.204215115572005
Cc1noc(-c2ccc(NCCn3cc(-c4ccccc4)c4cnc5c(c43)COC5)cc2)n1,26.016128339906878
Cc1cc2ccc(CNc3ncc(-c4cccnc4)n4cc(-c5cnn(C)c5)nc34)cc2o1,26.004233352197257
CN(C)c1nc2cc(-c3cccnc3)nc(NCc3cc(C#N)nc(C(C)(C)C)c3)c2s1,25.859460871845002
Cc1cc(-c2nc(Nc3cc4ccccc4n3CC(C)(C)C)no2)cc(N2CCOCC2)n1,25.73172762316083
Cc1ccc(CNc2nnc(-c3ccc4ncn(Cc5cccc(F)n5)c4n3)s2)cc1,25.712241920841187
Cc1ccccc1-c1cc(CNc2nc(-c3cnc4ccccn34)cn3ccnc23)cnn1,25.65875976970532
COc1cc(-c2cc(C(=O)O)ccc2-c2nc(C)nn3cccc23)ccc1N1CCCCC1,25.51135084408462
Cn1cc(-c2cc(-c3cnn(C)c3)c3cncc(NCc4cnccc4Cl)c3n2)cn1,25.43621405922774
Cc1ccc(Nc2ncnc3ccc4ncc(-c5cnn(C)c5)nc4c23)cc1CN1CCCC1,25.307042133381053
CC1CCCN1c1nc(NCc2ccc3c(cnn3C)c2)cc(-c2ccc3ncncc3c2)n1,25.217242662503324
Cc1cccnc1-c1cc(Nc2nccc(-c3cccnc3)n2)sc1CN1CCOC1,25.066947211281278
O=c1c2ccc(Nc3ccc(-c4ccccn4)cn3)nc2n(C2CCCC2)n1CCC1CC1,24.832412458016208
Cc1ncn(-c2ccc(Nc3nc(-c4cc(C)c5c(ccn5C)c4)cn4ccnc34)cc2)n1,24.71066034382722
COc1ccc(-c2nc(-c3cncc(Nc4cccc(C=O)c4)n3)cc3sncc23)cc1,24.615214863380867
Cc1ccc(-c2ccc3nnc(-c4ccnc(NCc5ccc6c(ccn6C)c5)c4)n3n2)cn1,24.5735136819323
COc1cc(Cl)cc(-c2ccc(Nc3ncnc4c3ncn4CC3CCOC3)nc2)c1,24.546512051660848
COc1cc(Nc2ncc(C3CCCCO3)c3cccnc23)nnc1CN1CCCCC1,24.52385593602603
c1ccc2nc(Nc3ccc(-c4nc5nocc5n4CCCN4CCCC4)cc3)ncc2c1,24.340225070203648
CCn1cc(-c2ccc3c(c2)OCO3)cc1CNc1nccc(-c2cnc3ccccn23)n1,24.33376676544797
Cc1cc2nccn2c(CNc2cccc(-c3ccc4ncn(C5CCOCC5)c4n3)c2)n1,24.22614280408548
CN(C)c1ncc2c(n1)n(C1CCCC1)c1cc(-c3ccc(NCc4ccccc4)cn3)nn21,24.14425698422878
Cc1cccc(COC(=O)c2ccn3nc(Nc4ccc(N5CCCCC5)cc4)ncc23)n1,24.126902539067913
CN(C)c1cccc2c1cnn2-c1ccnc(NCc2ccc3c(c2)oc2ccccc23)n1,24.10112253256464
Cc1cc(Nc2ncc(-c3nc4ccccc4cc3C)o2)ncc1CN1CCOCC1,23.997259683088394
Cc1ccc(-c2ccnc(NCc3ccc(Cl)c(-c4ccc5ncnn5c4)c3)n2)cn1,23.99296790477506
Cc1nc2cccc(-c3nc(Nc4cc(CN5CCCC5)nn4C)nc4ccccc34)c2o1,23.88904318335318
COc1cc(-c2ccnc(C3CO3)c2)ccc1Nc1nccc(-c2cnc3ccccn23)n1,23.825669099833167
COc1nn(C2CCCC(C(F)F)C2)cc1-c1ccnc(Nc2ccc3c(c2)OCO3)n1,23.77554320479329
Clc1nc(Nc2ncnc3c4ccccc4n(CCCn4cccc4)c23)nc(C2CC2)n1,23.699176958204863
CC(C)(CF)Oc1cccc(Nc2nc3ccc(N4CCCCC4)cc3n3ncnc23)c1,23.543664588637174
Cc1ccc(-c2cc(N3CCCC3)nc(NCc3ccc(-c4nncs4)cn3)n2)cc1,23.446667082999607
Cc1ccc2nc(-c3ccnc(Nc4ccnc(N5CCOC(C)(C)C5)n4)c3)sc2c1,23.42834918673974
Cc1cccc(-c2ccc(NCc3ccnc(-c4cnc(N5CCCC5)cn4)n3)cc2)n1,23.425282755340675
c1coc(CNc2nc3ccc(-c4ccc(CN5CCCCC5)nn4)cc3n2C2CC2)c1,23.401715432353868
Cn1cc(-c2ccnc(NCc3ccc(-c4cccc5nc(C6CC6)cn45)cn3)c2)cn1,23.35489198625079
C=CCc1ncc(-c2ccc3nc(Nc4ccc(N5CCOCC5)cn4)ncc3c2)c(C)n1,23.32573936609914
CN1CCC(COc2cnc3nccc(Nc4ccc(-c5nccs5)cc4)c3n2)CC1,23.324392173506585
CN(C)c1nccc(-c2ccc3nccc(NCc4ccc5c(Cl)cccc5n4)c3n2)n1,23.280947117450733
Cc1ccc(-c2nc(NCc3ccccc3)c3nc(N4CCC(C)CC4)ncc3n2)cn1,23.18813277093813
Cc1cc(-c2cccc(C(=O)O)c2)cc(CNc2nccc(-n3ccc4ccccc43)n2)n1,23.109145249693405
CCCn1c(=O)c2nc(Sc3ccccn3)nc(Nc3ccccc3)c2c2cnccc21,23.06394164922936
Cc1cn2c(-c3cnn(C)c3)cnc2c(Nc2cn(Cc3ccncc3)c3ccccc23)n1,23.057606988516426
CC(C)c1ccnc(Nc2nc(N3CCC(F)CC3)nc3c2cnn3-c2cccnc2)c1,23.04810739330767
O=C(O)c1ccc(-c2cccc(CNc3cc(-c4cccc(N5CCOCC5)n4)no3)c2)cc1,23.04388016405622
COc1cc(-c2cnc(Nc3ccnc(CN4CCCCC4)c3)nc2)cc2csnc12,23.029696494957086
CCn1ccc2c(N3CCOCC3)nc(-c3ccc(NCc4cccc(C#N)n4)cc3)nc21,23.00004378900037
COc1ccc(-c2cccc(CNc3cccc4ncn(-c5nccs5)c(=O)c34)n2)cc1,22.993165458374033
Cc1cc2c3nc(N4CCCC4)ncc3n(C3CCCC3)c2c(NCc2ccnc(C)n2)n1,22.976245292685697
CSc1cc(CNc2nc3c(N4CCCCC4)nc(-c4cccnc4)cc3o2)ccn1,22.971856524776427
COc1cccc(Nc2nc(-c3sc(N4CCCC4)nc3C)cn3cc(C#N)cc23)c1,22.96298473309921
CN(C)Cc1ccc(-c2cc3c4cncn4cc(Nc4cc(C(F)(F)F)co4)nc-3n2)o1,22.94656940434816
Cn1cc(-c2c(Nc3nccc(-c4cn(C)c5cnccc45)n3)ccc3ccccc23)nn1,22.941319766966593
Cc1nc(Nc2nc(-c3ccnnc3)cc3ccsc23)ccc1CN1CCC(C)CC1,22.902560212790974
CCc1cnncc1-c1cccc(-c2ccnc(Nc3nccc(N4CCOCC4)n3)c2)c1,22.896339903256685
COc1ccc(-c2cnc(NCc3cccc4c3OCO4)n3ncc(-c4cccnc4)c23)cc1,22.858468451656897
Cn1nc(-c2cccc(CNc3nc(N4CCCC4)nc4cnccc34)c2)nc1C1CC1,22.83218167224955
Cc1ccnc(Nc2ccc(NC(=O)c3ccc4c(c3)CN(C)C4)nc2-c2nccs2)n1,22.711801513916832
CCn1c(=O)c2nc(Nc3ccsc3)ncc2c2cnc(-c3ccc(OC)c(F)c3)cc21,22.709176991802046
Cc1cccc(CNc2nc(-c3ccnc(C)n3)cc(N3CCC4(CCCO4)CC3)n2)c1,22.646508742632694
COC(=O)c1cc(Nc2nc(-c3cc(F)cc(F)c3)nc3ccsc23)cc(OC2CC2)n1,22.61119808719115
CSc1cnc(F)c(-c2ccc(CNc3nccc(-c4ccc5ncnn5c4)n3)cc2)c1,22.46954323685867
c1cncc(-c2nc(Nc3ccc(C4CC4)cn3)cc(-c3cnn(CCN4CCC4)c3)n2)c1,22.467235671332833
CNC1CCC(n2ccc3cc(-c4ccnc(Nc5ccc(OC)nc5)n4)ccc32)CC1,22.461422668039663
Cc1ccnc(Nc2nccn3cc(-c4ccnc(NCc5cc(F)c(F)cn5)c4)nc23)c1,22.445644485458203
Cc1ncc(-c2cc(F)nc(Nc3ccc4c(cnn4Cc4cccc(F)c4)c3)n2)n1C,22.422763327926955
Cc1ccccc1Oc1ccnc2c(NCc3ccccn3)nc(N3CCOCC3)nc12,22.389981212015577
CCC1CCN(c2cccc(Nc3cnc(-c4ccc5c(c4)nnn5C4CC4)cn3)n2)CC1,22.377694296538035
Cc1nnc(Cc2ccc(Nc3nccc4sc(CN5CCCCC5)cc34)cc2)o1,22.343697622004225
c1ccc2c(c1)c(-c1ccnc(Nc3cnn(CC4COC4)c3)n1)nn2CC1CCCCC1,22.31206721022318
COc1ccc(-c2noc3cc(-c4cnn(CC5CCNCC5)c4)ccc23)nc1C1CC1,22.296391842092614
COc1ccc(-c2cc3sc4cnc(Nc5ccc(F)cn5)nc4c3cn2)cc1OC,22.256590223744823
CCC1CCCN(c2ccc(Nc3nc(-c4ccc(F)cn4)nc4c3ncn4C)nc2)C1,22.255141878952106
COc1ccc(-c2cnc(Nc3cccc4c3CCCCOC4)nc2)cc1-n1cc(C)nn1,22.25068111432176
CCCN1CCN(c2ccc(Nc3ncnc4ccc(-c5ccc(C#N)cc5)cc34)nn2)CC1,22.236332539235104
c1cc2cc(-c3nc4cnc(NCCN5CCCC5)nc4n3CC3CCCCC3)oc2cn1,22.218563442262102
Cc1cc(Cn2cc(C)nn2)cc(Nc2nccc(-c3cc(F)cc4c3CCCO4)n2)c1,22.215794714508064
CCC1CCN(c2ccnn3c(-c4ccnc(Nc5cc(Cl)cn5C)n4)cnc23)CC1,22.163098904341375
COc1cccc(Nc2cncc(-c3cnn(-c4ccc5nc(C)n(C(C)(C)C)c5c4)c3)n2)c1,22.091098457049007
CCn1c(Sc2ccccc2)nc2c3nccnc3c(NCc3ccc(F)nc3)nc21,22.054728835877697
COc1ccc(-c2cccc(Nc3ccc4nnc5c(cnn5C5CCCN5C)c4c3)n2)cc1,22.04826901102608
CN(C)c1cc2ncc(-c3ccc(Nc4nccc(N5CCCCC5)n4)cc3)nc2cn1,22.036127939808377
Cn1ccnc1-c1cccc(CNc2nc(-n3cnc4ccccc43)nc3ccccc23)n1,22.030987780743956
CC(C)c1csc2ncc(-c3ccnc(Nc4ccc(CN5CCOCC5)cc4)n3)nc12,21.973984666419526
Cc1ccc(-c2ccc(Nc3nc(-c4ccc5ncn(C)c5c4)cc(N4CCCC4)n3)cc2)nn1,21.96284084534196
Cc1cc(-c2ccnc(Nc3cc(Cl)n(C)n3)n2)cc2c1nc(C)n2C1CCOCC1,21.954062553545246
COC(=O)c1ccc(-c2ccc3nc(Nc4cc(CN5CCCC5)ns4)ccc3c2)cn1,21.948029221336153
CSc1nc(Nc2cc(-c3ccc4ccccc4n3)nc(C)n2)cc(N2CCCCC2)n1,21.936102427040417
Cc1cc2ncc(-c3ccnc(NC4CCC(Cn5cnc(C6CC6)c5)CC4)n3)cn2n1,21.926971807858017
COC(=O)c1ccnc(-c2ccc3nc(Nc4ccc(N5CCCC5)cc4)ncc3c2)c1,21.925245331868098
CC1CCCN1c1ncc2ccnc(Nc3nccc(-c4ccc(N5CCC5)cc4)n3)c2n1,21.867942820842266
COC(=O)CNc1cc(-c2cccc(N3CCCCC3)n2)nc2c1ncn2C1CCCC1,21.84320856415678
CSc1ccc(CNc2cncc(-c3cnc4ccc(C5CCOCC5)nn34)n2)cc1,21.819333952005792
CC(C)(C)c1nc2ccccc2nc1Nc1cc(-c2cn(CCN3CCCC3)nn2)ccn1,21.812528185578042
Cc1cc(-c2cnc(NCc3ccnc4ccc(F)cc34)o2)cc(N2CCOC(C)C2)n1,21.797423467664835
Fc1ccc(-c2cc(Nc3cc(OCCN4CCCC4)ccn3)nc3scnc23)nc1,21.79033194690522
COc1ccc(Nc2ncc(-c3cnc4c5c(ccc4c3)OCC5)c3nccn23)cc1OC,21.754254432758955
Cc1cc(OC2CCN(C)CC2)cc(Nc2ccc3ncc(-c4cccc(C#N)c4)n3n2)n1,21.695772061583607
CCn1c2cnccc2c2cnc(Nc3ccc(-c4cnn(C5CCOC5C)c4)cc3)nc21,21.645194071534917
Cc1cc(-c2ccccc2C#N)cc2cnc(Nc3cc(C4CCN(C)CC4)nn3C)nc12,21.631660442445664
Cn1cnc2ccc(-c3ccnc(NCc4nccc(-c5nc6ccccc6n5C)n4)c3)cc21,21.615836810398925
COc1cc(Cl)cc(-c2ccnc(Nc3ccc(N4CCC(n5ccnn5)C4)cc3)n2)c1,21.605000608014954
CN1CCC(c2ncnc(Nc3cc(OC4CCCC4)c4ncc(C5CC5)n4c3)n2)CC1,21.60328775877061
Cc1cc(Cl)cc(Nc2nccc(-c3cn(C)c4ncnc(-c5cnn(C)c5)c34)n2)c1,21.57257716693741
C=Cc1cc2ccccc2c(Nc2nc(C)c(-c3cnc(CN4CCOCC4)o3)s2)n1,21.56150105044653
CCn1c(C2CCN(C)CC2)cc2ncnc(Nc3ccc4cnn(C5CCCC5)c4n3)c21,21.55235546009111
c1cc(CNc2nccc(-n3cnc4ccccc43)n2)cc(-c2ccnn2C2CCCC2)c1,21.549661798290753
N#Cc1csc(-c2cc(SCCN3CCCC3)cc(-c3ccc(C(=O)O)cc3)n2)n1,21.542739463530236
Cc1nc2ccn(C)c2nc1-c1cccc(CNc2nccc(-n3ccc4cnccc43)n2)c1,21.535847666150023
O=C(NC1CC1)c1cccc(-c2cncc(Nc3ncc(CN4CCCCC4)s3)n2)c1,21.496709780018815
Cc1ncccc1Nc1nc(-c2ccc(N3CCCC3)nc2)cn2c(-c3ccncc3)cnc12,21.492262082451894
Cc1cnc(-c2cnc(Nc3nc(C)nc4cc(CN5CCCCC5)ccc34)s2)cn1,21.439391680899174
c1ccc(-c2coc(CNc3cc(-c4cnc5cnccn45)nc(N4CCCC4)n3)c2)cc1,21.429008077403918
CC(=O)c1ccnc(-c2ccc3cnc(Nc4cc(CN5CCCCC5)ns4)nc3c2)c1,21.41889799255212
COc1cccc(Nc2nccc(-c3nn(C4CCCC4)c4c(N5CCC5)nccc34)n2)c1,21.418828393785358
CC(=O)c1cccc(-c2ccc(CNc3nccc(-c4cn(C)c5ccccc45)n3)nn2)c1,21.41473440585662
CN(Cc1ccc(C(=O)O)cc1)Cc1nc2ncc(-c3ccc4c(c3)OCO4)cc2s1,21.414604085470533
Cc1nccc(-c2nnc(NCCn3c(-c4ccc(F)cc4)nc4ccccc43)s2)n1,21.3765069750503
CCOC(=O)c1ccc2cnc(Nc3ccc(N4CCC(C)CC4)c4ncsc34)nc2c1,21.35990539350973
CCC1CCN(c2ccc(Nc3nccc(-c4ccc5ncn(C6CC6)c5n4)n3)cn2)CC1,21.343782096523796
Cc1cc(NC2=Nc3cc(-c4cnn(C)c4)c(C)c4c3c(nn4C3CCC3)C=N2)cnc1F,21.342393181688234
Fc1ccc(OCCNc2nccc(-c3csc4nc(-c5ccccn5)cn34)n2)cc1,21.3213027141349
Cn1ncc2ccc(Nc3nnc4c5ccccc5n(CCCN5CCCCC5)c4n3)cc21,21.31816313383114
Cc1ncccc1-c1cnc(Nc2cc(CN3CCCCC3)nc(-c3cccnc3)n2)s1,21.312750323259298
CCn1c(=O)c(Nc2cccc(OC)c2)nc2c3c(ccc21)ncn3C1CCOCC1,21.26354216919419
CCC1CCN(c2nc(Nc3ccc(-c4ccc(=O)n(C)c4)nc3)nc3cnccc23)CC1,21.241511908674873
Cc1cc(-c2cnc3c(C4CC4)ncn3c2)nc(Nc2cc(CN3CCCCC3)ccn2)n1,21.234242275371034
Cn1cc(-c2ccc3nc(-c4ccccn4)c(-c4ccnc(NCc5ccco5)c4)n3c2)cn1,21.217526255888213
Cc1ncc(-c2ccc(Nc3cccc4c(n3)nn3cncc43)cc2)n1CC1CCOCC1,21.19723173350638
COC(=O)C1CCC(n2ccc3cnc(Nc4ccc(N5CCC[C@H]5C)cn4)nc32)CC1,21.12733428919733
Cc1cnc2c(Nc3nc4ccc(-c5cnn(C)c5)cc4n3Cc3ccccc3)ccnc2n1,21.12322849908877
CCn1cc(Cl)c2nc(-n3ccnc3-c3ccccc3)nc(NCc3ccncn3)c21,21.11311873711859
CSc1ccc(-c2cnc(Nc3cc(C)cc(C)n3)c3cnc(N4CCCC4)nc23)cn1,21.11023928818237
CC1CN(Cc2ccc(Nc3ncc4c(n3)oc3cccc(Cl)c34)nc2)CC(C)O1,21.086943403551977
CCn1c2ccc(Nc3ccc(-c4ncccn4)cc3)nc2c2cc(CN3CCC3)nnc21,21.06572224852894
c1ccc(-c2cccc(CNc3nccc(-c4ccc(OC5CCOCC5)cc4)n3)n2)nc1,21.055624586215757
Cc1cncc(-c2cc(Nc3nc4ccc(CN5CCCCC5)cc4s3)nc(C)n2)n1,20.990977087273265
Cc1cccc2nc(-c3ccc(CNc4nccc(-c5cnc6ccccn56)n4)cc3)cn12,20.988905163902395
COc1nc(Nc2nn(C3CCC(=O)C(C)CC3)c3cnccc23)ccc1N1CCCC1,20.976978422337375
Cc1cc(-n2cnc3cnccc32)nc(NCc2ccc(-c3ccn4cccc4n3)cc2)n1,20.941364518965745
COc1ccc(-c2cccc(Nc3ncc4c5ccncc5n(C5CCCN5C)c4n3)n2)cc1,20.893181508810972
FC(F)Oc1cccc(-c2cn3ccnc(Nc4cccc(Cn5nccn5)c4)c3n2)c1,20.872751784887154
COc1ccnc(-c2ccc(Nc3cc(-c4cnn(C5CCOCC5)c4)ccn3)nc2)c1,20.865322477507345
Cc1cc(-c2ccc3c(cnn3C)c2)cc(CNc2nccc(-c3cnc4ccccn34)n2)n1,20.857158329412435
COC1CCN(c2ccc(Nc3ncc4c5ccncc5n(CC5CC5)c4n3)nc2)CC1,20.854227629401677
FC(F)(F)c1cnc(NCc2nnc3ccc(Cl)nn23)nc1OCc1ccccc1,20.84972653798551
FCCn1cc(-c2cncc(Nc3nccc(-c4ccc(N5CCCCC5)nc4)n3)c2)cn1,20.828873880374193
Cc1cnn(CCNc2cccc(-c3cnc4c(Cl)cc(-c5nccs5)cn34)c2)n1,20.82284074409266
COC(=O)CNc1nnc(-c2ccn3c(-c4ccc(-c5ccccc5)cc4)cnc3c2)s1,20.81165885737121
COC1CCN(c2ccc(Nc3ncc4c5nc(C)ncc5n(C(C)(C)C)c4n3)cc2)CC1,20.811128175771685
Cc1cc2ncc(-c3cc(-c4cnn(C5CCC5)c4)nc(NCc4ccccc4)n3)cn2n1,20.77787520838534
Cc1cc(-c2ccc(N3CCC3)nn2)cc(Nc2nccc(-c3cn(C)c4ccccc34)n2)n1,20.769110539181447
Cn1ncc2c(-c3ccnc(Nc4ccc(N5CCCC5)cc4)n3)nc(-c3ccccc3)nc21,20.76287408426078
Cc1ccc2ncc(-c3ccnc(NCc4ccc(OC5CCCCCC5)cc4)n3)n2n1,20.736162319203764
Cc1cnc(Nc2ccc(C3CCN(C)CC3)s2)nc1-c1cnc2ccc(C#N)cn12,20.71768434378158
Cc1cc(Nc2nc(-c3cc(C#N)c4ncn(C5CC5)c4c3)cs2)cc(CN2CCC2)n1,20.71052520950214
CN(C)Cc1ccc(-c2nccc(Nc3ncc4n5c(ncc35)N(C3CCCC3)C=C4)n2)cc1,20.704287794405587
COc1ccc(Nc2nccc(-c3ccc4c(c3)n(C3CCCC3)c(=O)n4C)n2)cn1,20.677002891830256
CC(C)(C)c1ccc(Nc2ncc3c4ccncc4n(CCCN4CCCC4=O)c3n2)cc1,20.668514367941462
COC(=O)c1ccc(NCc2ccc(-c3nccs3)c(-c3ccc4c(c3)OCO4)n2)cc1,20.665899031150477
Cc1cc(-c2ccncc2)nc(NCc2cc(-c3cncc(N4CCCCC4)n3)cs2)n1,20.654270441523828
COC(=O)c1ccc(NCc2ccc(-c3nc(N4CCCC4)c4scnc4n3)cc2)cc1,20.652476128909417
Cc1ccc(-c2cc(-c3ccc(Nc4nccc(CN5CCCCC5)n4)nc3)ncn2)cn1,20.649927123592974
CCn1cc(-c2cnc3cc(-c4ccncc4)nsc2-3)nc1NCc1ccc(F)cn1,20.608028438047462
Cc1nc2cc(Nc3ccc(-c4cc(CN5CCCC5)ccn4)cn3)ncc2n1C1CCC1,20.60702905338137
COc1cc(Nc2ncc(-c3cc4c(cn3)N(C(C)(C)C)C(=O)CC4)s2)cc(OC)c1,20.60197537642538
CC(=O)c1cncc(-c2ccc3cnc(Nc4cc(CN5CCCCC5)ns4)nc3c2)c1,20.570957813566086
COCCn1c2ccccc2c2c(-c3ccccc3)nc(Nc3ccc4c(c3)OCO4)nc21,20.5490593878243
COc1ccc(CNc2nc(-c3cnc4ccccn34)cc(N3CCCCC3)n2)cc1C#N,20.547233923474924
Cc1nc2ccccc2n1-c1nc(N[C@@H](C)c2ccccc2)nc(-n2cnc3ccccc32)n1,20.539473614224875
CCn1cc(-c2nc(Nc3ccc(N4CCOCC4)cc3)nc3oc(C)cc23)cc1Cl,20.53674494610429
Cn1cnc(Cn2cnc3ccc(Nc4ncc(-c5cn(C)c6ccccc56)cn4)cc32)c1,20.512527503798943
Cc1ncc(-c2cc(NCc3ccoc3)cc(-c3nccc(N4CCOCC4)n3)c2)s1,20.48411970552726
CCn1cc(-c2cnc3c(Nc4cccc(-c5ccc6c(n5)OCC6)c4)nc(C)cn23)cn1,20.468702655141836
Fc1ccccc1CNc1nccc(-c2cc(N3CCCC3)nc(Nc3ccccn3)n2)n1,20.45805007041397
Cn1cnc2cc(-c3cc(CNc4nccc(-c5cnc6ccccn56)n4)ccn3)ccc21,20.445507351890278
CCCc1nc(-c2ccnc(Nc3ccc(N4CCOCC4)cc3)n2)cc2ncsc12,20.43720373262872
CCOc1ccn2c(-c3cc(C4CCOC4)cc(Nc4ccc5c(c4)OCO5)n3)cnc2c1,20.362967889123002
COc1ccc2c3cnc(Nc4cccc(C5COCO5)c4)nc3n(C3CCCC3)c2c1,20.360968925911305
CN(C)c1ccc(-c2cnc(Nc3ccc4c(c3)OCCC4=O)c3cnn(C4CC4)c23)cn1,20.34213619815016
COc1cc(-c2nc(Nc3ccc(N4CCOCC4)cc3)c3ncccc3n2)ccc1CC#N,20.33717549088414
COc1ccc(-c2ccc3ncnc(NC4CCC5(CCOCC5)CC4)c3n2)cc1OC,20.32317131041541
CC1CCCN(Cc2ccc3c(c2)nc(Nc2ncnc(C4CC4)n2)n3C2CCCC2)C1,20.318330075383574
Cc1cc(-c2cnc(C)n2C2CC2)nc(Nc2cc(N3CCOCC3)nc3ccccc23)n1,20.317971246893052
COc1cc(Nc2nc(-c3cccs3)c3sccc3n2)ccc1S(C)(=O)=O,20.315457067925173
CC(C)c1nc(-c2cnc(Nc3ccc(N4CCOCC4)cc3)nc2)cc2ncncc12,20.282727614096252
Cn1cc(-c2nc(Nc3cc(C4CC4)no3)nc3ccc(CN4CCCCC4)cc23)cn1,20.277678545604637
COc1ccc(-c2cc(C)nc(Nc3ccnc4ccccc34)n2)cc1N1CCOCC1,20.26780092459002
Cc1cc(-c2cnc3c(N4CCCC4)ccnn23)nc(NCc2ccc(OC3CC3)cc2)n1,20.26266548544926
Cc1cc2ccc(CNc3ncc(-c4cnn(C)c4)c4cnc(N5CCCC5)nc34)cc2o1,20.250335655439624
CN(C)c1ccc(-c2ccc(Nc3nccc(-c4ncnc5ccccc45)n3)cn2)cc1,20.239094106503934
Cc1ncc(-c2cc3cnccc3c(Nc3ccc(CN4CCCCC4)cn3)n2)c(C)n1,20.238939571692157
CCOC(=O)c1cc(Cl)cc(CNc2nccn3c(-c4ccc5c(c4)OCO5)cnc23)c1,20.224490319117866
COc1cccc2c(NCc3nc4ccccc4n3C)nc(-n3cnc4ccccc43)nc12,20.22375779422647
Cc1cn2c(-c3cccnc3)cnc2c(Nc2cncc(-c3ccnc(N4CCC4)c3)c2)n1,20.21154663799949
COc1cc(F)c2c(=O)n(-c3ccccc3)c(Nc3ccc(-n4cc(C)nn4)cc3)nc2c1,20.198361520746502
Cc1ccc(CNc2cc(-c3ccc(N4CCOCC4)cc3)nc(-c3cccnc3)n2)cn1,20.191527593756433
Cc1noc(-c2ccc(Nc3nc4ccccc4n(CCC4CCSCC4)c3=O)cc2)n1,20.17251462143791
CCn1cnc2c(-c3cnn4ccccc34)cc(-c3ccc(NCc4cnccn4)cc3)nc21,20.131543896849504
Cc1cc(-c2ccc(F)c(Nc3nccc(-c4cn(C)cn4)n3)c2)nc(N2CCCCC2)n1,20.131520463237877
N#Cc1cc(Nc2nc3cc(CN4CCCCC4)nsc-3n2)cc(OCc2ccccc2)c1,20.102608711953106
c1coc(-c2ccc(CNc3nccc(-n4ccc5cnc(N6CCCC6)nc54)n3)cc2)c1,20.098380329323646
COC1CCN(c2cc(Nc3ncc(-c4ccccc4)c4ncncc34)nc(C)n2)CC1,20.081412972976356
COc1cccc(-c2nc(Nc3cc(C)c(F)cc3F)nnc2-c2ccc3ncnn3c2)c1,20.045397890156334
COC(=O)c1ccc(NCc2ccc(-c3cccc4nc(N5CCCCC5)nn34)nc2)cc1,20.035213831117655
CCC1CCN(c2cc(C)nn3c(-c4ccnc(Nc5cccc(F)n5)n4)cnc23)CC1,20.011486018718667
CN(C)CCC1CCN(c2nccc(Nc3ncc4c(ncc5ccccc54)n3)n2)CC1,20.00037146220598
Cn1cc(-c2ccc3nc(Nc4ccc(-c5cn(CC6CCC6)nn5)cc4)ncc3c2)cn1,19.994586457805767
CCn1cnc2nc(-c3ccc(CNc4nccc(-c5cnc6ccccn56)n4)cc3)ccc21,19.98648191247521
COc1ccc(-c2ccnc(Nc3ccc4nc(N5CCOCC5)cc(C)c4c3)n2)cc1,19.971001327620982
Cc1nccc(-c2nc(-c3ccc(NCc4ccccc4)cc3)cc(N3CCOCC3)n2)n1,19.964146800418447
COc1ccc(-c2cc3c(-c4cnccn4)cnn3c(NCc3ccc4c(c3)CO4)n2)cc1,19.960887967415335
COc1ccc(Nc2nc(-c3ccc4c(c3)CCO4)nc3c4c(cnc23)OCC4)cc1OC,19.95952270335489
Cn1cc(-c2ccnc(Nc3cccc(-c4cnc5cnn(C)c5n4)c3)n2)c2ccccc21,19.95407862295068
COc1ccc(-c2cc(Nc3cc(-c4ccccn4)ccn3)cc(N3CCOCC3)n2)nc1,19.945263882375247
CCOc1ccc2ncn(-c3nc(NCc4ccccc4)c4cnn(C(C)(C)C)c4n3)c2c1,19.913075636383653
COc1ccc(-c2csc(Nc3ccnc(N4CCC(C(F)F)CC4)n3)n2)cc1C#N,19.91301082681945
CCn1ccc2ccc(Nc3nc(-c4ccccc4)nc(-c4cnn(C5COC5)c4)n3)cc21,19.90642822343687
CCn1cc(-c2nc(Nc3ccc(N4CCCC4)cc3)c3ncn(C4CCCC4)c3n2)cn1,19.89617246423096
Cc1cn2c(-c3ccnc(NC4CCCC4)n3)cnc2c(OCc2ccc(Cl)cc2)n1,19.893092956902493
Cc1nc2cnc(Nc3cc(F)c(N4CCCCC4)cn3)nc2n1[C@H](C)c1ccccn1,19.88370853783651
COc1cc2c(Nc3ccc(CN4CCCC4)nn3)nc(-c3ccccc3)nc2cc1F,19.88155045852508
Fc1ccc(-c2nc(Nc3cccc(OCCN4CCCC4)c3)nc3nccnc23)s1,19.855850470977256
c1ccc(-c2cc(CNc3nccc(-c4cnc5ccccn45)n3)nn2CC2CCC2)cc1,19.847147973398602
c1ccc(CNc2nc(-c3cnn(C4CCCC4)c3)cc(-c3cnc4ccccn34)n2)cc1,19.843858077500098
CN(C)c1cccc(-c2nc3cnc(NCc4ccnc(Cl)c4)nc3n2C2CCCC2)n1,19.822583582691287
c1ccc(CCn2cc(C3CC3)c3cnc(Nc4cnn(C5CCCCCC5)n4)nc32)nc1,19.822559341354722
Cc1cc2c(nn1)c(F)c(C(C)C)c1nc(Nc3ccc(N4CCOCC4)cn3)ncc12,19.822287073113092
CC(C)n1cnnc1-c1nc(Nc2ccc(N3CCCC3)cc2)nc(-c2ccc(F)cc2)n1,19.81821010824278
Cc1ccc(-c2nc(Nc3cccnc3)cc(-c3ccc(CN4CCOCC4)o3)n2)cn1,19.813713298261487
Cn1cc(-c2ccc(Nc3ncc4c5ccccc5n(CCc5ncccn5)c4n3)cc2)cn1,19.803458892869834
CCn1c2ccccc2c2nc(Nc3ccc(-c4cnn(C)c4)cc3)nc(-c3cnccn3)c21,19.802460894644625
Cn1cnc2ccc(-c3ccnc(NCc4cccc(-c5cnn(C6CCC6)c5)n4)n3)cc21,19.79474138496138
CC(C)c1ccc(C#N)c(Nc2nc(-c3ccc(N4CCOCC4)cc3)c3nccn3n2)c1,19.769310965327485
COC(=O)c1ccc(Nc2ccc(OCCN3CCC3)cc2)nc2nc3sccc3c1-2,19.76418155461445
C[C@H](Nc1nc(-c2cncc(N3CCC3)c2)nc(-n2cnc3ccccc32)n1)c1ccccc1,19.756413228166316
Cn1c(N2CCC2)nc2ccc(-c3ccc(Nc4nccc(-c5cccnc5)n4)cc3)nc21,19.75567562724025
CCn1ncc2cc(-c3ccnc(Nc4ccc(CN5CCCCCC5)cn4)n3)cnc21,19.747219878055787
Cn1cc(-c2cc3cnc(Nc4cnc5c(c4)OC(C)(C)C5)nc3n2C2CCCC2)cn1,19.74445638412552
COc1ccc(CNc2nc(N3CCCCC3)nc3c2nc(C#N)n3-c2ccccc2)cc1,19.736416748611433
COCCn1cc(-c2ccc(Nc3ncc4c5ccccc5n(C5CC5)c4n3)c(F)c2)cn1,19.722647847374002
CN(c1nc(NCc2cccc(-c3ccccc3)c2)n2ncc(C#N)c2n1)C1CCOCC1,19.71995886046366
COc1ccc(C(=O)Nc2nnc(Sc3csc(-c4cccc[n+]4[O-])c3)s2)cc1,19.719326475027632
Cc1ccc(CNc2ccc(-c3nc(N4CCOCC4)c4ncn(C5CC5)c4n3)o2)cc1,19.714481921955922
Cc1cc(-c2cnc3ccccn23)nc(Nc2cc(OC3CCN(C)CC3)ccn2)n1,19.697437035258833
COc1cccc(Nc2ncc(-c3nn(C4CC4)c4cnc(N5CCCCC5)cc34)cn2)c1,19.674777376554328
Cn1ncc2c1c1cnc(Nc3ccnc(N4CCCC4)c3)nc1n2[C@H]1CC[C@H](C)CC1,19.662693484621276
COc1ccc(-c2nc(CN3CCCCC3)cc(Nc3cc4c(cn3)OCCO4)n2)cc1,19.64848009090369
CN(C)Cc1cc(-c2ccnc(Nc3ccc(-c4nc5cccnc5s4)cc3)n2)ccn1,19.615110046152733
Cn1cc(-c2ccc3ncc(-c4ccnc(NCc5cccc(C6CCC6)c5)n4)n3n2)cn1,19.605872136157114
Cc1ncn(-c2ccc(Nc3nccc(-c4ccc(N5CCCCCO5)cc4C)n3)cc2)n1,19.59708954111084
Cc1cc(N2CCN(C)CC2)cc(Nc2nc(Oc3ccccc3Cl)ccc2C#N)n1,19.58705612783144
Cc1coc(CNc2nc(-c3ccnc(N4CCCC4)c3)cn3c(-c4ccccc4)cnc23)n1,19.583349004409857
COc1ccc(-c2cccc3nc(Nc4ccc(N5CCOCC5)c(C#N)c4)n(C)c23)cc1,19.583212752384163
CCn1cc(-c2cc3cnc(Nc4ccnc(CN5CCCCC5)c4)nc3nc2Cl)cn1,19.5620803739407
Cc1nn(C)c2cc(-c3ccc(CNc4nccc(-c5cnc6ccccn56)n4)cn3)ccc12,19.542476938368466
c1cc2c3cnc(Nc4ncc(CCCN5CCCC5)cn4)nc3n(C3CCCC3)c2cn1,19.53643633171507
Cc1cnc(Nc2ccc(-c3cnn(C4COC4)c3)cn2)nc1-c1cn(C)c2ccccc12,19.533096688067864
CCOC(=O)c1ccc(-c2cccn3nc(Nc4ccc(N5CCCC5)cc4)nc23)nc1,19.525823809276403
Cc1cccc(-c2nc(-c3ccnc(Nc4ccc(CN5CCCC5)cn4)c3)cs2)n1,19.511417642479472
COc1ccc(-c2nc(Nc3nc4ccccc4o3)cc(C3CC3)n2)cc1N1CCOCC1,19.480289847859886
CC(=O)c1cc(Nc2ncc(-c3cccnc3)cn2)cc(Cl)c1OC1CCN(C)CC1,19.46358210914598
CC1(Cn2ccc(-c3ccc(Nc4nccc(-c5cnc6ccccn56)n4)cc3)n2)COC1,19.449901151147298
CCn1c(=O)c(-c2cccc(C)c2)nc2nc(Nc3ccc(N4CCCCC4)cn3)ncc21,19.449581151418958
Cc1cc(-c2ccnc(NCc3ccc(-c4ncco4)cc3)n2)cc(N2CCOCC2)n1,19.444675875724204
Cc1nc(-c2ccnc(Nc3ccc(OC4CCN(C)CC4)cc3)n2)nc2ccccc12,19.440851789475307
CN(C)c1ccc2c(c1F)c1cnc(Nc3ccc(C(=O)O)cc3)nc1n2C1CCCC1,19.424230431027134
COc1cc(-c2cn3ncnc3c(NCc3ccc(C#N)cc3)n2)cc(N2CCCCC2)c1,19.41408125696204
CCOC(=O)c1cnc(Nc2ccc3cnn(C4CCCC4)c3c2)cc1-c1cnn(C)c1,19.410628918291586
COc1ccccc1-c1cc2cnc(Nc3ccc(N4CCCC4)nn3)nc2n1C1CCC1,19.400791280411887
CC1CCCN1c1nc(Nc2ccc(-c3ccnc(C4CC4)n3)cn2)cc(N2CCCC2)n1,19.379307543367155
COc1ccc(-c2ccccc2)cc1CNc1nc(Cl)nn2c(-c3cnn(C)c3)cnc12,19.36685957952891
CC(C)c1cc(-c2cn3ncnc3c(Nc3ccc(N4CCC(F)(F)C4)cn3)n2)ccn1,19.364408953852518
CCN1CCN(c2ccc(Nc3ncc4c(n3)oc3cc(-c5ccoc5)ccc34)nc2)CC1,19.35093982661733
Cc1nn(C(C)(C)C)c2ccc(-c3cnc(Nc4cc(CN5CCCC5)ccn4)nc3)cc12,19.345727481444694
COc1ccc(-c2ccnc(Nc3ccc4c(c3)OCCOC43CCCCC3)n2)nc1OC,19.316494679939485
Cc1cc2nc(-c3ccc(CNc4nccc(-c5cnn6ccccc56)n4)cc3)c(C)cn2n1,19.311456603882405
COc1cncc(-c2nc(Nc3ccc(CN4CCCCC4)cn3)c3ccccc3n2)n1,19.307065071900208
Cc1nc2cc(CNc3nccc(-n4ccc5ccccc54)n3)ccc2nc1-c1cnn(C)c1,19.292430932935915
Cc1nnc(-c2ccc(CNc3ncc4c5cccnc5n(C5CCCC5)c4n3)cc2)n1C,19.27611264157533
COc1cc(Nc2ncnc3c(Cl)ccnc23)cc(-c2ccc3c(c2)OCO3)c1OC,19.25515175218121
CCn1c2ccccc2c2cnc(Nc3ccc(N4CCC(OC)CC4)c(C#N)n3)cc21,19.24091693184725
CC(C)c1cncc(-c2nc(Nc3ccc(N4CCOCC4)cc3)nc3c(F)cncc23)n1,19.23666435930474
CN(C)C1CCC(n2c3ccccc3c3cnc(Nc4ccc(C(=O)O)cc4)nc32)CC1,19.226084399628476
COc1ccc(-c2nc(Nc3cccc(CN4CCCC4)n3)c3cc(C#N)sc3n2)cc1,19.216521521978507
Cc1ccc2c(-c3ccnc(NCc4ccc(-c5nc6ccccc6n5C)cc4)n3)cnn2n1,19.216425399609847
CCC1CCN(c2nccn3c(-c4ccnc(NCc5ccnc(C)n5)c4)cnc23)CC1,19.212691659254947
Cc1cc(-c2ccc3ccc(C)nn23)nc(Nc2ccc3c(cnn3Cc3ccccn3)c2)n1,19.206316490346286
CCCn1cc(-c2ccc(Nc3cc4c(cn3)c3nccnc3n4C3CCCC3)nc2)cn1,19.200244706732082
Cc1cccc(-c2ccnc(NCc3csc(-c4cnn(C5CCOCC5)c4)c3)n2)n1,19.17339122958913
COc1ncc(-c2cc3ccn(-c4ccnc(NCc5ccccc5Cl)n4)c3cn2)cn1,19.169571240192262
COC1CCN(c2ccc(Nc3cc4c(cn3)nc(-c3ccc(C#N)cc3)n4C)nc2)CC1,19.16045768254575
Cc1nc(Nc2cc(-c3ccc(-c4ncn(C)n4)cc3)ccn2)cc(N2CCCCC2)n1,19.146397009406744
CCOC(=O)c1coc2ccc(-c3cnc(Nc4ccc(N5CCOCC5)cc4)nc3)cc12,19.138088815552294
COc1ccc(-c2nc(Nc3cccc(N4CCOCC4)n3)c3cnccc3n2)cc1C,19.133340933525684
O=C(O)c1cccc(-c2cnc(Nc3cc(OC4CCCC4)cc(N4CCOCC4)c3)nc2)c1,19.12468885697343
Cc1nc(Nc2nccc(-c3cnn(C4CCCCC4)c3)n2)cc(N2CCC(C)CC2)n1,19.116994900518442
Cc1nc2cnc(Nc3ccc(-c4cncc(CN5CCCCC5)c4)cn3)nc2n1C1CC1,19.085852200879355
CN1CCC(Oc2ccnc(Nc3nccc(-c4ccc(-c5cccnc5)nc4)n3)c2)CC1,19.08356134776637
Cc1noc(C(C)(C)C)c1-c1ccc2nc(Nc3cnn(CCN4CCCC4)c3)ncc2c1,19.078531146791
CCC1CCN(c2cc(Nc3nccc(-c4cccc5c4OCCO5)n3)nc(C)n2)CC1,19.075740808103593
Cc1cc(CNc2nc(-n3cnc4ccccc43)nc3c2cnn3Cc2ccccc2)ccn1,19.051564121961597
CN(C)CCn1nccc1-c1ccc(Nc2ncc3c4cnccc4n(C4CCCC4)c3n2)nc1,19.050563402504878
Cn1c(=O)n([C@H]2CC[C@H](C)CC2)c2cc(Nc3ccc(-c4ccn(C5CC5)c4)nn3)ncc21,19.03696896523605
CC(C)c1ccc2nc(-c3nc(Nc4ccc(N5CCOCC5)cn4)ncc3Cl)oc2c1,19.033769682522976
CSc1ncc2nc(N3CCCCC3)nc(NCc3ccc(-c4cccnc4)cc3)c2n1,19.01459068113379
Cc1nc(-c2ccnc(NCc3ccc(-c4ccncc4)cc3)n2)cc(N2CCCC2)n1,18.97768525603671
CN1CCC(c2ccc(Nc3nc(-c4cnn5cccnc45)c4ccccc4n3)nc2)CC1,18.965617932613625
c1cncc(-c2cn(CCN3CCCCC3)c3nc(Nc4cc(C5CC5)ncn4)ncc23)c1,18.96303351283123
CCOc1cc(-c2ccc3c(Nc4ccc(N5CCOCC5)nn4)nccc3c2)ccn1,18.961319102420113
CSc1nc(NCc2ccc(-c3ccncc3)cc2)c2ncc(-c3cccnc3)nc2n1,18.95219012050133
CN(C)c1ccnc(Nc2cc(-c3ccnc(Cl)c3)c3ncn(C4CCCC4)c3n2)n1,18.946395178006668
CCOC1CCN(c2cnc(Nc3ccc4c5cnccc5n(C5CCCC5)c4n3)nc2)C1,18.943463763698524
Cc1cc(Nc2nccc(-c3cnn4ccccc34)n2)ccc1-c1nnc(CC2CC2)s1,18.925353669407677
CCOC(=O)c1cccc2c3nc(Nc4ccc(N5CCOCC5)cc4)ncc3n(C)c12,18.922671275948968
Cc1cn2c(-c3cnn(C)c3)cnc2c(Nc2ccc(-c3ccc4c(c3)OCCO4)cc2)n1,18.921602781939537
c1ccc(CNc2nc(Nc3cccc(N4CCCCC4)n3)cc(-c3cccnc3)n2)nc1,18.920540588374113
Cn1cc(-c2ccnc(NCc3ccc(-c4cccnc4)o3)c2)c2c(N3CCCC3)ncnc21,18.920448275316073
CNC(=O)Cn1cc(-c2cccc3cnc(Nc4ccc(-c5nccs5)cc4)nc23)cn1,18.908856397085078
Cn1cnc(-c2ccnc(NCc3ccc(-c4ccc5c(ncn5C5CCC5)n4)cc3)n2)c1,18.908275760192854
COc1ccc(-c2nc(NCc3cccc(N4CCCCCO4)n3)c3cnccc3n2)cc1,18.887726613310868
CC(=O)c1cc2c(C(C)C)nc3nc(Nc4ccc(N5CCOCC5)cc4)ncc3c2s1,18.882342684413498
COc1ccc(Nc2ncnc3cc(-c4ccc5c(c4)OC(F)(F)O5)cn23)cc1OC,18.879603765352893
CN(C)c1ccc(Nc2nccc(-c3nc4ccccc4c4nnn(C5CCC5)c34)n2)cc1,18.873128373619767
CCC(=O)n1c2cnccc2c2cnc(Nc3ccc(N4CCC(OC)CC4)cc3)nc21,18.857429006966218
Cc1cc(-c2nc(NCc3cccc(-c4cccs4)c3)cc(N3CCOCC3)n2)on1,18.854993116319626
Cc1cc(-c2ccnc(NCc3ccnc(-c4cccs4)n3)c2)nc(N2CCCC2)n1,18.852723259612457
COC1CCN(c2ccc(Nc3ncc4nc(C(C)(C)C)n(C(C)C)c4n3)cc2)CC1,18.85020224210685
COc1ccc(Nc2nc(-c3cnc4ccccn34)cc(N3CCCC(C)C3)n2)c(F)c1,18.846443470367745
CCn1cc(-c2ncc3c4ccccc4n(-c4ccnc(NCc5ccccc5)n4)c3n2)cn1,18.835068727616868
FC(F)Cn1cc(-c2ccc(Nc3nccc(-c4ccc(N5CCCC5)nc4)n3)cc2)nn1,18.816611172713934
Cc1cc2c3cnc(Nc4ccc(CN5CCOCC5)cc4)nc3n(C3CCCC3)c2cn1,18.805307759791145
Cc1cnc(Nc2ncc3c4ccncc4n(C4CCCC4)c3n2)c(OCC2CCOC2)c1,18.77115031831891
Cc1cc2nc(-c3cccc(Nc4nccc(-c5cnn(C)c5)n4)c3)cc(C(F)F)n2n1,18.760802171653026
COc1ccc(-c2nc(Nc3ccc4c(c3)OCCCS4)c3cnccc3n2)cc1OC,18.75881332042052
COc1cc(-c2cc3ocnc3c(NCc3ccc(Cl)o3)n2)ccc1N1CCOCC1,18.75125095693376
CC(C)n1cc(-c2cccc3nc(Nc4ccc(N5CCC(F)(F)CC5)nc4)nn23)cn1,18.729893374463625
COc1ccc(-c2cnc(Nc3ccc(N4CCC(N5CCCCC5)CC4)nc3)nn2)cc1,18.711536347089645
COc1ccc(-c2cnc(Cl)c(Nc3nc(C)cn4c(-c5cnn(C)c5)cnc34)c2)cc1,18.70706191973508
COc1ccc(-c2nc(Nc3cccc(N4CCOCC4)n3)c3ccc(C)cc3n2)cc1,18.704233571969617
COc1ccc(Nc2ncc3ncc4c(c(Cl)cn4C4CCOCC4)c3n2)cc1OC,18.703110274019835
CC(C)c1cc(Nc2ncc3c4ccncc4n(C4CCOCC4)c3n2)ccc1N1CCO1,18.694165831471704
Cn1c(C2CC2)nc2c(Nc3ccc(CN4CCCCC4)nn3)nc(-c3ccccc3)nc21,18.68992429989882
Cc1cnc(Nc2nccc(-c3ccc(OC4CCN(C)CC4)c(C#N)c3)n2)c(Cl)c1,18.6714948599722
CN(C)c1ccc(Nc2nccc(-c3ccc4nnn(-c5ccc(F)cc5)c4c3)n2)cc1,18.664947675269037
Cc1cccc(-c2cc(Nc3cc(CN4CCCCC4)ccn3)nc(-c3cnccn3)n2)c1,18.595238733954957
Cc1nc(-c2ccc(Nc3nccc(-c4cnc5ccccn45)n3)cc2)nn1CC(F)F,18.59200291305485
CSc1nc(Nc2ccc(-c3ncccn3)cc2)c2cc(CN3CCCCC3)cnc2n1,18.583339785067185
OC1CCCN1CCc1cccc(Nc2ncc3c4ccncc4n(C4CCCC4)c3n2)n1,18.579408575325505
Clc1cccc(CNc2cc(-c3cnc4c(NCc5ccccn5)nccn34)ccn2)n1,18.5777300930403
c1cc(Cn2ccnc2)cc(Nc2nccc(-c3ccc(OC4CCOCC4)cc3)n2)c1,18.571336503503918
CC(C)C1CCN(c2ccc(Nc3ncc4nnn(-c5ccccc5Cl)c4n3)nc2)CC1,18.569659119429847
Cc1cnnc(-c2ccc(Nc3cc(N4CCOCC4)cc(Oc4ccccc4)n3)nc2)c1,18.55775916851776
Cc1ccc(-c2coc(Nc3ncc(-c4cc(CN5CCOCC5)ccn4)s3)n2)cc1,18.53905242236686
CC1CN(c2ccc(Nc3nc(-c4cnc(C#N)n4C)c4ccccc4n3)cc2)CC(C)O1,18.523567837823435
CCn1ncc2c3cnc(Nc4ccc(N5CCC(OC)CC5)cn4)nc3cc(Cl)c21,18.503819018376586
Cc1ncnc2c1c1c(C)nc(Nc3cc(CN4CCCCC4)ccn3)nc1n2C1CCCC1,18.485251330424532
COc1ccc(Nc2nccc(-c3ccc4ncc5c(c4c3)COCCCO5)n2)cc1OC,18.481382345267313
CCOC(=O)c1ccccc1Nc1ncc2c3cnc(N4CC4)cc3n(C3CCCC3)c2n1,18.47739375142505
Cc1cc(N2CCOCC2)cc(Nc2ncc(-c3cccc(Oc4cccnc4)c3)cn2)n1,18.473920124404614
CC(C)c1ccc(-c2nc(Nc3ccc(N4CCOCC4)nc3)c3ccncc3n2)cc1,18.45727085209719
CSc1cnc(-c2ccc(Nc3nccc(-c4ccc(N5CCCC5)nc4)n3)cc2)cn1,18.451718071730742
CN(C)Cc1ccc(Nc2nccc(C3=CN=C4C=C(c5ncccn5)C=S34)n2)cc1,18.447079768186782
COc1cccc(-c2cn3nc(Cl)cc3c(Nc3cc(CN4CCCC4)no3)n2)c1,18.441314860651925
CN1CCC(c2cc(Nc3ncnc4ccc(-c5ocnc5C5CC5)cc34)nn2C)CC1,18.43890546564387
c1cc(-c2ccnc(Nc3ncc(CN4CCCC4)cn3)c2)cc(-c2nncn2C2CC2)c1,18.434253853866988
CCCN1CCc2ccc(Nc3ncc4c5ccnc(OC)c5n(C5CCC5)c4n3)nc2C1,18.40539425748606
Cc1nc2ccc(Nc3nccc(-c4cnc5ccccn45)n3)cc2n1CCc1ccccc1,18.35794130096635
Cn1cc(-c2cccc(C(=O)O)c2)cc1Nc1nccc(-c2ccc(N3CCOCC3)cc2)n1,18.33508242680512
Cc1cccc(CNc2nccc(-c3cnc4cc(-c5cnn(C6COC6)c5)ccn34)n2)c1,18.332936135886758
CCOc1nccc2cc(-c3ccnc(Nc4ccc(N5CCOCC5)cc4)n3)cnc12,18.32765359601995
COc1ccc(CNc2nccc(-c3cnc4cnc(C)cn34)n2)c(Cl)c1C(C)(C)C,18.3222133362911
O=Cc1nn(Cc2ccccc2)c2nc(NCc3ccc(-c4nccs4)cc3)ncc12,18.312299599642405
CC(C)c1nnc2ccc(-c3ccnc(Nc4ccc(N5CCOCC5)cc4)n3)cc2n1,18.298555610171768
CCN1CCN(c2ccc(Nc3noc(-c4cc(C5CC5)nc5ncccc45)n3)cc2)CC1,18.29683517997453
Cc1ncncc1Oc1cccc(-c2ccnc(Nc3cccc(N4CCOCC4)c3)n2)c1,18.29575988803334
Cc1cccc2nc(-c3ccc(CNc4nccc(-n5cnc6ccccc65)n4)cc3)nn12,18.280145620914716
CN1CCC(c2ccc(Nc3ncc4ncn(CC#N)c4n3)cc2OC2CCCCC2)CC1,18.274833132475244
c1cc(Nc2cc3c(cnn3C3CCCC3)c3cncc-3n2)cc(OCCN2CCCC2)n1,18.268664520853164
COc1ccc(-c2ccc3c4nc(Nc5ccc(N6CCC6)cn5)ncc4n(C)c3n2)cc1,18.25492500453953
COc1cc(Nc2nccc(-c3cnc4ccccn34)n2)ccc1-c1cccc(N2CCC2)n1,18.23620636817599
Cc1cncc(-c2cc(N3CCCC3c3ccccc3)nc(NCc3cncs3)n2)n1,18.23221423250751
CCC1CCN(c2nc(Nc3cccc(-c4cncnc4)c3)nc(N3CCCCC3)n2)CC1,18.22970314139339
CCOc1cncc(-c2nc(Nc3ccc(N4CCOCC4)cc3)nc3ccccc23)c1,18.222723420871752
Cc1nc(C(C)C)nc2c3nc(Nc4ccc(N5CCOCC5)cc4)ncc3n(C3CC3)c12,18.21229355633425
Cn1cc(-c2cncc(-c3cnc(Nc4ccc(CN5CCCCC5)cn4)nc3)c2)cn1,18.178579159036804
CC(C)n1cnc2ccc(-c3cc(Nc4cnc(CN5CCCCCC5)cn4)ncn3)cc21,18.14936167331284
COc1cc(-c2cn(C)nc2Cl)ccc1Nc1nccc(-c2cnc3ccccn23)n1,18.136491004937522
COc1ccc2nc(OC3CC3)c3nc(Nc4ccc(N5CCOCC5)cc4)ncc3c2c1,18.12976007569141
Cn1cc(-c2ccc3ncc(-c4ccnc(NCc5ccc(C6CCC6)cc5)n4)n3n2)cn1,18.122300364637535
c1cc(-c2nc(Nc3ccc(OCCN4CCCC4)cc3)nc3ccncc23)c2ncoc2c1,18.122042117103103
COc1cccc(-c2cc(-c3ncnc(Nc4ccc(N5CCOCC5)cc4)n3)ccn2)c1,18.12018495481191
COc1ccc(C(=O)Nc2nnc(SCc3cc4cc(Cl)cnc4cn3)s2)cc1,18.11356344475892
CC(C)c1nn2c(Nc3ccc(N4CCOCC4)cc3)ncc3c2c1C(C1CCC1)=NO3,18.104337443557142
Cn1cc(-c2ccc(Nc3cc(Cn4ncc(-c5cccc(Cl)c5)n4)ccn3)nc2)cn1,18.09522669404143
COc1ccc(CNc2nccc(-c3ccc4ncnn4c3)n2)cc1-c1cccc(F)c1,18.085299830817164
Cc1nccc2c3cnc(Nc4ccc(N5CCC(C)(C)C5)nn4)nc3n(C3CCCC3)c12,18.077549567974092
COc1cc(CNc2nccc(-c3cnc4ccccn34)n2)ccc1-c1ccc2c(c1)OCO2,18.048546973819988
CC1CCN(CC2=CC3=NC=C(c4ccnc(Nc5cc(CC#N)ccn5)n4)S3=C2)CC1,18.037759107252278
Cc1ncc(-c2ccc(Nc3ncc4c5c(n(C6CCCC6)c4n3)CCN(C)C5)cc2)cn1,18.031366907415997
Cc1cc(CNc2nccc(-c3cnc4ccccn34)n2)ccc1CN1CCC(C#N)CC1,18.028489334289173
CCOc1nccc2cc(-c3ccnc(Nc4ccc(N5CCOCC5)cc4)n3)ccc12,18.023056363336135
CCn1ncc2cc(Nc3nccc(-c4cccc(-c5cnn(C6COC6)c5)c4)n3)ccc21,18.011451700349934
COc1cc(Nc2nccc(N3CCOCC3)n2)cc(-c2ccnc(-c3ccccc3)n2)c1,17.997095195866176
c1ccc(Oc2ccc(COc3cc(-c4cnn(C5CCNCC5)c4)ccn3)cn2)cc1,17.991008259857004
CCN1CCC(n2nc(C3CC3)c3cnc(Nc4ccc(-c5ccncc5)nc4)nc32)CC1,17.92640199334578
Cn1cc(-c2ccn3c(-c4ccnc(NCc5ccc(OC(C)(C)C)cc5)n4)cnc3c2)cn1,17.925263441341073
Cc1ccnc(-c2cc(Nc3cc(CN4CCCC4)ns3)ncc2-c2ccncc2)n1,17.90437817524833
CCOc1cncc(-c2ccc3nc(Nc4ccc(N5CCOCC5)cn4)ncc3c2)c1,17.903299245138395
Cc1cccc(-c2cc(-c3ccco3)nc(Nc3cc(CN4CCOCC4)ccn3)n2)n1,17.86404208636768
COc1ccc(-c2cccc(Nc3ncc4c5cn(C)nc5n(C5CCCC5)c4n3)n2)cc1,17.861822541862125
CSc1ccccc1-c1ccc(CNc2nccc(-c3cnc4ccccn34)n2)nc1,17.85651685344378
Cn1cc(-c2ccc(Nc3cc(-c4ccc5c(cnn5CC5CCC5)n4)ccn3)nc2)cn1,17.830601472640648
CCc1cc(Nc2ncc3c4ccccc4n(C4CCCC4)c3n2)ccc1-c1nnn(C)n1,17.809129865590833
c1ccn2c(-c3ccnc(NCc4ccc(-c5ccn(CC6CCC6)n5)cc4)n3)cnc2c1,17.794890983653428
Cc1cn(Cc2ccc(Nc3nccc(-c4ccn(C5CCCOCC5)c4)n3)cc2)nn1,17.78899113470482
Cc1nc(CN2CCCCC2)cc(Nc2ncc(-c3cncc(-c4cccnc4)c3)s2)n1,17.77638821829291
Cc1nnc(-c2ccn3c(-c4ccnc(NCc5ccc(F)c(C)n5)c4)cnc3c2)s1,17.74164484823783
CC(C)c1nsc2cc(-c3ccnc(Nc4cc(N5CCOCC5)ccn4)n3)ccc12,17.740754811455506
Cc1nc2cnc(Nc3ncc(-c4cccc(CN5CCCCC5)c4)cn3)nc2n1C1CC1,17.729995198455804
COc1cccc(-c2cc(C)c3nc(Nc4ccc(N5CCOCC5)cn4)ncc3c2)c1,17.722493331195906
CC(C)Oc1cc(-n2ccc3ccccc32)nc(Nc2ccc(N3CCOCC3)cc2)n1,17.706251280554397
Cc1ncc2c3cnc(Nc4ccc(-n5cnc(C)n5)c(C)c4)cc3n(C3CCCC3)c2n1,17.690151649807124
CC(C)n1c2cnc(-c3ccno3)cc2c2cnc(Nc3ccc(N4CCOCC4)cc3)cc21,17.673227727515428
Cn1nc(CN2CCCCC2)cc1Nc1ncc(-c2ccc3nc(C4CC4)oc3c2)cn1,17.671673014509064
Cc1ncc(-c2cc(-c3ccncc3)nc(Nc3cc(CN4CCCC4)ccn3)n2)s1,17.665282019369453
CCOc1ccccc1-c1cc2nc(Nc3ccc(N4CCOCC4)cn3)ncc2cn1,17.65456798415555
CCn1cc(-c2cncc(Nc3nccc(-c4ccc(N5CCCCC5)cn4)n3)c2)cn1,17.650366038738685
Cc1cc(C)c2nc(-c3ccc(CNc4nccc(-n5cnc6ccccc65)n4)cc3)cn2n1,17.63984407896348
O=C(O)c1nc(NCc2ccccc2)c2ncc(-c3ccc(CN4CCCCC4)cc3)n2n1,17.637784122507345
c1ccn2c(-c3ccnc(Nc4ccc(C5=NCCO5)c(OC5CCCC5)c4)n3)cnc2c1,17.62725355841388
COc1ccc(-c2ccc3c(Nc4ccc(N5CCOCC5)cc4)nc(C)nc3n2)cc1,17.611660035961236
N#CCCCn1ncc2c(-c3ccccc3)nc(Nc3ccc(N4CCOCC4)cc3)nc21,17.61015434111896
COc1cccc(Nc2cc3c(cn2)c2nc(-c4cnn(C)c4)cnc2n3C2CCCC2)c1,17.595169912887464
Cc1nc(-c2ccnc(Nc3ccc(N4CCC(N5CCC5)CC4)c(C#N)c3)n2)sc1C,17.592821885472727
CC(C)c1nc(-c2ccccc2)nc2cnc(Nc3ccc(N4CCOCC4)cc3)nc12,17.57819342106054
Cc1ccc(-c2cc(Nc3ccc(CN4CCCC4)cn3)nc3c2ncn3C2CCC2)nn1,17.532399071264486
COc1ccc(-c2cc(-c3ccncc3)nc(Nc3ccc(N4CCOCC4)cn3)n2)cc1,17.51308576057213
CC(C)c1c(C#N)c2cnc(Nc3cccc(N4CCOCC4)c3)nc2n1C1CCCC1,17.497502710138075
Cc1ncc(-c2cc(N3CCOCC3)nc(-c3ccc(NCc4ccco4)cc3)n2)s1,17.4806223688965
CCn1c(CN2CCCC2)nnc1-c1ccc(Nc2nc3ccncc3c3ccncc23)cc1,17.47577434976849
CCC1CCN(c2ccc(Nc3ncc4c5ccncc5n(C5CCC5O)c4n3)cn2)CC1,17.46643712323861
COc1ccc(Nc2ncc3c4ccncc4n(C4CCCC4)c3n2)c(C2COCO2)c1,17.461400966914294
Cc1nc(Nc2ncc3c4ccncc4n(C4CCCC4)c3n2)ccc1C1CCN(C)C1,17.45912986729002
Cc1nc(-c2cnc(Nc3cc(OC4CCCC4)ccn3)nc2)ccc1N1CCOCC1,17.428751182542193
CCCn1cc(-c2ccc(Nc3nc(-c4cnc5ccccn45)cn4ccnc34)cc2)cn1,17.403895713236587
c1ccc(CSc2cc(N3CCCC3)cc(Nc3ccc(-c4cnccn4)cn3)n2)nc1,17.403496326275683
Cc1cc2cnc(Nc3ccc(-c4cc(CN5CCOCC5)on4)cn3)cc2n1C1CCC1,17.402471277542535
COc1cc(-c2nc(Nc3ccc(N4CCOCC4)cc3)nc3sccc23)ccc1C#N,17.399420222307047
CC(C)n1c(=O)n(CC(C)(C)C)c2cnc(Nc3ccc(N4CCCCC4)cc3)nc21,17.392274194874727
Cc1noc2c(-c3ccnc(Nc4ccc(N5CCOCC5)cc4)n3)cn(C3(C)CC3)c12,17.38914759699406
COc1ccc(-c2ccnc(Nc3ccc4c(c3)nc(F)n4C3CCOCC3)n2)nc1C,17.36956469230905
COc1ccc(-c2ccc(Nc3nccc(-c4cnc5ccccn45)n3)cn2)cc1Cl,17.34211453529103
N#Cc1cc(-c2cn(C3CCCC3)c3ncnc(N)c23)ccc1OCCN1CCCCC1,17.341702662492573
CC(C)Cn1c(=O)c2nc(Nc3ccc(-n4ccccc4=O)cc3)sc2c2cnccc21,17.336172916524195
CCn1cc(-c2cc(Nc3ncc4c5ccncc5n(C5CCCC5)c4n3)cn2C)cn1,17.32103387736075
COCC1(F)CCC(n2cc(Nc3ncc4c5ccncc5n(C5CC5)c4n3)cn2)CC1,17.302369208463162
COc1cc(-c2ccc3ncnc(Nc4ccc(N5CCOCC5)nc4)c3c2)ncc1C,17.301494793948674
COc1cccc(Nc2cnc3c4cnc(N5CCCC5C)nc4n(C4CCCC4)c3n2)c1,17.299082434945458
Cc1nnc(-c2cccc(-c3ccnc(Nc4ncc(CN5CCCC5)cn4)c3)c2)s1,17.280698880996493
CC(C)c1ncnc2ccc(-c3ccnc(Nc4ccc(N5CCOCC5)cn4)n3)cc12,17.27480507568606
CCn1cc(-c2cc(Cl)c3nc(Nc4ccc(CN5CCCC5)cn4)ncc3c2)cn1,17.272755196683335
CCC1CCN(c2cccc(Nc3nc(-c4cnc5ccccn45)cc(C4CC4)n3)n2)CC1,17.258591776199946
Clc1cc(OCCn2cccn2)ccc1Nc1nccc(-c2cnc3ccccn23)n1,17.253967215396752
c1cc(-c2ccc(OCc3nccs3)cc2)nc(Nc2ccc(N3CCCC3)cn2)n1,17.237461906949772
COC(=O)c1ccc(Nc2ncc3c4ccncc4n(C4CCCC4)c3n2)c(N2CCC2)c1,17.23068783025369
CCOc1nc(Nc2ccc(N3CCOCC3)cc2)c2ncn(C3CCCCCC3)c2n1,17.209698383779887
CCN1CCN(c2ccc(Nc3nc(-c4cccc(C(=O)O)c4)c4occc4n3)cc2)CC1,17.2070707975911
Cc1nnc(-c2ccc3c(nc(Nc4ccc(N5CCOCC5)cc4)n3C)c2C2CC2)o1,17.18885579398547
c1ccc(COc2ccc(Nc3ncc4c5ccncc5n(C5CCCC5)c4n3)nn2)cc1,17.184606816093638
COc1cc(-c2cnc(Nc3cccc(N4CCOCC4)c3)nc2)ccc1-c1cnco1,17.168030559308622
c1ccc2c(c1)c1cnc(Nc3cnn(CCOC4CCC4)c3)nc1n2C1CCCC1,17.166461100397488
COc1ccc(-c2cnc(Nc3cccc(N4CCOCC4)c3)nc2)cc1-c1ncco1,17.164065201261092
COc1ccc(-c2cnn(C3CCC3=O)c2)cc1Nc1ncc2ccn(C3CCCC3)c2n1,17.14646442237119
CSc1cc(Nc2ncc3c4ccncc4n(C4CCCC4)c3n2)ccc1C(=O)N(C)C,17.146365720492366
CC(CC(C)(C)C)n1c2cnccc2c2nc(Nc3ccc(N4CCOCC4)cc3)ncc21,17.14288982088425
CN1CCN(c2ccc(Nc3nc(-c4cccc(C(=O)O)c4)cc(-c4ccco4)n3)cc2)CC1,17.140204000567472
C[C@H]1CC[C@H](n2ccc3cnc(Nc4ccc(N5CCOCC5)cc4)nc32)C(C)(C#N)C1,17.130272663204252
COc1ccc(Nc2ncc3c4ccncc4n(C4CCCC4)c3n2)nc1CN1CCC1,17.125744220732752
Cc1cc2c(cn1)c1cnc(Nc3cn(CCN4CCCCC4)nn3)nc1n2C1CCCC1,17.1239950129943
c1ccn2c(-c3ccnc(Nc4ccc(-c5cnn(CC6CCCO6)c5)cc4)n3)cnc2c1,17.11961512459537
CC1(c2cn3nc(-c4ccccc4)nc3c(Nc3cc(CN4CCCC4)ns3)n2)CC1,17.10193439697196
Cc1ncc(-c2cc(-c3ccc(N4CCOCC4)cc3)nc(NCc3ccco3)n2)s1,17.091661238421555
COc1ccc2nc(-c3cccs3)nc(Nc3ccc(CN4CCCCC4)nn3)c2c1,17.08427003811149
CCO[C@H]1CC[C@H](n2c3cnccc3c3cnc(Nc4ccc(N5CCCC5)cc4)nc32)C1,17.07344485358508
CC1CCN(Cc2ccc(Nc3ncc4cnn(-c5ccccc5C5CC5)c4n3)nn2)CC1,17.053028274123413
c1ccc(OCCC2CCN(c3nc(Nc4ncccn4)c4sccc4n3)CC2)cc1,17.052655820498526
COc1cccc(Nc2ncc3oc4nn(C)c(-c5ccc(-c6cccnc6)cc5)c4c3n2)c1,17.044201687431837
Cc1cc(-c2cc3nc(Nc4ccc(CN5CCC(C)CC5)nn4)ncc3s2)ccn1,17.03166666570972
Cn1cnc(-c2ccnc(Nc3ccc(-c4ncn(Cc5ccc(Cl)cc5)n4)cc3)n2)c1,17.023906342391292
COc1ccc(-c2ccnc(Nc3cccc(N4CCOCC4)c3)n2)cc1-c1ccncn1,17.023615132997367
CCN1CCN(c2ccc(Nc3nc(-c4ccc(C(=O)O)cc4)c4ccoc4n3)cc2)CC1,17.017668332065277
COC1CCCCC1n1cnc(-c2ccnc(Nc3ccc(CN4CCCC4)cn3)c2)c1,16.983809395689235
CC1CCN(c2ccc(Nc3ncc4c(-c5cccnc5)nn(C5CCC5)c4n3)nc2)CC1,16.97627871448026
COC(=O)c1ccc(-c2cc3ncccc3c(Nc3cc(CN4CCCC4)ns3)n2)cc1,16.971498822063612
CC(C)(O)C1CCN(c2ccc(Nc3ncc4ccc(=O)n(C5CCCC5)c4n3)nc2)CC1,16.95641666715629
c1cc(Nc2nccc(-c3ccc(NCc4ncco4)cc3)n2)cc(N2CCOCC2)c1,16.93214409289754
CN(C)c1ccc(-c2ccccc2-c2ccnc(Nc3ccc4c(c3)OCCO4)n2)cn1,16.928033406964634
CCOc1cncc(-c2nccc3cnc(Nc4ccc(N5CCOCC5)cc4)nc23)c1,16.921651773775352
CN(C)c1ccc(Nc2ncc3c4cc(C#N)ncc4n([C@H]4CC[C@H](C)CC4)c3n2)cc1,16.920043747941634
c1ccc(Oc2ccc(CNc3nccc(-c4cccc(N5CCOCC5)n4)n3)cn2)cc1,16.903562371627515
COc1cccc(-c2nc(Nc3ccc(CN4CCCCC4)nn3)c3ccsc3n2)c1,16.876250583994675
c1coc(COc2cc(-c3ccnc(Nc4ccc(N5CCOCC5)cc4)n3)ccn2)c1,16.87236105148696
COc1ccc(-c2nc(Nc3cncc(C4CC4)c3)c3ncn(C4CCOCC4)c3n2)cc1,16.83733272663228
c1ccc(-c2ccnc(Nc3ccc(CN4CCCC4)cn3)n2)c(-c2cn(C3CC3)nn2)c1,16.824527953457782
COc1ccc(-c2nc(Nc3ccc(N4CCOCC4)cc3)c3c(C)noc3n2)cc1Cl,16.805745777277085
c1ccc(CNc2nc(-c3cnn(C4CCOCC4)c3)nc3c2ncn3C2CCCC2)cc1,16.752023971636323
Cc1cc(-c2ccc(CN3CCOCC3)cc2)nc(Nc2nc(C)nc3ccccc23)n1,16.745107531414938
Cc1cc(-c2ccnc(Nc3ccc(N4CCOCC4)cn3)n2)cnc1Oc1ccccc1,16.72506994296198
c1ccc2c(c1)c1cnc(Nc3ncc(-c4cnn(CCN5CC5)c4)o3)nc1n2C1CCCC1,16.716551577681116
CCn1ncc2c3c(=O)cnc(Nc4ccc(N5CCCC5)cc4)nc3n(C3CCCC3)c21,16.708168538146943
CCOc1cnc2c(-c3ccnc(Nc4ccc(N5CCOCC5)cc4)n3)ccnc2c1,16.707435772806953
CCn1c(=O)n(C2CCC(C)CC2)c2cnc(Nc3ccc(N4CCCCC4)cc3)nc21,16.706733503942875
COc1ccc(-c2ccnc(Nc3cc(-c4ncco4)cc(N4CCOCC4)c3)n2)cc1,16.70244304443752
CC(C)c1noc2ccc(-c3ccnc(Nc4ccc(N5CCOCC5)cc4)n3)cc12,16.680836485810378
CCn1c(-c2ccccc2C#N)cc2cnc(Nc3cc(CN4CCCCC4)ns3)nc21,16.67624672274711
CN(C)C1CCN(c2ccc(Nc3nc(-c4ccccc4C#N)c4occc4n3)nc2)CC1,16.67471178405154
Cn1cc(-c2ccnc(Nc3ccc4c(cnn4Cc4ccccn4)n3)n2)c2ccccc21,16.66221709972945
Cc1nc(Nc2cc(CN3CCCCC3)ns2)nc(-c2ccc(OC(F)(F)F)cc2)n1,16.653880580114215
COC(=O)Cn1c(-c2ccnc(Nc3cccc(N4CCCCC4)c3)n2)nc2ccccc21,16.639610252455018
Cc1cnc(COc2ccc(Nc3nccc(-c4cnc5ccccn45)n3)cc2F)s1,16.638130557767965
CN(C)c1ccc(Nc2ncc3c(=O)c4ccncc4n(C4CCCC4)c3n2)cc1Cl,16.61718519076403
COCc1cc2c3cnc(Nc4ccc(N5CCCCC5)cc4)nc3n(C3CCC3)c2nn1,16.60952803388554
CN(C)c1ccc(Nc2ncc3c(n2)c2ccc(-n4ccnc4)nc2n3C2CCCC2)cc1,16.582212287679845
CCC1CCN(c2nccn3c(-c4ccnc(NCc5cccc(Cl)n5)n4)cnc23)CC1,16.563587746606046
Cc1cc(-c2ccc(N3CCCC3)c(C#N)c2)nc(Nc2cc(CN3CCCCC3)ns2)n1,16.55616951272657
CCOC(=O)C1CCN(c2ccc(Nc3ncc4cnn(C5CCCC5)c4n3)cc2)CC1,16.526527771713766
Cc1cc(-c2ccnc(Nc3ccc(N4CCC(C)CC4)cc3)n2)nc(N2CCCCC2)n1,16.518539431898144
c1cc2cnc(Nc3ccc(CN4CCCCC4)cn3)nc2c(-c2cnn(CC3CC3)c2)n1,16.491157141644628
Cc1nn(Cc2ccccc2Cl)c2nc(Nc3ccc(N4CCC(C)CC4)nn3)ncc12,16.489002033785518
COC(=O)c1ccc(-c2cc3cccnc3c(Nc3cc(CN4CCCCC4)ns3)n2)cc1,16.46577262269492
Cc1nncc2c3cnc(Nc4ccc(OC5CCN(C)CC5)cc4)nc3n(C3CCC3)c12,16.43310104342898
CC1(C)CN(Cc2nccc(Nc3ncc4c5ccccc5n(C5CCCC5)c4n3)n2)CO1,16.431800381440215
CCCCn1c2cnccc2c2cnc(Nc3ccc(N4CCOCC4)cc3)c(C#N)c21,16.42945715378319
COc1ccc(-c2nc(C)cc3nc(Nc4ccc(N5CCOCC5)cn4)ncc23)cc1,16.42860489701693
COC1CCN(c2ccc(Nc3ncc4c(n3)c3ncccc3n4C3CCCC3)nc2)CC1,16.427319839701454
Cc1cc(Nc2nccc(-c3cn(C4CCCCC4)nc3C)n2)ccc1N1CCOCC1,16.40564507309806
CN(C)c1ccccc1-c1ccc(Nc2ncc3c4ccncc4n(C4CCCC4)c3n2)nn1,16.40282481744588
CCOc1ccc(-c2nccc3nc(Nc4ccc(N5CCOCC5)cc4)ncc23)cn1,16.393280500801364
c1cc2c(cn1)c1cnc(Nc3ncc(CCCN4CCCC4)cn3)nc1n2C1CCCC1,16.391216171201055
Cc1ccnc(-c2cnc(Nc3cc(OC4CCCC4)cc(N4CCOCC4)c3)nc2)n1,16.382327379531404
c1ccc(-c2ccnc(Nc3ccc(N4CCOCC4)cc3)n2)c(OCc2ccno2)c1,16.376566096693566
COc1ccc2nc(C)nc(-c3ccnc(Nc4ccc(N5CCOCC5)cc4)n3)c2c1,16.37509823751872
CCOc1ncc2ccccc2c1-c1ccnc(Nc2ccc(N3CCOCC3)cc2)n1,16.369895301439517
CSc1nnc(-c2ccc(Nc3nccc(-c4ccc(N5CCCC5)cc4)n3)cc2)o1,16.337254852935263
CN(C)Cc1ccn(-c2ccc(Nc3ncc4c5ccccc5n(C5CCCC5)c4n3)nn2)n1,16.334151364202135
CCCc1nnc(-c2cc3cnc(Nc4ccc(N5CCOCC5)cc4)nc3cc2F)o1,16.331722858372483
CC(C)n1c2ccc(C3CC3)nc2c2cnc(Nc3ccc(N4CCOCC4)cc3)nc21,16.314882046132762
CCN1CCCC(Oc2cc(Nc3nccc(-c4cnc5ccccn45)n3)ccc2C#N)CC1,16.314612532783176
CN(CCF)c1cnc(Nc2ncc3c4ccnc(Cl)c4n(C4CCCC4)c3n2)nc1,16.306226876434547
CN1CCCC1Oc1cccc(CNc2ncc3c4ccncc4n(C4CCCC4)c3n2)n1,16.30528521370075
c1ccn2c(-c3ccnc(Nc4cc(OC5CCCCC5)c(CN5CC5)o4)n3)cnc2c1,16.284695476012203
COc1ccc(-c2cc3cncnc3c(Nc3cc(CN4CCCCC4)ns3)n2)cc1F,16.282219858730606
CC(=O)c1cn(C2CCC(C)CC2)c2nc(Nc3ccc(N4CCOCC4)cn3)ncc12,16.2816460933889
Cc1nc(CN2CCCC2)cc(Nc2ncc(-c3cncc(-c4ccccn4)c3)s2)n1,16.264749549571054
CC1CN(c2cc(Nc3ncc4c5ccncc5n(C5CCCC5)c4n3)nnc2C2CC2)C1,16.236191540118405
Cc1cc(CNc2nccc(-c3cnc4ccc(-c5cnn(C)c5)nn34)n2)ccc1Cl,16.23518202193891
Cc1cc(-c2ccnc(Nc3ccc(N4CCOCC4)cc3)n2)cc(-c2nnc(C)o2)c1,16.23253323007322
Cc1cn2c(-c3nc(NCc4ccccc4)nc(SC4CCCCC4)n3)cnc2cn1,16.201880952826894
COc1ccc(-c2ccnc(Nc3cc(-c4ccc(N5CCOCC5)cc4)ncn3)n2)cc1,16.187107633086924
COc1ccc(Nc2ncc3c4cnccc4n(C4CCCCOCC4)c3n2)cc1OC,16.185558360525512
c1cc2c3cnc(Nc4ccc(OCCN5CCC5)cc4)nc3n(C3CCCC3)c2cn1,16.18140627874944
CC(C)n1cnc2cc(-c3ccnc(Nc4ccc(CN5CCCCC5)cn4)n3)ccc21,16.119647054319113
CN(C)C1CCCC(Oc2ccc(Nc3nccc(-c4cnc5ccccn45)n3)cn2)C1,16.087820597205948
CCn1nnc2c1c1cnc(Nc3ccc(N4CCC(C)CC4)cc3)nc1n2C1CCC1,16.070949030639163
OCCn1cc(-c2ccc(Nc3ncc4c5ccccc5n(C5CCCC5)c4n3)nc2)cn1,16.055922355643894
COc1ccc(-c2ccnc(Nc3ccc(N4CCOCC4)cc3)n2)c(OC(C)(C)C)n1,16.048928798950733
COC(=O)c1cc2cnc(Nc3ccc(N4CCCC4)cc3)nc2n(C2CCCC2)c1=O,16.047684043915247
c1ccn2c(-c3ccnc(Nc4ccc(-c5ncc(CN6CCC6)o5)cc4)n3)cnc2c1,16.04029566936337
Cc1cc(Nc2ncc3c4ccncc4n([C@H]4CC[C@H](C)CC4)c3n2)nn1CC1CCOC1,16.014554723770278
Cc1cccc(Oc2cccc(-c3ccnc(Nc4ccc(N5CCOCC5)cc4)n3)c2)n1,16.01140387010424
COc1cc(-c2ccnc(Nc3ccc(N4CCOCC4)cc3)n2)ccc1-c1ccncn1,16.003555198704344
Cc1nc(Nc2ncc3cc(-c4cnn(C)c4)n(C4CCCC4)c3n2)cc(N2CCCC2)n1,15.985593531609613
COC(=O)c1cccc2c3cnc(Nc4ccc(N5CCOCC5)cc4)nc3n(C(C)C)c12,15.980153654372105
CN(C)Cc1ccn2cc(Nc3ncc4c5ccncc5n(C5CCCC5)c4n3)nc2c1,15.979439909877321
CC(C)n1c(-c2ccnc(C#N)c2)cc2cnc(Nc3ccc(N4CCOCC4)cc3)nc21,15.974750901474131
CCc1nc(Nc2ccc(N3CCOCC3)cc2)nc2c1c1ccncc1n2C1CCCC1,15.945764562949476
COc1cc(Nc2ncc(-c3ccc(N4CCOCC4)cc3)cn2)ccc1-c1ccon1,15.941249289760725
c1cc(Nc2nccc(-c3cnc4ccccn34)n2)cc(-c2ccc(CN3CCC3)o2)c1,15.940307432308506
COc1ccc(-c2cc(Nc3nccc(-c4ccc(N5CCOCC5)cc4)n3)on2)cc1,15.934200235439615
COc1ccc(Nc2ncc3c4cncc(Cl)c4n(C4CCOCC4)c3n2)cc1OC,15.919101199408393
Cc1nc(C2CCOC2)ccc1Nc1cc2c(cn1)nc(-c1cnn(C)c1)n2C1CCCC1,15.910923288891947
CC1CCN(c2ccc(Nc3nccc(-c4ccccc4-c4cn(C)cn4)n3)nc2)CC1,15.907677328386551
CCC(=O)c1cn(C2CCCCC2)c2nc(Nc3ccc(N4CCOCC4)cc3)ncc12,15.900364219726898
Cc1cc(OCC2CC2)c2cc(-c3nn(C4CCCNC4)c4ncnc(N)c34)sc2c1,15.887101867954517
CC1CN(c2ccc(Nc3ncc4c5ccncc5n(C5CCCC5)c4n3)cc2)CC(C)O1,15.876018885411986
CCn1cc(-c2ccc(Nc3ncc4c5ccnc(F)c5n(C5CCCC5)c4n3)cc2)nn1,15.867116073520544
CCC1CCN(c2nccn3c(-c4ccnc(NCc5ccnc(Cl)c5)n4)cnc23)CC1,15.843683202088814
Cc1ccc(-c2cc(Nc3ncc(-c4ccc(CN5CCOCC5)cc4)o3)ncn2)cn1,15.82600574745993
CCc1cc(-c2nnnn2C)ccc1Nc1ncc2c3ccccc3n(C3CCCC3)c2n1,15.81158623892619
Cc1nn(C2CCCCC2)cc1-c1ccnc(Nc2nccc(CN3CCCCC3)n2)c1,15.809220112725239
CC(C)c1noc2c3nc(Nc4ccc(N5CCOCC5)cc4)ncc3n(C3CCC3)c12,15.80766403653662
CCC1CCN(c2nccn3c(-c4ccnc(NCc5ccc(Cl)nc5)n4)cnc23)CC1,15.803635427572841
COc1nc(Nc2ncc3c4ccncc4n(C4CCCC4)c3n2)cn1Cc1ccccc1,15.80159153869029
c1cc(-c2ccnc(Nc3ccc(OCc4ccco4)cn3)n2)cc(N2CCOCC2)c1,15.792539228209387
COc1cc(-c2ccnc(Nc3ccc(N4CCOCC4)cc3)n2)ncc1-c1ccccn1,15.778366855465052
COc1ccn2c(-c3cc(C#N)cc(Nc4ccc(CN5CCCCC5)cc4)n3)cnc2c1,15.773772321860292
CCn1c(=O)c(-c2cccnc2C)cc2nnc(Nc3ccc(N4CCCCC4)cc3)nc21,15.772535785205822
CC(C)Cn1c2cc(C#N)ccc2c2cnc(Nc3ccc(N4CCOCC4)cn3)nc21,15.770248707642361
COC1(C)CCN(c2cnc(Nc3nccc(-c4cnc5ccccn45)n3)cc2Cl)C1,15.769811426740546
Cn1cc(-c2ccnc(NCc3ccc(-c4ccnc(N5CCCCCC5)n4)cc3)n2)cn1,15.764986518557132
CCn1cc(-c2cnc(C3CC3)nc2)c2cnc(Nc3ccc(N4CCOCC4)cc3)nc21,15.758031754049854
CN1CCC(Oc2cccc(Nc3nc(-c4ccco4)c4cnn(C5CC5)c4n3)c2)CC1,15.733731201804813
C=CCc1ncc(-c2cnc(C)nc2)c2cnc(Nc3ccc(N4CCOCC4)cc3)nc12,15.733411519648348
c1cc(Nc2cc(-c3nccc(NCc4ccco4)n3)ccn2)cc(N2CCOCC2)c1,15.721663002631868
CCOC1CCN(c2ccc(Nc3ncc4c5cccnc5n(C5CCCC5)c4n3)cn2)C1,15.714661337443108
Cc1ncc(-c2ccc(Nc3ncc4c5ccncc5n(C5CCCC5)c4n3)cc2)n1C,15.704822227666478
COC1CCN(c2ccc(Nc3nc(C4CC4)nc4c3ncn4C3CCCCC3)cn2)CC1,15.677788795166174
CCC1CCN(c2ccnn3c(-c4ccnc(Nc5cccc(OC)c5)n4)cnc23)CC1,15.66357770056056
CN(C)Cc1ccc(Nc2ncc3c4cnc5cnccc5c4n(C4CCCC4)c3n2)nc1,15.661291100109189
COc1ccc(-c2cc(-c3cncnc3)nc(Nc3cccc(N4CCOCC4)c3)n2)cc1,15.649743082604727
CC1(C)CN(Cc2ccc(Nc3ncc4c5ccncc5n(C5CCCC5)c4n3)cn2)CO1,15.634029515334335
C[C@H](C1CCCCC1)n1c2cnccc2c2cnc(Nc3ccn(CC4COC4)n3)nc21,15.62089341548507
CC1CN(c2ccc(Nc3ncc4c5ccncc5n(C5CCCC5)c4n3)nc2)CC(C)O1,15.609193494477212
Cc1ncc2c3cnc(Nc4cc(C)c(CN5CCCC5)cn4)nc3n(C3CCCC3)c2n1,15.599091939944552
CCN1CCN(c2ccc(Nc3nc(-c4cccc(C(=O)O)c4)c4ccoc4n3)cc2)CC1,15.588739245612087
CC(C)c1nc2ccccc2nc1-c1ccnc(Nc2ccc(N3CCOCC3)cc2)n1,15.584029974242195
COCCn1ccc(-c2ccc(Nc3ncc4c5ccncc5n(C5CCCC5)c4n3)cn2)c1,15.560106152393667
c1ccn2c(-c3ccnc(Nc4ccc(-c5coc(CN6CCCC6)n5)cc4)n3)cnc2c1,15.541992077977131
COc1cc(Nc2ncc3c4cnccc4n(C4CCCC4)c3n2)ccc1OC1CCOC1,15.53245103880113
COc1cc(Nc2nccc(-c3ccc(N4CCOCC4)cc3)n2)ccc1-c1cnco1,15.523244895645266
CC(C)n1ccc2cc(-c3ccnc(Nc4ccc(N5CCOCC5)cc4)n3)cnc21,15.52106367757788
Cc1ccnc(-c2ccnc(Nc3ncc(-c4ccc(CN5CCOCC5)cc4)s3)c2)n1,15.46016802629843
c1ccc(CNc2ccnc(-c3ccnc(Nc4ccc(N5CCOCC5)cc4)n3)c2)nc1,15.450831166683821
Cc1cc(-c2ccnc(Nc3ccc(N4CCOCC4)cc3)n2)nc(Oc2ccccc2)n1,15.449478790234412
Fc1ccc(CSc2cccc(CNc3nccc(-c4cnc5ccccn45)n3)n2)nc1,15.43154688160381
Cc1cnc(Nc2ccc(N3CCOCC3)cc2)nc1-c1nc(C2CCCCC2)n(C)n1,15.386857029354333
CCN1CCC(Oc2ccc(Nc3nccc(-c4cnn5ccccc45)n3)cc2C#N)CC1,15.38472589246852
C[C@H](C1CCCCC1)n1c2cnccc2c2cnc(Nc3ccn(C4CCN(C)C4)n3)nc21,15.384240199113941
CC(=O)c1ccc2c3cnc(Nc4ccc(N5CCOCC5)cn4)nc3n(C(C)C)c2c1,15.383807067958475
c1cc(-c2ccnc(Nc3ccc(OCc4ncco4)cc3)n2)cc(N2CCOCC2)c1,15.381776615820437
CCN1CCC(Oc2ccc(Nc3ncc4c5ccncc5n(C5CCCC5)c4n3)nc2)C1,15.372351235320965
COc1nccc2c1c1cnc(Nc3ccc(CN4CCCC4)cn3)nc1n2C1CCCC1,15.343214715829056
COc1ccc(Nc2nc3c(c4c2COC4)c2ccncc2n3C2CCCC2)cc1OC,15.339389161156177
CCn1nc(-c2ccc(Nc3ncc4c5ccncc5n(C5CCCC5)c4n3)cc2)n1C,15.337541338337479
COc1cc(Nc2nccc(-c3cnc4ccccn34)n2)cc(OC2CCCOCC2)c1,15.334751438315099
C[C@H]1CC[C@H](n2c3cnccc3c3cnc(Nc4ccc(CN5CCCC5)cc4)[n+]([O-])c32)CC1,15.317026137664751
CCCCn1c2ccc(C#N)cc2c2cnc(Nc3ccc(N4CCOCC4)cc3)nc21,15.306637567924014
CCn1cnc2c(NCc3ccc(OC(F)F)cc3)nc(-n3cnc4ccccc43)nc21,15.290200422061284
Cc1ccc(-c2cnc(Nc3ncc(-c4ccc(CN5CCOCC5)cc4)o3)s2)cn1,15.289733950144527
COc1ccc(-c2ccnc(Nc3ccc4c(c3)OCOCCCCCO4)n2)cc1OC,15.274132376585396
OCCn1cncc1-c1ccc(Nc2ncc3c4ccncc4n(C4CCCC4)c3n2)cc1,15.26445126003293
CC(C)Cn1c2cc(C#N)ncc2c2cnc(Nc3ccc(N4CCOCC4)cc3)nc21,15.254939918038177
CC(C)Cn1c2nc(Nc3ccc(N4CCOCC4)cc3)ncc2c2oc3cnccc3c21,15.245619875801493
OCCn1cc(-c2ccc(Nc3ncc4c5cncc5n(C5CCCC5)c4cn3)cc2)cn1,15.236178503013402
CCOC1CCN(c2ccc(Nc3ncc4c5cnccc5n(C5CCCC5)c4n3)nc2)C1,15.235114251326145
COC1CCN(c2ccc(Nc3nc(C)c4c5ccncc5n(C5CCC5)c4n3)cc2)CC1,15.222458950263402
c1cc(N2CCOCC2)ccc1Nc1ncc2cnn(CCc3ccc(C4CCC4)o3)c2n1,15.211537449290635
COC[C@@H]1CCCN1c1ccc(Nc2ncc3c4ccncc4n(C4CCCC4)c3n2)nn1,15.20042932919932
c1ccn2c(-c3ccnc(Nc4ccc(CN5CC5)c(OC5CCCCC5)c4)n3)cnc2c1,15.189974224604908
c1ccn(CCCn2cc(Nc3ncc4c5ccncc5n(C5CCCC5)c4n3)cn2)c1,15.188264665842313
CN(C)c1ccc(Nc2ncc3c(n2)c(=O)n(C2CCCC2)c2nc(Cl)n(C)c32)cc1,15.184154495725007
c1cc(OC2CCCC2)cc(-c2ccnc(Nc3cc(CN4CCCCC4)ns3)n2)n1,15.177527590194575
COC1CCN(c2ccc(Nc3ncc4c5ccncc5n(C5CCCC5)c4n3)nc2)CC1,15.16291584610929
COC1CCN(c2ccc(Nc3ncc4ccn(C5CCCC(C)(C)C5)c4n3)nn2)CC1,15.158411910394497
CN(C)C1CCC(n2cc(Nc3ncc4c5ccncc5n(C5CCCC5)c4n3)cn2)CC1,15.123968551215146
COc1cc(Nc2nccc(-c3cccn4ccnc34)n2)ccc1OC1CCOCC1,15.109453519548987
Cc1cc(Nc2ncc3c4ccncc4n(C4CCCC4)c3n2)ccc1-n1nc(C)c(C)n1,15.088202469363319
Cn1cc(-c2ccn3c(-c4ccnc(Nc5cccc(OC(F)F)c5)n4)cnc3c2)cn1,14.997942651903246
COc1cc(-c2cnn(C)c2)ccc1Nc1ncc2c3ccncc3n(C3CCCC3)c2n1,14.964629279704612
CN(C)c1cc(-c2ccc(Nc3ncc4c5ccncc5n(C5CCCC5)c4n3)cc2)n(C)n1,14.957810952953071
COC1CCN(c2ccc(Nc3ncc4c5ccncc5n(C5CCCC5)c4n3)nc2C)C1,14.93283343782103
CN(C)Cc1nccc(-c2ccc(Nc3ncc4c5ccncc5n(C5CCCC5)c4n3)cc2)n1,14.931109792192974
c1cc(-c2ccc(N3CCOCC3)cc2)nc(Nc2ccc(OCc3ccon3)cc2)n1,14.926544687056706
c1ncc2c3cnc(Nc4ccc(OCCN5CCCC5)cc4)nc3n(C3CCCC3)c2n1,14.911618700561824
CC1CCN(c2ccc(NC3=NC(=O)N(C4CCC4)c4nn(C)c5c4=C(C=N3)C=5)cc2)CC1,14.911030564267218
c1cc2c3cnc(Nc4ccc(-c5cn(CCN6CC6)nn5)cc4)nc3n(C3CCCC3)c2cn1,14.884632650431609
CCN1CCC(c2ccc(Nc3ncc4c5ccncc5n(C5CCC5)c4n3)nn2)CC1,14.863271876082937
COC1CCN(c2ccc(Nc3ncc4c5ccnc(C)c5n(C5CC5)c4n3)nc2)CC1,14.803176076364005
COc1cc(Nc2ncc3c4ccncc4n(C4CCCC4)c3n2)cnc1CN1CCCC1,14.79167208709143
CCOC(=O)c1ccc2ncc(-c3ccnc(Nc4ccc(N5CCCCC5)cc4)n3)n2c1,14.77877545364252
COC1CCN(c2ccc(Nc3nccc(-c4cn(C)c(C5CCCCC5)n4)n3)nc2)CC1,14.776045717354862
CC1(C)CC(n2c3cnccc3c3cnc(Nc4ccc(CN5CCCCC5)cc4)nc32)O1,14.773637050109084
CSc1ccc(-c2ccc(Nc3nccc(-c4ccc(N5CCCC5)nc4)n3)cc2)nn1,14.772577621785418
Cc1cn2c(-c3cccc(CC#N)c3)cnc2c(Nc2cc(CN3CCCCC3)ns2)n1,14.730328573142618
c1ccn2c(-c3ccnc(Nc4cc(OCCN5CCCCCCC5)ccn4)n3)cnc2c1,14.717035451675658
CC(C)c1nn(C2CCC2)c2c1cnc1nc(Nc3ccc(N4CCOCC4)cc3)ncc12,14.712481717256498
COC1CCC(n2ccc3cnc(Nc4ccc(N5CCC(C)CC5)cn4)nc32)CC1,14.69518691357285
COC1CCN(c2ccc(Nc3ncc4c5ccncc5n(C5CCCC5)c4n3)cn2)CC1,14.68707459690129
COc1cc(-c2cnn(C)c2)ccc1Nc1cc2c(cn1)c1cncnc1n2C1CCCC1,14.683475648804768
CC1CCN(Cc2ccc(Nc3ncc4c5ccncc5n(C5CCC5)c4n3)nc2)CC1,14.642099502615723
CC1(c2cc(-c3cnc4ccccn34)nc(Nc3ccc(CN4CCCCC4)cn3)n2)CC1,14.624661333010906
COc1ccn2c(-c3ccnc(Nc4ccc(OC5CCCOCC5)cc4)n3)cnc2c1,14.61242052362034
c1ccc(CNc2nccc(-c3ccnc(Nc4ccc(N5CCOCC5)cc4)n3)n2)cc1,14.601890495994684
COC1CCN(c2ccc(Nc3ncnc4c3cnn4C3CCCC(C)CC3)nc2)CC1,14.600459189471303
CN(C)c1ccc(NC2=NC(=O)N(C3CCCC3)c3cnc(C4CC4)c4c3C(=N4)C=N2)cc1,14.589570658382021
CC(C)c1ccn2c(-c3ccnc(Nc4ccc(N5CCOCC5)cc4)n3)cnc2n1,14.568218894988282
COc1cc(-c2ccnc(Nc3ccc(N4CCOCC4)cc3)n2)ccc1-c1cnco1,14.52877476058498
Cn1nc(-c2ccnc(Nc3ccc(CN4CCCCC4)cn3)n2)nc1C1CCCCC1,14.49161773166839
COc1ccc(CN2CCC2)c(Nc2ncc3c4ccncc4n(C4CCCC4)c3n2)c1,14.467301927136605
CCOC1CCC(n2ncc3cnc(Nc4ccc(N5CCC(C)CC5)cn4)nc32)CC1,14.45314521220681
CN(C)c1nc(-c2ccc(Nc3ncc4c5ccncc5n(C5CCCC5)c4n3)cc2)n(C)n1,14.446770134133075
COc1cc(Nc2nccc(-c3ccnc4ncccc34)n2)ccc1OC1CCOCC1,14.441824310387982
Cc1cc(-c2nn(C)n2C)ccc1Nc1ncc2c3ccncc3n(C3CCCC3)c2n1,14.426596113745129
CCOc1ccc2c(-c3ccnc(Nc4ccc(N5CCOCC5)cn4)n3)cccc2c1,14.410326802011417
CC(C)Cn1c2ccc(C#N)cc2c2cnc(Nc3ccc(N4CCOCC4)cc3)nc21,14.409079690674549
C[C@H]1CC[C@H](n2c3cnccc3c3cnc(Nc4ccn(CC5CCOC5)n4)nc32)CC1,14.408027888013507
CN1CCC(n2cc(-c3ccnc(Nc4coc(C5CC5)c4)n3)c(-c3ccccn3)n2)CC1,14.401189898424771
COCc1cc(-n2cccn2)ccc1Nc1ncc2c3ccncc3n(C3CCCC3)c2n1,14.390884928703224
CC(C)C1CN(c2ccc(Nc3ncc4c5ccncc5n(C5CCCC5)c4n3)nn2)C1,14.38787093279731
CCn1nc(-c2ccc(Nc3ncc4c5ccncc5n(C5CCCC5)c4n3)cc2)nc1C,14.372603934219665
Cn1c(-c2ccc(Nc3ncc4c5ccncc5n(C5CCCC5)c4n3)cc2)nn1CCF,14.344223433972509
c1cnc2c(n1)c1cnc(Nc3ccc(OCCN4CCCC4)nc3)cc1n2C1CCCC1,14.318695747507576
Cc1nc(-c2ccc(Nc3ncc4c5ccncc5n(C5CCCC5)c4n3)cc2C)n(C)n1,14.289250425734107
COc1nnc2cc3cnc(Nc4ccc(C5CCN(C)C5)cc4)nc3n(C3CCCC3)c1-2,14.279301182582007
CC1CCN(Cc2ccc(Nc3ncc4c5ccncc5n(C5(C)COC5)c4n3)nc2)CC1,14.277283271272632
CC(C)n1cc(-c2ccc(C#N)nc2)c2cnc(Nc3ccc(N4CCOCC4)cc3)nc21,14.2602917124371
COc1ccc(-c2ccnc(Nc3ccc(-c4cnco4)cc3)n2)cc1N1CCOCC1,14.2509859784447
CC1CCN(Cc2ccc(Nc3ncc4c5ccncc5n(C5CCCC5)c4n3)nc2)CC1,14.235023292421543
c1cc(OCCN2CCCC2)ccc1Nc1ncc2c(n1)c1cnncc1n2C1CCCC1,14.201665675363909
COC1CCN(c2ccc(Nc3ncc4c5ccnc(C)c5n(C5CCC5)c4n3)nc2)CC1,14.189475336324518
c1cc2c3cnc(Nc4ccc(-c5cnn(CCN6CC6)c5)cc4)nc3n(C3CCCC3)c2cn1,14.17613642623865
COc1ccc(-c2ccc(-c3ccnc(Nc4ccc(N5CCOCC5)cc4)n3)o2)cn1,14.175413523275676
COc1cc(-c2ccnc(Nc3ccc(N4CCOCC4)cn3)n2)ccc1Oc1ccccc1,14.171121069812706
CN1CCN(c2ccc(Nc3nc(-c4ccc(Oc5ccccc5)cc4)no3)cc2)CC1,14.163928839954542
OCCn1ccc(-c2ccc(Nc3ncc4c5ccncc5n(C5CCCC5)c4n3)cn2)c1,14.14905693795048
c1nn(CCN2CCCC2)cc1-c1ccc(Nc2ncc3ccn(C4CCCC4)c3n2)o1,14.14655440636825
OCCn1ccc(-c2ccc(Nc3ncc4c5ccncc5n(C5CCCC5)c4n3)cc2)n1,14.141389466464164
CC(C)Oc1cccc2cc(-c3cnnc(Nc4ccc(N5CCOCC5)cc4)n3)cnc12,14.128366084252923
Cc1nc(CN2CCCCC2)cc(Nc2ncc3c4cnccc4n(C4CCCC4)c3n2)n1,14.12721314059332
COc1ccc(-c2cc(-c3cnccn3)nc(Nc3ccc(N4CCOCC4)cc3)n2)cc1,14.124288776983322
c1ccc(Oc2ccnc(Nc3ccc(-c4ccc(CN5CCOCC5)o4)cn3)n2)cc1,14.123319089245667
Cc1cc(Nc2ncc3c4ccncc4n(C4CCCC4)c3n2)nn1CC1CCOCC1,14.122709760138571
Cc1cc(-c2cc(-c3cnc(C)nc3)nc(Nc3ccc(N4CCOCC4)cc3)n2)ccn1,14.117286076584836
c1cc2c3cnc(Nc4ccc(-c5cn(CCN6CC6)cn5)cc4)nc3n(C3CCCC3)c2cn1,14.106760620325277
COCCn1cc(-c2cccc(Nc3ncc4c5ccncc5n(C5CCCC5)c4n3)c2)cn1,14.056228594415593
CN(C)Cc1ccnn1-c1ccc(Nc2ncc3c4ccncc4n(C4CCCC4)c3n2)cc1,14.039306710232479
COC1CCN(c2ccc(Nc3ncc4cc(C5CC5)n(C5CCCC5=O)c4n3)nc2)CC1,14.039002587981333
Cc1ccccc1Oc1nccc(-c2ccnc(Nc3ccc(N4CCOCC4)cc3)n2)n1,14.02946028604574
COc1nc(N2CCCCC2)ccc1Nc1ncc2nc(C3CC3)n(C3CCCC3)c2n1,13.972455021439062
COCCn1cncc1-c1ccc(Nc2ncc3c4ccncc4n(C4CCCC4)c3n2)cc1,13.965164383833995
c1ccn2c(-c3ccnc(Nc4ccc(OC5CCN(CC6CC6)CC5)cc4)n3)cnc2c1,13.947975982534539
COc1ccc(-c2ccnc(Nc3ccc(N4CCOCC4)cc3)n2)cc1-c1cnco1,13.933722248686403
O=Cc1cc(Nc2ncc3c4ccccc4n(C4CCCC4)c3n2)nn1CCN1CCCC1,13.928344237468421
OCCn1ccnc1-c1ccc(Nc2ncc3c4ccncc4n(C4CCCC4)c3n2)cc1,13.917307099171598
COc1nn(C)cc1-c1ccc(Nc2ncc3c4ccncc4n(C4CCCC4)c3n2)cc1,13.911766505755661
Cc1nc2c(c3cnc(Nc4ccc(CN5CCCCC5)cn4)nc3n2C2CCCC2)n1C,13.885940158182832
COc1ccc(-c2cc(-c3cncnc3)nc(Nc3ccc(N4CCOCC4)cc3)n2)cc1,13.885585691848078
CN(C)c1cnc(-c2ccc(Nc3ncc4c5ccncc5n(C5CCCC5)c4n3)cc2)cn1,13.879551998999588
c1ccn2c(-c3ccnc(Nc4ccnc(OCCN5CCCCCCC5)c4)n3)cnc2c1,13.860266358766301
COCN1CCc2nc(Nc3ncc4c5ccncc5n([C@H]5CC[C@H](C)CC5)c4n3)ccc21,13.833657456505257
CN(C)CCn1ncnc1-c1ccc(Nc2ncc3c4ccncc4n(C4CCCC4)c3n2)cc1,13.819762690558523
[C-]#[N+]c1nc2cc(OC)c(OC)cc2c2nc(Nc3ccc(N4CCOCC4)cc3)ncc12,13.810257677456216
COc1cc2ccc(Nc3ncc4c5ccncc5n(C5CCCC5)c4n3)nc2cc1OC,13.809578475192508
CN1CCC(n2cc(-c3ccnc(Nc4ccc(Oc5ccccc5)cn4)n3)cn2)CC1,13.794715438553117
CCCn1cc(-c2ccc(Nc3ncc4c5ccncc5n(C5CCCC5)c4n3)cc2)nn1,13.785826555513323
CCOC1CCN(c2ccc(Nc3ncc4c5ccncc5n(C5CCCC5)c4n3)nc2)C1,13.747962853606237
CCOC1CCN(c2ccc(Nc3ncc4ccn(C5CCCC(=O)CC5)c4n3)nc2)CC1,13.747567262121468
Cc1nc(Nc2ncc3c4ccncc4n(C4CCCC4)c3n2)ccc1OC1CCN(C)C1,13.744025464413989
COC1CCN(c2ccc(Nc3ncc4cc(CC#N)n(C5CCCC5)c4n3)nc2)CC1,13.71386876078519
OCCn1cnc(-c2ccc(Nc3ncc4c5ccncc5n(C5CCCC5)c4n3)cc2)c1,13.688410060145157
COc1cc2cnc(Nc3ccc(N4CCC(C)CC4)cc3)nc2n(C2CCCC2)c1=O,13.670369141081666
COc1ccc(Cn2cc(Nc3ncc4c5ccncc5n(C5CCCC5)c4n3)cn2)cc1,13.661792064029436
CC(C)c1c(C#N)c2nc(Nc3ccc(N4CCOCC4)cc3)ncc2n1C1CCCC1,13.593515837768917
COc1ccc(-c2cnc(Nc3nccc(-c4ccccc4)n3)o2)cc1N1CCOCC1,13.577258955269807
COc1cc(-c2cn(C)cn2)ccc1Nc1ncc2c3ccncc3n(C3CCCC3)c2n1,13.570322458894656
CN(C)C1CCN(c2ccc(Nc3nc(C4CCCCC4)n4ncc(C#N)c4n3)cc2)CC1,13.556364096697619
CCOc1nc2cnc(Nc3ccc(N4CCCCC4)cc3)nc2n(C2CCCC2)c1=O,13.538700102144952
CCN1CCC(Oc2ccc(Nc3nccc(-c4cnc5ccccn45)n3)cc2C#N)CC1,13.529276403630229
CC(C)c1c(C#N)c2cnc(Nc3ccc(N4CCOCC4)cc3)nc2n1C1CCCC1,13.517502427122237
Cc1ncc2c3cnc(Nc4ccc(CN5CCCCC5)cn4)nc3n(C3CCCC3)c2n1,13.515075514041829
c1cc(Nc2ncc3c4ccncc4n(C4CCCC4)c3n2)nc(OCCN2CCCC2)c1,13.505060998305208
CCC(=O)c1cc2cnc(Nc3ccc(N4CCOCC4)cc3)nc2n(C2CCCC2)c1=O,13.494970551477277
OCCn1cc(-c2ccc(Nc3ncc4c5ccncc5n(C5CCCC5)c4n3)cn2)cn1,13.482425718793182
COc1cc(Nc2ncc3c4cnccc4n(C4CCCC4)c3n2)ccc1-c1cnn(C)c1,13.460145846705773
COc1ncc2c3cnc(Nc4ccc(CN5CCCC5)cc4)nc3n(C3CCCC3)c2n1,13.450839122327626
CCN1CCC(c2ccc(Nc3ncc4c5ccncc5n(C5CCCC5)c4n3)nn2)CC1,13.44076434237746
CCC(=O)c1cc2cnc(Nc3ccc(N4CCOCC4)cc3)nc2n1C1CCCC1,13.40793656589007
CCOC1CCN(c2ccc(Nc3ncc4c(=O)ccn(C5CCCC5)c4n3)nc2)CC1,13.402285174970608
COCc1cnn(-c2ccc(Nc3ncc4c5ccncc5n(C5CCCC5)c4n3)cc2)c1,13.393333577733301
CN(C)Cc1cn(-c2ccc(Nc3ncc4c5ccncc5n(C5CCCC5)c4n3)cc2)cn1,13.345817180736136
CC1(C)CN(Cc2ccc(Nc3ncc4c5ccncc5n(C5CCCC5)c4n3)nc2)CO1,13.339389382486997
Cn1nc(-c2ccc(Nc3ncc4c5ccncc5n(C5CCCC5)c4n3)c(CF)c2)n1C,13.318671271268801
COCCn1ccc(-c2ccc(Nc3ncc4c5ccncc5n(C5CCCC5)c4n3)cc2)n1,13.28487490398442
COC1CCN(c2ccc(Nc3ncc4c5ccncc5n(C5CCC5C)c4n3)nc2)CC1,13.279372137745275
COC1CCN(c2ccc(Nc3ncc4c5ccccc5n(C5CCCC5)c4n3)nn2)CC1,13.27065651008941
c1cc(Nc2nccc(-c3cnc4ccccn34)n2)cc(OCCN2CCCCCC2)c1,13.236888818596888
COc1cc(Nc2ncc3c4ccncc4n(C4CCCC4)c3n2)ccc1-c1cn(C)cn1,13.234249825025184
N#Cc1cc(Nc2nccc(-c3cnc4ccccn34)n2)ccc1OCCN1CCCCC1,13.196310138889357
COCc1cn(-c2ccc(Nc3ncc4c5ccncc5n(C5CCCC5)c4n3)cc2)cn1,13.17253123525567
C[C@H]1CC[C@H](n2c3cnccc3c3cnc(Nc4ccc(CN5CCC5O)cn4)nc32)CC1,13.115957275764732
CC1CN(Cc2nccc(Nc3ncc4c5ccncc5n([C@H]5CC[C@H](C)CC5)c4n3)n2)C1,13.113583208725128
CN(C)Cc1cnn(-c2ccc(Nc3ncc4c5ccncc5n(C5CCCC5)c4n3)cc2)c1,13.06196306622694
COCCn1cnc(-c2ccc(Nc3ncc4c5ccncc5n(C5CCCC5)c4n3)cc2)c1,13.060535002864098
CN(C)c1cccc(-c2ccc(Nc3ncc4c5ccncc5n(C5CCCC5)c4n3)nn2)c1,13.054820376966845
CC(C)n1cc(-c2cc(C#N)cc3nc(Nc4ccc(N5CCOCC5)cc4)ncc23)cn1,13.053424838420236
COc1cc(Nc2ncc3c4ccncc4n(C4CCCC4)c3n2)ccc1OC1CCOC1,13.0330540959977
C[C@H]1CC[C@H](n2c3cnccc3c3cnc(Nc4cnc(CN5CCC5)cn4)nc32)CC1,13.025924719921788
COc1c(-c2ccc(Nc3ncc4c5ccncc5n(C5CCCC5)c4n3)cc2)cnn1C,13.025073063371869
c1cc2c3cnc(Nc4ccc(OCCN5CCCC5)cc4)nc3n(C3CCCC3)c2cn1,13.024071210368007
COCc1ccn(-c2ccc(Nc3ncc4c5ccncc5n(C5CCCC5)c4n3)cc2)n1,13.00869825998958
COC1CCN(c2ccc(Nc3ncc4c(C5CC5)nn(C5CCCC5)c4n3)nc2)CC1,12.99387926380737
CC1(C)CCN(c2ccc(Nc3ncc4c5ccncc5n(C5CCCC5)c4n3)nn2)C1,12.987712041352351
CCOC1CCN(c2ccc(Nc3ncc4c5ccncc5n(C5CCC5)c4n3)nc2)CC1,12.981581550459413
c1ccn2c(-c3ccnc(Nc4ccc(OCCN5CCCCCCC5)nc4)n3)cnc2c1,12.9607040895283
COC1CCN(Cc2ccc(Nc3ncc4c5ccncc5n(C5CCCC5)c4n3)nc2)C1,12.922472427741363
COC1(C)CCN(c2ccc(Nc3ncc4c5ccncc5n(C5CCCC5)c4n3)nc2)C1,12.868294271429441
COC1CCN(c2ccc(Nc3ncc4c5ccncc5n(C5CCC5)c4n3)cc2)CC1,12.819517807710993
Cc1nc(Nc2ncc3c4ccncc4n([C@H]4CC[C@H](C)CC4)c3n2)ncc1CN1CCC1,12.79257622468636
c1ccn2c(-c3ccnc(Nc4ccc(OCCN5CCCCCC5)cc4)n3)cnc2c1,12.783826416926349
COc1cc(Nc2nccc(-c3cnc4ccccn34)n2)ccc1OC1CCCOCC1,12.699377525279633
CCc1cc(-c2cn(C)nn2)ccc1Nc1ncc2c3ccncc3n(C3CCCC3)c2n1,12.625209002217863
c1cc2c3cnc(Nc4cncc(OCCN5CCCC5)c4)nc3n(C3CCCC3)c2cn1,12.583392693383791
CN(C)Cc1ccn(-c2ccc(Nc3ncc4c5ccncc5n(C5CCCC5)c4n3)cc2)n1,12.542692392131807
COc1cc(Nc2nccc(-c3ccncn3)n2)ccc1OC1CCN(C(C)(C)C)CC1,12.52218741815541
CC(C)n1cc(-c2ccc(C#N)cc2)c2cnc(Nc3ccc(N4CCOCC4)cn3)nc21,12.51136427754117
CN(C)c1ccc(-c2ccc(Nc3ncc4c5ccncc5n(C5CCCC5)c4n3)cc2)nn1,12.491229199462854
c1cc2c3cnc(Nc4ccn(CCCN5CCCCC5)n4)nc3n(C3CCCC3)c2cn1,12.450236974989062
COCC1CCN(c2ccc(Nc3ncc4cnn(C5CCCCCC5)c4n3)nc2)CC1,12.42457017272375
c1cc2c3cnc(Nc4ccc(OCCN5CCCC5)nc4)nc3n(C3CCCC3)c2cn1,12.422766292103773
COc1cc(-c2cnn(C)c2)ccc1Nc1ncc2c3cnccc3n(C3CCCC3)c2n1,12.314503368687275
CCOC1CCN(c2ccc(Nc3ncc4ccn(C5CCCCCC5)c4n3)nn2)CC1,12.302123686283249
CCOC1CCN(c2ccc(Nc3ncc4ncn(C5CCCCCC5)c4n3)nc2)CC1,12.282526233936263
CC(C)n1c(-c2ccc(C#N)cc2)nc2cnc(Nc3ccc(N4CCOCC4)cc3)nc21,12.207639345526683
CCOC1CCN(c2ccc(Nc3ncc4cnn(C5CCCCCC5)c4n3)nc2)CC1,12.120776105756796
CC1(C)CN(c2ccc(Nc3ncc4c5ccncc5n([C@H]5CC[C@H](C)CC5)c4n3)nn2)C1,12.094992141241823
OCCn1cc(-c2ccc(Nc3ncc4c5ccncc5n(C5CCCC5)c4n3)cc2)cn1,12.088639348253173
COCCn1cc(-c2ccc(Nc3ncc4c5ccncc5n(C5CCCC5)c4n3)cc2)cn1,12.056687345525624
CC(C)c1c(C#N)c2cnc(Nc3ccc(N4CCOCC4)cn3)nc2n1C1CCCC1,11.954095448265125
COc1cc(Nc2ncc3c4ccncc4n(C4CCCC4)c3n2)ccc1-c1cnn(C)c1,11.827516572504692
COCCn1nccc1-c1ccc(Nc2ncc3c4ccncc4n(C4CCCC4)c3n2)cc1,11.806665740378296
c1cc(Nc2ncc3c4ccncc4n(C4CCCC4)c3n2)cc(OCCN2CCC2)c1,11.770440548600199
CN(C)Cc1cn(-c2ccc(Nc3ncc4c5ccncc5n(C5CCCC5)c4n3)cc2)nn1,11.769054906215565
CCOC1CCN(c2ccc(Nc3ncc4ccc(=O)n(C5CCCCC5)c4n3)nc2)CC1,11.639981320490673
c1cc2c3nnc(Nc4ccc(OCCN5CCCC5)cc4)nc3n(C3CCCC3)c2cn1,11.568812797223325
c1cc2c3cnc(Nc4ccn(CCCN5CCCC5)n4)nc3n(C3CCCC3)c2cn1,11.496952661037284
c1cc2c3cnc(Nc4ccc(OCCN5CCCC5)cn4)nc3n(C3CCCC3)c2cn1,10.826010135806683
CN1CCC(Cn2ccc(Nc3ncc4c5ccncc5n([C@H]5CC[C@H](C)CC5)c4n3)n2)C1,10.641421728706355
